[{"__type__":"cc.Prefab","_name":"ShuiGuo","data":{"__id__":1}},{"__type__":"cc.Node","_name":"ShuiGuo","_level":1,"_components":[{"__type__":"cc.Sprite","node":{"__id__":1},"_spriteFrame":{"__uuid__":"fcLw20NT1MEZDv9C36l9Aj"}},{"__type__":"cc.BoxCollider","node":{"__id__":1},"_size":{"__type__":"cc.Size","width":64.1,"height":63.4}},{"__type__":"96868kZecdKppjDsX5cSqb1","node":{"__id__":1}}],"_prefab":{"__type__":"cc.PrefabInfo","root":{"__id__":1},"asset":{"__uuid__":"e8oO0KxHxLdK17qeJKPNpN"},"fileId":"62bNyhsE9FdJGWNKnh2FC9"},"_contentSize":{"__type__":"cc.Size","width":77,"height":87},"_scale":{"__type__":"cc.Vec3","x":1,"y":1,"z":1},"groupIndex":2}]