[{"__type__":"cc.SpriteFrame","content":{"name":"LVNum_0","texture":"55YqshbJ1JlIEZVBdqsLVq","rect":[6,5,231,61],"offset":[-6.5,92.5],"originalSize":[256,256],"capInsets":[0,0,0,0]}},{"__type__":"cc.BitmapFont","_name":"LVNum","spriteFrame":{"__uuid__":"65q+IrInVGvLGCw6D+tLQA"},"fontSize":32,"_fntConfig":{"commonHeight":32,"fontSize":32,"atlasName":"LVNum_0.png","fontDefDictionary":{"46":{"rect":{"x":0,"y":0,"width":34,"height":35},"xOffset":0,"yOffset":0,"xAdvance":34},"48":{"rect":{"x":35,"y":0,"width":34,"height":35},"xOffset":0,"yOffset":0,"xAdvance":34},"49":{"rect":{"x":70,"y":0,"width":34,"height":35},"xOffset":0,"yOffset":0,"xAdvance":34},"50":{"rect":{"x":105,"y":0,"width":34,"height":35},"xOffset":0,"yOffset":0,"xAdvance":34},"51":{"rect":{"x":140,"y":0,"width":34,"height":35},"xOffset":0,"yOffset":0,"xAdvance":34},"52":{"rect":{"x":175,"y":0,"width":34,"height":35},"xOffset":0,"yOffset":0,"xAdvance":34},"53":{"rect":{"x":210,"y":0,"width":34,"height":35},"xOffset":0,"yOffset":0,"xAdvance":34},"54":{"rect":{"x":0,"y":36,"width":34,"height":35},"xOffset":0,"yOffset":0,"xAdvance":34},"55":{"rect":{"x":35,"y":36,"width":34,"height":35},"xOffset":0,"yOffset":0,"xAdvance":34},"56":{"rect":{"x":70,"y":36,"width":34,"height":35},"xOffset":0,"yOffset":0,"xAdvance":34},"57":{"rect":{"x":105,"y":36,"width":34,"height":35},"xOffset":0,"yOffset":0,"xAdvance":34},"76":{"rect":{"x":140,"y":36,"width":34,"height":35},"xOffset":0,"yOffset":0,"xAdvance":34},"86":{"rect":{"x":175,"y":36,"width":34,"height":35},"xOffset":0,"yOffset":0,"xAdvance":34}},"kerningDict":{}}}]