{"__type__":"cc.SpriteAtlas","_spriteFrames":{"0":{"__uuid__":"8c51UYwZJLEL9/8JNFXQCD"},"item_bg":{"__uuid__":"87/hBHbiJKCbkVY0FJN67Y"},"矩形 3@2x":{"__uuid__":"6cs6p0YXlIrYLetkD+qduO"},"btnGreen":{"__uuid__":"85IVaAnmlIDrFGUHR1wy2j"},"gameover_rank2":{"__uuid__":"52WVIKxCNFbYVTp4quiaAk"},"gameover_rank3":{"__uuid__":"1ajb6IyRNP85EWr3i0TRDD"},"btnBlue":{"__uuid__":"52qWz/ohdAH7aD6a+SZO6M"},"gameover_rank1":{"__uuid__":"1aRByhXixI07kG6vsNL6v/"},"btnYellow":{"__uuid__":"7dQexewkJDybT40wbJtjS5"},"gameover_rank_icon_bg":{"__uuid__":"30MWIUcRBPWZozkoeCwSOU"},"line":{"__uuid__":"6er6NgFkVHOao6o9mf81dA"},"icon":{"__uuid__":"31QyGDj8ZA0YYZ6TGuEAR0"},"Btnclose":{"__uuid__":"a9uumW3EtFW4hIFdP4EaB6"},"rankng":{"__uuid__":"ablJMstpRKcqfl5sGKJyUj"},"beyond":{"__uuid__":"a9VMzly99BrbRdfhgsZx8q"}}}