[{"__type__":"cc.SpriteFrame","content":{"name":"poit","texture":"1cb438d4b","rect":[3,838,17,17],"offset":[0,0],"originalSize":[17,17],"capInsets":[0,0,0,0]}},[{"__type__":"cc.Prefab","_name":"Poit","data":{"__id__":1}},{"__type__":"cc.Node","_name":"Poit","_level":1,"_components":[{"__type__":"cc.Sprite","node":{"__id__":1},"_spriteFrame":{"__uuid__":"bfaEVQIrFDpqpcJhFwMcQL"}}],"_prefab":{"__type__":"cc.PrefabInfo","root":{"__id__":1},"asset":{"__uuid__":"e3oWZNVnRN96dVnzeelKcL"},"fileId":"5fTUivAnNLnbh83cBxSCov"},"_contentSize":{"__type__":"cc.Size","width":17,"height":17},"_scale":{"__type__":"cc.Vec3","x":1,"y":1,"z":1}}]]