[{"__type__":"cc.SpriteFrame","content":{"name":"monster25a_02","texture":"6cWYs8/dBKpa3akytHAvZY","rect":[16,26,177,145],"offset":[-10.5,-3.5],"originalSize":[230,190],"capInsets":[0,0,0,0]}},{"__type__":"cc.SpriteFrame","content":{"name":"monster25a_01","texture":"f4TN//xPdPoo+6GiWyZ3CS","rect":[13,31,180,148],"offset":[-12,-10],"originalSize":[230,190],"capInsets":[0,0,0,0]}},{"__type__":"cc.AnimationClip","_name":"Run","_duration":0.6666666666666666,"sample":6,"speed":1.5,"wrapMode":"2","curveData":{"paths":{"monster25a_01":{"comps":{"cc.Sprite":{"spriteFrame":[{"frame":0,"value":{"__uuid__":"875MdHB3NMNrE8SrCRAF0X"}},{"frame":0.16666666666666666,"value":{"__uuid__":"4dG1m/xCFDdbouJ226iMWi"}},{"frame":0.3333333333333333,"value":{"__uuid__":"cdEH0RRBNAN5VLYqc6ncGw"}},{"frame":0.5,"value":{"__uuid__":"4dG1m/xCFDdbouJ226iMWi"}}]}}},"Sprite_ComposeTip":{"props":{"y":[{"frame":0,"value":220},{"frame":0.16666666666666666,"value":210},{"frame":0.3333333333333333,"value":210},{"frame":0.5,"value":210},{"frame":0.6666666666666666,"value":220}]}}}}},{"__type__":"cc.SpriteFrame","content":{"name":"monster25a_03","texture":"abiOG9+tNIu751L3UQjJCH","rect":[20,22,168,145],"offset":[-11,0.5],"originalSize":[230,190],"capInsets":[0,0,0,0]}}]