[{"__type__":"cc.SpriteFrame","content":{"name":"GetGold_0","texture":"6eH3KJAyZJwL/UAzUy75kQ","rect":[2,4,238,73],"offset":[-7,87.5],"originalSize":[256,256],"capInsets":[0,0,0,0]}},{"__type__":"cc.BitmapFont","_name":"GetGold","spriteFrame":{"__uuid__":"42gMt+9xpHtoWBa7GqxM2U"},"fontSize":32,"_fntConfig":{"commonHeight":32,"fontSize":32,"atlasName":"GetGold_0.png","fontDefDictionary":{"46":{"rect":{"x":0,"y":0,"width":26,"height":41},"xOffset":0,"yOffset":0,"xAdvance":26},"48":{"rect":{"x":27,"y":0,"width":26,"height":41},"xOffset":0,"yOffset":0,"xAdvance":26},"49":{"rect":{"x":54,"y":0,"width":26,"height":41},"xOffset":0,"yOffset":0,"xAdvance":26},"50":{"rect":{"x":81,"y":0,"width":26,"height":41},"xOffset":0,"yOffset":0,"xAdvance":26},"51":{"rect":{"x":108,"y":0,"width":26,"height":41},"xOffset":0,"yOffset":0,"xAdvance":26},"52":{"rect":{"x":135,"y":0,"width":26,"height":41},"xOffset":0,"yOffset":0,"xAdvance":26},"53":{"rect":{"x":162,"y":0,"width":26,"height":41},"xOffset":0,"yOffset":0,"xAdvance":26},"54":{"rect":{"x":189,"y":0,"width":26,"height":41},"xOffset":0,"yOffset":0,"xAdvance":26},"55":{"rect":{"x":216,"y":0,"width":26,"height":41},"xOffset":0,"yOffset":0,"xAdvance":26},"56":{"rect":{"x":0,"y":42,"width":26,"height":41},"xOffset":0,"yOffset":0,"xAdvance":26},"57":{"rect":{"x":27,"y":42,"width":26,"height":41},"xOffset":0,"yOffset":0,"xAdvance":26},"66":{"rect":{"x":54,"y":42,"width":26,"height":41},"xOffset":0,"yOffset":0,"xAdvance":26},"75":{"rect":{"x":81,"y":42,"width":26,"height":41},"xOffset":0,"yOffset":0,"xAdvance":26},"77":{"rect":{"x":108,"y":42,"width":26,"height":41},"xOffset":0,"yOffset":0,"xAdvance":26},"84":{"rect":{"x":135,"y":42,"width":26,"height":41},"xOffset":0,"yOffset":0,"xAdvance":26}},"kerningDict":{}}}]