[{"__type__":"cc.SpriteFrame","content":{"name":"ling_hun_08","texture":"6a8M2et8lElruCl003EvGF","rect":[6,57,712,462],"offset":[-1,-25],"originalSize":[726,526],"capInsets":[0,0,0,0]}},{"__type__":"cc.SpriteFrame","content":{"name":"ling_hun_01","texture":"24xKO7yudO067JrYrMRYuD","rect":[726,526,0,0],"offset":[363,-263],"originalSize":[726,526],"capInsets":[0,0,0,0]}},{"__type__":"cc.AnimationClip","_name":"ling_hun","_duration":1.4166666666666667,"sample":24,"wrapMode":"2","curveData":{"paths":{"ling_hun_03":{"comps":{"cc.Sprite":{"spriteFrame":[{"frame":0,"value":{"__uuid__":"18fCTcHftJhLxxU11rvxmD"}},{"frame":0.08333333333333333,"value":{"__uuid__":"8b91NukZFAe6u3mdjf+Ml1"}},{"frame":0.16666666666666666,"value":{"__uuid__":"61UProti5JRIt6Tu3qj8Ez"}},{"frame":0.25,"value":{"__uuid__":"38SIscuapMHrvfJFenNJFP"}},{"frame":0.3333333333333333,"value":{"__uuid__":"cf3nGGpMZELoIoP5r198oq"}},{"frame":0.4166666666666667,"value":{"__uuid__":"477z+ZieNGeL+qLLNZKyC8"}},{"frame":0.5,"value":{"__uuid__":"bbWOb2OEVM1JiFQTmxljZu"}},{"frame":0.5833333333333334,"value":{"__uuid__":"09dIx3H2dAFJ3LVwszfy1V"}},{"frame":0.6666666666666666,"value":{"__uuid__":"99hkft7MlFH4A7cPelPRNX"}},{"frame":0.75,"value":{"__uuid__":"c9fgrUaFxFtasKlpjD8/2b"}},{"frame":0.8333333333333334,"value":{"__uuid__":"9bnIlWXghBgqqzRnKkVnEQ"}},{"frame":0.9166666666666666,"value":{"__uuid__":"8eQnBzGRtBOIbqQ+UyPnKi"}},{"frame":1,"value":{"__uuid__":"6dfXYUxdtPH61Y6N6x12PE"}},{"frame":1.0833333333333333,"value":{"__uuid__":"d33lz5wstK36tPr9a2u3qp"}},{"frame":1.1666666666666667,"value":{"__uuid__":"b2P9yID9NCbJJbXxKb9xdo"}},{"frame":1.25,"value":{"__uuid__":"66xIl4uzxBI4xZZj3/7zTW"}},{"frame":1.3333333333333333,"value":{"__uuid__":"18fCTcHftJhLxxU11rvxmD"}}]}}},"ling_hun_a01":{"props":{"position":[{"frame":0,"value":[312.6,292.9]},{"frame":0.375,"value":[313,288]},{"frame":0.7083333333333334,"value":[312.6,292.9]},{"frame":1.0833333333333333,"value":[313,288]},{"frame":1.4166666666666667,"value":[312.6,292.9]}]}},"ling_hun_a":{"props":{"position":[{"frame":0,"value":[-312,135.2]},{"frame":0.375,"value":[-312,131]},{"frame":0.7083333333333334,"value":[-312,135.2]},{"frame":1.0833333333333333,"value":[-312,131]},{"frame":1.4166666666666667,"value":[-312,135.2]}],"scaleX":[{"frame":0,"value":-0.86}],"scale":[{"frame":0,"value":{"__type__":"cc.Vec2","x":-0.86,"y":0.86}}]}}}}},{"__type__":"cc.SpriteFrame","content":{"name":"ling_hun_04","texture":"68cCo7QANFH6tKq9SeY/zs","rect":[41,182,666,329],"offset":[11,-83.5],"originalSize":[726,526],"capInsets":[0,0,0,0]}},{"__type__":"cc.SpriteFrame","content":{"name":"ling_hun_06","texture":"a4/bqU77pK2bV186h4Y3QY","rect":[9,116,701,388],"offset":[-3.5,-47],"originalSize":[726,526],"capInsets":[0,0,0,0]}},{"__type__":"cc.SpriteFrame","content":{"name":"ling_hun_03","texture":"d5S6HCLkJHxZ3+FfDDS9f4","rect":[42,185,635,330],"offset":[-3.5,-87],"originalSize":[726,526],"capInsets":[0,0,0,0]}},{"__type__":"cc.SpriteFrame","content":{"name":"ling_hun_16","texture":"3eFXMXNTlLzLpWvTn+o8o3","rect":[671,13,29,29],"offset":[322.5,235.5],"originalSize":[726,526],"capInsets":[0,0,0,0]}},{"__type__":"cc.SpriteFrame","content":{"name":"ling_hun_13","texture":"22JJk/pblM8aQRxvFnNTN1","rect":[662,27,60,478],"offset":[329,-3],"originalSize":[726,526],"capInsets":[0,0,0,0]}},{"__type__":"cc.SpriteFrame","content":{"name":"ling_hun_02","texture":"31kv7jGmJFlrgQXDT5ira6","rect":[45,189,630,328],"offset":[-3,-90],"originalSize":[726,526],"capInsets":[0,0,0,0]}},{"__type__":"cc.SpriteFrame","content":{"name":"ling_hun_12","texture":"deC6oXhkdBU4w3bdjcbJOV","rect":[3,33,719,475],"offset":[-0.5,-7.5],"originalSize":[726,526],"capInsets":[0,0,0,0]}},{"__type__":"cc.SpriteFrame","content":{"name":"ling_hun_09","texture":"8aEMPEu+5DZblk9BkfK8t5","rect":[5,51,714,466],"offset":[-1,-21],"originalSize":[726,526],"capInsets":[0,0,0,0]}},{"__type__":"cc.SpriteFrame","content":{"name":"ling_hun_11","texture":"61aDvcUg1FeKWhuhyW8hhd","rect":[4,39,717,473],"offset":[-0.5,-12.5],"originalSize":[726,526],"capInsets":[0,0,0,0]}},{"__type__":"cc.SpriteFrame","content":{"name":"ling_hun_15","texture":"afXFXKtW5ONoox435jtk76","rect":[665,16,39,38],"offset":[321.5,228],"originalSize":[726,526],"capInsets":[0,0,0,0]}},{"__type__":"cc.SpriteFrame","content":{"name":"ling_hun_07","texture":"a2J1auuWlJJZmOLFvFP+vP","rect":[7,111,710,411],"offset":[-1,-53.5],"originalSize":[726,526],"capInsets":[0,0,0,0]}},{"__type__":"cc.SpriteFrame","content":{"name":"ling_hun_10","texture":"c6qMbO+sBPZ6ydiR6qq5NI","rect":[4,45,717,469],"offset":[-0.5,-16.5],"originalSize":[726,526],"capInsets":[0,0,0,0]}},{"__type__":"cc.SpriteFrame","content":{"name":"ling_hun_05","texture":"derschZihN1r7SH+LXReUW","rect":[10,122,699,386],"offset":[-3.5,-52],"originalSize":[726,526],"capInsets":[0,0,0,0]}},{"__type__":"cc.SpriteFrame","content":{"name":"ling_hun_14","texture":"82rPq+ZhhHKq4FxtlzirXS","rect":[664,22,48,354],"offset":[325,64],"originalSize":[726,526],"capInsets":[0,0,0,0]}}]