[{"__type__":"cc.SpriteFrame","content":{"name":"fire01","texture":"02/XshEHVNXoya9R0il/Jq","rect":[16,44,82,78],"offset":[4.5,-20.5],"originalSize":[105,125],"capInsets":[0,0,0,0]}},{"__type__":"cc.SpriteFrame","content":{"name":"monster19b_03","texture":"ecicRx/PZJcYuPJXDiwkTQ","rect":[50,26,116,100],"offset":[-2,-6],"originalSize":[220,140],"capInsets":[0,0,0,0]}},{"__type__":"cc.SpriteFrame","content":{"name":"monster19b_05","texture":"6cvt3Q0CxD6pD7pck8YJIF","rect":[33,13,179,95],"offset":[12.5,9.5],"originalSize":[220,140],"capInsets":[0,0,0,0]}},{"__type__":"cc.SpriteFrame","content":{"name":"fire04","texture":"f9QUIFjIFA3L7Z5lKwwtlw","rect":[19,13,85,108],"offset":[9,-4.5],"originalSize":[105,125],"capInsets":[0,0,0,0]}},{"__type__":"cc.SpriteFrame","content":{"name":"fire02","texture":"59JDUTk7hLKKL6C6nlaVdi","rect":[0,33,101,88],"offset":[-2,-14.5],"originalSize":[105,125],"capInsets":[0,0,0,0]}},{"__type__":"cc.SpriteFrame","content":{"name":"monster19b_04","texture":"745zxZGwRH4KwNduqP/8S5","rect":[39,20,152,95],"offset":[5,2.5],"originalSize":[220,140],"capInsets":[0,0,0,0]}},{"__type__":"cc.AnimationClip","_name":"Atk","_duration":1,"sample":6,"speed":1.5,"wrapMode":"1","curveData":{"paths":{"monster19a_01":{"props":{"width":[],"height":[]},"comps":{"cc.Sprite":{"spriteFrame":[{"frame":0,"value":{"__uuid__":"d7U2oKvS9JKKrHfniGkhZj"}},{"frame":0.16666666666666666,"value":{"__uuid__":"f5Yv4j1d9IVpc3V5kt3v3o"}},{"frame":0.3333333333333333,"value":{"__uuid__":"26G1VzPXtO5aoVrBVtRMUb"}},{"frame":0.5,"value":{"__uuid__":"a6cofTcx1CRrbABoguFr44"}},{"frame":0.6666666666666666,"value":{"__uuid__":"81qp/Ys9dPwJAP++1ibW0y"}},{"frame":0.8333333333333334,"value":{"__uuid__":"f7YnNO0idEk48DSjWDaHH1"}}]}}},"fire01":{"comps":{"cc.Sprite":{"spriteFrame":[{"frame":0,"value":{"__uuid__":"12b5pkA1xNUJAxY2xQ9ob8"}},{"frame":0.16666666666666666,"value":{"__uuid__":"90zzHUDLdL8b5HFafIf0jG"}},{"frame":0.3333333333333333,"value":{"__uuid__":"cd9b0ZKq1Il5MCMJf+J2b5"}},{"frame":0.5,"value":{"__uuid__":"86Ktf/GfpA+ZSR9ldIPH5M"}},{"frame":0.6666666666666666,"value":{"__uuid__":"f2P8JWBfdFYqhfhilh9jmH"}},{"frame":0.8333333333333334,"value":{"__uuid__":"90zzHUDLdL8b5HFafIf0jG"}}]}},"props":{"opacity":[{"frame":0,"value":200}]}}}},"events":[{"frame":1,"func":"AfterAtk","params":[]}]},{"__type__":"cc.SpriteFrame","content":{"name":"fire03","texture":"afRUE2PpZK8qiGF9xrSJld","rect":[12,23,92,102],"offset":[5.5,-11.5],"originalSize":[105,125],"capInsets":[0,0,0,0]}},{"__type__":"cc.SpriteFrame","content":{"name":"monster19a_01","texture":"24LxgDGbRMGqFkldm2y1LP","rect":[38,20,131,101],"offset":[-6.5,-0.5],"originalSize":[220,140],"capInsets":[0,0,0,0]}},{"__type__":"cc.SpriteFrame","content":{"name":"fire05","texture":"b3f70J5RJJJ4A0J0zKl2h9","rect":[20,0,79,122],"offset":[7,1.5],"originalSize":[105,125],"capInsets":[0,0,0,0]}},{"__type__":"cc.SpriteFrame","content":{"name":"monster19b_02","texture":"b26/Vm9G9El70gtyr8AdOC","rect":[43,22,128,96],"offset":[-3,0],"originalSize":[220,140],"capInsets":[0,0,0,0]}},{"__type__":"cc.SpriteFrame","content":{"name":"monster19b_06","texture":"797mD+Rd9PVp+h9mGloThg","rect":[33,16,161,97],"offset":[3.5,5.5],"originalSize":[220,140],"capInsets":[0,0,0,0]}}]