[{"__type__":"cc.SpriteFrame","content":{"name":"Sprite_TipBg","texture":"f3xshnrjZEyYguILfOP+RF","rect":[0,0,750,204],"offset":[0,0],"originalSize":[750,204],"capInsets":[0,0,0,0]}},[{"__type__":"cc.Prefab","_name":"TipNode","data":{"__id__":1}},{"__type__":"cc.Node","_name":"TipNode","_children":[{"__id__":2},{"__id__":3}],"_active":false,"_prefab":{"__type__":"cc.PrefabInfo","root":{"__id__":1},"asset":{"__id__":0},"fileId":"a3GN3D8YxAXY/kpiKIUCq/"},"_scale":{"__type__":"cc.Vec3","x":1,"y":1,"z":1}},{"__type__":"cc.Node","_name":"PureColorBg","_parent":{"__id__":1},"_components":[{"__type__":"cc.Sprite","node":{"__id__":2},"_spriteFrame":{"__uuid__":"63FIV8kbdI6p7nXeXqj4C/"},"_sizeMode":0}],"_prefab":{"__type__":"cc.PrefabInfo","root":{"__id__":1},"asset":{"__id__":0},"fileId":"7ajm6n1yZCC7P4cRJt9quy"},"_color":{"__type__":"cc.Color"},"_contentSize":{"__type__":"cc.Size","width":750,"height":80},"_scale":{"__type__":"cc.Vec3","x":1,"y":1,"z":1}},{"__type__":"cc.Node","_name":"Label_Tip","_parent":{"__id__":1},"_components":[{"__type__":"cc.Label","node":{"__id__":3},"_useOriginalSize":false,"_string":"最长长长长长的提示","_N$string":"最长长长长长的提示","_fontSize":46,"_lineHeight":50,"_N$horizontalAlign":1,"_N$verticalAlign":1},{"__type__":"cc.LabelOutline","node":{"__id__":3},"_color":{"__type__":"cc.Color","r":24,"g":14,"b":8},"_width":2}],"_prefab":{"__type__":"cc.PrefabInfo","root":{"__id__":1},"asset":{"__id__":0},"fileId":"36PYPqs1xFiIXHR88qsJyk"},"_color":{"__type__":"cc.Color","r":133,"g":226,"b":72},"_contentSize":{"__type__":"cc.Size","width":414,"height":50},"_scale":{"__type__":"cc.Vec3","x":0.8,"y":0.8,"z":1}}]]