[{"__type__":"cc.SpriteFrame","content":{"name":"Sprite_ShopBg","texture":"79//uN+0xE1KanbNeIVLRm","rect":[0,0,154,96],"offset":[0,0],"originalSize":[154,96],"capInsets":[0,0,0,0]}},{"__type__":"cc.SpriteFrame","content":{"name":"tp_PureColorBg","texture":"a8Anh32NZGRZegUtSgEj26","rect":[0,0,2,2],"offset":[0,0],"originalSize":[2,2],"capInsets":[0,0,0,0]}},{"__type__":"cc.SpriteFrame","content":{"name":"default_scrollbar_vertical","texture":"d608qFRoFHwbXd0Dap056i","rect":[0,0,15,30],"offset":[0,0],"originalSize":[15,30],"capInsets":[4,10,4,10]}},{"__type__":"cc.SpriteFrame","content":{"name":"default_scrollbar_vertical_bg","texture":"61cyPdEfRN047sDK9rO0W5","rect":[0,0,15,30],"offset":[0,0],"originalSize":[15,30],"capInsets":[4,10,4,10]}},[{"__type__":"cc.Prefab","_name":"ComtinuityPage","data":{"__id__":1}},{"__type__":"cc.Node","_name":"ComtinuityPage","_children":[{"__id__":2},{"__id__":3},{"__id__":4},{"__id__":5}],"_level":1,"_components":[{"__type__":"687f7MXTkFCxLc0ownkaML+","node":{"__id__":1},"Node_ComtinuitySignItem":[{"__id__":13},{"__id__":23},{"__id__":33},{"__id__":43},{"__id__":53},{"__id__":63},{"__id__":73}],"Btn_Close":{"__id__":4}}],"_prefab":{"__type__":"cc.PrefabInfo","root":{"__id__":1},"asset":{"__uuid__":"68HLGpD2BEwb0+4TcU0WdO"},"fileId":"d5B6XvxkZD/6RDg0tTezam"},"_scale":{"__type__":"cc.Vec3","x":1,"y":1,"z":1}},{"__type__":"cc.Node","_name":"PureColorBg","_parent":{"__id__":1},"_level":2,"_components":[{"__type__":"cc.Sprite","node":{"__id__":2},"_spriteFrame":{"__uuid__":"41D7kWhyFGY7q4NDlzkazn"},"_sizeMode":0},{"__type__":"cc.BlockInputEvents","node":{"__id__":2}}],"_prefab":{"__type__":"cc.PrefabInfo","root":{"__id__":1},"asset":{"__uuid__":"68HLGpD2BEwb0+4TcU0WdO"},"fileId":"c67kCJH7FPMplmojLIbVDj"},"_opacity":200,"_color":{"__type__":"cc.Color"},"_contentSize":{"__type__":"cc.Size","width":750,"height":1100},"_position":{"__type__":"cc.Vec3","y":-40},"_scale":{"__type__":"cc.Vec3","x":1,"y":1,"z":1}},{"__type__":"cc.Node","_name":"Sprite_ContinuityFrame","_parent":{"__id__":1},"_level":2,"_components":[{"__type__":"cc.Sprite","node":{"__id__":3},"_spriteFrame":{"__uuid__":"b6rzG/myZF35BCkcIWiJI6"}}],"_prefab":{"__type__":"cc.PrefabInfo","root":{"__id__":1},"asset":{"__uuid__":"68HLGpD2BEwb0+4TcU0WdO"},"fileId":"fdlhfysvdGMaF97VlxzSWl"},"_contentSize":{"__type__":"cc.Size","width":738,"height":879},"_position":{"__type__":"cc.Vec3","y":51},"_scale":{"__type__":"cc.Vec3","x":1,"y":1,"z":1}},{"__type__":"cc.Node","_name":"Btn_Close2","_parent":{"__id__":1},"_level":2,"_components":[{"__type__":"cc.Sprite","node":{"__id__":4},"_spriteFrame":{"__uuid__":"c4QQuuPrpNY5hP3VMzenBR"}},{"__type__":"cc.Button","node":{"__id__":4}}],"_prefab":{"__type__":"cc.PrefabInfo","root":{"__id__":1},"asset":{"__uuid__":"68HLGpD2BEwb0+4TcU0WdO"},"fileId":"d99LcitipBEpE0VpF/LHNg"},"_contentSize":{"__type__":"cc.Size","width":81,"height":84},"_position":{"__type__":"cc.Vec3","x":333,"y":397},"_scale":{"__type__":"cc.Vec3","x":1,"y":1,"z":1}},{"__type__":"cc.Node","_name":"New ScrollView","_parent":{"__id__":1},"_children":[{"__id__":6},{"__id__":12}],"_level":2,"_components":[{"__type__":"cc.Sprite","node":{"__id__":5},"_type":1,"_sizeMode":0},{"__id__":10}],"_prefab":{"__type__":"cc.PrefabInfo","root":{"__id__":1},"asset":{"__uuid__":"68HLGpD2BEwb0+4TcU0WdO"},"fileId":"6cNuo+SPtKxrPHMQk0tEdY"},"_contentSize":{"__type__":"cc.Size","width":620,"height":670},"_position":{"__type__":"cc.Vec3","y":30},"_scale":{"__type__":"cc.Vec3","x":1,"y":1,"z":1}},{"__type__":"cc.Node","_name":"scrollBar","_parent":{"__id__":5},"_children":[{"__id__":7}],"_active":false,"_components":[{"__id__":9},{"__type__":"cc.Widget","node":{"__id__":6},"alignMode":0,"_alignFlags":37,"_left":350.07654921020657,"_originalHeight":237},{"__type__":"cc.Sprite","node":{"__id__":6},"_spriteFrame":{"__uuid__":"5f5dyqtRNNxaFmVzYns6FZ"},"_type":1,"_sizeMode":0}],"_prefab":{"__type__":"cc.PrefabInfo","root":{"__id__":1},"asset":{"__uuid__":"68HLGpD2BEwb0+4TcU0WdO"},"fileId":"c5doLw7+VGCKFe20OZAMC6"},"_contentSize":{"__type__":"cc.Size","width":12,"height":250},"_anchorPoint":{"__type__":"cc.Vec2","x":1,"y":0.5},"_position":{"__type__":"cc.Vec3","x":120},"_scale":{"__type__":"cc.Vec3","x":1,"y":1,"z":1}},{"__type__":"cc.Node","_name":"bar","_parent":{"__id__":6},"_components":[{"__id__":8}],"_prefab":{"__type__":"cc.PrefabInfo","root":{"__id__":1},"asset":{"__uuid__":"68HLGpD2BEwb0+4TcU0WdO"},"fileId":"7cJIQkwRlOwqM7jAlPX+Z8"},"_contentSize":{"__type__":"cc.Size","width":10,"height":30},"_anchorPoint":{"__type__":"cc.Vec2","x":1},"_position":{"__type__":"cc.Vec3","x":-1},"_scale":{"__type__":"cc.Vec3","x":1,"y":1,"z":1}},{"__type__":"cc.Sprite","node":{"__id__":7},"_spriteFrame":{"__uuid__":"5cO7kybDxGj4ipyMYdRYZB"},"_type":1,"_sizeMode":0},{"__type__":"cc.Scrollbar","node":{"__id__":6},"_scrollView":{"__id__":10},"_N$handle":{"__id__":8},"_N$direction":1},{"__type__":"cc.ScrollView","node":{"__id__":5},"horizontal":false,"brake":0.75,"bounceDuration":0.23,"_N$content":{"__id__":11},"content":{"__id__":11},"_N$horizontalScrollBar":null,"_N$verticalScrollBar":{"__id__":9}},{"__type__":"cc.Node","_name":"content","_parent":{"__id__":12},"_children":[{"__id__":13},{"__id__":23},{"__id__":33},{"__id__":43},{"__id__":53},{"__id__":63},{"__id__":73}],"_components":[{"__type__":"cc.Layout","node":{"__id__":11},"_layoutSize":{"__type__":"cc.Size","width":220,"height":1320},"_N$layoutType":2,"_N$spacingY":20}],"_prefab":{"__type__":"cc.PrefabInfo","root":{"__id__":1},"asset":{"__uuid__":"68HLGpD2BEwb0+4TcU0WdO"},"fileId":"5a0JkB7JVD968WL/63HVKY"},"_contentSize":{"__type__":"cc.Size","width":220,"height":1320},"_anchorPoint":{"__type__":"cc.Vec2","x":0.5,"y":1},"_position":{"__type__":"cc.Vec3","y":332},"_scale":{"__type__":"cc.Vec3","x":1,"y":1,"z":1}},{"__type__":"cc.Node","_name":"view","_parent":{"__id__":5},"_children":[{"__id__":11}],"_components":[{"__type__":"cc.Mask","node":{"__id__":12}}],"_prefab":{"__type__":"cc.PrefabInfo","root":{"__id__":1},"asset":{"__uuid__":"68HLGpD2BEwb0+4TcU0WdO"},"fileId":"deFTkk/WRPupcNQ0R5P0oA"},"_contentSize":{"__type__":"cc.Size","width":620,"height":670},"_scale":{"__type__":"cc.Vec3","x":1,"y":1,"z":1}},{"__type__":"cc.Node","_name":"0","_parent":{"__id__":11},"_children":[{"__id__":14},{"__id__":15},{"__id__":16},{"__id__":17},{"__id__":18},{"__id__":19},{"__id__":20},{"__id__":21},{"__id__":22}],"_level":1,"_components":[{"__type__":"cc.Sprite","node":{"__id__":13},"_spriteFrame":{"__uuid__":"9aA1W2zKFM46dm8tPMsr1b"}}],"_prefab":{"__type__":"cc.PrefabInfo","root":{"__id__":1},"asset":{"__uuid__":"68HLGpD2BEwb0+4TcU0WdO"},"fileId":"8ccSwN5HtH+JWhGlKvo1uG"},"_contentSize":{"__type__":"cc.Size","width":616,"height":172},"_position":{"__type__":"cc.Vec3","y":-86},"_scale":{"__type__":"cc.Vec3","x":1,"y":1,"z":1}},{"__type__":"cc.Node","_name":"Sprite_ShopBg","_parent":{"__id__":13},"_active":false,"_level":2,"_components":[{"__type__":"cc.Sprite","node":{"__id__":14},"_spriteFrame":{"__uuid__":"38MdEBIM1FsKzNo9NU36MO"}}],"_prefab":{"__type__":"cc.PrefabInfo","root":{"__id__":1},"asset":{"__uuid__":"68HLGpD2BEwb0+4TcU0WdO"},"fileId":"feU9EdLPhEpovwiRG2S/DU"},"_contentSize":{"__type__":"cc.Size","width":154,"height":96},"_position":{"__type__":"cc.Vec3","x":-160},"_scale":{"__type__":"cc.Vec3","x":1,"y":1,"z":1}},{"__type__":"cc.Node","_name":"Sprite_ShopBg","_parent":{"__id__":13},"_level":2,"_components":[{"__type__":"cc.Sprite","node":{"__id__":15},"_spriteFrame":{"__uuid__":"38MdEBIM1FsKzNo9NU36MO"}}],"_prefab":{"__type__":"cc.PrefabInfo","root":{"__id__":1},"asset":{"__uuid__":"68HLGpD2BEwb0+4TcU0WdO"},"fileId":"806Qn6kgxKH5HRRlevqNkt"},"_contentSize":{"__type__":"cc.Size","width":154,"height":96},"_position":{"__type__":"cc.Vec3","x":-40},"_scale":{"__type__":"cc.Vec3","x":1,"y":1,"z":1}},{"__type__":"cc.Node","_name":"Sprite_Tower","_parent":{"__id__":13},"_level":2,"_components":[{"__type__":"cc.Sprite","node":{"__id__":16},"_spriteFrame":{"__uuid__":"f9igltwv1OE5W9Rj6MqX4z"}}],"_prefab":{"__type__":"cc.PrefabInfo","root":{"__id__":1},"asset":{"__uuid__":"68HLGpD2BEwb0+4TcU0WdO"},"fileId":"ddw3RTZCBIILLsi0EbRQk/"},"_contentSize":{"__type__":"cc.Size","width":67,"height":69},"_position":{"__type__":"cc.Vec3","x":-40,"y":-10},"_scale":{"__type__":"cc.Vec3","x":1,"y":1,"z":1}},{"__type__":"cc.Node","_name":"Sprite_ShopBg","_parent":{"__id__":13},"_active":false,"_level":2,"_components":[{"__type__":"cc.Sprite","node":{"__id__":17},"_spriteFrame":{"__uuid__":"38MdEBIM1FsKzNo9NU36MO"}}],"_prefab":{"__type__":"cc.PrefabInfo","root":{"__id__":1},"asset":{"__uuid__":"68HLGpD2BEwb0+4TcU0WdO"},"fileId":"08/C32/BFPML+tXsChaRMP"},"_contentSize":{"__type__":"cc.Size","width":154,"height":96},"_position":{"__type__":"cc.Vec3","x":80},"_scale":{"__type__":"cc.Vec3","x":1,"y":1,"z":1}},{"__type__":"cc.Node","_name":"Label_Days","_parent":{"__id__":13},"_level":2,"_components":[{"__type__":"cc.Label","node":{"__id__":18},"_srcBlendFactor":1,"_useOriginalSize":false,"_string":"1","_N$string":"1","_fontSize":45,"_lineHeight":45,"_N$horizontalAlign":1,"_N$verticalAlign":1},{"__type__":"cc.LabelOutline","node":{"__id__":18},"_color":{"__type__":"cc.Color","r":46,"g":8,"b":11},"_width":3}],"_prefab":{"__type__":"cc.PrefabInfo","root":{"__id__":1},"asset":{"__uuid__":"68HLGpD2BEwb0+4TcU0WdO"},"fileId":"9d1NDMqbNIMaecLaGms0Mt"},"_color":{"__type__":"cc.Color","r":234,"g":186,"b":85},"_contentSize":{"__type__":"cc.Size","width":31.03,"height":45},"_position":{"__type__":"cc.Vec3","x":-173,"y":52},"_scale":{"__type__":"cc.Vec3","x":1,"y":1,"z":1}},{"__type__":"cc.Node","_name":"Btn_ContinuityGet","_parent":{"__id__":13},"_level":2,"_components":[{"__type__":"cc.Sprite","node":{"__id__":19},"_spriteFrame":{"__uuid__":"e1nXN2X2BKaLcMYsBuLUx8"}},{"__type__":"cc.Button","node":{"__id__":19}}],"_prefab":{"__type__":"cc.PrefabInfo","root":{"__id__":1},"asset":{"__uuid__":"68HLGpD2BEwb0+4TcU0WdO"},"fileId":"60C1x62ZVLkqNUeLWzHT8S"},"_contentSize":{"__type__":"cc.Size","width":130,"height":51},"_position":{"__type__":"cc.Vec3","x":220},"_scale":{"__type__":"cc.Vec3","x":1,"y":1,"z":1}},{"__type__":"cc.Node","_name":"Sprite_GetTip","_parent":{"__id__":13},"_level":2,"_components":[{"__type__":"cc.Sprite","node":{"__id__":20},"_spriteFrame":{"__uuid__":"908OVnM0pJw7VmNra6ZUq8"}}],"_prefab":{"__type__":"cc.PrefabInfo","root":{"__id__":1},"asset":{"__uuid__":"68HLGpD2BEwb0+4TcU0WdO"},"fileId":"a2tJHtMxdIpLJge9JGarBc"},"_contentSize":{"__type__":"cc.Size","width":85,"height":86},"_position":{"__type__":"cc.Vec3","x":220},"_scale":{"__type__":"cc.Vec3","x":1,"y":1,"z":1}},{"__type__":"cc.Node","_name":"Sprite_NotUnlock","_parent":{"__id__":13},"_level":2,"_components":[{"__type__":"cc.Sprite","node":{"__id__":21},"_spriteFrame":{"__uuid__":"fcyoaZVKJOKYaounsK8E17"}}],"_prefab":{"__type__":"cc.PrefabInfo","root":{"__id__":1},"asset":{"__uuid__":"68HLGpD2BEwb0+4TcU0WdO"},"fileId":"0cQhmng9hIVpcIU8HVcE1n"},"_contentSize":{"__type__":"cc.Size","width":130,"height":51},"_position":{"__type__":"cc.Vec3","x":220},"_scale":{"__type__":"cc.Vec3","x":1,"y":1,"z":1}},{"__type__":"cc.Node","_name":"Label_TowerName","_parent":{"__id__":13},"_level":2,"_components":[{"__type__":"cc.Label","node":{"__id__":22},"_srcBlendFactor":1,"_useOriginalSize":false,"_string":"Label","_N$string":"Label","_fontSize":18,"_lineHeight":20,"_N$horizontalAlign":1,"_N$verticalAlign":1}],"_prefab":{"__type__":"cc.PrefabInfo","root":{"__id__":1},"asset":{"__uuid__":"68HLGpD2BEwb0+4TcU0WdO"},"fileId":"125w4dWd5LDYuEtwMIsIOf"},"_contentSize":{"__type__":"cc.Size","width":44.04,"height":20},"_position":{"__type__":"cc.Vec3","x":-38.4,"y":-57},"_scale":{"__type__":"cc.Vec3","x":1,"y":1,"z":1}},{"__type__":"cc.Node","_name":"1","_parent":{"__id__":11},"_children":[{"__id__":24},{"__id__":25},{"__id__":26},{"__id__":27},{"__id__":28},{"__id__":29},{"__id__":30},{"__id__":31},{"__id__":32}],"_level":1,"_components":[{"__type__":"cc.Sprite","node":{"__id__":23},"_spriteFrame":{"__uuid__":"9aA1W2zKFM46dm8tPMsr1b"}}],"_prefab":{"__type__":"cc.PrefabInfo","root":{"__id__":1},"asset":{"__uuid__":"68HLGpD2BEwb0+4TcU0WdO"},"fileId":"bfEgaOX6FLBb1aPBIrhYfX"},"_contentSize":{"__type__":"cc.Size","width":616,"height":172},"_position":{"__type__":"cc.Vec3","y":-278},"_scale":{"__type__":"cc.Vec3","x":1,"y":1,"z":1}},{"__type__":"cc.Node","_name":"Sprite_ShopBg","_parent":{"__id__":23},"_active":false,"_level":2,"_components":[{"__type__":"cc.Sprite","node":{"__id__":24},"_spriteFrame":{"__uuid__":"38MdEBIM1FsKzNo9NU36MO"}}],"_prefab":{"__type__":"cc.PrefabInfo","root":{"__id__":1},"asset":{"__uuid__":"68HLGpD2BEwb0+4TcU0WdO"},"fileId":"72+5MJYTVCnoThSlpX7iDM"},"_contentSize":{"__type__":"cc.Size","width":154,"height":96},"_position":{"__type__":"cc.Vec3","x":-160},"_scale":{"__type__":"cc.Vec3","x":1,"y":1,"z":1}},{"__type__":"cc.Node","_name":"Sprite_ShopBg","_parent":{"__id__":23},"_level":2,"_components":[{"__type__":"cc.Sprite","node":{"__id__":25},"_spriteFrame":{"__uuid__":"38MdEBIM1FsKzNo9NU36MO"}}],"_prefab":{"__type__":"cc.PrefabInfo","root":{"__id__":1},"asset":{"__uuid__":"68HLGpD2BEwb0+4TcU0WdO"},"fileId":"e1myRme4NFv6rRXK6tvDVH"},"_contentSize":{"__type__":"cc.Size","width":154,"height":96},"_position":{"__type__":"cc.Vec3","x":-40},"_scale":{"__type__":"cc.Vec3","x":1,"y":1,"z":1}},{"__type__":"cc.Node","_name":"Sprite_Tower","_parent":{"__id__":23},"_level":2,"_components":[{"__type__":"cc.Sprite","node":{"__id__":26},"_spriteFrame":{"__uuid__":"f9igltwv1OE5W9Rj6MqX4z"}}],"_prefab":{"__type__":"cc.PrefabInfo","root":{"__id__":1},"asset":{"__uuid__":"68HLGpD2BEwb0+4TcU0WdO"},"fileId":"f2UbEfAKVNaq6yen5UncbE"},"_contentSize":{"__type__":"cc.Size","width":67,"height":69},"_position":{"__type__":"cc.Vec3","x":-40,"y":-10},"_scale":{"__type__":"cc.Vec3","x":1,"y":1,"z":1}},{"__type__":"cc.Node","_name":"Sprite_ShopBg","_parent":{"__id__":23},"_active":false,"_level":2,"_components":[{"__type__":"cc.Sprite","node":{"__id__":27},"_spriteFrame":{"__uuid__":"38MdEBIM1FsKzNo9NU36MO"}}],"_prefab":{"__type__":"cc.PrefabInfo","root":{"__id__":1},"asset":{"__uuid__":"68HLGpD2BEwb0+4TcU0WdO"},"fileId":"b57Z8ymsVLAYw3Spztwzqu"},"_contentSize":{"__type__":"cc.Size","width":154,"height":96},"_position":{"__type__":"cc.Vec3","x":80},"_scale":{"__type__":"cc.Vec3","x":1,"y":1,"z":1}},{"__type__":"cc.Node","_name":"Label_Days","_parent":{"__id__":23},"_level":2,"_components":[{"__type__":"cc.Label","node":{"__id__":28},"_srcBlendFactor":1,"_useOriginalSize":false,"_string":"2","_N$string":"2","_fontSize":45,"_lineHeight":45,"_N$horizontalAlign":1,"_N$verticalAlign":1},{"__type__":"cc.LabelOutline","node":{"__id__":28},"_color":{"__type__":"cc.Color","r":46,"g":8,"b":11},"_width":3}],"_prefab":{"__type__":"cc.PrefabInfo","root":{"__id__":1},"asset":{"__uuid__":"68HLGpD2BEwb0+4TcU0WdO"},"fileId":"e8fHBuIy5JDIL/a7f5qJUF"},"_color":{"__type__":"cc.Color","r":234,"g":186,"b":85},"_contentSize":{"__type__":"cc.Size","width":31.03,"height":45},"_position":{"__type__":"cc.Vec3","x":-173,"y":52},"_scale":{"__type__":"cc.Vec3","x":1,"y":1,"z":1}},{"__type__":"cc.Node","_name":"Btn_ContinuityGet","_parent":{"__id__":23},"_level":2,"_components":[{"__type__":"cc.Sprite","node":{"__id__":29},"_spriteFrame":{"__uuid__":"e1nXN2X2BKaLcMYsBuLUx8"}},{"__type__":"cc.Button","node":{"__id__":29}}],"_prefab":{"__type__":"cc.PrefabInfo","root":{"__id__":1},"asset":{"__uuid__":"68HLGpD2BEwb0+4TcU0WdO"},"fileId":"9cGqQ0CQRDtb2qKU2j1o5E"},"_contentSize":{"__type__":"cc.Size","width":130,"height":51},"_position":{"__type__":"cc.Vec3","x":220},"_scale":{"__type__":"cc.Vec3","x":1,"y":1,"z":1}},{"__type__":"cc.Node","_name":"Sprite_GetTip","_parent":{"__id__":23},"_level":2,"_components":[{"__type__":"cc.Sprite","node":{"__id__":30},"_spriteFrame":{"__uuid__":"908OVnM0pJw7VmNra6ZUq8"}}],"_prefab":{"__type__":"cc.PrefabInfo","root":{"__id__":1},"asset":{"__uuid__":"68HLGpD2BEwb0+4TcU0WdO"},"fileId":"cbwoSvqxZI/YGe7yuzwT+L"},"_contentSize":{"__type__":"cc.Size","width":85,"height":86},"_position":{"__type__":"cc.Vec3","x":220},"_scale":{"__type__":"cc.Vec3","x":1,"y":1,"z":1}},{"__type__":"cc.Node","_name":"Sprite_NotUnlock","_parent":{"__id__":23},"_level":2,"_components":[{"__type__":"cc.Sprite","node":{"__id__":31},"_spriteFrame":{"__uuid__":"fcyoaZVKJOKYaounsK8E17"}}],"_prefab":{"__type__":"cc.PrefabInfo","root":{"__id__":1},"asset":{"__uuid__":"68HLGpD2BEwb0+4TcU0WdO"},"fileId":"84rNpYo3ZLorDg1I9dWqK8"},"_contentSize":{"__type__":"cc.Size","width":130,"height":51},"_position":{"__type__":"cc.Vec3","x":220},"_scale":{"__type__":"cc.Vec3","x":1,"y":1,"z":1}},{"__type__":"cc.Node","_name":"Label_TowerName","_parent":{"__id__":23},"_level":2,"_components":[{"__type__":"cc.Label","node":{"__id__":32},"_srcBlendFactor":1,"_useOriginalSize":false,"_string":"Label","_N$string":"Label","_fontSize":18,"_lineHeight":20,"_N$horizontalAlign":1,"_N$verticalAlign":1}],"_prefab":{"__type__":"cc.PrefabInfo","root":{"__id__":1},"asset":{"__uuid__":"68HLGpD2BEwb0+4TcU0WdO"},"fileId":"b0d16+SfdDgY+8+FU9qyjI"},"_contentSize":{"__type__":"cc.Size","width":44.04,"height":20},"_position":{"__type__":"cc.Vec3","x":-38.4,"y":-57},"_scale":{"__type__":"cc.Vec3","x":1,"y":1,"z":1}},{"__type__":"cc.Node","_name":"2","_parent":{"__id__":11},"_children":[{"__id__":34},{"__id__":35},{"__id__":36},{"__id__":37},{"__id__":38},{"__id__":39},{"__id__":40},{"__id__":41},{"__id__":42}],"_level":1,"_components":[{"__type__":"cc.Sprite","node":{"__id__":33},"_spriteFrame":{"__uuid__":"9aA1W2zKFM46dm8tPMsr1b"}}],"_prefab":{"__type__":"cc.PrefabInfo","root":{"__id__":1},"asset":{"__uuid__":"68HLGpD2BEwb0+4TcU0WdO"},"fileId":"e98PDFAZlJyYFpHWWBghB3"},"_contentSize":{"__type__":"cc.Size","width":616,"height":172},"_position":{"__type__":"cc.Vec3","y":-470},"_scale":{"__type__":"cc.Vec3","x":1,"y":1,"z":1}},{"__type__":"cc.Node","_name":"Sprite_ShopBg","_parent":{"__id__":33},"_active":false,"_level":2,"_components":[{"__type__":"cc.Sprite","node":{"__id__":34},"_spriteFrame":{"__uuid__":"38MdEBIM1FsKzNo9NU36MO"}}],"_prefab":{"__type__":"cc.PrefabInfo","root":{"__id__":1},"asset":{"__uuid__":"68HLGpD2BEwb0+4TcU0WdO"},"fileId":"f9JJBx5Q5G/LYLhYH7iLcd"},"_contentSize":{"__type__":"cc.Size","width":154,"height":96},"_position":{"__type__":"cc.Vec3","x":-160},"_scale":{"__type__":"cc.Vec3","x":1,"y":1,"z":1}},{"__type__":"cc.Node","_name":"Sprite_ShopBg","_parent":{"__id__":33},"_level":2,"_components":[{"__type__":"cc.Sprite","node":{"__id__":35},"_spriteFrame":{"__uuid__":"38MdEBIM1FsKzNo9NU36MO"}}],"_prefab":{"__type__":"cc.PrefabInfo","root":{"__id__":1},"asset":{"__uuid__":"68HLGpD2BEwb0+4TcU0WdO"},"fileId":"4aTl7B9t5K8LlZ/hPL9C6b"},"_contentSize":{"__type__":"cc.Size","width":154,"height":96},"_position":{"__type__":"cc.Vec3","x":-40},"_scale":{"__type__":"cc.Vec3","x":1,"y":1,"z":1}},{"__type__":"cc.Node","_name":"Sprite_Tower","_parent":{"__id__":33},"_level":2,"_components":[{"__type__":"cc.Sprite","node":{"__id__":36},"_spriteFrame":{"__uuid__":"f9igltwv1OE5W9Rj6MqX4z"}}],"_prefab":{"__type__":"cc.PrefabInfo","root":{"__id__":1},"asset":{"__uuid__":"68HLGpD2BEwb0+4TcU0WdO"},"fileId":"51VC6PWwlP/rZJyrnILXD0"},"_contentSize":{"__type__":"cc.Size","width":67,"height":69},"_position":{"__type__":"cc.Vec3","x":-40,"y":-10},"_scale":{"__type__":"cc.Vec3","x":1,"y":1,"z":1}},{"__type__":"cc.Node","_name":"Sprite_ShopBg","_parent":{"__id__":33},"_active":false,"_level":2,"_components":[{"__type__":"cc.Sprite","node":{"__id__":37},"_spriteFrame":{"__uuid__":"38MdEBIM1FsKzNo9NU36MO"}}],"_prefab":{"__type__":"cc.PrefabInfo","root":{"__id__":1},"asset":{"__uuid__":"68HLGpD2BEwb0+4TcU0WdO"},"fileId":"62p9dFxLFMc7H4uKDCxIvt"},"_contentSize":{"__type__":"cc.Size","width":154,"height":96},"_position":{"__type__":"cc.Vec3","x":80},"_scale":{"__type__":"cc.Vec3","x":1,"y":1,"z":1}},{"__type__":"cc.Node","_name":"Label_Days","_parent":{"__id__":33},"_level":2,"_components":[{"__type__":"cc.Label","node":{"__id__":38},"_srcBlendFactor":1,"_useOriginalSize":false,"_string":"3","_N$string":"3","_fontSize":45,"_lineHeight":45,"_N$horizontalAlign":1,"_N$verticalAlign":1},{"__type__":"cc.LabelOutline","node":{"__id__":38},"_color":{"__type__":"cc.Color","r":46,"g":8,"b":11},"_width":3}],"_prefab":{"__type__":"cc.PrefabInfo","root":{"__id__":1},"asset":{"__uuid__":"68HLGpD2BEwb0+4TcU0WdO"},"fileId":"1fIDQJbU9Gsp6tUIh1z+4Z"},"_color":{"__type__":"cc.Color","r":234,"g":186,"b":85},"_contentSize":{"__type__":"cc.Size","width":31.03,"height":45},"_position":{"__type__":"cc.Vec3","x":-173,"y":52},"_scale":{"__type__":"cc.Vec3","x":1,"y":1,"z":1}},{"__type__":"cc.Node","_name":"Btn_ContinuityGet","_parent":{"__id__":33},"_level":2,"_components":[{"__type__":"cc.Sprite","node":{"__id__":39},"_spriteFrame":{"__uuid__":"e1nXN2X2BKaLcMYsBuLUx8"}},{"__type__":"cc.Button","node":{"__id__":39}}],"_prefab":{"__type__":"cc.PrefabInfo","root":{"__id__":1},"asset":{"__uuid__":"68HLGpD2BEwb0+4TcU0WdO"},"fileId":"937QtJYNhG24iAT63pTLX5"},"_contentSize":{"__type__":"cc.Size","width":130,"height":51},"_position":{"__type__":"cc.Vec3","x":220},"_scale":{"__type__":"cc.Vec3","x":1,"y":1,"z":1}},{"__type__":"cc.Node","_name":"Sprite_GetTip","_parent":{"__id__":33},"_level":2,"_components":[{"__type__":"cc.Sprite","node":{"__id__":40},"_spriteFrame":{"__uuid__":"908OVnM0pJw7VmNra6ZUq8"}}],"_prefab":{"__type__":"cc.PrefabInfo","root":{"__id__":1},"asset":{"__uuid__":"68HLGpD2BEwb0+4TcU0WdO"},"fileId":"39qfsZsvhElIP/fkpvwQfa"},"_contentSize":{"__type__":"cc.Size","width":85,"height":86},"_position":{"__type__":"cc.Vec3","x":220},"_scale":{"__type__":"cc.Vec3","x":1,"y":1,"z":1}},{"__type__":"cc.Node","_name":"Sprite_NotUnlock","_parent":{"__id__":33},"_level":2,"_components":[{"__type__":"cc.Sprite","node":{"__id__":41},"_spriteFrame":{"__uuid__":"fcyoaZVKJOKYaounsK8E17"}}],"_prefab":{"__type__":"cc.PrefabInfo","root":{"__id__":1},"asset":{"__uuid__":"68HLGpD2BEwb0+4TcU0WdO"},"fileId":"38A+WPaCxAvKQwUVsy18GR"},"_contentSize":{"__type__":"cc.Size","width":130,"height":51},"_position":{"__type__":"cc.Vec3","x":220},"_scale":{"__type__":"cc.Vec3","x":1,"y":1,"z":1}},{"__type__":"cc.Node","_name":"Label_TowerName","_parent":{"__id__":33},"_level":2,"_components":[{"__type__":"cc.Label","node":{"__id__":42},"_srcBlendFactor":1,"_useOriginalSize":false,"_string":"Label","_N$string":"Label","_fontSize":18,"_lineHeight":20,"_N$horizontalAlign":1,"_N$verticalAlign":1}],"_prefab":{"__type__":"cc.PrefabInfo","root":{"__id__":1},"asset":{"__uuid__":"68HLGpD2BEwb0+4TcU0WdO"},"fileId":"6aQiRoDa9OtraSo/eyTupv"},"_contentSize":{"__type__":"cc.Size","width":44.04,"height":20},"_position":{"__type__":"cc.Vec3","x":-38.4,"y":-57},"_scale":{"__type__":"cc.Vec3","x":1,"y":1,"z":1}},{"__type__":"cc.Node","_name":"3","_parent":{"__id__":11},"_children":[{"__id__":44},{"__id__":45},{"__id__":46},{"__id__":47},{"__id__":48},{"__id__":49},{"__id__":50},{"__id__":51},{"__id__":52}],"_level":1,"_components":[{"__type__":"cc.Sprite","node":{"__id__":43},"_spriteFrame":{"__uuid__":"9aA1W2zKFM46dm8tPMsr1b"}}],"_prefab":{"__type__":"cc.PrefabInfo","root":{"__id__":1},"asset":{"__uuid__":"68HLGpD2BEwb0+4TcU0WdO"},"fileId":"d8cp9QqdlPI55yDi7Fsdhc"},"_contentSize":{"__type__":"cc.Size","width":616,"height":172},"_position":{"__type__":"cc.Vec3","y":-662},"_scale":{"__type__":"cc.Vec3","x":1,"y":1,"z":1}},{"__type__":"cc.Node","_name":"Sprite_ShopBg","_parent":{"__id__":43},"_active":false,"_level":2,"_components":[{"__type__":"cc.Sprite","node":{"__id__":44},"_spriteFrame":{"__uuid__":"38MdEBIM1FsKzNo9NU36MO"}}],"_prefab":{"__type__":"cc.PrefabInfo","root":{"__id__":1},"asset":{"__uuid__":"68HLGpD2BEwb0+4TcU0WdO"},"fileId":"2673DKnohBbYjkYYhwbnhV"},"_contentSize":{"__type__":"cc.Size","width":154,"height":96},"_position":{"__type__":"cc.Vec3","x":-160},"_scale":{"__type__":"cc.Vec3","x":1,"y":1,"z":1}},{"__type__":"cc.Node","_name":"Sprite_ShopBg","_parent":{"__id__":43},"_level":2,"_components":[{"__type__":"cc.Sprite","node":{"__id__":45},"_spriteFrame":{"__uuid__":"38MdEBIM1FsKzNo9NU36MO"}}],"_prefab":{"__type__":"cc.PrefabInfo","root":{"__id__":1},"asset":{"__uuid__":"68HLGpD2BEwb0+4TcU0WdO"},"fileId":"70CO7RAYhCRaPOjPZ8vyEF"},"_contentSize":{"__type__":"cc.Size","width":154,"height":96},"_position":{"__type__":"cc.Vec3","x":-40},"_scale":{"__type__":"cc.Vec3","x":1,"y":1,"z":1}},{"__type__":"cc.Node","_name":"Sprite_Tower","_parent":{"__id__":43},"_level":2,"_components":[{"__type__":"cc.Sprite","node":{"__id__":46},"_spriteFrame":{"__uuid__":"f9igltwv1OE5W9Rj6MqX4z"}}],"_prefab":{"__type__":"cc.PrefabInfo","root":{"__id__":1},"asset":{"__uuid__":"68HLGpD2BEwb0+4TcU0WdO"},"fileId":"c56I8PHMtH+IZE0TZSyL45"},"_contentSize":{"__type__":"cc.Size","width":67,"height":69},"_position":{"__type__":"cc.Vec3","x":-40,"y":-10},"_scale":{"__type__":"cc.Vec3","x":1,"y":1,"z":1}},{"__type__":"cc.Node","_name":"Sprite_ShopBg","_parent":{"__id__":43},"_active":false,"_level":2,"_components":[{"__type__":"cc.Sprite","node":{"__id__":47},"_spriteFrame":{"__uuid__":"38MdEBIM1FsKzNo9NU36MO"}}],"_prefab":{"__type__":"cc.PrefabInfo","root":{"__id__":1},"asset":{"__uuid__":"68HLGpD2BEwb0+4TcU0WdO"},"fileId":"29uXuzYcNFnanWlGWxfNky"},"_contentSize":{"__type__":"cc.Size","width":154,"height":96},"_position":{"__type__":"cc.Vec3","x":80},"_scale":{"__type__":"cc.Vec3","x":1,"y":1,"z":1}},{"__type__":"cc.Node","_name":"Label_Days","_parent":{"__id__":43},"_level":2,"_components":[{"__type__":"cc.Label","node":{"__id__":48},"_srcBlendFactor":1,"_useOriginalSize":false,"_string":"4","_N$string":"4","_fontSize":45,"_lineHeight":45,"_N$horizontalAlign":1,"_N$verticalAlign":1},{"__type__":"cc.LabelOutline","node":{"__id__":48},"_color":{"__type__":"cc.Color","r":46,"g":8,"b":11},"_width":3}],"_prefab":{"__type__":"cc.PrefabInfo","root":{"__id__":1},"asset":{"__uuid__":"68HLGpD2BEwb0+4TcU0WdO"},"fileId":"40E9WFnKpKna7wZKAHUZtA"},"_color":{"__type__":"cc.Color","r":234,"g":186,"b":85},"_contentSize":{"__type__":"cc.Size","width":31.03,"height":45},"_position":{"__type__":"cc.Vec3","x":-173,"y":52},"_scale":{"__type__":"cc.Vec3","x":1,"y":1,"z":1}},{"__type__":"cc.Node","_name":"Btn_ContinuityGet","_parent":{"__id__":43},"_level":2,"_components":[{"__type__":"cc.Sprite","node":{"__id__":49},"_spriteFrame":{"__uuid__":"e1nXN2X2BKaLcMYsBuLUx8"}},{"__type__":"cc.Button","node":{"__id__":49}}],"_prefab":{"__type__":"cc.PrefabInfo","root":{"__id__":1},"asset":{"__uuid__":"68HLGpD2BEwb0+4TcU0WdO"},"fileId":"b6mFJsglFJFLAfTePgSpoX"},"_contentSize":{"__type__":"cc.Size","width":130,"height":51},"_position":{"__type__":"cc.Vec3","x":220},"_scale":{"__type__":"cc.Vec3","x":1,"y":1,"z":1}},{"__type__":"cc.Node","_name":"Sprite_GetTip","_parent":{"__id__":43},"_level":2,"_components":[{"__type__":"cc.Sprite","node":{"__id__":50},"_spriteFrame":{"__uuid__":"908OVnM0pJw7VmNra6ZUq8"}}],"_prefab":{"__type__":"cc.PrefabInfo","root":{"__id__":1},"asset":{"__uuid__":"68HLGpD2BEwb0+4TcU0WdO"},"fileId":"b3Jr23XctAXpyYrVunCbr3"},"_contentSize":{"__type__":"cc.Size","width":85,"height":86},"_position":{"__type__":"cc.Vec3","x":220},"_scale":{"__type__":"cc.Vec3","x":1,"y":1,"z":1}},{"__type__":"cc.Node","_name":"Sprite_NotUnlock","_parent":{"__id__":43},"_level":2,"_components":[{"__type__":"cc.Sprite","node":{"__id__":51},"_spriteFrame":{"__uuid__":"fcyoaZVKJOKYaounsK8E17"}}],"_prefab":{"__type__":"cc.PrefabInfo","root":{"__id__":1},"asset":{"__uuid__":"68HLGpD2BEwb0+4TcU0WdO"},"fileId":"7fNFf8fB1Ct6Nh2vkTQjo/"},"_contentSize":{"__type__":"cc.Size","width":130,"height":51},"_position":{"__type__":"cc.Vec3","x":220},"_scale":{"__type__":"cc.Vec3","x":1,"y":1,"z":1}},{"__type__":"cc.Node","_name":"Label_TowerName","_parent":{"__id__":43},"_level":2,"_components":[{"__type__":"cc.Label","node":{"__id__":52},"_srcBlendFactor":1,"_useOriginalSize":false,"_string":"Label","_N$string":"Label","_fontSize":18,"_lineHeight":20,"_N$horizontalAlign":1,"_N$verticalAlign":1}],"_prefab":{"__type__":"cc.PrefabInfo","root":{"__id__":1},"asset":{"__uuid__":"68HLGpD2BEwb0+4TcU0WdO"},"fileId":"f2tipKokhCiYqecNGwTNsv"},"_contentSize":{"__type__":"cc.Size","width":44.04,"height":20},"_position":{"__type__":"cc.Vec3","x":-38.4,"y":-57},"_scale":{"__type__":"cc.Vec3","x":1,"y":1,"z":1}},{"__type__":"cc.Node","_name":"4","_parent":{"__id__":11},"_children":[{"__id__":54},{"__id__":55},{"__id__":56},{"__id__":57},{"__id__":58},{"__id__":59},{"__id__":60},{"__id__":61},{"__id__":62}],"_level":1,"_components":[{"__type__":"cc.Sprite","node":{"__id__":53},"_spriteFrame":{"__uuid__":"9aA1W2zKFM46dm8tPMsr1b"}}],"_prefab":{"__type__":"cc.PrefabInfo","root":{"__id__":1},"asset":{"__uuid__":"68HLGpD2BEwb0+4TcU0WdO"},"fileId":"06WR+xtXhNObYU/DklHOtb"},"_contentSize":{"__type__":"cc.Size","width":616,"height":172},"_position":{"__type__":"cc.Vec3","y":-854},"_scale":{"__type__":"cc.Vec3","x":1,"y":1,"z":1}},{"__type__":"cc.Node","_name":"Sprite_ShopBg","_parent":{"__id__":53},"_active":false,"_level":2,"_components":[{"__type__":"cc.Sprite","node":{"__id__":54},"_spriteFrame":{"__uuid__":"38MdEBIM1FsKzNo9NU36MO"}}],"_prefab":{"__type__":"cc.PrefabInfo","root":{"__id__":1},"asset":{"__uuid__":"68HLGpD2BEwb0+4TcU0WdO"},"fileId":"6dXoGUmjtKKKefKFP+MY0v"},"_contentSize":{"__type__":"cc.Size","width":154,"height":96},"_position":{"__type__":"cc.Vec3","x":-160},"_scale":{"__type__":"cc.Vec3","x":1,"y":1,"z":1}},{"__type__":"cc.Node","_name":"Sprite_ShopBg","_parent":{"__id__":53},"_level":2,"_components":[{"__type__":"cc.Sprite","node":{"__id__":55},"_spriteFrame":{"__uuid__":"38MdEBIM1FsKzNo9NU36MO"}}],"_prefab":{"__type__":"cc.PrefabInfo","root":{"__id__":1},"asset":{"__uuid__":"68HLGpD2BEwb0+4TcU0WdO"},"fileId":"2cMZ8zXa1ObbE3vTWT1B+Y"},"_contentSize":{"__type__":"cc.Size","width":154,"height":96},"_position":{"__type__":"cc.Vec3","x":-40},"_scale":{"__type__":"cc.Vec3","x":1,"y":1,"z":1}},{"__type__":"cc.Node","_name":"Sprite_Tower","_parent":{"__id__":53},"_level":2,"_components":[{"__type__":"cc.Sprite","node":{"__id__":56},"_spriteFrame":{"__uuid__":"f9igltwv1OE5W9Rj6MqX4z"}}],"_prefab":{"__type__":"cc.PrefabInfo","root":{"__id__":1},"asset":{"__uuid__":"68HLGpD2BEwb0+4TcU0WdO"},"fileId":"53EMX9Hg9AYYC45RPtenGp"},"_contentSize":{"__type__":"cc.Size","width":67,"height":69},"_position":{"__type__":"cc.Vec3","x":-40,"y":-10},"_scale":{"__type__":"cc.Vec3","x":1,"y":1,"z":1}},{"__type__":"cc.Node","_name":"Sprite_ShopBg","_parent":{"__id__":53},"_active":false,"_level":2,"_components":[{"__type__":"cc.Sprite","node":{"__id__":57},"_spriteFrame":{"__uuid__":"38MdEBIM1FsKzNo9NU36MO"}}],"_prefab":{"__type__":"cc.PrefabInfo","root":{"__id__":1},"asset":{"__uuid__":"68HLGpD2BEwb0+4TcU0WdO"},"fileId":"09DPo72cBPSp/sRec1nz1a"},"_contentSize":{"__type__":"cc.Size","width":154,"height":96},"_position":{"__type__":"cc.Vec3","x":80},"_scale":{"__type__":"cc.Vec3","x":1,"y":1,"z":1}},{"__type__":"cc.Node","_name":"Label_Days","_parent":{"__id__":53},"_level":2,"_components":[{"__type__":"cc.Label","node":{"__id__":58},"_srcBlendFactor":1,"_useOriginalSize":false,"_string":"1","_N$string":"1","_fontSize":45,"_lineHeight":45,"_N$horizontalAlign":1,"_N$verticalAlign":1},{"__type__":"cc.LabelOutline","node":{"__id__":58},"_color":{"__type__":"cc.Color","r":46,"g":8,"b":11},"_width":3}],"_prefab":{"__type__":"cc.PrefabInfo","root":{"__id__":1},"asset":{"__uuid__":"68HLGpD2BEwb0+4TcU0WdO"},"fileId":"30Bx9BtLhGeoHP3JdmDSSx"},"_color":{"__type__":"cc.Color","r":234,"g":186,"b":85},"_contentSize":{"__type__":"cc.Size","width":31.03,"height":45},"_position":{"__type__":"cc.Vec3","x":-173,"y":52},"_scale":{"__type__":"cc.Vec3","x":1,"y":1,"z":1}},{"__type__":"cc.Node","_name":"Btn_ContinuityGet","_parent":{"__id__":53},"_level":2,"_components":[{"__type__":"cc.Sprite","node":{"__id__":59},"_spriteFrame":{"__uuid__":"e1nXN2X2BKaLcMYsBuLUx8"}},{"__type__":"cc.Button","node":{"__id__":59}}],"_prefab":{"__type__":"cc.PrefabInfo","root":{"__id__":1},"asset":{"__uuid__":"68HLGpD2BEwb0+4TcU0WdO"},"fileId":"65E2MSrU1HuItSGj7x3Bsi"},"_contentSize":{"__type__":"cc.Size","width":130,"height":51},"_position":{"__type__":"cc.Vec3","x":220},"_scale":{"__type__":"cc.Vec3","x":1,"y":1,"z":1}},{"__type__":"cc.Node","_name":"Sprite_GetTip","_parent":{"__id__":53},"_level":2,"_components":[{"__type__":"cc.Sprite","node":{"__id__":60},"_spriteFrame":{"__uuid__":"908OVnM0pJw7VmNra6ZUq8"}}],"_prefab":{"__type__":"cc.PrefabInfo","root":{"__id__":1},"asset":{"__uuid__":"68HLGpD2BEwb0+4TcU0WdO"},"fileId":"f9PWzUBp9HKovs/aYGVf9a"},"_contentSize":{"__type__":"cc.Size","width":85,"height":86},"_position":{"__type__":"cc.Vec3","x":220},"_scale":{"__type__":"cc.Vec3","x":1,"y":1,"z":1}},{"__type__":"cc.Node","_name":"Sprite_NotUnlock","_parent":{"__id__":53},"_level":2,"_components":[{"__type__":"cc.Sprite","node":{"__id__":61},"_spriteFrame":{"__uuid__":"fcyoaZVKJOKYaounsK8E17"}}],"_prefab":{"__type__":"cc.PrefabInfo","root":{"__id__":1},"asset":{"__uuid__":"68HLGpD2BEwb0+4TcU0WdO"},"fileId":"9anLpOfrdFApapjJcajYje"},"_contentSize":{"__type__":"cc.Size","width":130,"height":51},"_position":{"__type__":"cc.Vec3","x":220},"_scale":{"__type__":"cc.Vec3","x":1,"y":1,"z":1}},{"__type__":"cc.Node","_name":"Label_TowerName","_parent":{"__id__":53},"_level":2,"_components":[{"__type__":"cc.Label","node":{"__id__":62},"_srcBlendFactor":1,"_useOriginalSize":false,"_string":"Label","_N$string":"Label","_fontSize":18,"_lineHeight":20,"_N$horizontalAlign":1,"_N$verticalAlign":1}],"_prefab":{"__type__":"cc.PrefabInfo","root":{"__id__":1},"asset":{"__uuid__":"68HLGpD2BEwb0+4TcU0WdO"},"fileId":"86/ktxp9pO/bsOnqY1Ktj6"},"_contentSize":{"__type__":"cc.Size","width":44.04,"height":20},"_position":{"__type__":"cc.Vec3","x":-38.4,"y":-57},"_scale":{"__type__":"cc.Vec3","x":1,"y":1,"z":1}},{"__type__":"cc.Node","_name":"5","_parent":{"__id__":11},"_children":[{"__id__":64},{"__id__":65},{"__id__":66},{"__id__":67},{"__id__":68},{"__id__":69},{"__id__":70},{"__id__":71},{"__id__":72}],"_level":1,"_components":[{"__type__":"cc.Sprite","node":{"__id__":63},"_spriteFrame":{"__uuid__":"9aA1W2zKFM46dm8tPMsr1b"}}],"_prefab":{"__type__":"cc.PrefabInfo","root":{"__id__":1},"asset":{"__uuid__":"68HLGpD2BEwb0+4TcU0WdO"},"fileId":"caM3QXQRBPfo8Pzx/qt7EM"},"_contentSize":{"__type__":"cc.Size","width":616,"height":172},"_position":{"__type__":"cc.Vec3","y":-1046},"_scale":{"__type__":"cc.Vec3","x":1,"y":1,"z":1}},{"__type__":"cc.Node","_name":"Sprite_ShopBg","_parent":{"__id__":63},"_active":false,"_level":2,"_components":[{"__type__":"cc.Sprite","node":{"__id__":64},"_spriteFrame":{"__uuid__":"38MdEBIM1FsKzNo9NU36MO"}}],"_prefab":{"__type__":"cc.PrefabInfo","root":{"__id__":1},"asset":{"__uuid__":"68HLGpD2BEwb0+4TcU0WdO"},"fileId":"54qEWZaKBFMrq7MWdfO4pH"},"_contentSize":{"__type__":"cc.Size","width":154,"height":96},"_position":{"__type__":"cc.Vec3","x":-160},"_scale":{"__type__":"cc.Vec3","x":1,"y":1,"z":1}},{"__type__":"cc.Node","_name":"Sprite_ShopBg","_parent":{"__id__":63},"_level":2,"_components":[{"__type__":"cc.Sprite","node":{"__id__":65},"_spriteFrame":{"__uuid__":"38MdEBIM1FsKzNo9NU36MO"}}],"_prefab":{"__type__":"cc.PrefabInfo","root":{"__id__":1},"asset":{"__uuid__":"68HLGpD2BEwb0+4TcU0WdO"},"fileId":"57Tpq6Ke9HRqjTZjF7V4wi"},"_contentSize":{"__type__":"cc.Size","width":154,"height":96},"_position":{"__type__":"cc.Vec3","x":-40},"_scale":{"__type__":"cc.Vec3","x":1,"y":1,"z":1}},{"__type__":"cc.Node","_name":"Sprite_Tower","_parent":{"__id__":63},"_level":2,"_components":[{"__type__":"cc.Sprite","node":{"__id__":66},"_spriteFrame":{"__uuid__":"f9igltwv1OE5W9Rj6MqX4z"}}],"_prefab":{"__type__":"cc.PrefabInfo","root":{"__id__":1},"asset":{"__uuid__":"68HLGpD2BEwb0+4TcU0WdO"},"fileId":"5e2S9NwqFNK6VIdIumyIE6"},"_contentSize":{"__type__":"cc.Size","width":67,"height":69},"_position":{"__type__":"cc.Vec3","x":-40,"y":-10},"_scale":{"__type__":"cc.Vec3","x":1,"y":1,"z":1}},{"__type__":"cc.Node","_name":"Sprite_ShopBg","_parent":{"__id__":63},"_active":false,"_level":2,"_components":[{"__type__":"cc.Sprite","node":{"__id__":67},"_spriteFrame":{"__uuid__":"38MdEBIM1FsKzNo9NU36MO"}}],"_prefab":{"__type__":"cc.PrefabInfo","root":{"__id__":1},"asset":{"__uuid__":"68HLGpD2BEwb0+4TcU0WdO"},"fileId":"2dX6j+CD1LDo7+0kMw5e6N"},"_contentSize":{"__type__":"cc.Size","width":154,"height":96},"_position":{"__type__":"cc.Vec3","x":80},"_scale":{"__type__":"cc.Vec3","x":1,"y":1,"z":1}},{"__type__":"cc.Node","_name":"Label_Days","_parent":{"__id__":63},"_level":2,"_components":[{"__type__":"cc.Label","node":{"__id__":68},"_srcBlendFactor":1,"_useOriginalSize":false,"_string":"1","_N$string":"1","_fontSize":45,"_lineHeight":45,"_N$horizontalAlign":1,"_N$verticalAlign":1},{"__type__":"cc.LabelOutline","node":{"__id__":68},"_color":{"__type__":"cc.Color","r":46,"g":8,"b":11},"_width":3}],"_prefab":{"__type__":"cc.PrefabInfo","root":{"__id__":1},"asset":{"__uuid__":"68HLGpD2BEwb0+4TcU0WdO"},"fileId":"71/0qSNntEVahrRAm2EQn0"},"_color":{"__type__":"cc.Color","r":234,"g":186,"b":85},"_contentSize":{"__type__":"cc.Size","width":31.03,"height":45},"_position":{"__type__":"cc.Vec3","x":-173,"y":52},"_scale":{"__type__":"cc.Vec3","x":1,"y":1,"z":1}},{"__type__":"cc.Node","_name":"Btn_ContinuityGet","_parent":{"__id__":63},"_level":2,"_components":[{"__type__":"cc.Sprite","node":{"__id__":69},"_spriteFrame":{"__uuid__":"e1nXN2X2BKaLcMYsBuLUx8"}},{"__type__":"cc.Button","node":{"__id__":69}}],"_prefab":{"__type__":"cc.PrefabInfo","root":{"__id__":1},"asset":{"__uuid__":"68HLGpD2BEwb0+4TcU0WdO"},"fileId":"99kZWoaFdKUJwkVXg5cSMs"},"_contentSize":{"__type__":"cc.Size","width":130,"height":51},"_position":{"__type__":"cc.Vec3","x":220},"_scale":{"__type__":"cc.Vec3","x":1,"y":1,"z":1}},{"__type__":"cc.Node","_name":"Sprite_GetTip","_parent":{"__id__":63},"_level":2,"_components":[{"__type__":"cc.Sprite","node":{"__id__":70},"_spriteFrame":{"__uuid__":"908OVnM0pJw7VmNra6ZUq8"}}],"_prefab":{"__type__":"cc.PrefabInfo","root":{"__id__":1},"asset":{"__uuid__":"68HLGpD2BEwb0+4TcU0WdO"},"fileId":"f8S8srG6JC5Ksa7shq8h2/"},"_contentSize":{"__type__":"cc.Size","width":85,"height":86},"_position":{"__type__":"cc.Vec3","x":220},"_scale":{"__type__":"cc.Vec3","x":1,"y":1,"z":1}},{"__type__":"cc.Node","_name":"Sprite_NotUnlock","_parent":{"__id__":63},"_level":2,"_components":[{"__type__":"cc.Sprite","node":{"__id__":71},"_spriteFrame":{"__uuid__":"fcyoaZVKJOKYaounsK8E17"}}],"_prefab":{"__type__":"cc.PrefabInfo","root":{"__id__":1},"asset":{"__uuid__":"68HLGpD2BEwb0+4TcU0WdO"},"fileId":"f9YuGMgYFNS4FA+wmkIsJH"},"_contentSize":{"__type__":"cc.Size","width":130,"height":51},"_position":{"__type__":"cc.Vec3","x":220},"_scale":{"__type__":"cc.Vec3","x":1,"y":1,"z":1}},{"__type__":"cc.Node","_name":"Label_TowerName","_parent":{"__id__":63},"_level":2,"_components":[{"__type__":"cc.Label","node":{"__id__":72},"_srcBlendFactor":1,"_useOriginalSize":false,"_string":"Label","_N$string":"Label","_fontSize":18,"_lineHeight":20,"_N$horizontalAlign":1,"_N$verticalAlign":1}],"_prefab":{"__type__":"cc.PrefabInfo","root":{"__id__":1},"asset":{"__uuid__":"68HLGpD2BEwb0+4TcU0WdO"},"fileId":"9bS0lQV/tJzLfm4rQvRwXg"},"_contentSize":{"__type__":"cc.Size","width":44.04,"height":20},"_position":{"__type__":"cc.Vec3","x":-38.4,"y":-57},"_scale":{"__type__":"cc.Vec3","x":1,"y":1,"z":1}},{"__type__":"cc.Node","_name":"6","_parent":{"__id__":11},"_children":[{"__id__":74},{"__id__":75},{"__id__":76},{"__id__":77},{"__id__":78},{"__id__":79},{"__id__":80},{"__id__":81},{"__id__":82}],"_level":1,"_components":[{"__type__":"cc.Sprite","node":{"__id__":73},"_spriteFrame":{"__uuid__":"9aA1W2zKFM46dm8tPMsr1b"}}],"_prefab":{"__type__":"cc.PrefabInfo","root":{"__id__":1},"asset":{"__uuid__":"68HLGpD2BEwb0+4TcU0WdO"},"fileId":"39RAe3VFpFNKlaodwVqRNN"},"_contentSize":{"__type__":"cc.Size","width":616,"height":172},"_position":{"__type__":"cc.Vec3","y":-1238},"_scale":{"__type__":"cc.Vec3","x":1,"y":1,"z":1}},{"__type__":"cc.Node","_name":"Sprite_ShopBg","_parent":{"__id__":73},"_active":false,"_level":2,"_components":[{"__type__":"cc.Sprite","node":{"__id__":74},"_spriteFrame":{"__uuid__":"38MdEBIM1FsKzNo9NU36MO"}}],"_prefab":{"__type__":"cc.PrefabInfo","root":{"__id__":1},"asset":{"__uuid__":"68HLGpD2BEwb0+4TcU0WdO"},"fileId":"78h867ZD1B0q4le42Chx2R"},"_contentSize":{"__type__":"cc.Size","width":154,"height":96},"_position":{"__type__":"cc.Vec3","x":-160},"_scale":{"__type__":"cc.Vec3","x":1,"y":1,"z":1}},{"__type__":"cc.Node","_name":"Sprite_ShopBg","_parent":{"__id__":73},"_level":2,"_components":[{"__type__":"cc.Sprite","node":{"__id__":75},"_spriteFrame":{"__uuid__":"38MdEBIM1FsKzNo9NU36MO"}}],"_prefab":{"__type__":"cc.PrefabInfo","root":{"__id__":1},"asset":{"__uuid__":"68HLGpD2BEwb0+4TcU0WdO"},"fileId":"fcbbASJQ9ELZ+370nfLHSB"},"_contentSize":{"__type__":"cc.Size","width":154,"height":96},"_position":{"__type__":"cc.Vec3","x":-40},"_scale":{"__type__":"cc.Vec3","x":1,"y":1,"z":1}},{"__type__":"cc.Node","_name":"Sprite_Tower","_parent":{"__id__":73},"_level":2,"_components":[{"__type__":"cc.Sprite","node":{"__id__":76},"_spriteFrame":{"__uuid__":"f9igltwv1OE5W9Rj6MqX4z"}}],"_prefab":{"__type__":"cc.PrefabInfo","root":{"__id__":1},"asset":{"__uuid__":"68HLGpD2BEwb0+4TcU0WdO"},"fileId":"80VEZxjatFQ6cCWE8yTAOk"},"_contentSize":{"__type__":"cc.Size","width":67,"height":69},"_position":{"__type__":"cc.Vec3","x":-40,"y":-10},"_scale":{"__type__":"cc.Vec3","x":1,"y":1,"z":1}},{"__type__":"cc.Node","_name":"Sprite_ShopBg","_parent":{"__id__":73},"_active":false,"_level":2,"_components":[{"__type__":"cc.Sprite","node":{"__id__":77},"_spriteFrame":{"__uuid__":"38MdEBIM1FsKzNo9NU36MO"}}],"_prefab":{"__type__":"cc.PrefabInfo","root":{"__id__":1},"asset":{"__uuid__":"68HLGpD2BEwb0+4TcU0WdO"},"fileId":"e14ZxAzp9J4ZwBrLpiJqVW"},"_contentSize":{"__type__":"cc.Size","width":154,"height":96},"_position":{"__type__":"cc.Vec3","x":80},"_scale":{"__type__":"cc.Vec3","x":1,"y":1,"z":1}},{"__type__":"cc.Node","_name":"Label_Days","_parent":{"__id__":73},"_level":2,"_components":[{"__type__":"cc.Label","node":{"__id__":78},"_srcBlendFactor":1,"_useOriginalSize":false,"_string":"1","_N$string":"1","_fontSize":45,"_lineHeight":45,"_N$horizontalAlign":1,"_N$verticalAlign":1},{"__type__":"cc.LabelOutline","node":{"__id__":78},"_color":{"__type__":"cc.Color","r":46,"g":8,"b":11},"_width":3}],"_prefab":{"__type__":"cc.PrefabInfo","root":{"__id__":1},"asset":{"__uuid__":"68HLGpD2BEwb0+4TcU0WdO"},"fileId":"da/LWaALhG75asD64RB86d"},"_color":{"__type__":"cc.Color","r":234,"g":186,"b":85},"_contentSize":{"__type__":"cc.Size","width":31.03,"height":45},"_position":{"__type__":"cc.Vec3","x":-173,"y":52},"_scale":{"__type__":"cc.Vec3","x":1,"y":1,"z":1}},{"__type__":"cc.Node","_name":"Btn_ContinuityGet","_parent":{"__id__":73},"_level":2,"_components":[{"__type__":"cc.Sprite","node":{"__id__":79},"_spriteFrame":{"__uuid__":"e1nXN2X2BKaLcMYsBuLUx8"}},{"__type__":"cc.Button","node":{"__id__":79}}],"_prefab":{"__type__":"cc.PrefabInfo","root":{"__id__":1},"asset":{"__uuid__":"68HLGpD2BEwb0+4TcU0WdO"},"fileId":"15iP22eNNCM7+aR0XsrGh4"},"_contentSize":{"__type__":"cc.Size","width":130,"height":51},"_position":{"__type__":"cc.Vec3","x":220},"_scale":{"__type__":"cc.Vec3","x":1,"y":1,"z":1}},{"__type__":"cc.Node","_name":"Sprite_GetTip","_parent":{"__id__":73},"_level":2,"_components":[{"__type__":"cc.Sprite","node":{"__id__":80},"_spriteFrame":{"__uuid__":"908OVnM0pJw7VmNra6ZUq8"}}],"_prefab":{"__type__":"cc.PrefabInfo","root":{"__id__":1},"asset":{"__uuid__":"68HLGpD2BEwb0+4TcU0WdO"},"fileId":"6cknvzE25IM6bkaW0btlHl"},"_contentSize":{"__type__":"cc.Size","width":85,"height":86},"_position":{"__type__":"cc.Vec3","x":220},"_scale":{"__type__":"cc.Vec3","x":1,"y":1,"z":1}},{"__type__":"cc.Node","_name":"Sprite_NotUnlock","_parent":{"__id__":73},"_level":2,"_components":[{"__type__":"cc.Sprite","node":{"__id__":81},"_spriteFrame":{"__uuid__":"fcyoaZVKJOKYaounsK8E17"}}],"_prefab":{"__type__":"cc.PrefabInfo","root":{"__id__":1},"asset":{"__uuid__":"68HLGpD2BEwb0+4TcU0WdO"},"fileId":"82WhwZjZ5L25E8n8nhAZmP"},"_contentSize":{"__type__":"cc.Size","width":130,"height":51},"_position":{"__type__":"cc.Vec3","x":220},"_scale":{"__type__":"cc.Vec3","x":1,"y":1,"z":1}},{"__type__":"cc.Node","_name":"Label_TowerName","_parent":{"__id__":73},"_level":2,"_components":[{"__type__":"cc.Label","node":{"__id__":82},"_srcBlendFactor":1,"_useOriginalSize":false,"_string":"Label","_N$string":"Label","_fontSize":18,"_lineHeight":20,"_N$horizontalAlign":1,"_N$verticalAlign":1}],"_prefab":{"__type__":"cc.PrefabInfo","root":{"__id__":1},"asset":{"__uuid__":"68HLGpD2BEwb0+4TcU0WdO"},"fileId":"f8ayEFtY9OypgL4fxdtlMR"},"_contentSize":{"__type__":"cc.Size","width":44.04,"height":20},"_position":{"__type__":"cc.Vec3","x":-38.4,"y":-57},"_scale":{"__type__":"cc.Vec3","x":1,"y":1,"z":1}}],{"__type__":"cc.SpriteFrame","content":{"name":"tp_getTip","texture":"40kC+LWy9A7ZSyelv6XV3n","rect":[0,0,85,86],"offset":[0,0],"originalSize":[85,86],"capInsets":[0,0,0,0]}},{"__type__":"cc.SpriteFrame","content":{"name":"Sprite_ContinuityItemBg","texture":"57wna7MCdHp5YwfQlK59om","rect":[0,0,616,172],"offset":[0,0],"originalSize":[616,172],"capInsets":[0,0,0,0]}},{"__type__":"cc.SpriteFrame","content":{"name":"Sprite_ContinuityFrame","texture":"d70y9ZzahGtLWu5oCpgHV3","rect":[1,0,736,879],"offset":[0,0],"originalSize":[738,879],"capInsets":[0,0,0,0]}},{"__type__":"cc.SpriteFrame","content":{"name":"Btn_Close2","texture":"22HhsVVUpFfJHscC11ZmYv","rect":[0,0,81,84],"offset":[0,0],"originalSize":[81,84],"capInsets":[0,0,0,0]}},{"__type__":"cc.SpriteFrame","content":{"name":"Btn_ContinuityGet","texture":"36dyslA85A6px+M+/W4GXP","rect":[0,0,130,51],"offset":[0,0],"originalSize":[130,51],"capInsets":[0,0,0,0]}},{"__type__":"cc.SpriteFrame","content":{"name":"100010","texture":"dbSA9GUdlH+og7TasabKNo","rect":[0,0,67,69],"offset":[0,0],"originalSize":[67,69],"capInsets":[0,0,0,0]}},{"__type__":"cc.SpriteFrame","content":{"name":"Sprite_NotUnlock","texture":"f0mGWjnkhAn6ewqXB31W9k","rect":[0,0,130,51],"offset":[0,0],"originalSize":[130,51],"capInsets":[0,0,0,0]}}]