[{"__type__":"cc.SpriteFrame","content":{"name":"fire01","texture":"02/XshEHVNXoya9R0il/Jq","rect":[16,44,82,78],"offset":[4.5,-20.5],"originalSize":[105,125],"capInsets":[0,0,0,0]}},{"__type__":"cc.SpriteFrame","content":{"name":"monster17a_02","texture":"c6tbpbDGxFybmTXdrzl/QM","rect":[28,21,110,80],"offset":[-7,4],"originalSize":[180,130],"capInsets":[0,0,0,0]}},{"__type__":"cc.AnimationClip","_name":"Run","_duration":0.6666666666666666,"sample":6,"speed":1.5,"wrapMode":"2","curveData":{"paths":{"monster17a_01":{"props":{"width":[{"frame":0,"value":180}],"height":[{"frame":0,"value":130}]},"comps":{"cc.Sprite":{"spriteFrame":[{"frame":0,"value":{"__uuid__":"e2MkPhr4RC4Z7SDyxcHed4"}},{"frame":0.16666666666666666,"value":{"__uuid__":"369ZvJSB9JKLRlSOAw1x9B"}},{"frame":0.3333333333333333,"value":{"__uuid__":"e9x4Ry521BUI9ndP9kiEVe"}},{"frame":0.5,"value":{"__uuid__":"369ZvJSB9JKLRlSOAw1x9B"}}]}}},"fire01":{"comps":{"cc.Sprite":{"spriteFrame":[{"frame":0,"value":{"__uuid__":"12b5pkA1xNUJAxY2xQ9ob8"}},{"frame":0.16666666666666666,"value":{"__uuid__":"90zzHUDLdL8b5HFafIf0jG"}},{"frame":0.3333333333333333,"value":{"__uuid__":"cd9b0ZKq1Il5MCMJf+J2b5"}},{"frame":0.5,"value":{"__uuid__":"86Ktf/GfpA+ZSR9ldIPH5M"}}]}},"props":{"opacity":[{"frame":0,"value":200}]}}}}},{"__type__":"cc.SpriteFrame","content":{"name":"fire04","texture":"f9QUIFjIFA3L7Z5lKwwtlw","rect":[19,13,85,108],"offset":[9,-4.5],"originalSize":[105,125],"capInsets":[0,0,0,0]}},{"__type__":"cc.SpriteFrame","content":{"name":"fire02","texture":"59JDUTk7hLKKL6C6nlaVdi","rect":[0,33,101,88],"offset":[-2,-14.5],"originalSize":[105,125],"capInsets":[0,0,0,0]}},{"__type__":"cc.SpriteFrame","content":{"name":"fire03","texture":"afRUE2PpZK8qiGF9xrSJld","rect":[12,23,92,102],"offset":[5.5,-11.5],"originalSize":[105,125],"capInsets":[0,0,0,0]}},{"__type__":"cc.SpriteFrame","content":{"name":"monster17a_01","texture":"69ls5KBoRArb0mdwFf/7xx","rect":[27,25,112,77],"offset":[-7,1.5],"originalSize":[180,130],"capInsets":[0,0,0,0]}},{"__type__":"cc.SpriteFrame","content":{"name":"monster17a_03","texture":"27z67KDOxHtb+kwinu3Lv4","rect":[29,17,110,81],"offset":[-6,7.5],"originalSize":[180,130],"capInsets":[0,0,0,0]}}]