[{"__type__":"cc.AnimationClip","_name":"Step_2","_duration":1.1,"wrapMode":"2","curveData":{"paths":{"Sprite_FingerSlice":{"props":{"position":[{"frame":0.06666666666666667,"value":[-37,135],"motionPath":[[19,212,-7,188,58,247]]},{"frame":0.6666666666666666,"value":[113,265]}],"opacity":[{"frame":0,"value":0},{"frame":0.08333333333333333,"value":255},{"frame":1,"value":255},{"frame":1.1,"value":0}]}},"Sprite_SliceLine":{"props":{"opacity":[{"frame":0,"value":0},{"frame":0.45,"value":255},{"frame":0.9666666666666667,"value":255},{"frame":1.1,"value":0}]}}}}},{"__type__":"cc.SpriteFrame","content":{"name":"tp_PureColorBg","texture":"a8Anh32NZGRZegUtSgEj26","rect":[0,0,2,2],"offset":[0,0],"originalSize":[2,2],"capInsets":[0,0,0,0]}},{"__type__":"cc.SpriteFrame","content":{"name":"Sprite_Jiantou","texture":"d7j1SZGZpOSI5M/g5aj5Vr","rect":[0,0,94,33],"offset":[0,0],"originalSize":[94,33],"capInsets":[0,0,0,0]}},{"__type__":"cc.AnimationClip","_name":"Step_0","_duration":0.8333333333333334,"wrapMode":"2","curveData":{"paths":{"Sprite_FingerSlice":{"props":{"position":[{"frame":0.08333333333333333,"value":[8,129]},{"frame":0.5833333333333334,"value":[-101,129]}],"opacity":[{"frame":0,"value":0},{"frame":0.08333333333333333,"value":255},{"frame":0.7666666666666667,"value":255},{"frame":0.8333333333333334,"value":0}]}},"Sprite_SliceLine":{"props":{"opacity":[{"frame":0,"value":0},{"frame":0.4166666666666667,"value":255},{"frame":0.6666666666666666,"value":255},{"frame":0.8333333333333334,"value":0}]}}}}},{"__type__":"cc.SpriteFrame","content":{"name":"04","texture":"cdQG6Y3ElBcL2exqMS+HwD","rect":[0,0,168,168],"offset":[0,0],"originalSize":[168,168],"capInsets":[0,0,0,0]}},{"__type__":"cc.SpriteFrame","content":{"name":"Btn_Sure","texture":"edhgN78PxB5YRaigIKV1GT","rect":[0,0,207,73],"offset":[0,0],"originalSize":[207,73],"capInsets":[0,0,0,0]}},{"__type__":"cc.SpriteFrame","content":{"name":"Sprite_SliceLine","texture":"0bRZugZZRLdZsQEKjm+DjV","rect":[0,0,242,68],"offset":[0,0],"originalSize":[242,68],"capInsets":[0,0,0,0]}},{"__type__":"cc.SpriteFrame","content":{"name":"Sprite_ExplianFrame","texture":"8dzZDIRHRNKpTrcb7XrKia","rect":[0,0,451,147],"offset":[0,0],"originalSize":[451,147],"capInsets":[0,0,0,0]}},{"__type__":"cc.SpriteFrame","content":{"name":"Sprite_TowrCompose","texture":"berpIYXz5LaoqCxLqi6aIM","rect":[0,0,501,578],"offset":[0,0],"originalSize":[501,578],"capInsets":[0,0,0,0]}},{"__type__":"cc.SpriteFrame","content":{"name":"Sprite_FingerSlice","texture":"b2dqkt1oNKaJMxQkxGi9EK","rect":[0,0,113,81],"offset":[0,0],"originalSize":[113,81],"capInsets":[0,0,0,0]}},[{"__type__":"cc.Prefab","_name":"NewPlayerPage","data":{"__id__":1}},{"__type__":"cc.Node","_name":"NewPlayerPage","_children":[{"__id__":2},{"__id__":3},{"__id__":11},{"__id__":14},{"__id__":22},{"__id__":29},{"__id__":35},{"__id__":44},{"__id__":50},{"__id__":59},{"__id__":65},{"__id__":74},{"__id__":80},{"__id__":89},{"__id__":98},{"__id__":102},{"__id__":106},{"__id__":110},{"__id__":114},{"__id__":123},{"__id__":127},{"__id__":136},{"__id__":140},{"__id__":144},{"__id__":150}],"_level":2,"_components":[{"__type__":"718de7JfHlG0poJAJu69e2U","node":{"__id__":1},"Btn_NewPlayer":{"__id__":2},"Btn_Sure":{"__id__":13}}],"_prefab":{"__type__":"cc.PrefabInfo","root":{"__id__":1},"asset":{"__uuid__":"cf5Td+n8JLLKJCUJ/KbLoM"},"fileId":"d6wqbFLiBHuoR0ELnGeA4P"},"_scale":{"__type__":"cc.Vec3","x":1,"y":1,"z":1}},{"__type__":"cc.Node","_name":"Btn_NewPlayer","_parent":{"__id__":1},"_active":false,"_components":[{"__type__":"cc.Sprite","node":{"__id__":2},"_spriteFrame":{"__uuid__":"41D7kWhyFGY7q4NDlzkazn"},"_sizeMode":0},{"__type__":"cc.Button","node":{"__id__":2},"_N$target":{"__id__":2}}],"_prefab":{"__type__":"cc.PrefabInfo","root":{"__id__":1},"asset":{"__uuid__":"cf5Td+n8JLLKJCUJ/KbLoM"},"fileId":"56bBP+twtJjJ72j6XlUq1n"},"_opacity":0,"_contentSize":{"__type__":"cc.Size","width":750,"height":1200},"_position":{"__type__":"cc.Vec3","y":-65},"_scale":{"__type__":"cc.Vec3","x":1,"y":1,"z":1}},{"__type__":"cc.Node","_name":"0","_parent":{"__id__":1},"_children":[{"__id__":4},{"__id__":5},{"__id__":6}],"_active":false,"_components":[{"__type__":"cc.Animation","node":{"__id__":3},"_clips":[{"__uuid__":"4ce5TOPkZCZJjTNQ/ewEel"}]}],"_prefab":{"__type__":"cc.PrefabInfo","root":{"__id__":1},"asset":{"__uuid__":"cf5Td+n8JLLKJCUJ/KbLoM"},"fileId":"ddNkqRNBlI76CCGfX1mbp0"},"_scale":{"__type__":"cc.Vec3","x":1,"y":1,"z":1}},{"__type__":"cc.Node","_name":"Sprite_SliceLine","_parent":{"__id__":3},"_components":[{"__type__":"cc.Sprite","node":{"__id__":4},"_spriteFrame":{"__uuid__":"8ddRT9UzhPsb1rQq6JkdDW"}}],"_prefab":{"__type__":"cc.PrefabInfo","root":{"__id__":1},"asset":{"__uuid__":"cf5Td+n8JLLKJCUJ/KbLoM"},"fileId":"ebBWP15TNE46f6Dbz0r1dH"},"_contentSize":{"__type__":"cc.Size","width":242,"height":68},"_position":{"__type__":"cc.Vec3","x":-102,"y":227},"_scale":{"__type__":"cc.Vec3","x":1,"y":1,"z":1}},{"__type__":"cc.Node","_name":"Sprite_FingerSlice","_parent":{"__id__":3},"_components":[{"__type__":"cc.Sprite","node":{"__id__":5},"_spriteFrame":{"__uuid__":"bfqMO7nwVGwrTL1zsPch6h"}},{"__type__":"cc.Animation","node":{"__id__":5},"_clips":[{"__uuid__":"4ce5TOPkZCZJjTNQ/ewEel"}]}],"_prefab":{"__type__":"cc.PrefabInfo","root":{"__id__":1},"asset":{"__uuid__":"cf5Td+n8JLLKJCUJ/KbLoM"},"fileId":"e1bPOFet1D/anDVLiXPqeE"},"_contentSize":{"__type__":"cc.Size","width":113,"height":81},"_position":{"__type__":"cc.Vec3","x":-102,"y":119},"_scale":{"__type__":"cc.Vec3","x":1,"y":1,"z":1}},{"__type__":"cc.Node","_name":"Sprite_ExplianFrame","_parent":{"__id__":3},"_children":[{"__id__":7}],"_components":[{"__type__":"cc.Sprite","node":{"__id__":6},"_spriteFrame":{"__uuid__":"a5hFRR2btHPq6EFlrhK3eL"}}],"_prefab":{"__type__":"cc.PrefabInfo","root":{"__id__":1},"asset":{"__uuid__":"cf5Td+n8JLLKJCUJ/KbLoM"},"fileId":"daNE2hLfdFJ7Koal7GNPOt"},"_contentSize":{"__type__":"cc.Size","width":451,"height":147},"_position":{"__type__":"cc.Vec3","y":-111},"_scale":{"__type__":"cc.Vec3","x":1,"y":1,"z":1}},{"__type__":"cc.Node","_name":"New Label","_parent":{"__id__":6},"_children":[{"__id__":8},{"__id__":9},{"__id__":10}],"_components":[{"__type__":"cc.RichText","node":{"__id__":7},"_N$string":"Kéo những ác ma tương đồng lại gần nhau, có thể hợp thành ác ma cao cấp hơn","_N$fontSize":24,"_N$maxWidth":300}],"_prefab":{"__type__":"cc.PrefabInfo","root":{"__id__":1},"asset":{"__uuid__":"cf5Td+n8JLLKJCUJ/KbLoM"},"fileId":"8fAGduaNhD0p04NRCwHLTb"},"_contentSize":{"__type__":"cc.Size","width":300,"height":120},"_scale":{"__type__":"cc.Vec3","x":1,"y":1,"z":1}},{"__type__":"cc.PrivateNode","_name":"RICHTEXT_CHILD","_parent":{"__id__":7},"_active":false,"_level":1,"_components":[{"__type__":"cc.Label","node":{"__id__":8},"_srcBlendFactor":1,"_string":"Kéo những ác ma tương đồ","_N$string":"Kéo những ác ma tương đồ","_fontSize":24,"_N$verticalAlign":1}],"_prefab":{"__type__":"cc.PrefabInfo","root":{"__id__":1},"asset":{"__uuid__":"cf5Td+n8JLLKJCUJ/KbLoM"},"fileId":"8fLJ/6BIVOTJ8WWpWiqHPh"},"_contentSize":{"__type__":"cc.Size","width":296.05,"height":40},"_anchorPoint":{"__type__":"cc.Vec2"},"_position":{"__type__":"cc.Vec3","x":-150,"y":20},"_scale":{"__type__":"cc.Vec3","x":1,"y":1,"z":1},"_zIndex":-32768},{"__type__":"cc.PrivateNode","_name":"RICHTEXT_CHILD","_parent":{"__id__":7},"_active":false,"_level":1,"_components":[{"__type__":"cc.Label","node":{"__id__":9},"_srcBlendFactor":1,"_string":"ng lại gần nhau, có thể hợp","_N$string":"ng lại gần nhau, có thể hợp","_fontSize":24,"_N$verticalAlign":1}],"_prefab":{"__type__":"cc.PrefabInfo","root":{"__id__":1},"asset":{"__uuid__":"cf5Td+n8JLLKJCUJ/KbLoM"},"fileId":"2fHQfIwwlPrLXneptGgw+u"},"_contentSize":{"__type__":"cc.Size","width":291.96,"height":40},"_anchorPoint":{"__type__":"cc.Vec2"},"_position":{"__type__":"cc.Vec3","x":-150,"y":-20},"_scale":{"__type__":"cc.Vec3","x":1,"y":1,"z":1},"_zIndex":-32768},{"__type__":"cc.PrivateNode","_name":"RICHTEXT_CHILD","_parent":{"__id__":7},"_active":false,"_level":1,"_components":[{"__type__":"cc.Label","node":{"__id__":10},"_srcBlendFactor":1,"_string":"thành ác ma cao cấp hơn","_N$string":"thành ác ma cao cấp hơn","_fontSize":24,"_N$verticalAlign":1}],"_prefab":{"__type__":"cc.PrefabInfo","root":{"__id__":1},"asset":{"__uuid__":"cf5Td+n8JLLKJCUJ/KbLoM"},"fileId":"ebHXZTAPNMvrRGYyKXH/Tl"},"_contentSize":{"__type__":"cc.Size","width":271.91,"height":40},"_anchorPoint":{"__type__":"cc.Vec2"},"_position":{"__type__":"cc.Vec3","x":-150,"y":-60},"_scale":{"__type__":"cc.Vec3","x":1,"y":1,"z":1},"_zIndex":-32768},{"__type__":"cc.Node","_name":"1","_parent":{"__id__":1},"_children":[{"__id__":12},{"__id__":13}],"_active":false,"_prefab":{"__type__":"cc.PrefabInfo","root":{"__id__":1},"asset":{"__uuid__":"cf5Td+n8JLLKJCUJ/KbLoM"},"fileId":"07R0BfdflJAKpxa7v3bjXd"},"_scale":{"__type__":"cc.Vec3","x":1,"y":1,"z":1}},{"__type__":"cc.Node","_name":"Sprite_TowrCompose","_parent":{"__id__":11},"_components":[{"__type__":"cc.Sprite","node":{"__id__":12},"_spriteFrame":{"__uuid__":"b41Wcf8zRELq+Rs0gbZ++t"}}],"_prefab":{"__type__":"cc.PrefabInfo","root":{"__id__":1},"asset":{"__uuid__":"cf5Td+n8JLLKJCUJ/KbLoM"},"fileId":"b2M9FOaa9JrqryoNbvhOVv"},"_contentSize":{"__type__":"cc.Size","width":501,"height":578},"_scale":{"__type__":"cc.Vec3","x":1,"y":1,"z":1}},{"__type__":"cc.Node","_name":"Btn_Sure","_parent":{"__id__":11},"_components":[{"__type__":"cc.Sprite","node":{"__id__":13},"_spriteFrame":{"__uuid__":"6cglJ0eg9IHrMHi9aAhgCq"}},{"__type__":"cc.Button","node":{"__id__":13},"_N$target":{"__id__":13}}],"_prefab":{"__type__":"cc.PrefabInfo","root":{"__id__":1},"asset":{"__uuid__":"cf5Td+n8JLLKJCUJ/KbLoM"},"fileId":"a8BDkS2nZOkK70aWPgYNma"},"_contentSize":{"__type__":"cc.Size","width":207,"height":73},"_position":{"__type__":"cc.Vec3","y":-200},"_scale":{"__type__":"cc.Vec3","x":1,"y":1,"z":1}},{"__type__":"cc.Node","_name":"2","_parent":{"__id__":1},"_children":[{"__id__":15},{"__id__":16},{"__id__":17}],"_active":false,"_components":[{"__type__":"cc.Animation","node":{"__id__":14},"_clips":[{"__uuid__":"1bmFKc9LxPKIPLlu1jxqVa"}]}],"_prefab":{"__type__":"cc.PrefabInfo","root":{"__id__":1},"asset":{"__uuid__":"cf5Td+n8JLLKJCUJ/KbLoM"},"fileId":"524bLW/2RB3pNJG5iFnggU"},"_position":{"__type__":"cc.Vec3","x":-60,"y":-25},"_scale":{"__type__":"cc.Vec3","x":1,"y":1,"z":1}},{"__type__":"cc.Node","_name":"Sprite_FingerSlice","_parent":{"__id__":14},"_components":[{"__type__":"cc.Sprite","node":{"__id__":15},"_spriteFrame":{"__uuid__":"bfqMO7nwVGwrTL1zsPch6h"}}],"_prefab":{"__type__":"cc.PrefabInfo","root":{"__id__":1},"asset":{"__uuid__":"cf5Td+n8JLLKJCUJ/KbLoM"},"fileId":"1cWfElXS9BU4AHAdSCJxM0"},"_contentSize":{"__type__":"cc.Size","width":113,"height":81},"_position":{"__type__":"cc.Vec3","x":-37,"y":135},"_scale":{"__type__":"cc.Vec3","x":1,"y":1,"z":1}},{"__type__":"cc.Node","_name":"Sprite_SliceLine","_parent":{"__id__":14},"_components":[{"__type__":"cc.Sprite","node":{"__id__":16},"_spriteFrame":{"__uuid__":"8ddRT9UzhPsb1rQq6JkdDW"}}],"_prefab":{"__type__":"cc.PrefabInfo","root":{"__id__":1},"asset":{"__uuid__":"cf5Td+n8JLLKJCUJ/KbLoM"},"fileId":"64Q/QEW8BLMqDRkjQp6Tqy"},"_contentSize":{"__type__":"cc.Size","width":242,"height":68},"_position":{"__type__":"cc.Vec3","x":-60,"y":266},"_scale":{"__type__":"cc.Vec3","x":-1,"y":1,"z":1},"_rotationX":-40,"_rotationY":-40,"_quat":{"__type__":"cc.Quat","z":0.3420201433256687,"w":0.9396926207859084}},{"__type__":"cc.Node","_name":"Sprite_ExplianFrame","_parent":{"__id__":14},"_children":[{"__id__":18}],"_components":[{"__type__":"cc.Sprite","node":{"__id__":17},"_spriteFrame":{"__uuid__":"a5hFRR2btHPq6EFlrhK3eL"}}],"_prefab":{"__type__":"cc.PrefabInfo","root":{"__id__":1},"asset":{"__uuid__":"cf5Td+n8JLLKJCUJ/KbLoM"},"fileId":"86YHYdJXtB+JELpEuV2LNY"},"_contentSize":{"__type__":"cc.Size","width":451,"height":147},"_position":{"__type__":"cc.Vec3","x":58,"y":-8},"_scale":{"__type__":"cc.Vec3","x":1,"y":1,"z":1}},{"__type__":"cc.Node","_name":"New Label","_parent":{"__id__":17},"_children":[{"__id__":19},{"__id__":20},{"__id__":21}],"_components":[{"__type__":"cc.RichText","node":{"__id__":18},"_N$string":"Kéo ác ma  đến chỗ ma vương, hiến tế ác quỷ đễ đổi lại năng lượng ma thuật lớn","_N$fontSize":20,"_N$maxWidth":300}],"_prefab":{"__type__":"cc.PrefabInfo","root":{"__id__":1},"asset":{"__uuid__":"cf5Td+n8JLLKJCUJ/KbLoM"},"fileId":"fbphM4YQ9BxIS3oTqFU7vt"},"_contentSize":{"__type__":"cc.Size","width":300,"height":120},"_scale":{"__type__":"cc.Vec3","x":1,"y":1,"z":1}},{"__type__":"cc.PrivateNode","_name":"RICHTEXT_CHILD","_parent":{"__id__":18},"_active":false,"_level":1,"_components":[{"__type__":"cc.Label","node":{"__id__":19},"_srcBlendFactor":1,"_string":"Kéo ác ma  đến chỗ ma vương, ","_N$string":"Kéo ác ma  đến chỗ ma vương, ","_fontSize":20,"_N$verticalAlign":1}],"_prefab":{"__type__":"cc.PrefabInfo","root":{"__id__":1},"asset":{"__uuid__":"cf5Td+n8JLLKJCUJ/KbLoM"},"fileId":"14VSyD9CtL9ItTo2f+SPwo"},"_contentSize":{"__type__":"cc.Size","width":286.65,"height":40},"_anchorPoint":{"__type__":"cc.Vec2"},"_position":{"__type__":"cc.Vec3","x":-150,"y":20},"_scale":{"__type__":"cc.Vec3","x":1,"y":1,"z":1},"_zIndex":-32768},{"__type__":"cc.PrivateNode","_name":"RICHTEXT_CHILD","_parent":{"__id__":18},"_active":false,"_level":1,"_components":[{"__type__":"cc.Label","node":{"__id__":20},"_srcBlendFactor":1,"_string":"hiến tế ác quỷ đễ đổi lại năng lượ","_N$string":"hiến tế ác quỷ đễ đổi lại năng lượ","_fontSize":20,"_N$verticalAlign":1}],"_prefab":{"__type__":"cc.PrefabInfo","root":{"__id__":1},"asset":{"__uuid__":"cf5Td+n8JLLKJCUJ/KbLoM"},"fileId":"c31GCCtcNAjqOMHGVYsa+V"},"_contentSize":{"__type__":"cc.Size","width":296.7,"height":40},"_anchorPoint":{"__type__":"cc.Vec2"},"_position":{"__type__":"cc.Vec3","x":-150,"y":-20},"_scale":{"__type__":"cc.Vec3","x":1,"y":1,"z":1},"_zIndex":-32768},{"__type__":"cc.PrivateNode","_name":"RICHTEXT_CHILD","_parent":{"__id__":18},"_active":false,"_level":1,"_components":[{"__type__":"cc.Label","node":{"__id__":21},"_srcBlendFactor":1,"_string":"ng ma thuật lớn","_N$string":"ng ma thuật lớn","_fontSize":20,"_N$verticalAlign":1}],"_prefab":{"__type__":"cc.PrefabInfo","root":{"__id__":1},"asset":{"__uuid__":"cf5Td+n8JLLKJCUJ/KbLoM"},"fileId":"77bkInGs1M8L+q2HG45weB"},"_contentSize":{"__type__":"cc.Size","width":139.86,"height":40},"_anchorPoint":{"__type__":"cc.Vec2"},"_position":{"__type__":"cc.Vec3","x":-150,"y":-60},"_scale":{"__type__":"cc.Vec3","x":1,"y":1,"z":1},"_zIndex":-32768},{"__type__":"cc.Node","_name":"3","_parent":{"__id__":1},"_children":[{"__id__":23},{"__id__":24},{"__id__":25},{"__id__":26}],"_active":false,"_components":[{"__type__":"cc.Animation","node":{"__id__":22},"_clips":[{"__uuid__":"e1juvB6vFKx5sweI+d8FxM"}]}],"_prefab":{"__type__":"cc.PrefabInfo","root":{"__id__":1},"asset":{"__uuid__":"cf5Td+n8JLLKJCUJ/KbLoM"},"fileId":"59S2Ixx8tC8JR7oEhL1GZ5"},"_position":{"__type__":"cc.Vec3","x":241,"y":331},"_scale":{"__type__":"cc.Vec3","x":1,"y":1,"z":1}},{"__type__":"cc.Node","_name":"Sprite_Finger","_parent":{"__id__":22},"_components":[{"__type__":"cc.Sprite","node":{"__id__":23},"_spriteFrame":{"__uuid__":"d63NbKKBtMcb3OBtoL6XNW"}}],"_prefab":{"__type__":"cc.PrefabInfo","root":{"__id__":1},"asset":{"__uuid__":"cf5Td+n8JLLKJCUJ/KbLoM"},"fileId":"05xWAVC71LXp/z0z/2uHFk"},"_contentSize":{"__type__":"cc.Size","width":105,"height":101},"_scale":{"__type__":"cc.Vec3","x":1,"y":1,"z":1}},{"__type__":"cc.Node","_name":"Sprite_Jiantou","_parent":{"__id__":22},"_components":[{"__type__":"cc.Sprite","node":{"__id__":24},"_spriteFrame":{"__uuid__":"42CZHH1tNKG7AWXjY6R8qk"}}],"_prefab":{"__type__":"cc.PrefabInfo","root":{"__id__":1},"asset":{"__uuid__":"cf5Td+n8JLLKJCUJ/KbLoM"},"fileId":"e3VACzSotC6bH4k/aOrF3u"},"_contentSize":{"__type__":"cc.Size","width":94,"height":33},"_position":{"__type__":"cc.Vec3","x":54,"y":27},"_scale":{"__type__":"cc.Vec3","x":1,"y":1,"z":1}},{"__type__":"cc.Node","_name":"Sprite_ExplianFrame","_parent":{"__id__":22},"_components":[{"__type__":"cc.Sprite","node":{"__id__":25},"_spriteFrame":{"__uuid__":"a5hFRR2btHPq6EFlrhK3eL"}}],"_prefab":{"__type__":"cc.PrefabInfo","root":{"__id__":1},"asset":{"__uuid__":"cf5Td+n8JLLKJCUJ/KbLoM"},"fileId":"44BuDjnMlIqbJnmCYU1rq/"},"_contentSize":{"__type__":"cc.Size","width":451,"height":147},"_position":{"__type__":"cc.Vec3","x":-275,"y":-60},"_scale":{"__type__":"cc.Vec3","x":1,"y":1,"z":1}},{"__type__":"cc.Node","_name":"New RichText","_parent":{"__id__":22},"_children":[{"__id__":27},{"__id__":28}],"_level":1,"_components":[{"__type__":"cc.RichText","node":{"__id__":26},"_N$string":"Lối vào Ma vương cung không thể để anh hùng bước vào!","_N$fontSize":20,"_N$maxWidth":300,"_N$lineHeight":50}],"_prefab":{"__type__":"cc.PrefabInfo","root":{"__id__":1},"asset":{"__uuid__":"cf5Td+n8JLLKJCUJ/KbLoM"},"fileId":"0fkniHsBNG8aqW/6Hj1iu8"},"_contentSize":{"__type__":"cc.Size","width":300,"height":100},"_position":{"__type__":"cc.Vec3","x":-283,"y":-64},"_scale":{"__type__":"cc.Vec3","x":1,"y":1,"z":1}},{"__type__":"cc.PrivateNode","_name":"RICHTEXT_CHILD","_parent":{"__id__":26},"_active":false,"_level":2,"_components":[{"__type__":"cc.Label","node":{"__id__":27},"_srcBlendFactor":1,"_string":"Lối vào Ma vương cung không th","_N$string":"Lối vào Ma vương cung không th","_fontSize":20,"_lineHeight":50,"_N$verticalAlign":1}],"_prefab":{"__type__":"cc.PrefabInfo","root":{"__id__":1},"asset":{"__uuid__":"cf5Td+n8JLLKJCUJ/KbLoM"},"fileId":"f1qH+QkndCHIGiUh2WsLPt"},"_contentSize":{"__type__":"cc.Size","width":293.35,"height":50},"_anchorPoint":{"__type__":"cc.Vec2"},"_position":{"__type__":"cc.Vec3","x":-150},"_scale":{"__type__":"cc.Vec3","x":1,"y":1,"z":1},"_zIndex":-32768},{"__type__":"cc.PrivateNode","_name":"RICHTEXT_CHILD","_parent":{"__id__":26},"_active":false,"_level":2,"_components":[{"__type__":"cc.Label","node":{"__id__":28},"_srcBlendFactor":1,"_string":"ể để anh hùng bước vào!","_N$string":"ể để anh hùng bước vào!","_fontSize":20,"_lineHeight":50,"_N$verticalAlign":1}],"_prefab":{"__type__":"cc.PrefabInfo","root":{"__id__":1},"asset":{"__uuid__":"cf5Td+n8JLLKJCUJ/KbLoM"},"fileId":"52D8HwWDBDBackaLoFR+or"},"_contentSize":{"__type__":"cc.Size","width":224.44,"height":50},"_anchorPoint":{"__type__":"cc.Vec2"},"_position":{"__type__":"cc.Vec3","x":-150,"y":-50},"_scale":{"__type__":"cc.Vec3","x":1,"y":1,"z":1},"_zIndex":-32768},{"__type__":"cc.Node","_name":"4","_parent":{"__id__":1},"_children":[{"__id__":30},{"__id__":33}],"_active":false,"_prefab":{"__type__":"cc.PrefabInfo","root":{"__id__":1},"asset":{"__uuid__":"cf5Td+n8JLLKJCUJ/KbLoM"},"fileId":"b99EDNx2ZN/p9BA0cE3sLy"},"_position":{"__type__":"cc.Vec3","x":44,"y":-487},"_scale":{"__type__":"cc.Vec3","x":1,"y":1,"z":1}},{"__type__":"cc.Node","_name":"Click","_parent":{"__id__":29},"_children":[{"__id__":31},{"__id__":32}],"_level":1,"_components":[{"__type__":"cc.Animation","node":{"__id__":30},"_clips":[{"__uuid__":"94wJmGt+dPNpI06uhXwzCY"}]}],"_prefab":{"__type__":"cc.PrefabInfo","root":{"__id__":1},"asset":{"__uuid__":"cf5Td+n8JLLKJCUJ/KbLoM"},"fileId":"7b+1fiM2VEu5frDQkk0AyN"},"_scale":{"__type__":"cc.Vec3","x":1,"y":1,"z":1}},{"__type__":"cc.Node","_name":"04","_parent":{"__id__":30},"_level":2,"_components":[{"__type__":"cc.Sprite","node":{"__id__":31},"_spriteFrame":{"__uuid__":"4fqjHk5QpKXb5+6vNInJRZ"}}],"_prefab":{"__type__":"cc.PrefabInfo","root":{"__id__":1},"asset":{"__uuid__":"cf5Td+n8JLLKJCUJ/KbLoM"},"fileId":"f6V0eaz05I/YW2vWiFk+cj"},"_opacity":150,"_contentSize":{"__type__":"cc.Size","width":168,"height":168},"_position":{"__type__":"cc.Vec3","x":-52,"y":17},"_scale":{"__type__":"cc.Vec3","x":0.63,"y":0.63,"z":1}},{"__type__":"cc.Node","_name":"Sprite_FingerSlice","_parent":{"__id__":30},"_level":2,"_components":[{"__type__":"cc.Sprite","node":{"__id__":32},"_spriteFrame":{"__uuid__":"bfqMO7nwVGwrTL1zsPch6h"}}],"_prefab":{"__type__":"cc.PrefabInfo","root":{"__id__":1},"asset":{"__uuid__":"cf5Td+n8JLLKJCUJ/KbLoM"},"fileId":"46742nbHVPA6yU8os35Ggm"},"_contentSize":{"__type__":"cc.Size","width":113,"height":81},"_scale":{"__type__":"cc.Vec3","x":1,"y":1,"z":1}},{"__type__":"cc.Node","_name":"Sprite_ExplianFrame","_parent":{"__id__":29},"_children":[{"__id__":34}],"_components":[{"__type__":"cc.Sprite","node":{"__id__":33},"_spriteFrame":{"__uuid__":"a5hFRR2btHPq6EFlrhK3eL"}}],"_prefab":{"__type__":"cc.PrefabInfo","root":{"__id__":1},"asset":{"__uuid__":"cf5Td+n8JLLKJCUJ/KbLoM"},"fileId":"f3l9lmAG9EdKnzslCeXOpB"},"_contentSize":{"__type__":"cc.Size","width":451,"height":147},"_position":{"__type__":"cc.Vec3","y":226},"_scale":{"__type__":"cc.Vec3","x":1,"y":1,"z":1}},{"__type__":"cc.Node","_name":"New Label","_parent":{"__id__":33},"_components":[{"__type__":"cc.Label","node":{"__id__":34},"_srcBlendFactor":1,"_useOriginalSize":false,"_string":"Nhấp vào đây để triệu tập ác quỷ","_N$string":"Nhấp vào đây để triệu tập ác quỷ","_fontSize":24,"_N$horizontalAlign":1,"_N$verticalAlign":1}],"_prefab":{"__type__":"cc.PrefabInfo","root":{"__id__":1},"asset":{"__uuid__":"cf5Td+n8JLLKJCUJ/KbLoM"},"fileId":"c1GfwGjFZFHocmXP5y99MG"},"_contentSize":{"__type__":"cc.Size","width":352.23,"height":40},"_scale":{"__type__":"cc.Vec3","x":1,"y":1,"z":1}},{"__type__":"cc.Node","_name":"5","_parent":{"__id__":1},"_children":[{"__id__":36},{"__id__":39}],"_active":false,"_prefab":{"__type__":"cc.PrefabInfo","root":{"__id__":1},"asset":{"__uuid__":"cf5Td+n8JLLKJCUJ/KbLoM"},"fileId":"55ioCsD6dJ1IE2tJzNAoL7"},"_position":{"__type__":"cc.Vec3","x":209,"y":224},"_scale":{"__type__":"cc.Vec3","x":1,"y":1,"z":1}},{"__type__":"cc.Node","_name":"Click","_parent":{"__id__":35},"_children":[{"__id__":37},{"__id__":38}],"_level":1,"_components":[{"__type__":"cc.Animation","node":{"__id__":36},"_clips":[{"__uuid__":"94wJmGt+dPNpI06uhXwzCY"}]}],"_prefab":{"__type__":"cc.PrefabInfo","root":{"__id__":1},"asset":{"__uuid__":"cf5Td+n8JLLKJCUJ/KbLoM"},"fileId":"f7A2vv1jNEl70AlklnxUg3"},"_scale":{"__type__":"cc.Vec3","x":1,"y":1,"z":1}},{"__type__":"cc.Node","_name":"04","_parent":{"__id__":36},"_level":2,"_components":[{"__type__":"cc.Sprite","node":{"__id__":37},"_spriteFrame":{"__uuid__":"4fqjHk5QpKXb5+6vNInJRZ"}}],"_prefab":{"__type__":"cc.PrefabInfo","root":{"__id__":1},"asset":{"__uuid__":"cf5Td+n8JLLKJCUJ/KbLoM"},"fileId":"afhOpwr5VHwb4ifSPl2Mm/"},"_opacity":150,"_contentSize":{"__type__":"cc.Size","width":168,"height":168},"_position":{"__type__":"cc.Vec3","x":-52,"y":17},"_scale":{"__type__":"cc.Vec3","x":0.63,"y":0.63,"z":1}},{"__type__":"cc.Node","_name":"Sprite_FingerSlice","_parent":{"__id__":36},"_level":2,"_components":[{"__type__":"cc.Sprite","node":{"__id__":38},"_spriteFrame":{"__uuid__":"bfqMO7nwVGwrTL1zsPch6h"}}],"_prefab":{"__type__":"cc.PrefabInfo","root":{"__id__":1},"asset":{"__uuid__":"cf5Td+n8JLLKJCUJ/KbLoM"},"fileId":"baSJyM7lpGar66ng4RR09+"},"_contentSize":{"__type__":"cc.Size","width":113,"height":81},"_scale":{"__type__":"cc.Vec3","x":1,"y":1,"z":1}},{"__type__":"cc.Node","_name":"Sprite_ExplianFrame","_parent":{"__id__":35},"_children":[{"__id__":40}],"_components":[{"__type__":"cc.Sprite","node":{"__id__":39},"_spriteFrame":{"__uuid__":"a5hFRR2btHPq6EFlrhK3eL"}}],"_prefab":{"__type__":"cc.PrefabInfo","root":{"__id__":1},"asset":{"__uuid__":"cf5Td+n8JLLKJCUJ/KbLoM"},"fileId":"afbPeAUeRGd5ExJK1ymFJ4"},"_contentSize":{"__type__":"cc.Size","width":451,"height":147},"_position":{"__type__":"cc.Vec3","x":-123,"y":-164},"_scale":{"__type__":"cc.Vec3","x":1,"y":1,"z":1}},{"__type__":"cc.Node","_name":"New Label","_parent":{"__id__":39},"_children":[{"__id__":41},{"__id__":42},{"__id__":43}],"_components":[{"__type__":"cc.RichText","node":{"__id__":40},"_N$string":"Kích hoạt ma vương, để các anh hùng phải khiếp sợ","_N$fontSize":25,"_N$maxWidth":300}],"_prefab":{"__type__":"cc.PrefabInfo","root":{"__id__":1},"asset":{"__uuid__":"cf5Td+n8JLLKJCUJ/KbLoM"},"fileId":"2eFJXNCTBOYbPWIXeSxksS"},"_contentSize":{"__type__":"cc.Size","width":300,"height":120},"_scale":{"__type__":"cc.Vec3","x":1,"y":1,"z":1}},{"__type__":"cc.PrivateNode","_name":"RICHTEXT_CHILD","_parent":{"__id__":40},"_active":false,"_level":1,"_components":[{"__type__":"cc.Label","node":{"__id__":41},"_srcBlendFactor":1,"_string":"Kích hoạt ma vương, để ","_N$string":"Kích hoạt ma vương, để ","_fontSize":25,"_N$verticalAlign":1}],"_prefab":{"__type__":"cc.PrefabInfo","root":{"__id__":1},"asset":{"__uuid__":"cf5Td+n8JLLKJCUJ/KbLoM"},"fileId":"99unZ8qOVI7qxiiAtf460r"},"_contentSize":{"__type__":"cc.Size","width":276.33,"height":40},"_anchorPoint":{"__type__":"cc.Vec2"},"_position":{"__type__":"cc.Vec3","x":-150,"y":20},"_scale":{"__type__":"cc.Vec3","x":1,"y":1,"z":1},"_zIndex":-32768},{"__type__":"cc.PrivateNode","_name":"RICHTEXT_CHILD","_parent":{"__id__":40},"_active":false,"_level":1,"_components":[{"__type__":"cc.Label","node":{"__id__":42},"_srcBlendFactor":1,"_string":"các anh hùng phải khiếp s","_N$string":"các anh hùng phải khiếp s","_fontSize":25,"_N$verticalAlign":1}],"_prefab":{"__type__":"cc.PrefabInfo","root":{"__id__":1},"asset":{"__uuid__":"cf5Td+n8JLLKJCUJ/KbLoM"},"fileId":"60Q4aW0uNFcaoUeVefunqe"},"_contentSize":{"__type__":"cc.Size","width":290.49,"height":40},"_anchorPoint":{"__type__":"cc.Vec2"},"_position":{"__type__":"cc.Vec3","x":-150,"y":-20},"_scale":{"__type__":"cc.Vec3","x":1,"y":1,"z":1},"_zIndex":-32768},{"__type__":"cc.PrivateNode","_name":"RICHTEXT_CHILD","_parent":{"__id__":40},"_active":false,"_level":1,"_components":[{"__type__":"cc.Label","node":{"__id__":43},"_srcBlendFactor":1,"_string":"ợ","_N$string":"ợ","_fontSize":25,"_N$verticalAlign":1}],"_prefab":{"__type__":"cc.PrefabInfo","root":{"__id__":1},"asset":{"__uuid__":"cf5Td+n8JLLKJCUJ/KbLoM"},"fileId":"ccvvArFuFBSouG8/kVRSKN"},"_contentSize":{"__type__":"cc.Size","width":16.39,"height":40},"_anchorPoint":{"__type__":"cc.Vec2"},"_position":{"__type__":"cc.Vec3","x":-150,"y":-60},"_scale":{"__type__":"cc.Vec3","x":1,"y":1,"z":1},"_zIndex":-32768},{"__type__":"cc.Node","_name":"6","_parent":{"__id__":1},"_children":[{"__id__":45},{"__id__":48}],"_active":false,"_prefab":{"__type__":"cc.PrefabInfo","root":{"__id__":1},"asset":{"__uuid__":"cf5Td+n8JLLKJCUJ/KbLoM"},"fileId":"dcJySSU8VMdZq+SK6lM8cp"},"_position":{"__type__":"cc.Vec3","x":49,"y":250},"_scale":{"__type__":"cc.Vec3","x":1,"y":1,"z":1}},{"__type__":"cc.Node","_name":"Click","_parent":{"__id__":44},"_children":[{"__id__":46},{"__id__":47}],"_level":1,"_components":[{"__type__":"cc.Animation","node":{"__id__":45},"_clips":[{"__uuid__":"94wJmGt+dPNpI06uhXwzCY"}]}],"_prefab":{"__type__":"cc.PrefabInfo","root":{"__id__":1},"asset":{"__uuid__":"cf5Td+n8JLLKJCUJ/KbLoM"},"fileId":"2eCMf1WORCTap8KlYuXpWn"},"_scale":{"__type__":"cc.Vec3","x":1,"y":1,"z":1}},{"__type__":"cc.Node","_name":"04","_parent":{"__id__":45},"_level":2,"_components":[{"__type__":"cc.Sprite","node":{"__id__":46},"_spriteFrame":{"__uuid__":"4fqjHk5QpKXb5+6vNInJRZ"}}],"_prefab":{"__type__":"cc.PrefabInfo","root":{"__id__":1},"asset":{"__uuid__":"cf5Td+n8JLLKJCUJ/KbLoM"},"fileId":"06S+ZbUVVGP4ZIblTxeEWu"},"_opacity":150,"_contentSize":{"__type__":"cc.Size","width":168,"height":168},"_position":{"__type__":"cc.Vec3","x":-52,"y":17},"_scale":{"__type__":"cc.Vec3","x":0.63,"y":0.63,"z":1}},{"__type__":"cc.Node","_name":"Sprite_FingerSlice","_parent":{"__id__":45},"_level":2,"_components":[{"__type__":"cc.Sprite","node":{"__id__":47},"_spriteFrame":{"__uuid__":"bfqMO7nwVGwrTL1zsPch6h"}}],"_prefab":{"__type__":"cc.PrefabInfo","root":{"__id__":1},"asset":{"__uuid__":"cf5Td+n8JLLKJCUJ/KbLoM"},"fileId":"c36sF3lhRA05TF/i5TZ6rP"},"_contentSize":{"__type__":"cc.Size","width":113,"height":81},"_scale":{"__type__":"cc.Vec3","x":1,"y":1,"z":1}},{"__type__":"cc.Node","_name":"Sprite_ExplianFrame","_parent":{"__id__":44},"_children":[{"__id__":49}],"_components":[{"__type__":"cc.Sprite","node":{"__id__":48},"_spriteFrame":{"__uuid__":"a5hFRR2btHPq6EFlrhK3eL"}}],"_prefab":{"__type__":"cc.PrefabInfo","root":{"__id__":1},"asset":{"__uuid__":"cf5Td+n8JLLKJCUJ/KbLoM"},"fileId":"fckA2DPPlDdrX9DFKwIWRI"},"_contentSize":{"__type__":"cc.Size","width":451,"height":147},"_position":{"__type__":"cc.Vec3","x":-25,"y":-137},"_scale":{"__type__":"cc.Vec3","x":1,"y":1,"z":1}},{"__type__":"cc.Node","_name":"New Label","_parent":{"__id__":48},"_components":[{"__type__":"cc.Label","node":{"__id__":49},"_srcBlendFactor":1,"_useOriginalSize":false,"_string":"Vào giao diện ma vương","_N$string":"Vào giao diện ma vương","_fontSize":38,"_N$horizontalAlign":1,"_N$verticalAlign":1}],"_prefab":{"__type__":"cc.PrefabInfo","root":{"__id__":1},"asset":{"__uuid__":"cf5Td+n8JLLKJCUJ/KbLoM"},"fileId":"89uWjFw6xKwJOE/Agz6Se2"},"_contentSize":{"__type__":"cc.Size","width":417.94,"height":40},"_scale":{"__type__":"cc.Vec3","x":1,"y":1,"z":1}},{"__type__":"cc.Node","_name":"7","_parent":{"__id__":1},"_children":[{"__id__":51},{"__id__":54}],"_active":false,"_prefab":{"__type__":"cc.PrefabInfo","root":{"__id__":1},"asset":{"__uuid__":"cf5Td+n8JLLKJCUJ/KbLoM"},"fileId":"5aKeAe71xGEL4h4bh2YxH0"},"_scale":{"__type__":"cc.Vec3","x":1,"y":1,"z":1}},{"__type__":"cc.Node","_name":"Click","_parent":{"__id__":50},"_children":[{"__id__":52},{"__id__":53}],"_level":1,"_components":[{"__type__":"cc.Animation","node":{"__id__":51},"_clips":[{"__uuid__":"94wJmGt+dPNpI06uhXwzCY"}]}],"_prefab":{"__type__":"cc.PrefabInfo","root":{"__id__":1},"asset":{"__uuid__":"cf5Td+n8JLLKJCUJ/KbLoM"},"fileId":"f6r10w6r1GTZwxi44J9iI+"},"_position":{"__type__":"cc.Vec3","x":-139,"y":-398},"_scale":{"__type__":"cc.Vec3","x":1,"y":1,"z":1}},{"__type__":"cc.Node","_name":"04","_parent":{"__id__":51},"_level":2,"_components":[{"__type__":"cc.Sprite","node":{"__id__":52},"_spriteFrame":{"__uuid__":"4fqjHk5QpKXb5+6vNInJRZ"}}],"_prefab":{"__type__":"cc.PrefabInfo","root":{"__id__":1},"asset":{"__uuid__":"cf5Td+n8JLLKJCUJ/KbLoM"},"fileId":"cbgd2243BJgq5MuiNJA0PJ"},"_opacity":150,"_contentSize":{"__type__":"cc.Size","width":168,"height":168},"_position":{"__type__":"cc.Vec3","x":-52,"y":17},"_scale":{"__type__":"cc.Vec3","x":0.63,"y":0.63,"z":1}},{"__type__":"cc.Node","_name":"Sprite_FingerSlice","_parent":{"__id__":51},"_level":2,"_components":[{"__type__":"cc.Sprite","node":{"__id__":53},"_spriteFrame":{"__uuid__":"bfqMO7nwVGwrTL1zsPch6h"}}],"_prefab":{"__type__":"cc.PrefabInfo","root":{"__id__":1},"asset":{"__uuid__":"cf5Td+n8JLLKJCUJ/KbLoM"},"fileId":"6cM8bPVl5KyLSb2vy4NTGI"},"_contentSize":{"__type__":"cc.Size","width":113,"height":81},"_scale":{"__type__":"cc.Vec3","x":1,"y":1,"z":1}},{"__type__":"cc.Node","_name":"Sprite_ExplianFrame","_parent":{"__id__":50},"_children":[{"__id__":55}],"_components":[{"__type__":"cc.Sprite","node":{"__id__":54},"_spriteFrame":{"__uuid__":"a5hFRR2btHPq6EFlrhK3eL"}}],"_prefab":{"__type__":"cc.PrefabInfo","root":{"__id__":1},"asset":{"__uuid__":"cf5Td+n8JLLKJCUJ/KbLoM"},"fileId":"5ejzyUA7ZDEKY6akPW8YrY"},"_contentSize":{"__type__":"cc.Size","width":451,"height":147},"_position":{"__type__":"cc.Vec3","y":-26},"_scale":{"__type__":"cc.Vec3","x":1,"y":1,"z":1}},{"__type__":"cc.Node","_name":"New Label","_parent":{"__id__":54},"_children":[{"__id__":56},{"__id__":57},{"__id__":58}],"_components":[{"__type__":"cc.RichText","node":{"__id__":55},"_N$string":"Nâng cấp ma vương, có thể khiến ma vương càng mạnh, càng sống lâu hơn!","_N$fontSize":20,"_N$maxWidth":300}],"_prefab":{"__type__":"cc.PrefabInfo","root":{"__id__":1},"asset":{"__uuid__":"cf5Td+n8JLLKJCUJ/KbLoM"},"fileId":"e1oWGOc9FG1L2Voa9msweF"},"_contentSize":{"__type__":"cc.Size","width":300,"height":120},"_scale":{"__type__":"cc.Vec3","x":1,"y":1,"z":1}},{"__type__":"cc.PrivateNode","_name":"RICHTEXT_CHILD","_parent":{"__id__":55},"_active":false,"_level":1,"_components":[{"__type__":"cc.Label","node":{"__id__":56},"_srcBlendFactor":1,"_string":"Nâng cấp ma vương, có thể khiế","_N$string":"Nâng cấp ma vương, có thể khiế","_fontSize":20,"_N$verticalAlign":1}],"_prefab":{"__type__":"cc.PrefabInfo","root":{"__id__":1},"asset":{"__uuid__":"cf5Td+n8JLLKJCUJ/KbLoM"},"fileId":"c6rR6JQABPMb+4Jc1usfsA"},"_contentSize":{"__type__":"cc.Size","width":291.1,"height":40},"_anchorPoint":{"__type__":"cc.Vec2"},"_position":{"__type__":"cc.Vec3","x":-150,"y":20},"_scale":{"__type__":"cc.Vec3","x":1,"y":1,"z":1},"_zIndex":-32768},{"__type__":"cc.PrivateNode","_name":"RICHTEXT_CHILD","_parent":{"__id__":55},"_active":false,"_level":1,"_components":[{"__type__":"cc.Label","node":{"__id__":57},"_srcBlendFactor":1,"_string":"n ma vương càng mạnh, càng số","_N$string":"n ma vương càng mạnh, càng số","_fontSize":20,"_N$verticalAlign":1}],"_prefab":{"__type__":"cc.PrefabInfo","root":{"__id__":1},"asset":{"__uuid__":"cf5Td+n8JLLKJCUJ/KbLoM"},"fileId":"9boDJ93AZFAIf9uMkfjJ6y"},"_contentSize":{"__type__":"cc.Size","width":294.44,"height":40},"_anchorPoint":{"__type__":"cc.Vec2"},"_position":{"__type__":"cc.Vec3","x":-150,"y":-20},"_scale":{"__type__":"cc.Vec3","x":1,"y":1,"z":1},"_zIndex":-32768},{"__type__":"cc.PrivateNode","_name":"RICHTEXT_CHILD","_parent":{"__id__":55},"_active":false,"_level":1,"_components":[{"__type__":"cc.Label","node":{"__id__":58},"_srcBlendFactor":1,"_string":"ng lâu hơn!","_N$string":"ng lâu hơn!","_fontSize":20,"_N$verticalAlign":1}],"_prefab":{"__type__":"cc.PrefabInfo","root":{"__id__":1},"asset":{"__uuid__":"cf5Td+n8JLLKJCUJ/KbLoM"},"fileId":"9d7qxq3chO/pVCHJ/Dsv7b"},"_contentSize":{"__type__":"cc.Size","width":100.97,"height":40},"_anchorPoint":{"__type__":"cc.Vec2"},"_position":{"__type__":"cc.Vec3","x":-150,"y":-60},"_scale":{"__type__":"cc.Vec3","x":1,"y":1,"z":1},"_zIndex":-32768},{"__type__":"cc.Node","_name":"8","_parent":{"__id__":1},"_children":[{"__id__":60},{"__id__":63}],"_active":false,"_prefab":{"__type__":"cc.PrefabInfo","root":{"__id__":1},"asset":{"__uuid__":"cf5Td+n8JLLKJCUJ/KbLoM"},"fileId":"70+1izfT5GxYwU4QKbCMho"},"_scale":{"__type__":"cc.Vec3","x":1,"y":1,"z":1}},{"__type__":"cc.Node","_name":"Click","_parent":{"__id__":59},"_children":[{"__id__":61},{"__id__":62}],"_level":1,"_components":[{"__type__":"cc.Animation","node":{"__id__":60},"_clips":[{"__uuid__":"94wJmGt+dPNpI06uhXwzCY"}]}],"_prefab":{"__type__":"cc.PrefabInfo","root":{"__id__":1},"asset":{"__uuid__":"cf5Td+n8JLLKJCUJ/KbLoM"},"fileId":"55iTT7VrRNB5B73ef9xR2l"},"_position":{"__type__":"cc.Vec3","x":55,"y":-621},"_scale":{"__type__":"cc.Vec3","x":1,"y":1,"z":1}},{"__type__":"cc.Node","_name":"04","_parent":{"__id__":60},"_level":2,"_components":[{"__type__":"cc.Sprite","node":{"__id__":61},"_spriteFrame":{"__uuid__":"4fqjHk5QpKXb5+6vNInJRZ"}}],"_prefab":{"__type__":"cc.PrefabInfo","root":{"__id__":1},"asset":{"__uuid__":"cf5Td+n8JLLKJCUJ/KbLoM"},"fileId":"64iUqXyFxBELlL1dwhYA61"},"_opacity":150,"_contentSize":{"__type__":"cc.Size","width":168,"height":168},"_position":{"__type__":"cc.Vec3","x":-52,"y":17},"_scale":{"__type__":"cc.Vec3","x":0.63,"y":0.63,"z":1}},{"__type__":"cc.Node","_name":"Sprite_FingerSlice","_parent":{"__id__":60},"_level":2,"_components":[{"__type__":"cc.Sprite","node":{"__id__":62},"_spriteFrame":{"__uuid__":"bfqMO7nwVGwrTL1zsPch6h"}}],"_prefab":{"__type__":"cc.PrefabInfo","root":{"__id__":1},"asset":{"__uuid__":"cf5Td+n8JLLKJCUJ/KbLoM"},"fileId":"c84da7zsVP26lCAMrD5JDk"},"_contentSize":{"__type__":"cc.Size","width":113,"height":81},"_scale":{"__type__":"cc.Vec3","x":1,"y":1,"z":1}},{"__type__":"cc.Node","_name":"Sprite_ExplianFrame","_parent":{"__id__":59},"_children":[{"__id__":64}],"_components":[{"__type__":"cc.Sprite","node":{"__id__":63},"_spriteFrame":{"__uuid__":"a5hFRR2btHPq6EFlrhK3eL"}}],"_prefab":{"__type__":"cc.PrefabInfo","root":{"__id__":1},"asset":{"__uuid__":"cf5Td+n8JLLKJCUJ/KbLoM"},"fileId":"054RRJrYlKTqswp7Lrqu5z"},"_contentSize":{"__type__":"cc.Size","width":451,"height":147},"_scale":{"__type__":"cc.Vec3","x":1,"y":1,"z":1}},{"__type__":"cc.Node","_name":"New Label","_parent":{"__id__":63},"_components":[{"__type__":"cc.Label","node":{"__id__":64},"_srcBlendFactor":1,"_useOriginalSize":false,"_string":"Mở giao diện phụ trợ!","_N$string":"Mở giao diện phụ trợ!","_N$horizontalAlign":1,"_N$verticalAlign":1}],"_prefab":{"__type__":"cc.PrefabInfo","root":{"__id__":1},"asset":{"__uuid__":"cf5Td+n8JLLKJCUJ/KbLoM"},"fileId":"75dBBMT0BO8buQlx5iC4gr"},"_contentSize":{"__type__":"cc.Size","width":383.77,"height":40},"_position":{"__type__":"cc.Vec3","x":8},"_scale":{"__type__":"cc.Vec3","x":1,"y":1,"z":1}},{"__type__":"cc.Node","_name":"9","_parent":{"__id__":1},"_children":[{"__id__":66},{"__id__":69}],"_active":false,"_prefab":{"__type__":"cc.PrefabInfo","root":{"__id__":1},"asset":{"__uuid__":"cf5Td+n8JLLKJCUJ/KbLoM"},"fileId":"a8USLGBrJEvoQWBOLIr1Or"},"_scale":{"__type__":"cc.Vec3","x":1,"y":1,"z":1}},{"__type__":"cc.Node","_name":"Click","_parent":{"__id__":65},"_children":[{"__id__":67},{"__id__":68}],"_level":1,"_components":[{"__type__":"cc.Animation","node":{"__id__":66},"_clips":[{"__uuid__":"94wJmGt+dPNpI06uhXwzCY"}]}],"_prefab":{"__type__":"cc.PrefabInfo","root":{"__id__":1},"asset":{"__uuid__":"cf5Td+n8JLLKJCUJ/KbLoM"},"fileId":"21TlYGJf5DvJUqAekjqUes"},"_position":{"__type__":"cc.Vec3","x":278,"y":219},"_scale":{"__type__":"cc.Vec3","x":1,"y":1,"z":1}},{"__type__":"cc.Node","_name":"04","_parent":{"__id__":66},"_level":2,"_components":[{"__type__":"cc.Sprite","node":{"__id__":67},"_spriteFrame":{"__uuid__":"4fqjHk5QpKXb5+6vNInJRZ"}}],"_prefab":{"__type__":"cc.PrefabInfo","root":{"__id__":1},"asset":{"__uuid__":"cf5Td+n8JLLKJCUJ/KbLoM"},"fileId":"77DhLG9Y9N1qmw/h2puvfs"},"_opacity":150,"_contentSize":{"__type__":"cc.Size","width":168,"height":168},"_position":{"__type__":"cc.Vec3","x":-52,"y":17},"_scale":{"__type__":"cc.Vec3","x":0.63,"y":0.63,"z":1}},{"__type__":"cc.Node","_name":"Sprite_FingerSlice","_parent":{"__id__":66},"_level":2,"_components":[{"__type__":"cc.Sprite","node":{"__id__":68},"_spriteFrame":{"__uuid__":"bfqMO7nwVGwrTL1zsPch6h"}}],"_prefab":{"__type__":"cc.PrefabInfo","root":{"__id__":1},"asset":{"__uuid__":"cf5Td+n8JLLKJCUJ/KbLoM"},"fileId":"c7xo5SAdpKH4j8G9wLchrx"},"_contentSize":{"__type__":"cc.Size","width":113,"height":81},"_scale":{"__type__":"cc.Vec3","x":1,"y":1,"z":1}},{"__type__":"cc.Node","_name":"Sprite_ExplianFrame","_parent":{"__id__":65},"_children":[{"__id__":70}],"_components":[{"__type__":"cc.Sprite","node":{"__id__":69},"_spriteFrame":{"__uuid__":"a5hFRR2btHPq6EFlrhK3eL"}}],"_prefab":{"__type__":"cc.PrefabInfo","root":{"__id__":1},"asset":{"__uuid__":"cf5Td+n8JLLKJCUJ/KbLoM"},"fileId":"7f8/DqkTpBeLD7Ho2ptBNY"},"_contentSize":{"__type__":"cc.Size","width":451,"height":147},"_scale":{"__type__":"cc.Vec3","x":1,"y":1,"z":1}},{"__type__":"cc.Node","_name":"New Label","_parent":{"__id__":69},"_children":[{"__id__":71},{"__id__":72},{"__id__":73}],"_components":[{"__type__":"cc.RichText","node":{"__id__":70},"_N$string":"Có những khả năng mạnh mẽ và vô đối!Mở ra nhanh lên coi!","_N$fontSize":30,"_N$maxWidth":300}],"_prefab":{"__type__":"cc.PrefabInfo","root":{"__id__":1},"asset":{"__uuid__":"cf5Td+n8JLLKJCUJ/KbLoM"},"fileId":"3bB0uayopHCquUa3ATKa0e"},"_contentSize":{"__type__":"cc.Size","width":300,"height":120},"_position":{"__type__":"cc.Vec3","x":9},"_scale":{"__type__":"cc.Vec3","x":1,"y":1,"z":1}},{"__type__":"cc.PrivateNode","_name":"RICHTEXT_CHILD","_parent":{"__id__":70},"_active":false,"_level":1,"_components":[{"__type__":"cc.Label","node":{"__id__":71},"_srcBlendFactor":1,"_string":"Có những khả năng m","_N$string":"Có những khả năng m","_fontSize":30,"_N$verticalAlign":1}],"_prefab":{"__type__":"cc.PrefabInfo","root":{"__id__":1},"asset":{"__uuid__":"cf5Td+n8JLLKJCUJ/KbLoM"},"fileId":"7cd/SWI69BE514MC7hJVWr"},"_contentSize":{"__type__":"cc.Size","width":298.61,"height":40},"_anchorPoint":{"__type__":"cc.Vec2"},"_position":{"__type__":"cc.Vec3","x":-150,"y":20},"_scale":{"__type__":"cc.Vec3","x":1,"y":1,"z":1},"_zIndex":-32768},{"__type__":"cc.PrivateNode","_name":"RICHTEXT_CHILD","_parent":{"__id__":70},"_active":false,"_level":1,"_components":[{"__type__":"cc.Label","node":{"__id__":72},"_srcBlendFactor":1,"_string":"ạnh mẽ và vô đối!Mở","_N$string":"ạnh mẽ và vô đối!Mở","_fontSize":30,"_N$verticalAlign":1}],"_prefab":{"__type__":"cc.PrefabInfo","root":{"__id__":1},"asset":{"__uuid__":"cf5Td+n8JLLKJCUJ/KbLoM"},"fileId":"98priJlJJMJKOQS9rZRCZ/"},"_contentSize":{"__type__":"cc.Size","width":281.47,"height":40},"_anchorPoint":{"__type__":"cc.Vec2"},"_position":{"__type__":"cc.Vec3","x":-150,"y":-20},"_scale":{"__type__":"cc.Vec3","x":1,"y":1,"z":1},"_zIndex":-32768},{"__type__":"cc.PrivateNode","_name":"RICHTEXT_CHILD","_parent":{"__id__":70},"_active":false,"_level":1,"_components":[{"__type__":"cc.Label","node":{"__id__":73},"_srcBlendFactor":1,"_string":"ra nhanh lên coi!","_N$string":"ra nhanh lên coi!","_fontSize":30,"_N$verticalAlign":1}],"_prefab":{"__type__":"cc.PrefabInfo","root":{"__id__":1},"asset":{"__uuid__":"cf5Td+n8JLLKJCUJ/KbLoM"},"fileId":"2eGRLcrQxH8Yey24qFNLZp"},"_contentSize":{"__type__":"cc.Size","width":221.82,"height":40},"_anchorPoint":{"__type__":"cc.Vec2"},"_position":{"__type__":"cc.Vec3","x":-150,"y":-60},"_scale":{"__type__":"cc.Vec3","x":1,"y":1,"z":1},"_zIndex":-32768},{"__type__":"cc.Node","_name":"10","_parent":{"__id__":1},"_children":[{"__id__":75},{"__id__":78}],"_active":false,"_prefab":{"__type__":"cc.PrefabInfo","root":{"__id__":1},"asset":{"__uuid__":"cf5Td+n8JLLKJCUJ/KbLoM"},"fileId":"c5kD6/jcJEFJOGHxbYQlyo"},"_position":{"__type__":"cc.Vec3","x":-247,"y":-610},"_scale":{"__type__":"cc.Vec3","x":1,"y":1,"z":1}},{"__type__":"cc.Node","_name":"Click","_parent":{"__id__":74},"_children":[{"__id__":76},{"__id__":77}],"_level":1,"_components":[{"__type__":"cc.Animation","node":{"__id__":75},"_clips":[{"__uuid__":"94wJmGt+dPNpI06uhXwzCY"}]}],"_prefab":{"__type__":"cc.PrefabInfo","root":{"__id__":1},"asset":{"__uuid__":"cf5Td+n8JLLKJCUJ/KbLoM"},"fileId":"61OQ4i6UxJjrNajLeZZs1K"},"_scale":{"__type__":"cc.Vec3","x":1,"y":1,"z":1}},{"__type__":"cc.Node","_name":"04","_parent":{"__id__":75},"_level":2,"_components":[{"__type__":"cc.Sprite","node":{"__id__":76},"_spriteFrame":{"__uuid__":"4fqjHk5QpKXb5+6vNInJRZ"}}],"_prefab":{"__type__":"cc.PrefabInfo","root":{"__id__":1},"asset":{"__uuid__":"cf5Td+n8JLLKJCUJ/KbLoM"},"fileId":"5dbega73NNXohkqdDctLsY"},"_opacity":150,"_contentSize":{"__type__":"cc.Size","width":168,"height":168},"_position":{"__type__":"cc.Vec3","x":-52,"y":17},"_scale":{"__type__":"cc.Vec3","x":0.63,"y":0.63,"z":1}},{"__type__":"cc.Node","_name":"Sprite_FingerSlice","_parent":{"__id__":75},"_level":2,"_components":[{"__type__":"cc.Sprite","node":{"__id__":77},"_spriteFrame":{"__uuid__":"bfqMO7nwVGwrTL1zsPch6h"}}],"_prefab":{"__type__":"cc.PrefabInfo","root":{"__id__":1},"asset":{"__uuid__":"cf5Td+n8JLLKJCUJ/KbLoM"},"fileId":"2dp9KJh8JGBZ1oA3/UnS1e"},"_contentSize":{"__type__":"cc.Size","width":113,"height":81},"_scale":{"__type__":"cc.Vec3","x":1,"y":1,"z":1}},{"__type__":"cc.Node","_name":"Sprite_ExplianFrame","_parent":{"__id__":74},"_children":[{"__id__":79}],"_components":[{"__type__":"cc.Sprite","node":{"__id__":78},"_spriteFrame":{"__uuid__":"a5hFRR2btHPq6EFlrhK3eL"}}],"_prefab":{"__type__":"cc.PrefabInfo","root":{"__id__":1},"asset":{"__uuid__":"cf5Td+n8JLLKJCUJ/KbLoM"},"fileId":"6dvO+GtglEX5IziWxn0wAs"},"_contentSize":{"__type__":"cc.Size","width":451,"height":147},"_position":{"__type__":"cc.Vec3","x":266,"y":465},"_scale":{"__type__":"cc.Vec3","x":1,"y":1,"z":1}},{"__type__":"cc.Node","_name":"New Label","_parent":{"__id__":78},"_components":[{"__type__":"cc.Label","node":{"__id__":79},"_srcBlendFactor":1,"_useOriginalSize":false,"_string":"Mở giao diện kĩ năng!","_N$string":"Mở giao diện kĩ năng!","_N$horizontalAlign":1,"_N$verticalAlign":1}],"_prefab":{"__type__":"cc.PrefabInfo","root":{"__id__":1},"asset":{"__uuid__":"cf5Td+n8JLLKJCUJ/KbLoM"},"fileId":"33gprXHxtG2IRiXHV0PFzj"},"_contentSize":{"__type__":"cc.Size","width":386.46,"height":40},"_scale":{"__type__":"cc.Vec3","x":1,"y":1,"z":1}},{"__type__":"cc.Node","_name":"11","_parent":{"__id__":1},"_children":[{"__id__":81},{"__id__":84}],"_active":false,"_prefab":{"__type__":"cc.PrefabInfo","root":{"__id__":1},"asset":{"__uuid__":"cf5Td+n8JLLKJCUJ/KbLoM"},"fileId":"00GVW8ax1Atr4lxUKnfCaf"},"_position":{"__type__":"cc.Vec3","y":-163},"_scale":{"__type__":"cc.Vec3","x":1,"y":1,"z":1}},{"__type__":"cc.Node","_name":"Click","_parent":{"__id__":80},"_children":[{"__id__":82},{"__id__":83}],"_level":1,"_components":[{"__type__":"cc.Animation","node":{"__id__":81},"_clips":[{"__uuid__":"94wJmGt+dPNpI06uhXwzCY"}]}],"_prefab":{"__type__":"cc.PrefabInfo","root":{"__id__":1},"asset":{"__uuid__":"cf5Td+n8JLLKJCUJ/KbLoM"},"fileId":"f8fotEqbdFfpAW2mlc4lES"},"_position":{"__type__":"cc.Vec3","x":278,"y":254},"_scale":{"__type__":"cc.Vec3","x":1,"y":1,"z":1}},{"__type__":"cc.Node","_name":"04","_parent":{"__id__":81},"_level":2,"_components":[{"__type__":"cc.Sprite","node":{"__id__":82},"_spriteFrame":{"__uuid__":"4fqjHk5QpKXb5+6vNInJRZ"}}],"_prefab":{"__type__":"cc.PrefabInfo","root":{"__id__":1},"asset":{"__uuid__":"cf5Td+n8JLLKJCUJ/KbLoM"},"fileId":"58aw7HtStOcaZ2mMZzgyFX"},"_opacity":150,"_contentSize":{"__type__":"cc.Size","width":168,"height":168},"_position":{"__type__":"cc.Vec3","x":-52,"y":17},"_scale":{"__type__":"cc.Vec3","x":0.63,"y":0.63,"z":1}},{"__type__":"cc.Node","_name":"Sprite_FingerSlice","_parent":{"__id__":81},"_level":2,"_components":[{"__type__":"cc.Sprite","node":{"__id__":83},"_spriteFrame":{"__uuid__":"bfqMO7nwVGwrTL1zsPch6h"}}],"_prefab":{"__type__":"cc.PrefabInfo","root":{"__id__":1},"asset":{"__uuid__":"cf5Td+n8JLLKJCUJ/KbLoM"},"fileId":"e1bI3A08ZCq7J2WKdbu8E9"},"_contentSize":{"__type__":"cc.Size","width":113,"height":81},"_scale":{"__type__":"cc.Vec3","x":1,"y":1,"z":1}},{"__type__":"cc.Node","_name":"Sprite_ExplianFrame","_parent":{"__id__":80},"_children":[{"__id__":85}],"_components":[{"__type__":"cc.Sprite","node":{"__id__":84},"_spriteFrame":{"__uuid__":"a5hFRR2btHPq6EFlrhK3eL"}}],"_prefab":{"__type__":"cc.PrefabInfo","root":{"__id__":1},"asset":{"__uuid__":"cf5Td+n8JLLKJCUJ/KbLoM"},"fileId":"80rTiRTqxBw4duIDfq1ltu"},"_contentSize":{"__type__":"cc.Size","width":451,"height":147},"_scale":{"__type__":"cc.Vec3","x":1,"y":1,"z":1}},{"__type__":"cc.Node","_name":"New Label","_parent":{"__id__":84},"_children":[{"__id__":86},{"__id__":87},{"__id__":88}],"_components":[{"__type__":"cc.RichText","node":{"__id__":85},"_N$string":"Nâng cấp kĩ năng, để ác quỷ giải phóng năng lượng chiến đấu.","_N$fontSize":30,"_N$maxWidth":300}],"_prefab":{"__type__":"cc.PrefabInfo","root":{"__id__":1},"asset":{"__uuid__":"cf5Td+n8JLLKJCUJ/KbLoM"},"fileId":"f4cASagElKS736PDIKnO1i"},"_contentSize":{"__type__":"cc.Size","width":300,"height":120},"_scale":{"__type__":"cc.Vec3","x":1,"y":1,"z":1}},{"__type__":"cc.PrivateNode","_name":"RICHTEXT_CHILD","_parent":{"__id__":85},"_active":false,"_level":1,"_components":[{"__type__":"cc.Label","node":{"__id__":86},"_srcBlendFactor":1,"_string":"Nâng cấp kĩ năng, để ","_N$string":"Nâng cấp kĩ năng, để ","_fontSize":30,"_N$verticalAlign":1}],"_prefab":{"__type__":"cc.PrefabInfo","root":{"__id__":1},"asset":{"__uuid__":"cf5Td+n8JLLKJCUJ/KbLoM"},"fileId":"14Ap37SydNVrr5sOu1IWn1"},"_contentSize":{"__type__":"cc.Size","width":293.54,"height":40},"_anchorPoint":{"__type__":"cc.Vec2"},"_position":{"__type__":"cc.Vec3","x":-150,"y":20},"_scale":{"__type__":"cc.Vec3","x":1,"y":1,"z":1},"_zIndex":-32768},{"__type__":"cc.PrivateNode","_name":"RICHTEXT_CHILD","_parent":{"__id__":85},"_active":false,"_level":1,"_components":[{"__type__":"cc.Label","node":{"__id__":87},"_srcBlendFactor":1,"_string":"ác quỷ giải phóng nă","_N$string":"ác quỷ giải phóng nă","_fontSize":30,"_N$verticalAlign":1}],"_prefab":{"__type__":"cc.PrefabInfo","root":{"__id__":1},"asset":{"__uuid__":"cf5Td+n8JLLKJCUJ/KbLoM"},"fileId":"e8tqD+GP9FWaB+FfTvgbhv"},"_contentSize":{"__type__":"cc.Size","width":276.88,"height":40},"_anchorPoint":{"__type__":"cc.Vec2"},"_position":{"__type__":"cc.Vec3","x":-150,"y":-20},"_scale":{"__type__":"cc.Vec3","x":1,"y":1,"z":1},"_zIndex":-32768},{"__type__":"cc.PrivateNode","_name":"RICHTEXT_CHILD","_parent":{"__id__":85},"_active":false,"_level":1,"_components":[{"__type__":"cc.Label","node":{"__id__":88},"_srcBlendFactor":1,"_string":"ng lượng chiến đấu.","_N$string":"ng lượng chiến đấu.","_fontSize":30,"_N$verticalAlign":1}],"_prefab":{"__type__":"cc.PrefabInfo","root":{"__id__":1},"asset":{"__uuid__":"cf5Td+n8JLLKJCUJ/KbLoM"},"fileId":"17yJwvrstP7oW7b3RXnOMw"},"_contentSize":{"__type__":"cc.Size","width":268.27,"height":40},"_anchorPoint":{"__type__":"cc.Vec2"},"_position":{"__type__":"cc.Vec3","x":-150,"y":-60},"_scale":{"__type__":"cc.Vec3","x":1,"y":1,"z":1},"_zIndex":-32768},{"__type__":"cc.Node","_name":"12","_parent":{"__id__":1},"_children":[{"__id__":90},{"__id__":93}],"_active":false,"_level":1,"_prefab":{"__type__":"cc.PrefabInfo","root":{"__id__":1},"asset":{"__uuid__":"cf5Td+n8JLLKJCUJ/KbLoM"},"fileId":"deowz6TflHGJ01wxIRqCU3"},"_scale":{"__type__":"cc.Vec3","x":1,"y":1,"z":1}},{"__type__":"cc.Node","_name":"Click","_parent":{"__id__":89},"_children":[{"__id__":91},{"__id__":92}],"_level":2,"_components":[{"__type__":"cc.Animation","node":{"__id__":90},"_clips":[{"__uuid__":"94wJmGt+dPNpI06uhXwzCY"}]}],"_prefab":{"__type__":"cc.PrefabInfo","root":{"__id__":1},"asset":{"__uuid__":"cf5Td+n8JLLKJCUJ/KbLoM"},"fileId":"37aAgWu9xLELDCDTPt47m+"},"_position":{"__type__":"cc.Vec3","x":209,"y":-629},"_scale":{"__type__":"cc.Vec3","x":1,"y":1,"z":1}},{"__type__":"cc.Node","_name":"04","_parent":{"__id__":90},"_level":2,"_components":[{"__type__":"cc.Sprite","node":{"__id__":91},"_spriteFrame":{"__uuid__":"4fqjHk5QpKXb5+6vNInJRZ"}}],"_prefab":{"__type__":"cc.PrefabInfo","root":{"__id__":1},"asset":{"__uuid__":"cf5Td+n8JLLKJCUJ/KbLoM"},"fileId":"bbGUdLJS9D67XgwO0RE2d9"},"_opacity":150,"_contentSize":{"__type__":"cc.Size","width":168,"height":168},"_position":{"__type__":"cc.Vec3","x":-52,"y":17},"_scale":{"__type__":"cc.Vec3","x":0.63,"y":0.63,"z":1}},{"__type__":"cc.Node","_name":"Sprite_FingerSlice","_parent":{"__id__":90},"_level":2,"_components":[{"__type__":"cc.Sprite","node":{"__id__":92},"_spriteFrame":{"__uuid__":"bfqMO7nwVGwrTL1zsPch6h"}}],"_prefab":{"__type__":"cc.PrefabInfo","root":{"__id__":1},"asset":{"__uuid__":"cf5Td+n8JLLKJCUJ/KbLoM"},"fileId":"36eDNeAA9AK5aKIlipjKWF"},"_contentSize":{"__type__":"cc.Size","width":113,"height":81},"_scale":{"__type__":"cc.Vec3","x":1,"y":1,"z":1}},{"__type__":"cc.Node","_name":"Sprite_ExplianFrame","_parent":{"__id__":89},"_children":[{"__id__":94}],"_level":2,"_components":[{"__type__":"cc.Sprite","node":{"__id__":93},"_spriteFrame":{"__uuid__":"a5hFRR2btHPq6EFlrhK3eL"}}],"_prefab":{"__type__":"cc.PrefabInfo","root":{"__id__":1},"asset":{"__uuid__":"cf5Td+n8JLLKJCUJ/KbLoM"},"fileId":"a3/eBc9KxJUad/p9nLr3NV"},"_contentSize":{"__type__":"cc.Size","width":451,"height":147},"_position":{"__type__":"cc.Vec3","x":-4,"y":-176},"_scale":{"__type__":"cc.Vec3","x":1,"y":1,"z":1}},{"__type__":"cc.Node","_name":"New Label","_parent":{"__id__":93},"_children":[{"__id__":95},{"__id__":96},{"__id__":97}],"_level":3,"_components":[{"__type__":"cc.RichText","node":{"__id__":94},"_N$string":"Lò luyện có thể khiến trang bị của anh hùng thành năng lượng ma thuật","_N$fontSize":20,"_N$maxWidth":300}],"_prefab":{"__type__":"cc.PrefabInfo","root":{"__id__":1},"asset":{"__uuid__":"cf5Td+n8JLLKJCUJ/KbLoM"},"fileId":"cd3O4UYcZOfIKhOw5jhJqG"},"_contentSize":{"__type__":"cc.Size","width":300,"height":120},"_scale":{"__type__":"cc.Vec3","x":1,"y":1,"z":1}},{"__type__":"cc.PrivateNode","_name":"RICHTEXT_CHILD","_parent":{"__id__":94},"_active":false,"_level":4,"_components":[{"__type__":"cc.Label","node":{"__id__":95},"_srcBlendFactor":1,"_string":"Lò luyện có thể khiến trang bị của","_N$string":"Lò luyện có thể khiến trang bị của","_fontSize":20,"_N$verticalAlign":1}],"_prefab":{"__type__":"cc.PrefabInfo","root":{"__id__":1},"asset":{"__uuid__":"cf5Td+n8JLLKJCUJ/KbLoM"},"fileId":"4fOy/X9o9JOI8H/wEH+gT+"},"_contentSize":{"__type__":"cc.Size","width":299.09,"height":40},"_anchorPoint":{"__type__":"cc.Vec2"},"_position":{"__type__":"cc.Vec3","x":-150,"y":20},"_scale":{"__type__":"cc.Vec3","x":1,"y":1,"z":1},"_zIndex":-32768},{"__type__":"cc.PrivateNode","_name":"RICHTEXT_CHILD","_parent":{"__id__":94},"_active":false,"_level":4,"_components":[{"__type__":"cc.Label","node":{"__id__":96},"_srcBlendFactor":1,"_string":"anh hùng thành năng lượng ma","_N$string":"anh hùng thành năng lượng ma","_fontSize":20,"_N$verticalAlign":1}],"_prefab":{"__type__":"cc.PrefabInfo","root":{"__id__":1},"asset":{"__uuid__":"cf5Td+n8JLLKJCUJ/KbLoM"},"fileId":"86Tx8zuUtJhrC6SXR55lUV"},"_contentSize":{"__type__":"cc.Size","width":281.16,"height":40},"_anchorPoint":{"__type__":"cc.Vec2"},"_position":{"__type__":"cc.Vec3","x":-150,"y":-20},"_scale":{"__type__":"cc.Vec3","x":1,"y":1,"z":1},"_zIndex":-32768},{"__type__":"cc.PrivateNode","_name":"RICHTEXT_CHILD","_parent":{"__id__":94},"_active":false,"_level":4,"_components":[{"__type__":"cc.Label","node":{"__id__":97},"_srcBlendFactor":1,"_string":"thuật","_N$string":"thuật","_fontSize":20,"_N$verticalAlign":1}],"_prefab":{"__type__":"cc.PrefabInfo","root":{"__id__":1},"asset":{"__uuid__":"cf5Td+n8JLLKJCUJ/KbLoM"},"fileId":"58Hl/unDFGKI+G8pRSJLTZ"},"_contentSize":{"__type__":"cc.Size","width":44.48,"height":40},"_anchorPoint":{"__type__":"cc.Vec2"},"_position":{"__type__":"cc.Vec3","x":-150,"y":-60},"_scale":{"__type__":"cc.Vec3","x":1,"y":1,"z":1},"_zIndex":-32768},{"__type__":"cc.Node","_name":"13","_parent":{"__id__":1},"_children":[{"__id__":99}],"_active":false,"_level":1,"_prefab":{"__type__":"cc.PrefabInfo","root":{"__id__":1},"asset":{"__uuid__":"cf5Td+n8JLLKJCUJ/KbLoM"},"fileId":"ff7mZqCqtI44iyi7qg7Jq+"},"_scale":{"__type__":"cc.Vec3","x":1,"y":1,"z":1}},{"__type__":"cc.Node","_name":"Click","_parent":{"__id__":98},"_children":[{"__id__":100},{"__id__":101}],"_level":2,"_components":[{"__type__":"cc.Animation","node":{"__id__":99},"_clips":[{"__uuid__":"94wJmGt+dPNpI06uhXwzCY"}]}],"_prefab":{"__type__":"cc.PrefabInfo","root":{"__id__":1},"asset":{"__uuid__":"cf5Td+n8JLLKJCUJ/KbLoM"},"fileId":"44HA/que1CuJuan1LTxzl2"},"_position":{"__type__":"cc.Vec3","x":-130,"y":-430},"_scale":{"__type__":"cc.Vec3","x":1,"y":1,"z":1}},{"__type__":"cc.Node","_name":"04","_parent":{"__id__":99},"_level":2,"_components":[{"__type__":"cc.Sprite","node":{"__id__":100},"_spriteFrame":{"__uuid__":"4fqjHk5QpKXb5+6vNInJRZ"}}],"_prefab":{"__type__":"cc.PrefabInfo","root":{"__id__":1},"asset":{"__uuid__":"cf5Td+n8JLLKJCUJ/KbLoM"},"fileId":"8byUkdzIFNeKExM/FA7rfM"},"_opacity":150,"_contentSize":{"__type__":"cc.Size","width":168,"height":168},"_position":{"__type__":"cc.Vec3","x":-52,"y":17},"_scale":{"__type__":"cc.Vec3","x":0.63,"y":0.63,"z":1}},{"__type__":"cc.Node","_name":"Sprite_FingerSlice","_parent":{"__id__":99},"_level":2,"_components":[{"__type__":"cc.Sprite","node":{"__id__":101},"_spriteFrame":{"__uuid__":"bfqMO7nwVGwrTL1zsPch6h"}}],"_prefab":{"__type__":"cc.PrefabInfo","root":{"__id__":1},"asset":{"__uuid__":"cf5Td+n8JLLKJCUJ/KbLoM"},"fileId":"6260brCipGW7cKihkpObri"},"_contentSize":{"__type__":"cc.Size","width":113,"height":81},"_scale":{"__type__":"cc.Vec3","x":1,"y":1,"z":1}},{"__type__":"cc.Node","_name":"14","_parent":{"__id__":1},"_children":[{"__id__":103}],"_active":false,"_level":1,"_prefab":{"__type__":"cc.PrefabInfo","root":{"__id__":1},"asset":{"__uuid__":"cf5Td+n8JLLKJCUJ/KbLoM"},"fileId":"cdIM3ymk9Pob7dx4hoP85m"},"_position":{"__type__":"cc.Vec3","x":215,"y":-397},"_scale":{"__type__":"cc.Vec3","x":1,"y":1,"z":1}},{"__type__":"cc.Node","_name":"Click","_parent":{"__id__":102},"_children":[{"__id__":104},{"__id__":105}],"_level":2,"_components":[{"__type__":"cc.Animation","node":{"__id__":103},"_clips":[{"__uuid__":"94wJmGt+dPNpI06uhXwzCY"}]}],"_prefab":{"__type__":"cc.PrefabInfo","root":{"__id__":1},"asset":{"__uuid__":"cf5Td+n8JLLKJCUJ/KbLoM"},"fileId":"0cJYwn21JAcIw9BYuWCSMI"},"_scale":{"__type__":"cc.Vec3","x":1,"y":1,"z":1}},{"__type__":"cc.Node","_name":"04","_parent":{"__id__":103},"_level":2,"_components":[{"__type__":"cc.Sprite","node":{"__id__":104},"_spriteFrame":{"__uuid__":"4fqjHk5QpKXb5+6vNInJRZ"}}],"_prefab":{"__type__":"cc.PrefabInfo","root":{"__id__":1},"asset":{"__uuid__":"cf5Td+n8JLLKJCUJ/KbLoM"},"fileId":"76/tSK7mZCbIZaEdTdcw4e"},"_opacity":150,"_contentSize":{"__type__":"cc.Size","width":168,"height":168},"_position":{"__type__":"cc.Vec3","x":-52,"y":17},"_scale":{"__type__":"cc.Vec3","x":0.63,"y":0.63,"z":1}},{"__type__":"cc.Node","_name":"Sprite_FingerSlice","_parent":{"__id__":103},"_level":2,"_components":[{"__type__":"cc.Sprite","node":{"__id__":105},"_spriteFrame":{"__uuid__":"bfqMO7nwVGwrTL1zsPch6h"}}],"_prefab":{"__type__":"cc.PrefabInfo","root":{"__id__":1},"asset":{"__uuid__":"cf5Td+n8JLLKJCUJ/KbLoM"},"fileId":"0byEweYcJG5rqWfqVxs1Ea"},"_contentSize":{"__type__":"cc.Size","width":113,"height":81},"_scale":{"__type__":"cc.Vec3","x":1,"y":1,"z":1}},{"__type__":"cc.Node","_name":"15","_parent":{"__id__":1},"_children":[{"__id__":107}],"_active":false,"_level":1,"_prefab":{"__type__":"cc.PrefabInfo","root":{"__id__":1},"asset":{"__uuid__":"cf5Td+n8JLLKJCUJ/KbLoM"},"fileId":"ffbzgJti5OO6EfsXVyS6U2"},"_scale":{"__type__":"cc.Vec3","x":1,"y":1,"z":1}},{"__type__":"cc.Node","_name":"Click","_parent":{"__id__":106},"_children":[{"__id__":108},{"__id__":109}],"_level":2,"_components":[{"__type__":"cc.Animation","node":{"__id__":107},"_clips":[{"__uuid__":"94wJmGt+dPNpI06uhXwzCY"}]}],"_prefab":{"__type__":"cc.PrefabInfo","root":{"__id__":1},"asset":{"__uuid__":"cf5Td+n8JLLKJCUJ/KbLoM"},"fileId":"f5Sr3qm+tNQKG7Hgm0mnk5"},"_position":{"__type__":"cc.Vec3","x":-144,"y":-393},"_scale":{"__type__":"cc.Vec3","x":1,"y":1,"z":1}},{"__type__":"cc.Node","_name":"04","_parent":{"__id__":107},"_level":2,"_components":[{"__type__":"cc.Sprite","node":{"__id__":108},"_spriteFrame":{"__uuid__":"4fqjHk5QpKXb5+6vNInJRZ"}}],"_prefab":{"__type__":"cc.PrefabInfo","root":{"__id__":1},"asset":{"__uuid__":"cf5Td+n8JLLKJCUJ/KbLoM"},"fileId":"01zmQIgcNEaqI5OTtzpSGC"},"_opacity":150,"_contentSize":{"__type__":"cc.Size","width":168,"height":168},"_position":{"__type__":"cc.Vec3","x":-52,"y":17},"_scale":{"__type__":"cc.Vec3","x":0.63,"y":0.63,"z":1}},{"__type__":"cc.Node","_name":"Sprite_FingerSlice","_parent":{"__id__":107},"_level":2,"_components":[{"__type__":"cc.Sprite","node":{"__id__":109},"_spriteFrame":{"__uuid__":"bfqMO7nwVGwrTL1zsPch6h"}}],"_prefab":{"__type__":"cc.PrefabInfo","root":{"__id__":1},"asset":{"__uuid__":"cf5Td+n8JLLKJCUJ/KbLoM"},"fileId":"43GgTv0vROb4j7Cjg6aFPm"},"_contentSize":{"__type__":"cc.Size","width":113,"height":81},"_scale":{"__type__":"cc.Vec3","x":1,"y":1,"z":1}},{"__type__":"cc.Node","_name":"16","_parent":{"__id__":1},"_children":[{"__id__":111}],"_active":false,"_level":1,"_prefab":{"__type__":"cc.PrefabInfo","root":{"__id__":1},"asset":{"__uuid__":"cf5Td+n8JLLKJCUJ/KbLoM"},"fileId":"daeQqfEv1DJ4LQeItdsRHS"},"_scale":{"__type__":"cc.Vec3","x":1,"y":1,"z":1}},{"__type__":"cc.Node","_name":"Click","_parent":{"__id__":110},"_children":[{"__id__":112},{"__id__":113}],"_level":2,"_components":[{"__type__":"cc.Animation","node":{"__id__":111},"_clips":[{"__uuid__":"94wJmGt+dPNpI06uhXwzCY"}]}],"_prefab":{"__type__":"cc.PrefabInfo","root":{"__id__":1},"asset":{"__uuid__":"cf5Td+n8JLLKJCUJ/KbLoM"},"fileId":"865VFfWeJLw5c8DgEAlwt+"},"_position":{"__type__":"cc.Vec3","x":215,"y":-438},"_scale":{"__type__":"cc.Vec3","x":1,"y":1,"z":1}},{"__type__":"cc.Node","_name":"04","_parent":{"__id__":111},"_level":2,"_components":[{"__type__":"cc.Sprite","node":{"__id__":112},"_spriteFrame":{"__uuid__":"4fqjHk5QpKXb5+6vNInJRZ"}}],"_prefab":{"__type__":"cc.PrefabInfo","root":{"__id__":1},"asset":{"__uuid__":"cf5Td+n8JLLKJCUJ/KbLoM"},"fileId":"0cqmoViEFHYpQjAduuDdEk"},"_opacity":150,"_contentSize":{"__type__":"cc.Size","width":168,"height":168},"_position":{"__type__":"cc.Vec3","x":-52,"y":17},"_scale":{"__type__":"cc.Vec3","x":0.63,"y":0.63,"z":1}},{"__type__":"cc.Node","_name":"Sprite_FingerSlice","_parent":{"__id__":111},"_level":2,"_components":[{"__type__":"cc.Sprite","node":{"__id__":113},"_spriteFrame":{"__uuid__":"bfqMO7nwVGwrTL1zsPch6h"}}],"_prefab":{"__type__":"cc.PrefabInfo","root":{"__id__":1},"asset":{"__uuid__":"cf5Td+n8JLLKJCUJ/KbLoM"},"fileId":"e0eYtH7ItKBLgALuoB3QpI"},"_contentSize":{"__type__":"cc.Size","width":113,"height":81},"_scale":{"__type__":"cc.Vec3","x":1,"y":1,"z":1}},{"__type__":"cc.Node","_name":"17","_parent":{"__id__":1},"_children":[{"__id__":115},{"__id__":118}],"_active":false,"_level":1,"_prefab":{"__type__":"cc.PrefabInfo","root":{"__id__":1},"asset":{"__uuid__":"cf5Td+n8JLLKJCUJ/KbLoM"},"fileId":"47wfHH0fhFuKDeFrZkc1oB"},"_scale":{"__type__":"cc.Vec3","x":1,"y":1,"z":1}},{"__type__":"cc.Node","_name":"Click","_parent":{"__id__":114},"_children":[{"__id__":116},{"__id__":117}],"_level":2,"_components":[{"__type__":"cc.Animation","node":{"__id__":115},"_clips":[{"__uuid__":"94wJmGt+dPNpI06uhXwzCY"}]}],"_prefab":{"__type__":"cc.PrefabInfo","root":{"__id__":1},"asset":{"__uuid__":"cf5Td+n8JLLKJCUJ/KbLoM"},"fileId":"29YWLfPqpEb7TJyzvgZ41J"},"_position":{"__type__":"cc.Vec3","x":-99,"y":-626},"_scale":{"__type__":"cc.Vec3","x":1,"y":1,"z":1}},{"__type__":"cc.Node","_name":"04","_parent":{"__id__":115},"_level":2,"_components":[{"__type__":"cc.Sprite","node":{"__id__":116},"_spriteFrame":{"__uuid__":"4fqjHk5QpKXb5+6vNInJRZ"}}],"_prefab":{"__type__":"cc.PrefabInfo","root":{"__id__":1},"asset":{"__uuid__":"cf5Td+n8JLLKJCUJ/KbLoM"},"fileId":"20B8DUQBpHCbWUaII9mXX/"},"_opacity":150,"_contentSize":{"__type__":"cc.Size","width":168,"height":168},"_position":{"__type__":"cc.Vec3","x":-52,"y":17},"_scale":{"__type__":"cc.Vec3","x":0.63,"y":0.63,"z":1}},{"__type__":"cc.Node","_name":"Sprite_FingerSlice","_parent":{"__id__":115},"_level":2,"_components":[{"__type__":"cc.Sprite","node":{"__id__":117},"_spriteFrame":{"__uuid__":"bfqMO7nwVGwrTL1zsPch6h"}}],"_prefab":{"__type__":"cc.PrefabInfo","root":{"__id__":1},"asset":{"__uuid__":"cf5Td+n8JLLKJCUJ/KbLoM"},"fileId":"dab6jh3ixM046FpOCfGZ4F"},"_contentSize":{"__type__":"cc.Size","width":113,"height":81},"_scale":{"__type__":"cc.Vec3","x":1,"y":1,"z":1}},{"__type__":"cc.Node","_name":"Sprite_ExplianFrame","_parent":{"__id__":114},"_children":[{"__id__":119}],"_level":2,"_components":[{"__type__":"cc.Sprite","node":{"__id__":118},"_spriteFrame":{"__uuid__":"a5hFRR2btHPq6EFlrhK3eL"}}],"_prefab":{"__type__":"cc.PrefabInfo","root":{"__id__":1},"asset":{"__uuid__":"cf5Td+n8JLLKJCUJ/KbLoM"},"fileId":"3ecY8+9AlNFZLTQE+f2Od3"},"_contentSize":{"__type__":"cc.Size","width":451,"height":147},"_scale":{"__type__":"cc.Vec3","x":1,"y":1,"z":1}},{"__type__":"cc.Node","_name":"New Label","_parent":{"__id__":118},"_children":[{"__id__":120},{"__id__":121},{"__id__":122}],"_level":3,"_components":[{"__type__":"cc.RichText","node":{"__id__":119},"_N$string":"Ải mới của ma vương đang bị các anh hùng , nhanh chóng cứu ma vương!","_N$fontSize":20,"_N$maxWidth":300}],"_prefab":{"__type__":"cc.PrefabInfo","root":{"__id__":1},"asset":{"__uuid__":"cf5Td+n8JLLKJCUJ/KbLoM"},"fileId":"74ZDoSpT5L2aNRI7/hP/UT"},"_contentSize":{"__type__":"cc.Size","width":300,"height":120},"_position":{"__type__":"cc.Vec3","x":1},"_scale":{"__type__":"cc.Vec3","x":1,"y":1,"z":1}},{"__type__":"cc.PrivateNode","_name":"RICHTEXT_CHILD","_parent":{"__id__":119},"_active":false,"_level":4,"_components":[{"__type__":"cc.Label","node":{"__id__":120},"_srcBlendFactor":1,"_string":"Ải mới của ma vương đang bị ","_N$string":"Ải mới của ma vương đang bị ","_fontSize":20,"_N$verticalAlign":1}],"_prefab":{"__type__":"cc.PrefabInfo","root":{"__id__":1},"asset":{"__uuid__":"cf5Td+n8JLLKJCUJ/KbLoM"},"fileId":"d4nRuelWBBxLO/mvicKssC"},"_contentSize":{"__type__":"cc.Size","width":269.74,"height":40},"_anchorPoint":{"__type__":"cc.Vec2"},"_position":{"__type__":"cc.Vec3","x":-150,"y":20},"_scale":{"__type__":"cc.Vec3","x":1,"y":1,"z":1},"_zIndex":-32768},{"__type__":"cc.PrivateNode","_name":"RICHTEXT_CHILD","_parent":{"__id__":119},"_active":false,"_level":4,"_components":[{"__type__":"cc.Label","node":{"__id__":121},"_srcBlendFactor":1,"_string":"các anh hùng , nhanh chóng cứu","_N$string":"các anh hùng , nhanh chóng cứu","_fontSize":20,"_N$verticalAlign":1}],"_prefab":{"__type__":"cc.PrefabInfo","root":{"__id__":1},"asset":{"__uuid__":"cf5Td+n8JLLKJCUJ/KbLoM"},"fileId":"69u+YPsE9LP6lMzVkPchS4"},"_contentSize":{"__type__":"cc.Size","width":292.5,"height":40},"_anchorPoint":{"__type__":"cc.Vec2"},"_position":{"__type__":"cc.Vec3","x":-150,"y":-20},"_scale":{"__type__":"cc.Vec3","x":1,"y":1,"z":1},"_zIndex":-32768},{"__type__":"cc.PrivateNode","_name":"RICHTEXT_CHILD","_parent":{"__id__":119},"_active":false,"_level":4,"_components":[{"__type__":"cc.Label","node":{"__id__":122},"_srcBlendFactor":1,"_string":"ma vương!","_N$string":"ma vương!","_fontSize":20,"_N$verticalAlign":1}],"_prefab":{"__type__":"cc.PrefabInfo","root":{"__id__":1},"asset":{"__uuid__":"cf5Td+n8JLLKJCUJ/KbLoM"},"fileId":"4dI1aJlQRC9J15MquWG5Gf"},"_contentSize":{"__type__":"cc.Size","width":97.65,"height":40},"_anchorPoint":{"__type__":"cc.Vec2"},"_position":{"__type__":"cc.Vec3","x":-150,"y":-60},"_scale":{"__type__":"cc.Vec3","x":1,"y":1,"z":1},"_zIndex":-32768},{"__type__":"cc.Node","_name":"18","_parent":{"__id__":1},"_children":[{"__id__":124}],"_active":false,"_level":1,"_prefab":{"__type__":"cc.PrefabInfo","root":{"__id__":1},"asset":{"__uuid__":"cf5Td+n8JLLKJCUJ/KbLoM"},"fileId":"bbEJLEBz1Cw6TzWOMhAm15"},"_scale":{"__type__":"cc.Vec3","x":1,"y":1,"z":1}},{"__type__":"cc.Node","_name":"Click","_parent":{"__id__":123},"_children":[{"__id__":125},{"__id__":126}],"_level":2,"_components":[{"__type__":"cc.Animation","node":{"__id__":124},"_clips":[{"__uuid__":"94wJmGt+dPNpI06uhXwzCY"}]}],"_prefab":{"__type__":"cc.PrefabInfo","root":{"__id__":1},"asset":{"__uuid__":"cf5Td+n8JLLKJCUJ/KbLoM"},"fileId":"72R2LqbwdJFL6mYXvKq0ZP"},"_position":{"__type__":"cc.Vec3","x":285,"y":-249},"_scale":{"__type__":"cc.Vec3","x":1,"y":1,"z":1}},{"__type__":"cc.Node","_name":"04","_parent":{"__id__":124},"_level":2,"_components":[{"__type__":"cc.Sprite","node":{"__id__":125},"_spriteFrame":{"__uuid__":"4fqjHk5QpKXb5+6vNInJRZ"}}],"_prefab":{"__type__":"cc.PrefabInfo","root":{"__id__":1},"asset":{"__uuid__":"cf5Td+n8JLLKJCUJ/KbLoM"},"fileId":"28sFTPbmpI95NhRlZm4Yz9"},"_opacity":150,"_contentSize":{"__type__":"cc.Size","width":168,"height":168},"_position":{"__type__":"cc.Vec3","x":-52,"y":17},"_scale":{"__type__":"cc.Vec3","x":0.63,"y":0.63,"z":1}},{"__type__":"cc.Node","_name":"Sprite_FingerSlice","_parent":{"__id__":124},"_level":2,"_components":[{"__type__":"cc.Sprite","node":{"__id__":126},"_spriteFrame":{"__uuid__":"bfqMO7nwVGwrTL1zsPch6h"}}],"_prefab":{"__type__":"cc.PrefabInfo","root":{"__id__":1},"asset":{"__uuid__":"cf5Td+n8JLLKJCUJ/KbLoM"},"fileId":"3a9gN64DxN+pC1zHUZWPkU"},"_contentSize":{"__type__":"cc.Size","width":113,"height":81},"_scale":{"__type__":"cc.Vec3","x":1,"y":1,"z":1}},{"__type__":"cc.Node","_name":"19","_parent":{"__id__":1},"_children":[{"__id__":128},{"__id__":131}],"_active":false,"_level":1,"_prefab":{"__type__":"cc.PrefabInfo","root":{"__id__":1},"asset":{"__uuid__":"cf5Td+n8JLLKJCUJ/KbLoM"},"fileId":"162bVcuntBSJ1QazfUJTWO"},"_position":{"__type__":"cc.Vec3","x":40,"y":-236},"_scale":{"__type__":"cc.Vec3","x":1,"y":1,"z":1}},{"__type__":"cc.Node","_name":"Click","_parent":{"__id__":127},"_children":[{"__id__":129},{"__id__":130}],"_level":2,"_components":[{"__type__":"cc.Animation","node":{"__id__":128},"_clips":[{"__uuid__":"94wJmGt+dPNpI06uhXwzCY"}]}],"_prefab":{"__type__":"cc.PrefabInfo","root":{"__id__":1},"asset":{"__uuid__":"cf5Td+n8JLLKJCUJ/KbLoM"},"fileId":"edZ9n+Fq1Ch6hsmGDPE0yY"},"_position":{"__type__":"cc.Vec3","x":285,"y":-249},"_scale":{"__type__":"cc.Vec3","x":1,"y":1,"z":1}},{"__type__":"cc.Node","_name":"04","_parent":{"__id__":128},"_level":2,"_components":[{"__type__":"cc.Sprite","node":{"__id__":129},"_spriteFrame":{"__uuid__":"4fqjHk5QpKXb5+6vNInJRZ"}}],"_prefab":{"__type__":"cc.PrefabInfo","root":{"__id__":1},"asset":{"__uuid__":"cf5Td+n8JLLKJCUJ/KbLoM"},"fileId":"8ccs1VpSNKtp1Na0YY5DQz"},"_opacity":150,"_contentSize":{"__type__":"cc.Size","width":168,"height":168},"_position":{"__type__":"cc.Vec3","x":-52,"y":17},"_scale":{"__type__":"cc.Vec3","x":0.63,"y":0.63,"z":1}},{"__type__":"cc.Node","_name":"Sprite_FingerSlice","_parent":{"__id__":128},"_level":2,"_components":[{"__type__":"cc.Sprite","node":{"__id__":130},"_spriteFrame":{"__uuid__":"bfqMO7nwVGwrTL1zsPch6h"}}],"_prefab":{"__type__":"cc.PrefabInfo","root":{"__id__":1},"asset":{"__uuid__":"cf5Td+n8JLLKJCUJ/KbLoM"},"fileId":"89VQcrSMNHeq0cCXpo+lU5"},"_contentSize":{"__type__":"cc.Size","width":113,"height":81},"_scale":{"__type__":"cc.Vec3","x":1,"y":1,"z":1}},{"__type__":"cc.Node","_name":"Sprite_ExplianFrame","_parent":{"__id__":127},"_children":[{"__id__":132}],"_level":2,"_components":[{"__type__":"cc.Sprite","node":{"__id__":131},"_spriteFrame":{"__uuid__":"a5hFRR2btHPq6EFlrhK3eL"}}],"_prefab":{"__type__":"cc.PrefabInfo","root":{"__id__":1},"asset":{"__uuid__":"cf5Td+n8JLLKJCUJ/KbLoM"},"fileId":"205D7qcOZCO5W5q/e3qG3E"},"_contentSize":{"__type__":"cc.Size","width":451,"height":147},"_scale":{"__type__":"cc.Vec3","x":1,"y":1,"z":1}},{"__type__":"cc.Node","_name":"New Label","_parent":{"__id__":131},"_children":[{"__id__":133},{"__id__":134},{"__id__":135}],"_level":3,"_components":[{"__type__":"cc.RichText","node":{"__id__":132},"_N$string":"sử dụng kim cương trực tiếp mua siêu ma vương đi!","_N$fontSize":30,"_N$maxWidth":300}],"_prefab":{"__type__":"cc.PrefabInfo","root":{"__id__":1},"asset":{"__uuid__":"cf5Td+n8JLLKJCUJ/KbLoM"},"fileId":"7dyCl5gYJLb6adgN2dHlpb"},"_contentSize":{"__type__":"cc.Size","width":300,"height":120},"_scale":{"__type__":"cc.Vec3","x":1,"y":1,"z":1}},{"__type__":"cc.PrivateNode","_name":"RICHTEXT_CHILD","_parent":{"__id__":132},"_active":false,"_level":4,"_components":[{"__type__":"cc.Label","node":{"__id__":133},"_srcBlendFactor":1,"_string":"sử dụng kim cương tr","_N$string":"sử dụng kim cương tr","_fontSize":30,"_N$verticalAlign":1}],"_prefab":{"__type__":"cc.PrefabInfo","root":{"__id__":1},"asset":{"__uuid__":"cf5Td+n8JLLKJCUJ/KbLoM"},"fileId":"18iSvS3CxKUKaNQDKygBvn"},"_contentSize":{"__type__":"cc.Size","width":288.27,"height":40},"_anchorPoint":{"__type__":"cc.Vec2"},"_position":{"__type__":"cc.Vec3","x":-150,"y":20},"_scale":{"__type__":"cc.Vec3","x":1,"y":1,"z":1},"_zIndex":-32768},{"__type__":"cc.PrivateNode","_name":"RICHTEXT_CHILD","_parent":{"__id__":132},"_active":false,"_level":4,"_components":[{"__type__":"cc.Label","node":{"__id__":134},"_srcBlendFactor":1,"_string":"ực tiếp mua siêu ma","_N$string":"ực tiếp mua siêu ma","_fontSize":30,"_N$verticalAlign":1}],"_prefab":{"__type__":"cc.PrefabInfo","root":{"__id__":1},"asset":{"__uuid__":"cf5Td+n8JLLKJCUJ/KbLoM"},"fileId":"46CGFYRZpBD59CxU2dpPnV"},"_contentSize":{"__type__":"cc.Size","width":271.86,"height":40},"_anchorPoint":{"__type__":"cc.Vec2"},"_position":{"__type__":"cc.Vec3","x":-150,"y":-20},"_scale":{"__type__":"cc.Vec3","x":1,"y":1,"z":1},"_zIndex":-32768},{"__type__":"cc.PrivateNode","_name":"RICHTEXT_CHILD","_parent":{"__id__":132},"_active":false,"_level":4,"_components":[{"__type__":"cc.Label","node":{"__id__":135},"_srcBlendFactor":1,"_string":"vương đi!","_N$string":"vương đi!","_fontSize":30,"_N$verticalAlign":1}],"_prefab":{"__type__":"cc.PrefabInfo","root":{"__id__":1},"asset":{"__uuid__":"cf5Td+n8JLLKJCUJ/KbLoM"},"fileId":"24r/dnA/ZJhZydQIdg+BWw"},"_contentSize":{"__type__":"cc.Size","width":128.14,"height":40},"_anchorPoint":{"__type__":"cc.Vec2"},"_position":{"__type__":"cc.Vec3","x":-150,"y":-60},"_scale":{"__type__":"cc.Vec3","x":1,"y":1,"z":1},"_zIndex":-32768},{"__type__":"cc.Node","_name":"20","_parent":{"__id__":1},"_children":[{"__id__":137}],"_active":false,"_level":1,"_prefab":{"__type__":"cc.PrefabInfo","root":{"__id__":1},"asset":{"__uuid__":"cf5Td+n8JLLKJCUJ/KbLoM"},"fileId":"b6Oss6/NREGr3IbrC4LWHx"},"_position":{"__type__":"cc.Vec3","x":-47,"y":505},"_scale":{"__type__":"cc.Vec3","x":1,"y":1,"z":1}},{"__type__":"cc.Node","_name":"Click","_parent":{"__id__":136},"_children":[{"__id__":138},{"__id__":139}],"_level":2,"_components":[{"__type__":"cc.Animation","node":{"__id__":137},"_clips":[{"__uuid__":"94wJmGt+dPNpI06uhXwzCY"}]}],"_prefab":{"__type__":"cc.PrefabInfo","root":{"__id__":1},"asset":{"__uuid__":"cf5Td+n8JLLKJCUJ/KbLoM"},"fileId":"d5Ie3qfmxB2pjxLNsxPRah"},"_position":{"__type__":"cc.Vec3","x":285,"y":-249},"_scale":{"__type__":"cc.Vec3","x":1,"y":1,"z":1}},{"__type__":"cc.Node","_name":"04","_parent":{"__id__":137},"_level":2,"_components":[{"__type__":"cc.Sprite","node":{"__id__":138},"_spriteFrame":{"__uuid__":"4fqjHk5QpKXb5+6vNInJRZ"}}],"_prefab":{"__type__":"cc.PrefabInfo","root":{"__id__":1},"asset":{"__uuid__":"cf5Td+n8JLLKJCUJ/KbLoM"},"fileId":"9eMtoIFPpOEYEZq44Wq2/D"},"_opacity":150,"_contentSize":{"__type__":"cc.Size","width":168,"height":168},"_position":{"__type__":"cc.Vec3","x":-52,"y":17},"_scale":{"__type__":"cc.Vec3","x":0.63,"y":0.63,"z":1}},{"__type__":"cc.Node","_name":"Sprite_FingerSlice","_parent":{"__id__":137},"_level":2,"_components":[{"__type__":"cc.Sprite","node":{"__id__":139},"_spriteFrame":{"__uuid__":"bfqMO7nwVGwrTL1zsPch6h"}}],"_prefab":{"__type__":"cc.PrefabInfo","root":{"__id__":1},"asset":{"__uuid__":"cf5Td+n8JLLKJCUJ/KbLoM"},"fileId":"71WIe4UI9I/JpM6Fyin+qc"},"_contentSize":{"__type__":"cc.Size","width":113,"height":81},"_scale":{"__type__":"cc.Vec3","x":1,"y":1,"z":1}},{"__type__":"cc.Node","_name":"21","_parent":{"__id__":1},"_children":[{"__id__":141}],"_active":false,"_level":1,"_prefab":{"__type__":"cc.PrefabInfo","root":{"__id__":1},"asset":{"__uuid__":"cf5Td+n8JLLKJCUJ/KbLoM"},"fileId":"30/FdrD79Bu67IWDdizn9S"},"_position":{"__type__":"cc.Vec3","x":-47,"y":505},"_scale":{"__type__":"cc.Vec3","x":1,"y":1,"z":1}},{"__type__":"cc.Node","_name":"Click","_parent":{"__id__":140},"_children":[{"__id__":142},{"__id__":143}],"_level":2,"_components":[{"__type__":"cc.Animation","node":{"__id__":141},"_clips":[{"__uuid__":"94wJmGt+dPNpI06uhXwzCY"}]}],"_prefab":{"__type__":"cc.PrefabInfo","root":{"__id__":1},"asset":{"__uuid__":"cf5Td+n8JLLKJCUJ/KbLoM"},"fileId":"26V/2RDEBMDL3iM09CKgxX"},"_position":{"__type__":"cc.Vec3","x":-90,"y":-436},"_scale":{"__type__":"cc.Vec3","x":1,"y":1,"z":1}},{"__type__":"cc.Node","_name":"04","_parent":{"__id__":141},"_level":2,"_components":[{"__type__":"cc.Sprite","node":{"__id__":142},"_spriteFrame":{"__uuid__":"4fqjHk5QpKXb5+6vNInJRZ"}}],"_prefab":{"__type__":"cc.PrefabInfo","root":{"__id__":1},"asset":{"__uuid__":"cf5Td+n8JLLKJCUJ/KbLoM"},"fileId":"f4AML/QJ5A95PiEPaIN9H+"},"_opacity":150,"_contentSize":{"__type__":"cc.Size","width":168,"height":168},"_position":{"__type__":"cc.Vec3","x":-52,"y":17},"_scale":{"__type__":"cc.Vec3","x":0.63,"y":0.63,"z":1}},{"__type__":"cc.Node","_name":"Sprite_FingerSlice","_parent":{"__id__":141},"_level":2,"_components":[{"__type__":"cc.Sprite","node":{"__id__":143},"_spriteFrame":{"__uuid__":"bfqMO7nwVGwrTL1zsPch6h"}}],"_prefab":{"__type__":"cc.PrefabInfo","root":{"__id__":1},"asset":{"__uuid__":"cf5Td+n8JLLKJCUJ/KbLoM"},"fileId":"7f7Cg6DDpGSIV8GtS1cgL8"},"_contentSize":{"__type__":"cc.Size","width":113,"height":81},"_scale":{"__type__":"cc.Vec3","x":1,"y":1,"z":1}},{"__type__":"cc.Node","_name":"22","_parent":{"__id__":1},"_children":[{"__id__":145},{"__id__":148}],"_active":false,"_level":1,"_prefab":{"__type__":"cc.PrefabInfo","root":{"__id__":1},"asset":{"__uuid__":"cf5Td+n8JLLKJCUJ/KbLoM"},"fileId":"3d9pZPpU1BZrTm1UFFflHS"},"_position":{"__type__":"cc.Vec3","x":-47,"y":505},"_scale":{"__type__":"cc.Vec3","x":1,"y":1,"z":1}},{"__type__":"cc.Node","_name":"Click","_parent":{"__id__":144},"_children":[{"__id__":146},{"__id__":147}],"_level":2,"_components":[{"__type__":"cc.Animation","node":{"__id__":145},"_clips":[{"__uuid__":"94wJmGt+dPNpI06uhXwzCY"}]}],"_prefab":{"__type__":"cc.PrefabInfo","root":{"__id__":1},"asset":{"__uuid__":"cf5Td+n8JLLKJCUJ/KbLoM"},"fileId":"6a4YoHS+hKELYtoW79L2ae"},"_position":{"__type__":"cc.Vec3","x":193,"y":-103},"_scale":{"__type__":"cc.Vec3","x":1,"y":1,"z":1}},{"__type__":"cc.Node","_name":"04","_parent":{"__id__":145},"_level":2,"_components":[{"__type__":"cc.Sprite","node":{"__id__":146},"_spriteFrame":{"__uuid__":"4fqjHk5QpKXb5+6vNInJRZ"}}],"_prefab":{"__type__":"cc.PrefabInfo","root":{"__id__":1},"asset":{"__uuid__":"cf5Td+n8JLLKJCUJ/KbLoM"},"fileId":"0aDfIurqJGvK2bC2s1U0Zd"},"_opacity":150,"_contentSize":{"__type__":"cc.Size","width":168,"height":168},"_position":{"__type__":"cc.Vec3","x":-52,"y":17},"_scale":{"__type__":"cc.Vec3","x":0.63,"y":0.63,"z":1}},{"__type__":"cc.Node","_name":"Sprite_FingerSlice","_parent":{"__id__":145},"_level":2,"_components":[{"__type__":"cc.Sprite","node":{"__id__":147},"_spriteFrame":{"__uuid__":"bfqMO7nwVGwrTL1zsPch6h"}}],"_prefab":{"__type__":"cc.PrefabInfo","root":{"__id__":1},"asset":{"__uuid__":"cf5Td+n8JLLKJCUJ/KbLoM"},"fileId":"2f8vYf5r5EPosUwqry8/c8"},"_contentSize":{"__type__":"cc.Size","width":113,"height":81},"_scale":{"__type__":"cc.Vec3","x":1,"y":1,"z":1}},{"__type__":"cc.Node","_name":"Sprite_ExplianFrame","_parent":{"__id__":144},"_children":[{"__id__":149}],"_level":2,"_components":[{"__type__":"cc.Sprite","node":{"__id__":148},"_spriteFrame":{"__uuid__":"a5hFRR2btHPq6EFlrhK3eL"}}],"_prefab":{"__type__":"cc.PrefabInfo","root":{"__id__":1},"asset":{"__uuid__":"cf5Td+n8JLLKJCUJ/KbLoM"},"fileId":"03kHtMUFFKsp51iKKR1GGh"},"_contentSize":{"__type__":"cc.Size","width":451,"height":147},"_position":{"__type__":"cc.Vec3","x":66,"y":-458},"_scale":{"__type__":"cc.Vec3","x":1,"y":1,"z":1}},{"__type__":"cc.Node","_name":"New Label","_parent":{"__id__":148},"_level":3,"_components":[{"__type__":"cc.Label","node":{"__id__":149},"_srcBlendFactor":1,"_useOriginalSize":false,"_string":"Mỗi ngày đều có thể nhận ác vương mạnh hơn!","_N$string":"Mỗi ngày đều có thể nhận ác vương mạnh hơn!","_fontSize":20,"_N$horizontalAlign":1,"_N$verticalAlign":1}],"_prefab":{"__type__":"cc.PrefabInfo","root":{"__id__":1},"asset":{"__uuid__":"cf5Td+n8JLLKJCUJ/KbLoM"},"fileId":"88D8JLJi5Eb5AwibWokL3N"},"_contentSize":{"__type__":"cc.Size","width":423.21,"height":40},"_scale":{"__type__":"cc.Vec3","x":1,"y":1,"z":1}},{"__type__":"cc.Node","_name":"23","_parent":{"__id__":1},"_children":[{"__id__":151}],"_active":false,"_level":1,"_prefab":{"__type__":"cc.PrefabInfo","root":{"__id__":1},"asset":{"__uuid__":"cf5Td+n8JLLKJCUJ/KbLoM"},"fileId":"4e+THyiL1AULMITkrn7+L/"},"_position":{"__type__":"cc.Vec3","x":-47,"y":505},"_scale":{"__type__":"cc.Vec3","x":1,"y":1,"z":1}},{"__type__":"cc.Node","_name":"Click","_parent":{"__id__":150},"_children":[{"__id__":152},{"__id__":153}],"_level":2,"_components":[{"__type__":"cc.Animation","node":{"__id__":151},"_clips":[{"__uuid__":"94wJmGt+dPNpI06uhXwzCY"}]}],"_prefab":{"__type__":"cc.PrefabInfo","root":{"__id__":1},"asset":{"__uuid__":"cf5Td+n8JLLKJCUJ/KbLoM"},"fileId":"9bw1gvJuJJbpE7r+2cjZ92"},"_position":{"__type__":"cc.Vec3","x":305,"y":-255},"_scale":{"__type__":"cc.Vec3","x":1,"y":1,"z":1}},{"__type__":"cc.Node","_name":"04","_parent":{"__id__":151},"_level":2,"_components":[{"__type__":"cc.Sprite","node":{"__id__":152},"_spriteFrame":{"__uuid__":"4fqjHk5QpKXb5+6vNInJRZ"}}],"_prefab":{"__type__":"cc.PrefabInfo","root":{"__id__":1},"asset":{"__uuid__":"cf5Td+n8JLLKJCUJ/KbLoM"},"fileId":"bbsdICZEBGzqvSo0z/6D4+"},"_opacity":150,"_contentSize":{"__type__":"cc.Size","width":168,"height":168},"_position":{"__type__":"cc.Vec3","x":-52,"y":17},"_scale":{"__type__":"cc.Vec3","x":0.63,"y":0.63,"z":1}},{"__type__":"cc.Node","_name":"Sprite_FingerSlice","_parent":{"__id__":151},"_level":2,"_components":[{"__type__":"cc.Sprite","node":{"__id__":153},"_spriteFrame":{"__uuid__":"bfqMO7nwVGwrTL1zsPch6h"}}],"_prefab":{"__type__":"cc.PrefabInfo","root":{"__id__":1},"asset":{"__uuid__":"cf5Td+n8JLLKJCUJ/KbLoM"},"fileId":"27x+YTAa1NLLk4WFWDIdcG"},"_contentSize":{"__type__":"cc.Size","width":113,"height":81},"_scale":{"__type__":"cc.Vec3","x":1,"y":1,"z":1}}],{"__type__":"cc.SpriteFrame","content":{"name":"Sprite_Finger","texture":"251cu4R9RNhaz7s+7kG4DP","rect":[0,0,105,101],"offset":[0,0],"originalSize":[105,101],"capInsets":[0,0,0,0]}},{"__type__":"cc.AnimationClip","_name":"Step_3","_duration":0.6666666666666666,"wrapMode":"2","curveData":{"paths":{"Sprite_Finger":{"props":{"position":[{"frame":0,"value":[-4,0]},{"frame":0.45,"value":[32,0]}],"opacity":[{"frame":0.4,"value":255},{"frame":0.6333333333333333,"value":0}]}},"Sprite_Jiantou":{"props":{"opacity":[{"frame":0,"value":0},{"frame":0.4,"value":255},{"frame":0.6666666666666666,"value":0}]}}}}}]