[{"__type__":"cc.SpriteFrame","content":{"name":"yz01_01","texture":"a7AZziRmNI641fWrWfgZs0","rect":[0,0,38,43],"offset":[0,0],"originalSize":[38,43],"capInsets":[0,0,0,0]}},{"__type__":"cc.AnimationClip","_name":"100001Die","_duration":1.45,"wrapMode":"1","curveData":{"paths":{"ren/yz01_15":{"props":{"position":[{"frame":0,"value":[7.28,-31.16]},{"frame":0.08333333333333333,"value":[8,-29.8]}],"rotation":[{"frame":0,"value":0},{"frame":0.08333333333333333,"value":0},{"frame":0.2,"value":88},{"frame":0.5333333333333333,"value":88}],"opacity":[{"frame":0,"value":255},{"frame":0.5333333333333333,"value":255},{"frame":0.7,"value":0}]}},"ren/yz01_13":{"props":{"position":[{"frame":0,"value":[6.3,-15.8]},{"frame":0.08333333333333333,"value":[6.3,-15.8]},{"frame":0.2,"value":[8,-26.2]},{"frame":0.5333333333333333,"value":[8,-26.2]}],"rotation":[{"frame":0,"value":0},{"frame":0.08333333333333333,"value":-11},{"frame":0.2,"value":-11},{"frame":0.5333333333333333,"value":-11}],"opacity":[{"frame":0,"value":255},{"frame":0.5333333333333333,"value":255},{"frame":0.7,"value":0}]}},"ren/yz01_12":{"props":{"position":[{"frame":0,"value":[-4.5,-16.1]},{"frame":0.08333333333333333,"value":[-4.5,-16.1]},{"frame":0.2,"value":[-2.3,-27.9]},{"frame":0.5333333333333333,"value":[-2.3,-27.9]}],"rotation":[{"frame":0,"value":0},{"frame":0.08333333333333333,"value":0},{"frame":0.2,"value":-22},{"frame":0.5333333333333333,"value":-22}],"opacity":[{"frame":0,"value":255},{"frame":0.5333333333333333,"value":255},{"frame":0.7,"value":0}]}},"ren/yz01_14":{"props":{"position":[{"frame":0,"value":[-7.57,-28.92]},{"frame":0.08333333333333333,"value":[-7.57,-28.92]},{"frame":0.2,"value":[-4.86,-33.3]},{"frame":0.5333333333333333,"value":[-4.86,-33.3]}],"rotation":[{"frame":0,"value":0},{"frame":0.08333333333333333,"value":0},{"frame":0.2,"value":80},{"frame":0.5333333333333333,"value":80}],"opacity":[{"frame":0,"value":255},{"frame":0.5333333333333333,"value":255},{"frame":0.7,"value":0}]}},"ren/yz01_10":{"props":{"rotation":[{"frame":0,"value":0},{"frame":0.08333333333333333,"value":5},{"frame":0.2,"value":-35},{"frame":0.5333333333333333,"value":-35}],"position":[{"frame":0,"value":[-8.3,8.9]},{"frame":0.08333333333333333,"value":[-8.3,8.9]},{"frame":0.2,"value":[-4.3,-2.4]},{"frame":0.5333333333333333,"value":[-4.3,-2.4]}],"opacity":[{"frame":0,"value":255},{"frame":0.5333333333333333,"value":255},{"frame":0.7,"value":0}]}},"ren/yz01_10/yz01_11":{"props":{"rotation":[{"frame":0,"value":0},{"frame":0.08333333333333333,"value":0},{"frame":0.2,"value":31},{"frame":0.5333333333333333,"value":31}],"opacity":[{"frame":0,"value":255}]}},"ren/yz01_01":{"props":{"position":[{"frame":0,"value":[20.6,-3]},{"frame":0.08333333333333333,"value":[20.6,0.5]},{"frame":0.2,"value":[27.7,-22.4]},{"frame":0.2833333333333333,"value":[29.5,-22.4]},{"frame":0.36666666666666664,"value":[27.7,-22.4]},{"frame":0.45,"value":[27.7,-22.4]},{"frame":0.5666666666666667,"value":[17.4,-29.1]},{"frame":1.0333333333333334,"value":[17.4,-29.1]}],"scale":[{"frame":0,"value":{"__type__":"cc.Vec2","x":1,"y":1}},{"frame":0.08333333333333333,"value":{"__type__":"cc.Vec2","x":1,"y":1}}],"rotation":[{"frame":0,"value":0},{"frame":0.08333333333333333,"value":0},{"frame":0.2,"value":11},{"frame":0.2833333333333333,"value":11},{"frame":0.36666666666666664,"value":11},{"frame":0.45,"value":11},{"frame":0.5666666666666667,"value":-90},{"frame":1.0333333333333334,"value":-90}],"opacity":[{"frame":0.5666666666666667,"value":255},{"frame":1.0333333333333334,"value":255},{"frame":1.2833333333333334,"value":0},{"frame":1.45,"value":0}]},"comps":{"cc.Sprite":{"spriteFrame":[{"frame":0,"value":{"__uuid__":"c98pxMw2pFSZUanTq0QDYe"}}]}}},"ren/tou/yz01_08":{"props":{"rotation":[{"frame":0,"value":0},{"frame":0.08333333333333333,"value":22},{"frame":0.2,"value":-12},{"frame":0.5333333333333333,"value":-12}],"position":[{"frame":0,"value":[-27.3,18.3]},{"frame":0.08333333333333333,"value":[-27.3,18.3]},{"frame":0.2,"value":[-21.5,8.7]},{"frame":0.5333333333333333,"value":[-21.5,8.7]}]}},"ren/tou/yz01_06":{"props":{"position":[{"frame":0,"value":[7.4,14.7]},{"frame":0.08333333333333333,"value":[7.9,16.9]},{"frame":0.2,"value":[8.1,8.9]},{"frame":0.5333333333333333,"value":[8.1,8.9]}]}},"ren/tou/yz01_02":{"props":{"rotation":[{"frame":0,"value":-9},{"frame":0.08333333333333333,"value":-9}],"position":[{"frame":0,"value":[17.6,44.1]},{"frame":0.08333333333333333,"value":[17.6,44.1]},{"frame":0.2,"value":[15.1,38.2]},{"frame":0.5333333333333333,"value":[15.1,38.2]}]}},"ren/tou/yz01_04":{"props":{"rotation":[{"frame":0,"value":0},{"frame":0.08333333333333333,"value":13},{"frame":0.2,"value":-47},{"frame":0.5333333333333333,"value":-47}],"opacity":[{"frame":0,"value":255}]}},"ren/tou/yz01_03":{"props":{"position":[{"frame":0,"value":[2.7,31]},{"frame":0.08333333333333333,"value":[2.7,31]},{"frame":0.2,"value":[2.5,24.2]},{"frame":0.5333333333333333,"value":[2.5,24.2]}],"scale":[{"frame":0,"value":{"__type__":"cc.Vec2","x":1,"y":1}},{"frame":0.08333333333333333,"value":{"__type__":"cc.Vec2","x":1,"y":1}},{"frame":0.2,"value":{"__type__":"cc.Vec2","x":1,"y":1}},{"frame":0.5333333333333333,"value":{"__type__":"cc.Vec2","x":1,"y":1}}]}},"ren/tou":{"props":{"position":[{"frame":0,"value":[-2.6,10.3]},{"frame":0.08333333333333333,"value":[-2.6,10.3]},{"frame":0.2,"value":[3.5,-7.6]},{"frame":0.2833333333333333,"value":[5.3,-8.8]},{"frame":0.36666666666666664,"value":[3.5,-7.6]},{"frame":0.5333333333333333,"value":[3.5,-7.6]}],"rotation":[{"frame":0,"value":0},{"frame":0.08333333333333333,"value":-6},{"frame":0.2,"value":12},{"frame":0.2833333333333333,"value":12},{"frame":0.36666666666666664,"value":12},{"frame":0.5333333333333333,"value":12}],"opacity":[{"frame":0,"value":255},{"frame":0.5333333333333333,"value":255},{"frame":0.7,"value":0}]}},"ren/tou/yz01_05":{"props":{"scale":[{"frame":0,"value":{"__type__":"cc.Vec2","x":1,"y":1}},{"frame":0.08333333333333333,"value":{"__type__":"cc.Vec2","x":1,"y":1}},{"frame":0.2,"value":{"__type__":"cc.Vec2","x":1,"y":0.92}},{"frame":0.5333333333333333,"value":{"__type__":"cc.Vec2","x":1,"y":0.92}}],"position":[{"frame":0,"value":[1.7,28]},{"frame":0.08333333333333333,"value":[1.7,28]},{"frame":0.2,"value":[2.3,24]},{"frame":0.5333333333333333,"value":[2.3,24]}]}},"ren/tou/yz01_07":{"props":{"position":[{"frame":0,"value":[-1.1,34.1]},{"frame":0.08333333333333333,"value":[-1.1,34.1]}],"scale":[{"frame":0,"value":{"__type__":"cc.Vec2","x":1,"y":1}},{"frame":0.08333333333333333,"value":{"__type__":"cc.Vec2","x":1,"y":1}},{"frame":0.2,"value":{"__type__":"cc.Vec2","x":1,"y":1}},{"frame":0.5333333333333333,"value":{"__type__":"cc.Vec2","x":1,"y":1}}]}},"ren/yz01_09":{"props":{"rotation":[{"frame":0,"value":5},{"frame":0.08333333333333333,"value":5},{"frame":0.2,"value":19},{"frame":0.5333333333333333,"value":19}],"scale":[{"frame":0,"value":{"__type__":"cc.Vec2","x":1.03,"y":1}},{"frame":0.08333333333333333,"value":{"__type__":"cc.Vec2","x":1.03,"y":1}}],"position":[{"frame":0,"value":[0.1,11.3]},{"frame":0.08333333333333333,"value":[0.1,11.3]},{"frame":0.2,"value":[5.9,-2.7]},{"frame":0.5333333333333333,"value":[5.9,-2.7]}],"opacity":[{"frame":0,"value":255},{"frame":0.5333333333333333,"value":255},{"frame":0.7,"value":0}]}},"a":{"props":{"scale":[{"frame":0,"value":{"__type__":"cc.Vec2","x":1,"y":1}},{"frame":0.08333333333333333,"value":{"__type__":"cc.Vec2","x":0.91,"y":1}},{"frame":0.2,"value":{"__type__":"cc.Vec2","x":1.16,"y":1}}],"opacity":[{"frame":0.5333333333333333,"value":255},{"frame":0.7,"value":0}]}},"ren/tou/yz02_02":{"props":{"opacity":[{"frame":0,"value":0}]}}}},"events":[{"frame":0.7,"func":"AfterMonsterDie","params":[]}]}]