[{"__type__":"cc.SpriteFrame","content":{"name":"bg","texture":"0dCEyPia9ChLZ5R45FWy3I","rect":[0,1,750,1102],"offset":[0,-0.5],"originalSize":[750,1103],"capInsets":[0,0,0,0]}},{"__type__":"cc.SpriteFrame","content":{"name":"btnStart","texture":"17225147d","rect":[630,3,400,132],"offset":[-0.5,0],"originalSize":[401,138],"rotated":1,"capInsets":[0,0,0,0]}},{"__type__":"cc.SpriteFrame","content":{"name":"logo","texture":"17225147d","rect":[3,3,621,228],"offset":[0,0],"originalSize":[621,228],"capInsets":[0,0,0,0]}}]