[{"__type__":"cc.SpriteFrame","content":{"name":"矩形 7@2x","texture":"1cb438d4b","rect":[3,662,116,28],"offset":[0,0],"originalSize":[116,28],"rotated":1,"capInsets":[0,0,0,0]}},[{"__type__":"cc.Prefab","_name":"TiYan","data":{"__id__":1}},{"__type__":"cc.Node","_name":"TiYan","_children":[{"__id__":2},{"__id__":4}],"_level":1,"_prefab":{"__type__":"cc.PrefabInfo","root":{"__id__":1},"asset":{"__uuid__":"e3y4bZu3RA9KZyqlhAAI/v"},"fileId":"6dPLwvR+FEqLZeq+OzOWfi"},"_scale":{"__type__":"cc.Vec3","x":1,"y":1,"z":1}},{"__type__":"cc.Node","_name":"icon","_parent":{"__id__":1},"_children":[{"__id__":3}],"_level":2,"_components":[{"__type__":"cc.Sprite","node":{"__id__":2},"_spriteFrame":{"__uuid__":"31bd8gH5pHHJDn8+7Wsz1p"},"_sizeMode":0}],"_prefab":{"__type__":"cc.PrefabInfo","root":{"__id__":1},"asset":{"__uuid__":"e3y4bZu3RA9KZyqlhAAI/v"},"fileId":"58Ictkn1pDMainJGzBgs29"},"_contentSize":{"__type__":"cc.Size","width":100,"height":28},"_scale":{"__type__":"cc.Vec3","x":1,"y":1,"z":1}},{"__type__":"cc.Node","_name":"New Label","_parent":{"__id__":2},"_level":3,"_components":[{"__type__":"cc.Label","node":{"__id__":3},"_srcBlendFactor":1,"_useOriginalSize":false,"_string":"Left     today","_N$string":"Left     today","_fontSize":18,"_N$horizontalAlign":1,"_N$verticalAlign":1}],"_prefab":{"__type__":"cc.PrefabInfo","root":{"__id__":1},"asset":{"__uuid__":"e3y4bZu3RA9KZyqlhAAI/v"},"fileId":"168ZZy421E8YO20uuPn+r+"},"_contentSize":{"__type__":"cc.Size","width":99.06,"height":40},"_scale":{"__type__":"cc.Vec3","x":1,"y":1,"z":1}},{"__type__":"cc.Node","_name":"Label","_parent":{"__id__":1},"_level":2,"_components":[{"__type__":"cc.Label","node":{"__id__":4},"_srcBlendFactor":1,"_useOriginalSize":false,"_string":"10","_N$string":"10","_fontSize":20,"_lineHeight":30,"_N$horizontalAlign":1,"_N$verticalAlign":1,"_N$fontFamily":"宋体"}],"_prefab":{"__type__":"cc.PrefabInfo","root":{"__id__":1},"asset":{"__uuid__":"e3y4bZu3RA9KZyqlhAAI/v"},"fileId":"87K5JE8pZE67FA9xwTQ2Qm"},"_color":{"__type__":"cc.Color","r":216,"g":255},"_contentSize":{"__type__":"cc.Size","width":20,"height":30},"_position":{"__type__":"cc.Vec3","x":-6.800000000000001},"_scale":{"__type__":"cc.Vec3","x":1,"y":1,"z":1}}]]