[{"__type__":"cc.SpriteFrame","content":{"name":"li_pin_04","texture":"7cdNlO3NNPqb7IlviaX10V","rect":[34,29,175,156],"offset":[1,-6],"originalSize":[241,202],"capInsets":[0,0,0,0]}},{"__type__":"cc.SpriteFrame","content":{"name":"li_pin_06","texture":"7cgB2IC+ZDO7x/1iTdTFww","rect":[12,27,219,161],"offset":[1,-6.5],"originalSize":[241,202],"capInsets":[0,0,0,0]}},{"__type__":"cc.SpriteFrame","content":{"name":"li_pin_07","texture":"45wI2e3mNElKxCwho7Y/0r","rect":[20,26,202,163],"offset":[0.5,-6.5],"originalSize":[241,202],"capInsets":[0,0,0,0]}},{"__type__":"cc.SpriteFrame","content":{"name":"li_pin_03","texture":"38wgGC1hNNWKUajE8Rv4zw","rect":[20,27,202,161],"offset":[0.5,-6.5],"originalSize":[241,202],"capInsets":[0,0,0,0]}},{"__type__":"cc.SpriteFrame","content":{"name":"li_pin_02","texture":"6eKjFdxjlPpI9ZxDiNrCr+","rect":[12,27,219,161],"offset":[1,-6.5],"originalSize":[241,202],"capInsets":[0,0,0,0]}},{"__type__":"cc.SpriteFrame","content":{"name":"li_pin_08","texture":"cbJY/4bCxIzbV6HGlLRwhV","rect":[34,24,175,167],"offset":[1,-6.5],"originalSize":[241,202],"capInsets":[0,0,0,0]}},{"__type__":"cc.SpriteFrame","content":{"name":"li_pin_01","texture":"68d5YA7V5CxLKTvvSI7sw7","rect":[20,26,202,163],"offset":[0.5,-6.5],"originalSize":[241,202],"capInsets":[0,0,0,0]}},{"__type__":"cc.AnimationClip","_name":"li_pin","_duration":1,"sample":24,"wrapMode":"2","curveData":{"comps":{"cc.Sprite":{"spriteFrame":[{"frame":0,"value":{"__uuid__":"88PFiAN0lOkKMF+kMOFCnl"}},{"frame":0.125,"value":{"__uuid__":"69uMvycVhEbIQnyd+lvZ8z"}},{"frame":0.25,"value":{"__uuid__":"59oavxIshG2Z6bBr/wOHHD"}},{"frame":0.375,"value":{"__uuid__":"00bqrJZwtIapr+Pr+i62eX"}},{"frame":0.5,"value":{"__uuid__":"b8KYs6l0lJ2LFlCr+ElTDy"}},{"frame":0.625,"value":{"__uuid__":"0ePn3jI/pK8JThb3vPZrZX"}},{"frame":0.75,"value":{"__uuid__":"4517fo1MlLWYzQ4Fg9EA3H"}},{"frame":0.875,"value":{"__uuid__":"7f1ODuPj9CyryJ2Dt6DOdY"}},{"frame":0.9583333333333334,"value":{"__uuid__":"7f1ODuPj9CyryJ2Dt6DOdY"}}]}}}},{"__type__":"cc.SpriteFrame","content":{"name":"li_pin_05","texture":"bf4v6/9oJJP7mlP9TDL0v6","rect":[20,27,202,161],"offset":[0.5,-6.5],"originalSize":[241,202],"capInsets":[0,0,0,0]}}]