[{"__type__":"cc.SpriteFrame","content":{"name":"gong_09","texture":"f3sejzQ79G6ZZBWcnfwmgV","rect":[0,0,183,356],"offset":[0,0],"originalSize":[183,356],"capInsets":[0,0,0,0]}},{"__type__":"cc.SpriteFrame","content":{"name":"gong_06","texture":"71N7A/XNtA+ocGBizIxitO","rect":[0,0,183,356],"offset":[0,0],"originalSize":[183,356],"capInsets":[0,0,0,0]}},{"__type__":"cc.SpriteFrame","content":{"name":"gong_08","texture":"ddabruyZ5FTq9nqscZRgk/","rect":[0,0,183,356],"offset":[0,0],"originalSize":[183,356],"capInsets":[0,0,0,0]}},{"__type__":"cc.SpriteFrame","content":{"name":"gong_01","texture":"00fbDTWC1CSZrbNWFC+ed/","rect":[0,0,183,356],"offset":[0,0],"originalSize":[183,356],"capInsets":[0,0,0,0]}},{"__type__":"cc.SpriteFrame","content":{"name":"gong_10","texture":"aaiV9tBXtIVZZAdsyAZ2Jv","rect":[0,0,183,356],"offset":[0,0],"originalSize":[183,356],"capInsets":[0,0,0,0]}},{"__type__":"cc.SpriteFrame","content":{"name":"gong_03","texture":"47GJe2HkROpZ5Csj/RmX2n","rect":[0,0,183,356],"offset":[0,0],"originalSize":[183,356],"capInsets":[0,0,0,0]}},{"__type__":"cc.SpriteFrame","content":{"name":"gong_14","texture":"eb559T64BDOJjfyNmJcG5Z","rect":[0,0,183,356],"offset":[0,0],"originalSize":[183,356],"capInsets":[0,0,0,0]}},{"__type__":"cc.SpriteFrame","content":{"name":"gong_12","texture":"faBQYGfnhG066RoEBK9JPA","rect":[0,0,183,356],"offset":[0,0],"originalSize":[183,356],"capInsets":[0,0,0,0]}},{"__type__":"cc.SpriteFrame","content":{"name":"gong_05","texture":"e8aKPdjZxLIYyMs3DVOwW/","rect":[0,0,183,356],"offset":[0,0],"originalSize":[183,356],"capInsets":[0,0,0,0]}},{"__type__":"cc.SpriteFrame","content":{"name":"gong_11","texture":"84iqYg3eRHy4cSFEBB5zm0","rect":[0,0,183,356],"offset":[0,0],"originalSize":[183,356],"capInsets":[0,0,0,0]}},{"__type__":"cc.SpriteFrame","content":{"name":"gong_13","texture":"6ezq2ZXB1KnrKTmfv1n16z","rect":[0,0,183,356],"offset":[0,0],"originalSize":[183,356],"capInsets":[0,0,0,0]}},{"__type__":"cc.SpriteFrame","content":{"name":"gong_04","texture":"c8D4SjLO9IQ49hB5Y+1BPr","rect":[0,0,183,356],"offset":[0,0],"originalSize":[183,356],"capInsets":[0,0,0,0]}},{"__type__":"cc.SpriteFrame","content":{"name":"gong_02","texture":"2bR1t8JOhPtIvrzNLHv5G4","rect":[0,0,183,356],"offset":[0,0],"originalSize":[183,356],"capInsets":[0,0,0,0]}},{"__type__":"cc.AnimationClip","_name":"gong","_duration":1.1666666666666667,"sample":12,"wrapMode":"2","curveData":{"paths":{"gong_01":{"comps":{"cc.Sprite":{"spriteFrame":[{"frame":0,"value":{"__uuid__":"3bS/RbrQtP6YqrL+Uk683g"}},{"frame":0.08333333333333333,"value":{"__uuid__":"cfnfTxQJRFyZisxq3kw5Mc"}},{"frame":0.16666666666666666,"value":{"__uuid__":"644RfZCKxFep9WO+Vl6W8M"}},{"frame":0.25,"value":{"__uuid__":"cc5rutiahJA6K/K8VHcojG"}},{"frame":0.3333333333333333,"value":{"__uuid__":"b98VojQKFCVorsEYFHDlhy"}},{"frame":0.4166666666666667,"value":{"__uuid__":"22OOXNcFdOqp4lHhNy6qOE"}},{"frame":0.5,"value":{"__uuid__":"ech3NM9+BHirNzSN3fwXax"}},{"frame":0.5833333333333334,"value":{"__uuid__":"37pY45Z8FEmpdXu8wtW0xK"}},{"frame":0.6666666666666666,"value":{"__uuid__":"11V6gva+BB2bKD9nFisNN9"}},{"frame":0.75,"value":{"__uuid__":"54srDfarJJ+IYfY1JDaupU"}},{"frame":0.8333333333333334,"value":{"__uuid__":"c7GlHVcQRHgan7ynm/toXb"}},{"frame":0.9166666666666666,"value":{"__uuid__":"9233W4x/hNMYzjdNUFg9Y1"}},{"frame":1,"value":{"__uuid__":"catfajt8RFPYI52wpvY10E"}},{"frame":1.0833333333333333,"value":{"__uuid__":"887ijHjb5D26jgoSgq2+yp"}}]}}}}}},{"__type__":"cc.SpriteFrame","content":{"name":"gong_07","texture":"8eQULgkTVOS6qNnfmnIeyK","rect":[0,0,183,356],"offset":[0,0],"originalSize":[183,356],"capInsets":[0,0,0,0]}}]