[{"__type__":"cc.SpriteFrame","content":{"name":"Sprite_TestPlayExplain","texture":"64WovU0F1IO4/tF9CY3d4v","rect":[0,0,531,40],"offset":[0,0],"originalSize":[531,40],"capInsets":[0,0,0,0]}},{"__type__":"cc.SpriteFrame","content":{"name":"tp_PureColorBg","texture":"a8Anh32NZGRZegUtSgEj26","rect":[0,0,2,2],"offset":[0,0],"originalSize":[2,2],"capInsets":[0,0,0,0]}},{"__type__":"cc.SpriteFrame","content":{"name":"Btn_Get","texture":"c1rVRmVdxEM4qqL0CP7AEo","rect":[0,0,93,50],"offset":[0,0],"originalSize":[93,50],"capInsets":[0,0,0,0]}},{"__type__":"cc.SpriteFrame","content":{"name":"Sprite_TestPlayBg","texture":"d5DEQ1VfVEFJtUDsTf95Ve","rect":[0,0,684,901],"offset":[0,0],"originalSize":[684,901],"capInsets":[0,0,0,0]}},{"__type__":"cc.SpriteFrame","content":{"name":"Sprite_TestPlayLabel","texture":"48tsIjAipD86ENuYS57Uag","rect":[0,0,265,50],"offset":[0,0],"originalSize":[265,50],"capInsets":[0,0,0,0]}},{"__type__":"cc.SpriteFrame","content":{"name":"Btn_Close2","texture":"22HhsVVUpFfJHscC11ZmYv","rect":[0,0,81,84],"offset":[0,0],"originalSize":[81,84],"capInsets":[0,0,0,0]}},[{"__type__":"cc.Prefab","_name":"TestPlayGamePage","data":{"__id__":1}},{"__type__":"cc.Node","_name":"TestPlayGamePage","_children":[{"__id__":2},{"__id__":3},{"__id__":47}],"_level":1,"_components":[{"__type__":"ac481mlxd1L7JxB0QOyikil","node":{"__id__":1},"m_OtherGameControl":[{"__id__":7},{"__id__":11},{"__id__":15},{"__id__":19},{"__id__":23},{"__id__":27},{"__id__":31},{"__id__":35},{"__id__":39},{"__id__":43}],"Btn_Close":{"__id__":47}}],"_prefab":{"__type__":"cc.PrefabInfo","root":{"__id__":1},"asset":{"__uuid__":"d3jx7beSBLao2ioiuQLZhm"},"fileId":"d5lkZFnzxNpYyfpi2jQAn3"},"_scale":{"__type__":"cc.Vec3","x":1,"y":1,"z":1}},{"__type__":"cc.Node","_name":"PureColorBg","_parent":{"__id__":1},"_level":2,"_components":[{"__type__":"cc.Sprite","node":{"__id__":2},"_spriteFrame":{"__uuid__":"41D7kWhyFGY7q4NDlzkazn"},"_sizeMode":0},{"__type__":"cc.BlockInputEvents","node":{"__id__":2}}],"_prefab":{"__type__":"cc.PrefabInfo","root":{"__id__":1},"asset":{"__uuid__":"d3jx7beSBLao2ioiuQLZhm"},"fileId":"64dPAZ0CBAQ4uqr7Ec2R67"},"_opacity":200,"_color":{"__type__":"cc.Color"},"_contentSize":{"__type__":"cc.Size","width":750,"height":1100},"_scale":{"__type__":"cc.Vec3","x":1,"y":1,"z":1}},{"__type__":"cc.Node","_name":"Sprite_TestPlayBg","_parent":{"__id__":1},"_children":[{"__id__":4},{"__id__":5},{"__id__":6}],"_level":2,"_components":[{"__type__":"cc.Sprite","node":{"__id__":3},"_spriteFrame":{"__uuid__":"bcuAJeWOlP/Zv3DGLDHMPh"}}],"_prefab":{"__type__":"cc.PrefabInfo","root":{"__id__":1},"asset":{"__uuid__":"d3jx7beSBLao2ioiuQLZhm"},"fileId":"52aizIGadNfZujZnFpbalI"},"_contentSize":{"__type__":"cc.Size","width":684,"height":901},"_position":{"__type__":"cc.Vec3","y":60},"_scale":{"__type__":"cc.Vec3","x":1,"y":1,"z":1}},{"__type__":"cc.Node","_name":"Sprite_TestPlayExplain","_parent":{"__id__":3},"_level":3,"_components":[{"__type__":"cc.Sprite","node":{"__id__":4},"_spriteFrame":{"__uuid__":"0dq1egYylGs5fX9xz3STHJ"}}],"_prefab":{"__type__":"cc.PrefabInfo","root":{"__id__":1},"asset":{"__uuid__":"d3jx7beSBLao2ioiuQLZhm"},"fileId":"f5vusrD+tNubFFS4B/U7cf"},"_contentSize":{"__type__":"cc.Size","width":531,"height":40},"_position":{"__type__":"cc.Vec3","y":274},"_scale":{"__type__":"cc.Vec3","x":1,"y":1,"z":1}},{"__type__":"cc.Node","_name":"Sprite_TestPlayLabel","_parent":{"__id__":3},"_level":3,"_components":[{"__type__":"cc.Sprite","node":{"__id__":5},"_spriteFrame":{"__uuid__":"c2R2xwKthL1ooeNU9K7lRN"}}],"_prefab":{"__type__":"cc.PrefabInfo","root":{"__id__":1},"asset":{"__uuid__":"d3jx7beSBLao2ioiuQLZhm"},"fileId":"eeXhCpYmRA9JXwU+VptZk0"},"_contentSize":{"__type__":"cc.Size","width":265,"height":50},"_position":{"__type__":"cc.Vec3","y":343},"_scale":{"__type__":"cc.Vec3","x":1,"y":1,"z":1}},{"__type__":"cc.Node","_name":"OtherGameControl","_parent":{"__id__":3},"_children":[{"__id__":7},{"__id__":11},{"__id__":15},{"__id__":19},{"__id__":23},{"__id__":27},{"__id__":31},{"__id__":35},{"__id__":39},{"__id__":43}],"_level":3,"_components":[{"__type__":"cc.Layout","node":{"__id__":6},"_layoutSize":{"__type__":"cc.Size","width":600,"height":500},"_N$layoutType":3,"_N$paddingLeft":10,"_N$paddingTop":10,"_N$spacingX":5,"_N$spacingY":5}],"_prefab":{"__type__":"cc.PrefabInfo","root":{"__id__":1},"asset":{"__uuid__":"d3jx7beSBLao2ioiuQLZhm"},"fileId":"edWaW0fXBE0bV2/sF3rBlr"},"_contentSize":{"__type__":"cc.Size","width":600,"height":500},"_scale":{"__type__":"cc.Vec3","x":1,"y":1,"z":1}},{"__type__":"cc.Node","_name":"0","_parent":{"__id__":6},"_children":[{"__id__":8},{"__id__":9},{"__id__":10}],"_level":4,"_components":[{"__type__":"cc.Sprite","node":{"__id__":7},"_spriteFrame":{"__uuid__":"edsBRFzHVJMq/6luhBmG2K"},"_sizeMode":0}],"_prefab":{"__type__":"cc.PrefabInfo","root":{"__id__":1},"asset":{"__uuid__":"d3jx7beSBLao2ioiuQLZhm"},"fileId":"caX9ggk4NNW5B7kZAmhf2I"},"_contentSize":{"__type__":"cc.Size","width":140,"height":210},"_position":{"__type__":"cc.Vec3","x":-220,"y":135},"_scale":{"__type__":"cc.Vec3","x":1,"y":1,"z":1}},{"__type__":"cc.Node","_name":"Sprite_GameIcon","_parent":{"__id__":7},"_level":5,"_components":[{"__type__":"cc.Sprite","node":{"__id__":8}},{"__type__":"cc.Button","node":{"__id__":8}}],"_prefab":{"__type__":"cc.PrefabInfo","root":{"__id__":1},"asset":{"__uuid__":"d3jx7beSBLao2ioiuQLZhm"},"fileId":"a9bgwqciRLRJdHRmXuMsec"},"_contentSize":{"__type__":"cc.Size","width":96,"height":96},"_position":{"__type__":"cc.Vec3","x":1,"y":45},"_scale":{"__type__":"cc.Vec3","x":1,"y":1,"z":1}},{"__type__":"cc.Node","_name":"Label_GameName","_parent":{"__id__":7},"_level":5,"_components":[{"__type__":"cc.Label","node":{"__id__":9},"_srcBlendFactor":1,"_useOriginalSize":false,"_fontSize":18,"_N$horizontalAlign":1,"_N$verticalAlign":1},{"__type__":"cc.LabelOutline","node":{"__id__":9},"_color":{"__type__":"cc.Color","r":66,"g":41,"b":23},"_width":2}],"_prefab":{"__type__":"cc.PrefabInfo","root":{"__id__":1},"asset":{"__uuid__":"d3jx7beSBLao2ioiuQLZhm"},"fileId":"cftvAgC+RFNojGiyinPebP"},"_color":{"__type__":"cc.Color","r":237,"g":204,"b":135},"_contentSize":{"__type__":"cc.Size","width":4,"height":40},"_position":{"__type__":"cc.Vec3","y":-25},"_scale":{"__type__":"cc.Vec3","x":1,"y":1,"z":1}},{"__type__":"cc.Node","_name":"Btn_Get","_parent":{"__id__":7},"_level":5,"_components":[{"__type__":"cc.Sprite","node":{"__id__":10},"_spriteFrame":{"__uuid__":"78t3i2mOlPip4xKF4F5pyz"}},{"__type__":"cc.Button","node":{"__id__":10}}],"_prefab":{"__type__":"cc.PrefabInfo","root":{"__id__":1},"asset":{"__uuid__":"d3jx7beSBLao2ioiuQLZhm"},"fileId":"5fVQskJhNOZLfZP2nHL1j+"},"_contentSize":{"__type__":"cc.Size","width":93,"height":50},"_position":{"__type__":"cc.Vec3","y":-69},"_scale":{"__type__":"cc.Vec3","x":1,"y":1,"z":1}},{"__type__":"cc.Node","_name":"1","_parent":{"__id__":6},"_children":[{"__id__":12},{"__id__":13},{"__id__":14}],"_level":4,"_components":[{"__type__":"cc.Sprite","node":{"__id__":11},"_spriteFrame":{"__uuid__":"edsBRFzHVJMq/6luhBmG2K"},"_sizeMode":0}],"_prefab":{"__type__":"cc.PrefabInfo","root":{"__id__":1},"asset":{"__uuid__":"d3jx7beSBLao2ioiuQLZhm"},"fileId":"703LufSLdGMbse9NGnsG7D"},"_contentSize":{"__type__":"cc.Size","width":140,"height":210},"_position":{"__type__":"cc.Vec3","x":-75,"y":135},"_scale":{"__type__":"cc.Vec3","x":1,"y":1,"z":1}},{"__type__":"cc.Node","_name":"Sprite_GameIcon","_parent":{"__id__":11},"_level":5,"_components":[{"__type__":"cc.Sprite","node":{"__id__":12}},{"__type__":"cc.Button","node":{"__id__":12}}],"_prefab":{"__type__":"cc.PrefabInfo","root":{"__id__":1},"asset":{"__uuid__":"d3jx7beSBLao2ioiuQLZhm"},"fileId":"fbuFVx9bdBdbVlnE3CmpoN"},"_contentSize":{"__type__":"cc.Size","width":96,"height":96},"_position":{"__type__":"cc.Vec3","x":1,"y":45},"_scale":{"__type__":"cc.Vec3","x":1,"y":1,"z":1}},{"__type__":"cc.Node","_name":"Label_GameName","_parent":{"__id__":11},"_level":5,"_components":[{"__type__":"cc.Label","node":{"__id__":13},"_srcBlendFactor":1,"_useOriginalSize":false,"_fontSize":18,"_N$horizontalAlign":1,"_N$verticalAlign":1},{"__type__":"cc.LabelOutline","node":{"__id__":13},"_color":{"__type__":"cc.Color","r":66,"g":41,"b":23},"_width":2}],"_prefab":{"__type__":"cc.PrefabInfo","root":{"__id__":1},"asset":{"__uuid__":"d3jx7beSBLao2ioiuQLZhm"},"fileId":"0c00ZtY9dM95PUgDhbfhe6"},"_color":{"__type__":"cc.Color","r":237,"g":204,"b":135},"_contentSize":{"__type__":"cc.Size","width":4,"height":40},"_position":{"__type__":"cc.Vec3","y":-25},"_scale":{"__type__":"cc.Vec3","x":1,"y":1,"z":1}},{"__type__":"cc.Node","_name":"Btn_Get","_parent":{"__id__":11},"_level":5,"_components":[{"__type__":"cc.Sprite","node":{"__id__":14},"_spriteFrame":{"__uuid__":"78t3i2mOlPip4xKF4F5pyz"}},{"__type__":"cc.Button","node":{"__id__":14}}],"_prefab":{"__type__":"cc.PrefabInfo","root":{"__id__":1},"asset":{"__uuid__":"d3jx7beSBLao2ioiuQLZhm"},"fileId":"91yRfMC7BF5pvAK6KvjYKG"},"_contentSize":{"__type__":"cc.Size","width":93,"height":50},"_position":{"__type__":"cc.Vec3","y":-69},"_scale":{"__type__":"cc.Vec3","x":1,"y":1,"z":1}},{"__type__":"cc.Node","_name":"2","_parent":{"__id__":6},"_children":[{"__id__":16},{"__id__":17},{"__id__":18}],"_level":4,"_components":[{"__type__":"cc.Sprite","node":{"__id__":15},"_spriteFrame":{"__uuid__":"edsBRFzHVJMq/6luhBmG2K"},"_sizeMode":0}],"_prefab":{"__type__":"cc.PrefabInfo","root":{"__id__":1},"asset":{"__uuid__":"d3jx7beSBLao2ioiuQLZhm"},"fileId":"63yUEl46FKarWZ/HCwhUm9"},"_contentSize":{"__type__":"cc.Size","width":140,"height":210},"_position":{"__type__":"cc.Vec3","x":70,"y":135},"_scale":{"__type__":"cc.Vec3","x":1,"y":1,"z":1}},{"__type__":"cc.Node","_name":"Sprite_GameIcon","_parent":{"__id__":15},"_level":5,"_components":[{"__type__":"cc.Sprite","node":{"__id__":16}},{"__type__":"cc.Button","node":{"__id__":16}}],"_prefab":{"__type__":"cc.PrefabInfo","root":{"__id__":1},"asset":{"__uuid__":"d3jx7beSBLao2ioiuQLZhm"},"fileId":"476GVHuxRKIJgJ5x5KEP2a"},"_contentSize":{"__type__":"cc.Size","width":96,"height":96},"_position":{"__type__":"cc.Vec3","x":1,"y":45},"_scale":{"__type__":"cc.Vec3","x":1,"y":1,"z":1}},{"__type__":"cc.Node","_name":"Label_GameName","_parent":{"__id__":15},"_level":5,"_components":[{"__type__":"cc.Label","node":{"__id__":17},"_srcBlendFactor":1,"_useOriginalSize":false,"_fontSize":18,"_N$horizontalAlign":1,"_N$verticalAlign":1},{"__type__":"cc.LabelOutline","node":{"__id__":17},"_color":{"__type__":"cc.Color","r":66,"g":41,"b":23},"_width":2}],"_prefab":{"__type__":"cc.PrefabInfo","root":{"__id__":1},"asset":{"__uuid__":"d3jx7beSBLao2ioiuQLZhm"},"fileId":"c1i/oGBJdOv6VjDhgu20QP"},"_color":{"__type__":"cc.Color","r":237,"g":204,"b":135},"_contentSize":{"__type__":"cc.Size","width":4,"height":40},"_position":{"__type__":"cc.Vec3","y":-25},"_scale":{"__type__":"cc.Vec3","x":1,"y":1,"z":1}},{"__type__":"cc.Node","_name":"Btn_Get","_parent":{"__id__":15},"_level":5,"_components":[{"__type__":"cc.Sprite","node":{"__id__":18},"_spriteFrame":{"__uuid__":"78t3i2mOlPip4xKF4F5pyz"}},{"__type__":"cc.Button","node":{"__id__":18}}],"_prefab":{"__type__":"cc.PrefabInfo","root":{"__id__":1},"asset":{"__uuid__":"d3jx7beSBLao2ioiuQLZhm"},"fileId":"2ahxqLoZtNDY68duqU0Skr"},"_contentSize":{"__type__":"cc.Size","width":93,"height":50},"_position":{"__type__":"cc.Vec3","y":-69},"_scale":{"__type__":"cc.Vec3","x":1,"y":1,"z":1}},{"__type__":"cc.Node","_name":"3","_parent":{"__id__":6},"_children":[{"__id__":20},{"__id__":21},{"__id__":22}],"_level":4,"_components":[{"__type__":"cc.Sprite","node":{"__id__":19},"_spriteFrame":{"__uuid__":"edsBRFzHVJMq/6luhBmG2K"},"_sizeMode":0}],"_prefab":{"__type__":"cc.PrefabInfo","root":{"__id__":1},"asset":{"__uuid__":"d3jx7beSBLao2ioiuQLZhm"},"fileId":"3aPjRRqI5ECKFwSk4vjKGU"},"_contentSize":{"__type__":"cc.Size","width":140,"height":210},"_position":{"__type__":"cc.Vec3","x":215,"y":135},"_scale":{"__type__":"cc.Vec3","x":1,"y":1,"z":1}},{"__type__":"cc.Node","_name":"Sprite_GameIcon","_parent":{"__id__":19},"_level":5,"_components":[{"__type__":"cc.Sprite","node":{"__id__":20}},{"__type__":"cc.Button","node":{"__id__":20}}],"_prefab":{"__type__":"cc.PrefabInfo","root":{"__id__":1},"asset":{"__uuid__":"d3jx7beSBLao2ioiuQLZhm"},"fileId":"44pVmwVnxNvob3nyRwdCdh"},"_contentSize":{"__type__":"cc.Size","width":96,"height":96},"_position":{"__type__":"cc.Vec3","x":1,"y":45},"_scale":{"__type__":"cc.Vec3","x":1,"y":1,"z":1}},{"__type__":"cc.Node","_name":"Label_GameName","_parent":{"__id__":19},"_level":5,"_components":[{"__type__":"cc.Label","node":{"__id__":21},"_srcBlendFactor":1,"_useOriginalSize":false,"_fontSize":18,"_N$horizontalAlign":1,"_N$verticalAlign":1},{"__type__":"cc.LabelOutline","node":{"__id__":21},"_color":{"__type__":"cc.Color","r":66,"g":41,"b":23},"_width":2}],"_prefab":{"__type__":"cc.PrefabInfo","root":{"__id__":1},"asset":{"__uuid__":"d3jx7beSBLao2ioiuQLZhm"},"fileId":"07ot/cSJ9NaaDPdn61553W"},"_color":{"__type__":"cc.Color","r":237,"g":204,"b":135},"_contentSize":{"__type__":"cc.Size","width":4,"height":40},"_position":{"__type__":"cc.Vec3","y":-25},"_scale":{"__type__":"cc.Vec3","x":1,"y":1,"z":1}},{"__type__":"cc.Node","_name":"Btn_Get","_parent":{"__id__":19},"_level":5,"_components":[{"__type__":"cc.Sprite","node":{"__id__":22},"_spriteFrame":{"__uuid__":"78t3i2mOlPip4xKF4F5pyz"}},{"__type__":"cc.Button","node":{"__id__":22}}],"_prefab":{"__type__":"cc.PrefabInfo","root":{"__id__":1},"asset":{"__uuid__":"d3jx7beSBLao2ioiuQLZhm"},"fileId":"41RMDL3jFLN7CukoqD6MpF"},"_contentSize":{"__type__":"cc.Size","width":93,"height":50},"_position":{"__type__":"cc.Vec3","y":-69},"_scale":{"__type__":"cc.Vec3","x":1,"y":1,"z":1}},{"__type__":"cc.Node","_name":"4","_parent":{"__id__":6},"_children":[{"__id__":24},{"__id__":25},{"__id__":26}],"_level":4,"_components":[{"__type__":"cc.Sprite","node":{"__id__":23},"_spriteFrame":{"__uuid__":"edsBRFzHVJMq/6luhBmG2K"},"_sizeMode":0}],"_prefab":{"__type__":"cc.PrefabInfo","root":{"__id__":1},"asset":{"__uuid__":"d3jx7beSBLao2ioiuQLZhm"},"fileId":"22p2swVQdGpIUSlO5mpwMb"},"_contentSize":{"__type__":"cc.Size","width":140,"height":210},"_position":{"__type__":"cc.Vec3","x":-220,"y":-80},"_scale":{"__type__":"cc.Vec3","x":1,"y":1,"z":1}},{"__type__":"cc.Node","_name":"Sprite_GameIcon","_parent":{"__id__":23},"_level":5,"_components":[{"__type__":"cc.Sprite","node":{"__id__":24}},{"__type__":"cc.Button","node":{"__id__":24}}],"_prefab":{"__type__":"cc.PrefabInfo","root":{"__id__":1},"asset":{"__uuid__":"d3jx7beSBLao2ioiuQLZhm"},"fileId":"c8zswTGZVBQofM4FFzgesC"},"_contentSize":{"__type__":"cc.Size","width":96,"height":96},"_position":{"__type__":"cc.Vec3","x":1,"y":45},"_scale":{"__type__":"cc.Vec3","x":1,"y":1,"z":1}},{"__type__":"cc.Node","_name":"Label_GameName","_parent":{"__id__":23},"_level":5,"_components":[{"__type__":"cc.Label","node":{"__id__":25},"_srcBlendFactor":1,"_useOriginalSize":false,"_fontSize":18,"_N$horizontalAlign":1,"_N$verticalAlign":1},{"__type__":"cc.LabelOutline","node":{"__id__":25},"_color":{"__type__":"cc.Color","r":66,"g":41,"b":23},"_width":2}],"_prefab":{"__type__":"cc.PrefabInfo","root":{"__id__":1},"asset":{"__uuid__":"d3jx7beSBLao2ioiuQLZhm"},"fileId":"cfdTKNIWhGbYPoJr87uREk"},"_color":{"__type__":"cc.Color","r":237,"g":204,"b":135},"_contentSize":{"__type__":"cc.Size","width":4,"height":40},"_position":{"__type__":"cc.Vec3","y":-25},"_scale":{"__type__":"cc.Vec3","x":1,"y":1,"z":1}},{"__type__":"cc.Node","_name":"Btn_Get","_parent":{"__id__":23},"_level":5,"_components":[{"__type__":"cc.Sprite","node":{"__id__":26},"_spriteFrame":{"__uuid__":"78t3i2mOlPip4xKF4F5pyz"}},{"__type__":"cc.Button","node":{"__id__":26}}],"_prefab":{"__type__":"cc.PrefabInfo","root":{"__id__":1},"asset":{"__uuid__":"d3jx7beSBLao2ioiuQLZhm"},"fileId":"35KqbOb+FBBqKPVtjriXK4"},"_contentSize":{"__type__":"cc.Size","width":93,"height":50},"_position":{"__type__":"cc.Vec3","y":-69},"_scale":{"__type__":"cc.Vec3","x":1,"y":1,"z":1}},{"__type__":"cc.Node","_name":"5","_parent":{"__id__":6},"_children":[{"__id__":28},{"__id__":29},{"__id__":30}],"_level":4,"_components":[{"__type__":"cc.Sprite","node":{"__id__":27},"_spriteFrame":{"__uuid__":"edsBRFzHVJMq/6luhBmG2K"},"_sizeMode":0}],"_prefab":{"__type__":"cc.PrefabInfo","root":{"__id__":1},"asset":{"__uuid__":"d3jx7beSBLao2ioiuQLZhm"},"fileId":"b57uSmmSdH5Jw7v7fplcFX"},"_contentSize":{"__type__":"cc.Size","width":140,"height":210},"_position":{"__type__":"cc.Vec3","x":-75,"y":-80},"_scale":{"__type__":"cc.Vec3","x":1,"y":1,"z":1}},{"__type__":"cc.Node","_name":"Sprite_GameIcon","_parent":{"__id__":27},"_level":5,"_components":[{"__type__":"cc.Sprite","node":{"__id__":28}},{"__type__":"cc.Button","node":{"__id__":28}}],"_prefab":{"__type__":"cc.PrefabInfo","root":{"__id__":1},"asset":{"__uuid__":"d3jx7beSBLao2ioiuQLZhm"},"fileId":"6azz0SzjVHIoYtqZ9RW69B"},"_contentSize":{"__type__":"cc.Size","width":96,"height":96},"_position":{"__type__":"cc.Vec3","x":1,"y":45},"_scale":{"__type__":"cc.Vec3","x":1,"y":1,"z":1}},{"__type__":"cc.Node","_name":"Label_GameName","_parent":{"__id__":27},"_level":5,"_components":[{"__type__":"cc.Label","node":{"__id__":29},"_srcBlendFactor":1,"_useOriginalSize":false,"_fontSize":18,"_N$horizontalAlign":1,"_N$verticalAlign":1},{"__type__":"cc.LabelOutline","node":{"__id__":29},"_color":{"__type__":"cc.Color","r":66,"g":41,"b":23},"_width":2}],"_prefab":{"__type__":"cc.PrefabInfo","root":{"__id__":1},"asset":{"__uuid__":"d3jx7beSBLao2ioiuQLZhm"},"fileId":"4308UB+yBNv6zpWs9S+Ama"},"_color":{"__type__":"cc.Color","r":237,"g":204,"b":135},"_contentSize":{"__type__":"cc.Size","width":4,"height":40},"_position":{"__type__":"cc.Vec3","y":-25},"_scale":{"__type__":"cc.Vec3","x":1,"y":1,"z":1}},{"__type__":"cc.Node","_name":"Btn_Get","_parent":{"__id__":27},"_level":5,"_components":[{"__type__":"cc.Sprite","node":{"__id__":30},"_spriteFrame":{"__uuid__":"78t3i2mOlPip4xKF4F5pyz"}},{"__type__":"cc.Button","node":{"__id__":30}}],"_prefab":{"__type__":"cc.PrefabInfo","root":{"__id__":1},"asset":{"__uuid__":"d3jx7beSBLao2ioiuQLZhm"},"fileId":"3bJ0qFmi5EMLVwJ8zh5kFc"},"_contentSize":{"__type__":"cc.Size","width":93,"height":50},"_position":{"__type__":"cc.Vec3","y":-69},"_scale":{"__type__":"cc.Vec3","x":1,"y":1,"z":1}},{"__type__":"cc.Node","_name":"6","_parent":{"__id__":6},"_children":[{"__id__":32},{"__id__":33},{"__id__":34}],"_level":4,"_components":[{"__type__":"cc.Sprite","node":{"__id__":31},"_spriteFrame":{"__uuid__":"edsBRFzHVJMq/6luhBmG2K"},"_sizeMode":0}],"_prefab":{"__type__":"cc.PrefabInfo","root":{"__id__":1},"asset":{"__uuid__":"d3jx7beSBLao2ioiuQLZhm"},"fileId":"75AX3PbzlGxpqlcKXkHJfl"},"_contentSize":{"__type__":"cc.Size","width":140,"height":210},"_position":{"__type__":"cc.Vec3","x":70,"y":-80},"_scale":{"__type__":"cc.Vec3","x":1,"y":1,"z":1}},{"__type__":"cc.Node","_name":"Sprite_GameIcon","_parent":{"__id__":31},"_level":5,"_components":[{"__type__":"cc.Sprite","node":{"__id__":32}},{"__type__":"cc.Button","node":{"__id__":32}}],"_prefab":{"__type__":"cc.PrefabInfo","root":{"__id__":1},"asset":{"__uuid__":"d3jx7beSBLao2ioiuQLZhm"},"fileId":"08EHhGJMBOfpHN+wmt2SC8"},"_contentSize":{"__type__":"cc.Size","width":96,"height":96},"_position":{"__type__":"cc.Vec3","x":1,"y":45},"_scale":{"__type__":"cc.Vec3","x":1,"y":1,"z":1}},{"__type__":"cc.Node","_name":"Label_GameName","_parent":{"__id__":31},"_level":5,"_components":[{"__type__":"cc.Label","node":{"__id__":33},"_srcBlendFactor":1,"_useOriginalSize":false,"_fontSize":18,"_N$horizontalAlign":1,"_N$verticalAlign":1},{"__type__":"cc.LabelOutline","node":{"__id__":33},"_color":{"__type__":"cc.Color","r":66,"g":41,"b":23},"_width":2}],"_prefab":{"__type__":"cc.PrefabInfo","root":{"__id__":1},"asset":{"__uuid__":"d3jx7beSBLao2ioiuQLZhm"},"fileId":"17ZhmQ8QtJzpr6JYymVgL4"},"_color":{"__type__":"cc.Color","r":237,"g":204,"b":135},"_contentSize":{"__type__":"cc.Size","width":4,"height":40},"_position":{"__type__":"cc.Vec3","y":-25},"_scale":{"__type__":"cc.Vec3","x":1,"y":1,"z":1}},{"__type__":"cc.Node","_name":"Btn_Get","_parent":{"__id__":31},"_level":5,"_components":[{"__type__":"cc.Sprite","node":{"__id__":34},"_spriteFrame":{"__uuid__":"78t3i2mOlPip4xKF4F5pyz"}},{"__type__":"cc.Button","node":{"__id__":34}}],"_prefab":{"__type__":"cc.PrefabInfo","root":{"__id__":1},"asset":{"__uuid__":"d3jx7beSBLao2ioiuQLZhm"},"fileId":"75hZK8I3RPxJk9MuAyhILF"},"_contentSize":{"__type__":"cc.Size","width":93,"height":50},"_position":{"__type__":"cc.Vec3","y":-69},"_scale":{"__type__":"cc.Vec3","x":1,"y":1,"z":1}},{"__type__":"cc.Node","_name":"7","_parent":{"__id__":6},"_children":[{"__id__":36},{"__id__":37},{"__id__":38}],"_level":4,"_components":[{"__type__":"cc.Sprite","node":{"__id__":35},"_spriteFrame":{"__uuid__":"edsBRFzHVJMq/6luhBmG2K"},"_sizeMode":0}],"_prefab":{"__type__":"cc.PrefabInfo","root":{"__id__":1},"asset":{"__uuid__":"d3jx7beSBLao2ioiuQLZhm"},"fileId":"3dSJugn9tHHpaGCS7kpQfy"},"_contentSize":{"__type__":"cc.Size","width":140,"height":210},"_position":{"__type__":"cc.Vec3","x":215,"y":-80},"_scale":{"__type__":"cc.Vec3","x":1,"y":1,"z":1}},{"__type__":"cc.Node","_name":"Sprite_GameIcon","_parent":{"__id__":35},"_level":5,"_components":[{"__type__":"cc.Sprite","node":{"__id__":36}},{"__type__":"cc.Button","node":{"__id__":36}}],"_prefab":{"__type__":"cc.PrefabInfo","root":{"__id__":1},"asset":{"__uuid__":"d3jx7beSBLao2ioiuQLZhm"},"fileId":"d9tqDwOedKaYqA9mPoD+0b"},"_contentSize":{"__type__":"cc.Size","width":96,"height":96},"_position":{"__type__":"cc.Vec3","x":1,"y":45},"_scale":{"__type__":"cc.Vec3","x":1,"y":1,"z":1}},{"__type__":"cc.Node","_name":"Label_GameName","_parent":{"__id__":35},"_level":5,"_components":[{"__type__":"cc.Label","node":{"__id__":37},"_srcBlendFactor":1,"_useOriginalSize":false,"_fontSize":18,"_N$horizontalAlign":1,"_N$verticalAlign":1},{"__type__":"cc.LabelOutline","node":{"__id__":37},"_color":{"__type__":"cc.Color","r":66,"g":41,"b":23},"_width":2}],"_prefab":{"__type__":"cc.PrefabInfo","root":{"__id__":1},"asset":{"__uuid__":"d3jx7beSBLao2ioiuQLZhm"},"fileId":"573Fzfl5BJirv/vinkzw7Q"},"_color":{"__type__":"cc.Color","r":237,"g":204,"b":135},"_contentSize":{"__type__":"cc.Size","width":4,"height":40},"_position":{"__type__":"cc.Vec3","y":-25},"_scale":{"__type__":"cc.Vec3","x":1,"y":1,"z":1}},{"__type__":"cc.Node","_name":"Btn_Get","_parent":{"__id__":35},"_level":5,"_components":[{"__type__":"cc.Sprite","node":{"__id__":38},"_spriteFrame":{"__uuid__":"78t3i2mOlPip4xKF4F5pyz"}},{"__type__":"cc.Button","node":{"__id__":38}}],"_prefab":{"__type__":"cc.PrefabInfo","root":{"__id__":1},"asset":{"__uuid__":"d3jx7beSBLao2ioiuQLZhm"},"fileId":"ac6v3JcmxBwJWiA1C1IKd3"},"_contentSize":{"__type__":"cc.Size","width":93,"height":50},"_position":{"__type__":"cc.Vec3","y":-69},"_scale":{"__type__":"cc.Vec3","x":1,"y":1,"z":1}},{"__type__":"cc.Node","_name":"8","_parent":{"__id__":6},"_children":[{"__id__":40},{"__id__":41},{"__id__":42}],"_level":4,"_components":[{"__type__":"cc.Sprite","node":{"__id__":39},"_spriteFrame":{"__uuid__":"edsBRFzHVJMq/6luhBmG2K"},"_sizeMode":0}],"_prefab":{"__type__":"cc.PrefabInfo","root":{"__id__":1},"asset":{"__uuid__":"d3jx7beSBLao2ioiuQLZhm"},"fileId":"a0Gbl9gCxPLbPQFh2IYOIM"},"_contentSize":{"__type__":"cc.Size","width":140,"height":210},"_position":{"__type__":"cc.Vec3","x":-220,"y":-295},"_scale":{"__type__":"cc.Vec3","x":1,"y":1,"z":1}},{"__type__":"cc.Node","_name":"Sprite_GameIcon","_parent":{"__id__":39},"_level":5,"_components":[{"__type__":"cc.Sprite","node":{"__id__":40}},{"__type__":"cc.Button","node":{"__id__":40}}],"_prefab":{"__type__":"cc.PrefabInfo","root":{"__id__":1},"asset":{"__uuid__":"d3jx7beSBLao2ioiuQLZhm"},"fileId":"393tPXid9L7Y9zVqokietG"},"_contentSize":{"__type__":"cc.Size","width":96,"height":96},"_position":{"__type__":"cc.Vec3","x":1,"y":45},"_scale":{"__type__":"cc.Vec3","x":1,"y":1,"z":1}},{"__type__":"cc.Node","_name":"Label_GameName","_parent":{"__id__":39},"_level":5,"_components":[{"__type__":"cc.Label","node":{"__id__":41},"_srcBlendFactor":1,"_useOriginalSize":false,"_fontSize":18,"_N$horizontalAlign":1,"_N$verticalAlign":1},{"__type__":"cc.LabelOutline","node":{"__id__":41},"_color":{"__type__":"cc.Color","r":66,"g":41,"b":23},"_width":2}],"_prefab":{"__type__":"cc.PrefabInfo","root":{"__id__":1},"asset":{"__uuid__":"d3jx7beSBLao2ioiuQLZhm"},"fileId":"63y8GOMpFLt5ZM5JcXZF/F"},"_color":{"__type__":"cc.Color","r":237,"g":204,"b":135},"_contentSize":{"__type__":"cc.Size","width":4,"height":40},"_position":{"__type__":"cc.Vec3","y":-25},"_scale":{"__type__":"cc.Vec3","x":1,"y":1,"z":1}},{"__type__":"cc.Node","_name":"Btn_Get","_parent":{"__id__":39},"_level":5,"_components":[{"__type__":"cc.Sprite","node":{"__id__":42},"_spriteFrame":{"__uuid__":"78t3i2mOlPip4xKF4F5pyz"}},{"__type__":"cc.Button","node":{"__id__":42}}],"_prefab":{"__type__":"cc.PrefabInfo","root":{"__id__":1},"asset":{"__uuid__":"d3jx7beSBLao2ioiuQLZhm"},"fileId":"ccjdV20LBCkYzjkO/jI5Xo"},"_contentSize":{"__type__":"cc.Size","width":93,"height":50},"_position":{"__type__":"cc.Vec3","y":-69},"_scale":{"__type__":"cc.Vec3","x":1,"y":1,"z":1}},{"__type__":"cc.Node","_name":"9","_parent":{"__id__":6},"_children":[{"__id__":44},{"__id__":45},{"__id__":46}],"_level":4,"_components":[{"__type__":"cc.Sprite","node":{"__id__":43},"_spriteFrame":{"__uuid__":"edsBRFzHVJMq/6luhBmG2K"},"_sizeMode":0}],"_prefab":{"__type__":"cc.PrefabInfo","root":{"__id__":1},"asset":{"__uuid__":"d3jx7beSBLao2ioiuQLZhm"},"fileId":"00Mt4aniNJUro7OuhmmqS0"},"_contentSize":{"__type__":"cc.Size","width":140,"height":210},"_position":{"__type__":"cc.Vec3","x":-75,"y":-295},"_scale":{"__type__":"cc.Vec3","x":1,"y":1,"z":1}},{"__type__":"cc.Node","_name":"Sprite_GameIcon","_parent":{"__id__":43},"_level":5,"_components":[{"__type__":"cc.Sprite","node":{"__id__":44},"_sizeMode":0},{"__type__":"cc.Button","node":{"__id__":44}}],"_prefab":{"__type__":"cc.PrefabInfo","root":{"__id__":1},"asset":{"__uuid__":"d3jx7beSBLao2ioiuQLZhm"},"fileId":"5a2ptYCQZH/6Md+8iU67pt"},"_contentSize":{"__type__":"cc.Size","width":96,"height":96},"_position":{"__type__":"cc.Vec3","x":1,"y":45},"_scale":{"__type__":"cc.Vec3","x":1,"y":1,"z":1}},{"__type__":"cc.Node","_name":"Label_GameName","_parent":{"__id__":43},"_level":5,"_components":[{"__type__":"cc.Label","node":{"__id__":45},"_srcBlendFactor":1,"_useOriginalSize":false,"_fontSize":18,"_N$horizontalAlign":1,"_N$verticalAlign":1},{"__type__":"cc.LabelOutline","node":{"__id__":45},"_color":{"__type__":"cc.Color","r":66,"g":41,"b":23},"_width":2}],"_prefab":{"__type__":"cc.PrefabInfo","root":{"__id__":1},"asset":{"__uuid__":"d3jx7beSBLao2ioiuQLZhm"},"fileId":"42mk0kbFpDfpbSt9BSiHvt"},"_color":{"__type__":"cc.Color","r":237,"g":204,"b":135},"_contentSize":{"__type__":"cc.Size","width":4,"height":40},"_position":{"__type__":"cc.Vec3","y":-25},"_scale":{"__type__":"cc.Vec3","x":1,"y":1,"z":1}},{"__type__":"cc.Node","_name":"Btn_Get","_parent":{"__id__":43},"_level":5,"_components":[{"__type__":"cc.Sprite","node":{"__id__":46},"_spriteFrame":{"__uuid__":"78t3i2mOlPip4xKF4F5pyz"}},{"__type__":"cc.Button","node":{"__id__":46}}],"_prefab":{"__type__":"cc.PrefabInfo","root":{"__id__":1},"asset":{"__uuid__":"d3jx7beSBLao2ioiuQLZhm"},"fileId":"02QxTr6shNe6COkMAMQfiM"},"_contentSize":{"__type__":"cc.Size","width":93,"height":50},"_position":{"__type__":"cc.Vec3","y":-69},"_scale":{"__type__":"cc.Vec3","x":1,"y":1,"z":1}},{"__type__":"cc.Node","_name":"Btn_Close2","_parent":{"__id__":1},"_level":2,"_components":[{"__type__":"cc.Sprite","node":{"__id__":47},"_spriteFrame":{"__uuid__":"c4QQuuPrpNY5hP3VMzenBR"}},{"__type__":"cc.Button","node":{"__id__":47}}],"_prefab":{"__type__":"cc.PrefabInfo","root":{"__id__":1},"asset":{"__uuid__":"d3jx7beSBLao2ioiuQLZhm"},"fileId":"77tq01/thKSL2+E2kEs6bt"},"_contentSize":{"__type__":"cc.Size","width":81,"height":84},"_position":{"__type__":"cc.Vec3","x":321,"y":432},"_scale":{"__type__":"cc.Vec3","x":1,"y":1,"z":1}}],{"__type__":"cc.SpriteFrame","content":{"name":"Sprite_OtherGameBg","texture":"7368mhZDVDbKD3H4rLDu34","rect":[0,0,153,210],"offset":[0,0],"originalSize":[153,210],"capInsets":[0,0,0,0]}}]