[[{"__type__":"cc.Prefab","_name":"100014","data":{"__id__":1}},{"__type__":"cc.Node","_name":"100002","_components":[{"__type__":"cc.Sprite","node":{"__id__":1},"_spriteFrame":{"__uuid__":"cacWiNCndHraMuoPxlqkBA"}}],"_prefab":{"__type__":"cc.PrefabInfo","root":{"__id__":1},"asset":{"__id__":0},"fileId":"d6ConiishCs46Iv1dmRQBC"},"_contentSize":{"__type__":"cc.Size","width":39,"height":62},"_scaleX":1,"_scaleY":1,"_scale":{"__type__":"cc.Vec3","x":1,"y":1,"z":1}}],{"__type__":"cc.SpriteFrame","content":{"name":"100002","texture":"cesxqL4FhPLpcd0C49kL7D","rect":[0,0,39,62],"offset":[0,0],"originalSize":[39,62],"capInsets":[0,0,0,0]}}]