[{"__type__":"cc.SpriteFrame","content":{"name":"Sprite_ComposeTip","texture":"14Itnvh5dOUKkXLKwcFkP7","rect":[0,0,36,62],"offset":[0,0],"originalSize":[36,62],"capInsets":[0,0,0,0]}},{"__type__":"cc.SpriteFrame","content":{"name":"fire01","texture":"02/XshEHVNXoya9R0il/Jq","rect":[16,44,82,78],"offset":[4.5,-20.5],"originalSize":[105,125],"capInsets":[0,0,0,0]}},{"__type__":"cc.SpriteFrame","content":{"name":"gong_01","texture":"00fbDTWC1CSZrbNWFC+ed/","rect":[0,0,183,356],"offset":[0,0],"originalSize":[183,356],"capInsets":[0,0,0,0]}},[{"__type__":"cc.Prefab","_name":"100017","data":{"__id__":1}},{"__type__":"cc.Node","_name":"100017","_objFlags":512,"_children":[{"__id__":2},{"__type__":"cc.Node","_name":"a","_parent":{"__id__":1},"_prefab":{"__type__":"cc.PrefabInfo","root":{"__id__":1},"asset":{"__uuid__":"b7UcL+YFpDC4YuDjNtq+FC"},"fileId":"1br8/tTmJGGLxBfC/DT8Is"},"_scale":{"__type__":"cc.Vec3","x":1,"y":1,"z":1}},{"__id__":4},{"__id__":5},{"__id__":6},{"__id__":7}],"_level":1,"_components":[{"__type__":"cc.Animation","node":{"__id__":1},"_clips":[{"__uuid__":"51wxDKJ0hLxoWBM7aJyKHC"},{"__uuid__":"fclftXth9G75lGY4hNOyMt"}]},{"__type__":"056443TVNdNE5utvzC0JgXI","node":{"__id__":1},"m_Bullet":{"__uuid__":"2aicFdYcVJ57Dp+F5TeX4/"}}],"_prefab":{"__type__":"cc.PrefabInfo","root":{"__id__":1},"asset":{"__uuid__":"b7UcL+YFpDC4YuDjNtq+FC"},"fileId":"6aeg877qNPIYnyx0IFlPkj"},"_position":{"__type__":"cc.Vec3","y":-70},"_scale":{"__type__":"cc.Vec3","x":1,"y":1,"z":1}},{"__type__":"cc.Node","_name":"gong","_parent":{"__id__":1},"_children":[{"__id__":3}],"_active":false,"_level":2,"_components":[{"__type__":"cc.Animation","node":{"__id__":2},"_clips":[{"__uuid__":"e8zYxSi8hGmrwbhw/JkTnj"}]}],"_prefab":{"__type__":"cc.PrefabInfo","root":{"__id__":1},"asset":{"__uuid__":"b7UcL+YFpDC4YuDjNtq+FC"},"fileId":"54YwARq5lN3bUwKvUoH1fO"},"_position":{"__type__":"cc.Vec3","y":124},"_scale":{"__type__":"cc.Vec3","x":1,"y":1,"z":1}},{"__type__":"cc.Node","_name":"gong_01","_parent":{"__id__":2},"_level":3,"_components":[{"__type__":"cc.Sprite","node":{"__id__":3},"_dstBlendFactor":770,"_spriteFrame":{"__uuid__":"3bS/RbrQtP6YqrL+Uk683g"},"_isTrimmedMode":false}],"_prefab":{"__type__":"cc.PrefabInfo","root":{"__id__":1},"asset":{"__uuid__":"b7UcL+YFpDC4YuDjNtq+FC"},"fileId":"3eID+ELhVN7LBFJW58PqPa"},"_opacity":250,"_contentSize":{"__type__":"cc.Size","width":183,"height":356},"_scale":{"__type__":"cc.Vec3","x":1,"y":1,"z":1}},{"__type__":"cc.Node","_name":"fire01","_parent":{"__id__":1},"_components":[{"__type__":"cc.Sprite","node":{"__id__":4},"_spriteFrame":{"__uuid__":"12b5pkA1xNUJAxY2xQ9ob8"},"_sizeMode":0,"_isTrimmedMode":false}],"_prefab":{"__type__":"cc.PrefabInfo","root":{"__id__":1},"asset":{"__uuid__":"b7UcL+YFpDC4YuDjNtq+FC"},"fileId":"90Tk/R4jFI5q0NzH2fFoSU"},"_contentSize":{"__type__":"cc.Size","width":105,"height":125},"_position":{"__type__":"cc.Vec3","x":-15.8,"y":108.3},"_scale":{"__type__":"cc.Vec3","x":1,"y":1,"z":1}},{"__type__":"cc.Node","_name":"monster17a_01","_parent":{"__id__":1},"_components":[{"__type__":"cc.Sprite","node":{"__id__":5},"_spriteFrame":{"__uuid__":"e2MkPhr4RC4Z7SDyxcHed4"},"_sizeMode":0,"_isTrimmedMode":false}],"_prefab":{"__type__":"cc.PrefabInfo","root":{"__id__":1},"asset":{"__uuid__":"b7UcL+YFpDC4YuDjNtq+FC"},"fileId":"92xg8pgiJP+769oT/Pof6l"},"_contentSize":{"__type__":"cc.Size","width":180,"height":130},"_anchorPoint":{"__type__":"cc.Vec2","x":0.5},"_scale":{"__type__":"cc.Vec3","x":1,"y":1,"z":1}},{"__type__":"cc.Node","_name":"Sprite_ComposeTip","_parent":{"__id__":1},"_level":2,"_components":[{"__type__":"cc.Sprite","node":{"__id__":6},"_spriteFrame":{"__uuid__":"0fCg3ssHRPY7HtK9XbaKBP"}},{"__type__":"cc.Animation","node":{"__id__":6},"_clips":[{"__uuid__":"32CGtg5LRFRLGhywg4W/jn"}]}],"_prefab":{"__type__":"cc.PrefabInfo","root":{"__id__":1},"asset":{"__uuid__":"b7UcL+YFpDC4YuDjNtq+FC"},"fileId":"46wf+PeKlGPLfVPGSGLIWY"},"_contentSize":{"__type__":"cc.Size","width":36,"height":62},"_scale":{"__type__":"cc.Vec3","x":1,"y":1,"z":1}},{"__type__":"cc.Node","_name":"sudu","_parent":{"__id__":1},"_children":[{"__id__":8}],"_active":false,"_level":2,"_components":[{"__type__":"cc.Animation","node":{"__id__":7},"_clips":[{"__uuid__":"870zAbGWNPipnzaxSB2dhj"}]}],"_prefab":{"__type__":"cc.PrefabInfo","root":{"__id__":1},"asset":{"__uuid__":"b7UcL+YFpDC4YuDjNtq+FC"},"fileId":"42MVRp59tJBrIvmsobidbM"},"_position":{"__type__":"cc.Vec3","y":100},"_scale":{"__type__":"cc.Vec3","x":1,"y":1,"z":1}},{"__type__":"cc.Node","_name":"sudu_01","_parent":{"__id__":7},"_level":3,"_components":[{"__type__":"cc.Sprite","node":{"__id__":8},"_dstBlendFactor":770,"_spriteFrame":{"__uuid__":"f9YjgVsotHnoVcPZoDLPIs"}}],"_prefab":{"__type__":"cc.PrefabInfo","root":{"__id__":1},"asset":{"__uuid__":"b7UcL+YFpDC4YuDjNtq+FC"},"fileId":"10X1oqWNVCCY6CAW77S6Yz"},"_contentSize":{"__type__":"cc.Size","width":214,"height":327},"_scale":{"__type__":"cc.Vec3","x":1,"y":1,"z":1}}],{"__type__":"cc.SpriteFrame","content":{"name":"monster17a_01","texture":"69ls5KBoRArb0mdwFf/7xx","rect":[27,25,112,77],"offset":[-7,1.5],"originalSize":[180,130],"capInsets":[0,0,0,0]}},{"__type__":"cc.SpriteFrame","content":{"name":"sudu_01","texture":"8cIMH0t59NBJCFKKT857yc","rect":[0,0,214,327],"offset":[0,0],"originalSize":[214,327],"capInsets":[0,0,0,0]}}]