[{"__type__":"cc.SpriteFrame","content":{"name":"sudu_06","texture":"dcVCd275VBkoUp7dKM/3jX","rect":[0,0,214,327],"offset":[0,0],"originalSize":[214,327],"capInsets":[0,0,0,0]}},{"__type__":"cc.SpriteFrame","content":{"name":"sudu_08","texture":"99wxwChyVD14GL4OxjA7j4","rect":[0,0,214,327],"offset":[0,0],"originalSize":[214,327],"capInsets":[0,0,0,0]}},{"__type__":"cc.SpriteFrame","content":{"name":"sudu_07","texture":"25/ZRD4FhHvYCcsbDkOJtd","rect":[0,0,214,327],"offset":[0,0],"originalSize":[214,327],"capInsets":[0,0,0,0]}},{"__type__":"cc.SpriteFrame","content":{"name":"sudu_03","texture":"16TXowQIFL+aMd981heFT/","rect":[0,0,214,327],"offset":[0,0],"originalSize":[214,327],"capInsets":[0,0,0,0]}},{"__type__":"cc.AnimationClip","_name":"sudu","_duration":0.6666666666666666,"sample":12,"wrapMode":"2","curveData":{"paths":{"sudu_01":{"comps":{"cc.Sprite":{"spriteFrame":[{"frame":0,"value":{"__uuid__":"f9YjgVsotHnoVcPZoDLPIs"}},{"frame":0.08333333333333333,"value":{"__uuid__":"f0T5s187VGAKL+7GdkNlom"}},{"frame":0.16666666666666666,"value":{"__uuid__":"7d0qZL6WRJtKdUZNNcO9fx"}},{"frame":0.25,"value":{"__uuid__":"cd3DiuzStC94TxMMadMoQJ"}},{"frame":0.3333333333333333,"value":{"__uuid__":"b1OFzEcstPfKHa7yPRmuum"}},{"frame":0.4166666666666667,"value":{"__uuid__":"10ZJkwed5JAJSb4fHW3iAO"}},{"frame":0.5,"value":{"__uuid__":"673bMTi45IWLEFMYbBr1Sg"}},{"frame":0.5833333333333334,"value":{"__uuid__":"49pFwCAxxF5J+Rf+8Pu03f"}}]}}}}}},{"__type__":"cc.SpriteFrame","content":{"name":"sudu_05","texture":"f0lCR1c3NC17/+qqGH0b7h","rect":[0,0,214,327],"offset":[0,0],"originalSize":[214,327],"capInsets":[0,0,0,0]}},{"__type__":"cc.SpriteFrame","content":{"name":"sudu_04","texture":"31uZgIgkhP8LNqKCdGbkeY","rect":[0,0,214,327],"offset":[0,0],"originalSize":[214,327],"capInsets":[0,0,0,0]}},{"__type__":"cc.SpriteFrame","content":{"name":"sudu_02","texture":"052H61mjVIP6jOo2PIHayF","rect":[0,0,214,327],"offset":[0,0],"originalSize":[214,327],"capInsets":[0,0,0,0]}},{"__type__":"cc.SpriteFrame","content":{"name":"sudu_01","texture":"8cIMH0t59NBJCFKKT857yc","rect":[0,0,214,327],"offset":[0,0],"originalSize":[214,327],"capInsets":[0,0,0,0]}}]