[{"__type__":"cc.SpriteFrame","content":{"name":"mowang01_02","texture":"6cLwjHks5Hs6m5/rkDp7C6","rect":[0,0,72,43],"offset":[0,0],"originalSize":[72,43],"capInsets":[0,0,0,0]}},{"__type__":"cc.SpriteFrame","content":{"name":"mowang01_18","texture":"cfIM124xVJxYH6nayh0ZQU","rect":[0,0,174,72],"offset":[0,0],"originalSize":[174,72],"capInsets":[0,0,0,0]}},{"__type__":"cc.SpriteFrame","content":{"name":"mowang01_15","texture":"72t3nwjCJCb5KCKsSQ9jXW","rect":[0,0,22,32],"offset":[0,0],"originalSize":[22,32],"capInsets":[0,0,0,0]}},{"__type__":"cc.SpriteFrame","content":{"name":"mowang01_09","texture":"5cEu6OZ91LhZoDdLRM+Bqh","rect":[0,0,39,54],"offset":[0,0],"originalSize":[39,54],"capInsets":[0,0,0,0]}},{"__type__":"cc.SpriteFrame","content":{"name":"mowang01_04","texture":"6c0HPsHqVCOb6e+lUaoGKA","rect":[0,0,111,87],"offset":[0,0],"originalSize":[111,87],"capInsets":[0,0,0,0]}},{"__type__":"cc.SpriteFrame","content":{"name":"mowang01_16","texture":"3aLZtmCsNENrLtaN6NMKjL","rect":[0,0,22,32],"offset":[0,0],"originalSize":[22,32],"capInsets":[0,0,0,0]}},{"__type__":"cc.AnimationClip","_name":"Atk","_duration":1.5,"wrapMode":"1","curveData":{"paths":{"shen01/shen/mowang01_17/mowang01_12/mowang01_11":{"props":{"opacity":[{"frame":0.3333333333333333,"value":0},{"frame":0.48333333333333334,"value":255},{"frame":0.75,"value":255},{"frame":0.9166666666666666,"value":0}]}},"shen01/shen/mowang01_10/mowang01_08/mowang01_07":{"props":{"opacity":[{"frame":0.3333333333333333,"value":0},{"frame":0.48333333333333334,"value":255},{"frame":0.75,"value":255},{"frame":0.9166666666666666,"value":0}]}},"shen01":{"props":{"position":[{"frame":0,"value":[0,0]},{"frame":0.16666666666666666,"value":[0,-4.3]},{"frame":0.3333333333333333,"value":[0,55]},{"frame":0.48333333333333334,"value":[0,1.5]},{"frame":1.1,"value":[0,6.8]},{"frame":1.2833333333333334,"value":[0,0]},{"frame":1.5,"value":[0,0]}],"scale":[{"frame":0.16666666666666666,"value":{"__type__":"cc.Vec2","x":1,"y":1}},{"frame":0.3333333333333333,"value":{"__type__":"cc.Vec2","x":0.98,"y":0.96}},{"frame":0.48333333333333334,"value":{"__type__":"cc.Vec2","x":0.97,"y":1.05}},{"frame":0.6666666666666666,"value":{"__type__":"cc.Vec2","x":1,"y":0.98}},{"frame":0.9166666666666666,"value":{"__type__":"cc.Vec2","x":1,"y":0.98}},{"frame":1.1,"value":{"__type__":"cc.Vec2","x":1,"y":1}},{"frame":1.2833333333333334,"value":{"__type__":"cc.Vec2","x":1,"y":1}},{"frame":1.5,"value":{"__type__":"cc.Vec2","x":1,"y":1}}]}},"shen01/tou":{"props":{"position":[{"frame":0,"value":[0,77.1]},{"frame":0.16666666666666666,"value":[0,75]},{"frame":0.3333333333333333,"value":[0,88]},{"frame":0.48333333333333334,"value":[0,63.6]},{"frame":0.6666666666666666,"value":[0,60.5]},{"frame":0.9166666666666666,"value":[0,60.5]},{"frame":1.1,"value":[0,77.1]},{"frame":1.2833333333333334,"value":[0,77.1]}]}},"shen01/tou/mowang01_02":{"props":{"rotation":[{"frame":0,"value":0},{"frame":0.16666666666666666,"value":5},{"frame":0.3333333333333333,"value":14},{"frame":0.48333333333333334,"value":-3},{"frame":0.6666666666666666,"value":10},{"frame":0.9166666666666666,"value":-3},{"frame":1.1,"value":-4}]}},"shen01/shen/mowang01_10":{"props":{"rotation":[{"frame":0,"value":0},{"frame":0.16666666666666666,"value":3},{"frame":0.3333333333333333,"value":-23},{"frame":0.48333333333333334,"value":-6},{"frame":0.9166666666666666,"value":-6},{"frame":1.1,"value":3},{"frame":1.2833333333333334,"value":0}],"position":[{"frame":0.16666666666666666,"value":[39.9,98.7]},{"frame":0.3333333333333333,"value":[37.5,105.4]},{"frame":0.48333333333333334,"value":[34,97.2]},{"frame":0.9166666666666666,"value":[34,97.2]},{"frame":1.1,"value":[39.9,98.7]},{"frame":1.2833333333333334,"value":[39.9,98.7]}]}},"shen01/shen/mowang01_17":{"props":{"rotation":[{"frame":0,"value":0},{"frame":0.16666666666666666,"value":-5},{"frame":0.3333333333333333,"value":20},{"frame":0.48333333333333334,"value":5},{"frame":0.9166666666666666,"value":5},{"frame":1.1,"value":-5},{"frame":1.2833333333333334,"value":0}],"position":[{"frame":0.16666666666666666,"value":[-57.5,96.4]},{"frame":0.3333333333333333,"value":[-59.4,103.8]},{"frame":0.48333333333333334,"value":[-53.3,107.5]},{"frame":0.6666666666666666,"value":[-53.3,107.5]},{"frame":0.9166666666666666,"value":[-53.3,107.5]},{"frame":1.1,"value":[-57.5,96.4]},{"frame":1.2833333333333334,"value":[-57.5,96.4]}]}},"shen01/shen/mowang01_17/mowang01_12":{"props":{"rotation":[{"frame":0.3333333333333333,"value":0},{"frame":0.48333333333333334,"value":23},{"frame":0.9166666666666666,"value":23},{"frame":1.1,"value":0},{"frame":1.2833333333333334,"value":0}],"position":[{"frame":0,"value":[-26.4,-18.6]},{"frame":0.16666666666666666,"value":[-21.2,-14.7]},{"frame":0.3333333333333333,"value":[-34,25]},{"frame":0.48333333333333334,"value":[-19,-28.2]},{"frame":0.6666666666666666,"value":[-21.7,-28.4]},{"frame":0.9166666666666666,"value":[-21.7,-28.4]},{"frame":1.1,"value":[-26.4,-18.6]},{"frame":1.2833333333333334,"value":[-26.4,-18.6]}]}},"shen01/shen/mowang01_10/mowang01_08":{"props":{"rotation":[{"frame":0.3333333333333333,"value":0},{"frame":0.48333333333333334,"value":-13},{"frame":0.9166666666666666,"value":-13},{"frame":1.1,"value":0},{"frame":1.2833333333333334,"value":0}],"position":[{"frame":0,"value":[18.3,-22.6]},{"frame":0.16666666666666666,"value":[18.6,-16.1]},{"frame":0.3333333333333333,"value":[23,21]},{"frame":0.48333333333333334,"value":[20.7,-27.9]},{"frame":0.6666666666666666,"value":[21.8,-28]},{"frame":0.9166666666666666,"value":[21.8,-28]},{"frame":1.1,"value":[18.3,-22.6]},{"frame":1.2833333333333334,"value":[18.3,-22.6]}]}},"shen01/shen/mowang01_16/mowang01_13":{"props":{"position":[{"frame":0,"value":[-18.1,-5.5]},{"frame":0.16666666666666666,"value":[-18.1,-3.6]},{"frame":0.3333333333333333,"value":[-15,22]},{"frame":0.48333333333333334,"value":[-20.7,-6.1]},{"frame":0.6666666666666666,"value":[-19.1,-4]},{"frame":0.9166666666666666,"value":[-19.1,-4]},{"frame":1.1,"value":[-18.1,-5.5]},{"frame":1.2833333333333334,"value":[-18.1,-5.5]}]}},"shen01/shen/mowang01_15/mowang01_09":{"props":{"position":[{"frame":0,"value":[13.7,-8]},{"frame":0.16666666666666666,"value":[13.7,-6.7]},{"frame":0.3333333333333333,"value":[0,12]},{"frame":0.48333333333333334,"value":[10.2,-14.4]},{"frame":0.6666666666666666,"value":[5,-10.2]},{"frame":0.9166666666666666,"value":[5,-10.2]},{"frame":1.1,"value":[13.7,-8]},{"frame":1.2833333333333334,"value":[13.7,-8]}]}},"shen01/shen/mowang01_06":{"props":{"rotation":[{"frame":0.16666666666666666,"value":0},{"frame":0.3333333333333333,"value":-20},{"frame":0.6666666666666666,"value":-27},{"frame":0.9166666666666666,"value":-27},{"frame":1.1,"value":-10},{"frame":1.2833333333333334,"value":0}],"position":[{"frame":0.16666666666666666,"value":[-3.9,64.1]},{"frame":0.3333333333333333,"value":[-18,71]},{"frame":0.48333333333333334,"value":[-12.6,52.5]},{"frame":0.9166666666666666,"value":[-12.6,52.5]},{"frame":1.1,"value":[-3.9,64.1]},{"frame":1.2833333333333334,"value":[-3.9,64.1]}]}},"shen01/shen/mowang01_14":{"props":{"position":[{"frame":0.16666666666666666,"value":[-15.8,80.7]},{"frame":0.3333333333333333,"value":[-24,91]},{"frame":0.48333333333333334,"value":[-18.5,68.2]},{"frame":0.9166666666666666,"value":[-18.5,68.2]},{"frame":1.1,"value":[-15.8,80.7]},{"frame":1.2833333333333334,"value":[-15.8,80.7]}],"scale":[{"frame":0.16666666666666666,"value":{"__type__":"cc.Vec2","x":1,"y":1}},{"frame":0.3333333333333333,"value":{"__type__":"cc.Vec2","x":1.07,"y":1.08}},{"frame":0.9166666666666666,"value":{"__type__":"cc.Vec2","x":1.07,"y":1.08}},{"frame":1.1,"value":{"__type__":"cc.Vec2","x":1,"y":1}},{"frame":1.2833333333333334,"value":{"__type__":"cc.Vec2","x":1,"y":1}}]}},"a":{"props":{"scale":[{"frame":0,"value":{"__type__":"cc.Vec2","x":1.86,"y":1}},{"frame":0.16666666666666666,"value":{"__type__":"cc.Vec2","x":1.75,"y":1}},{"frame":0.3333333333333333,"value":{"__type__":"cc.Vec2","x":0.93,"y":1}},{"frame":0.48333333333333334,"value":{"__type__":"cc.Vec2","x":2.37,"y":1.15}},{"frame":0.6666666666666666,"value":{"__type__":"cc.Vec2","x":2.5,"y":1.22}},{"frame":0.9166666666666666,"value":{"__type__":"cc.Vec2","x":2.64,"y":1.29}},{"frame":1.1,"value":{"__type__":"cc.Vec2","x":1.72,"y":0.92}},{"frame":1.2833333333333334,"value":{"__type__":"cc.Vec2","x":1.86,"y":1}}]}},"shen01/tou/mowang01_01":{"props":{"position":[{"frame":0,"value":[11.9,45.8]},{"frame":0.16666666666666666,"value":[11.9,43.1]},{"frame":0.3333333333333333,"value":[11.9,47.9]},{"frame":0.9166666666666666,"value":[11.9,47.9]},{"frame":1.1,"value":[11.9,45.8]},{"frame":1.2833333333333334,"value":[11.9,45.8]}]}},"shen01/tou/mowang01_03":{"props":{"scale":[{"frame":0.16666666666666666,"value":{"__type__":"cc.Vec2","x":1,"y":1}},{"frame":0.3333333333333333,"value":{"__type__":"cc.Vec2","x":1,"y":1.17}},{"frame":0.48333333333333334,"value":{"__type__":"cc.Vec2","x":1.06,"y":1.22}},{"frame":0.9166666666666666,"value":{"__type__":"cc.Vec2","x":1.06,"y":1.22}},{"frame":1.1,"value":{"__type__":"cc.Vec2","x":1,"y":1}},{"frame":1.2833333333333334,"value":{"__type__":"cc.Vec2","x":1,"y":1}}],"position":[{"frame":0.16666666666666666,"value":[3.7,21.4]},{"frame":0.3333333333333333,"value":[3.7,14.6]},{"frame":0.48333333333333334,"value":[3.7,15.5]},{"frame":0.9166666666666666,"value":[3.7,15.5]},{"frame":1.1,"value":[3.7,21.4]},{"frame":1.2833333333333334,"value":[3.7,21.4]}]}},"shen01/shen/mowang01_15":{"props":{"position":[{"frame":0.16666666666666666,"value":[28.1,117.9]}]}},"shen01/shen/mowang01_05":{"props":{"position":[{"frame":0,"value":[21.5,109.2]},{"frame":0.16666666666666666,"value":[23.4,99.9]},{"frame":0.3333333333333333,"value":[19.2,124.6]},{"frame":0.48333333333333334,"value":[24.9,84]},{"frame":0.6666666666666666,"value":[21.9,90.1]},{"frame":0.9166666666666666,"value":[21.9,90.1]},{"frame":1.1,"value":[21.5,109.2]},{"frame":1.2833333333333334,"value":[21.5,109.2]}]}},"mowang01_18":{"props":{"opacity":[{"frame":0.48333333333333334,"value":0},{"frame":0.65,"value":255},{"frame":0.8166666666666667,"value":0}],"position":[{"frame":0.48333333333333334,"value":[-8,25]}]}},"mowang01_19":{"props":{"position":[{"frame":0.5333333333333333,"value":[-88.1,44]},{"frame":0.8333333333333334,"value":[-117.1,73.9]}],"opacity":[{"frame":0.5333333333333333,"value":0},{"frame":0.6666666666666666,"value":255},{"frame":0.8333333333333334,"value":0}],"scale":[{"frame":0.5333333333333333,"value":{"__type__":"cc.Vec2","x":0.45,"y":0.45}},{"frame":0.8333333333333334,"value":{"__type__":"cc.Vec2","x":1,"y":1}}]}},"mowang01_19a":{"props":{"position":[{"frame":0.5333333333333333,"value":[65.4,43.9]},{"frame":0.8333333333333334,"value":[102.4,74.9]}],"opacity":[{"frame":0.5333333333333333,"value":0},{"frame":0.6666666666666666,"value":255},{"frame":0.8333333333333334,"value":0}],"scale":[{"frame":0.5333333333333333,"value":{"__type__":"cc.Vec2","x":-0.5,"y":0.5}},{"frame":0.8333333333333334,"value":{"__type__":"cc.Vec2","x":-1,"y":1}}]}},"mowang01_20":{"props":{"position":[],"scale":[{"frame":0.55,"value":{"__type__":"cc.Vec2","x":0.76,"y":0.76}},{"frame":0.8,"value":{"__type__":"cc.Vec2","x":1.32,"y":1.32}}],"opacity":[{"frame":0.55,"value":0},{"frame":0.6333333333333333,"value":255},{"frame":0.8,"value":0}]}}}},"events":[{"frame":1.2833333333333334,"func":"AfterAtk","params":[]}]},{"__type__":"cc.SpriteFrame","content":{"name":"a","texture":"167cc1GfZOeYQjrmlSsHJ1","rect":[0,0,54,11],"offset":[0,0],"originalSize":[54,11],"capInsets":[0,0,0,0]}},{"__type__":"cc.SpriteFrame","content":{"name":"mowang01_07","texture":"bd3U3Nlh5I2oa4bNoakfFd","rect":[0,0,62,94],"offset":[0,0],"originalSize":[62,94],"capInsets":[0,0,0,0]}},{"__type__":"cc.SpriteFrame","content":{"name":"mowang01_03","texture":"b0Ms1k0zNOO6+Yc/ahmpP9","rect":[0,0,41,26],"offset":[0,0],"originalSize":[41,26],"capInsets":[0,0,0,0]}},{"__type__":"cc.SpriteFrame","content":{"name":"mowang01_11","texture":"a1INEX8AVDNJfznbrhc1fG","rect":[0,0,67,98],"offset":[0,0],"originalSize":[67,98],"capInsets":[0,0,0,0]}},{"__type__":"cc.SpriteFrame","content":{"name":"mowang01_05","texture":"5dZ+SnxXpGoasUn/1ScLA2","rect":[0,0,18,21],"offset":[0,0],"originalSize":[18,21],"capInsets":[0,0,0,0]}},{"__type__":"cc.SpriteFrame","content":{"name":"mowang01_10","texture":"4b7W1pT/pH/6s8yKUAQSd0","rect":[0,0,31,34],"offset":[0,0],"originalSize":[31,34],"capInsets":[0,0,0,0]}},{"__type__":"cc.SpriteFrame","content":{"name":"mowang01_08","texture":"9dkKJaWzFOX40sQw6AiXZm","rect":[0,0,46,78],"offset":[0,0],"originalSize":[46,78],"capInsets":[0,0,0,0]}},{"__type__":"cc.SpriteFrame","content":{"name":"mowang01_19","texture":"69tK93Yc9GJouF/DSLELpm","rect":[0,0,116,128],"offset":[-2.5,11],"originalSize":[121,150],"capInsets":[0,0,0,0]}},{"__type__":"cc.SpriteFrame","content":{"name":"mowang01_06","texture":"75L4I/1t1ChoOoHDzv4EL4","rect":[0,0,46,47],"offset":[0,0],"originalSize":[46,47],"capInsets":[0,0,0,0]}},{"__type__":"cc.SpriteFrame","content":{"name":"mowang01_13","texture":"19D4eK0KpPGIn1jsvRuCJe","rect":[0,0,42,58],"offset":[0,0],"originalSize":[42,58],"capInsets":[0,0,0,0]}},{"__type__":"cc.AnimationClip","_name":"Run","_duration":0.6666666666666666,"wrapMode":"2","curveData":{"paths":{"shen01/shen/mowang01_17/mowang01_12/mowang01_11":{"props":{"opacity":[{"frame":0,"value":0}]}},"shen01/shen/mowang01_10/mowang01_08/mowang01_07":{"props":{"opacity":[{"frame":0,"value":0}],"position":[{"frame":0,"value":[2.1,-20]}]}},"shen01":{"props":{"position":[{"frame":0,"value":[0,0]},{"frame":0.3333333333333333,"value":[0,12.2]},{"frame":0.6666666666666666,"value":[0,0]}]}},"shen01/tou":{"props":{"position":[{"frame":0,"value":[0,77.1]},{"frame":0.3333333333333333,"value":[0,83.1]},{"frame":0.6666666666666666,"value":[0,77.1]}]}},"shen01/tou/mowang01_02":{"props":{"rotation":[{"frame":0,"value":0},{"frame":0.3333333333333333,"value":-4},{"frame":0.6666666666666666,"value":0}]}},"shen01/tou/mowang01_01":{"props":{"position":[{"frame":0,"value":[11.9,45.2]},{"frame":0.3333333333333333,"value":[11.9,46.9]},{"frame":0.6666666666666666,"value":[11.9,45.2]}]}},"shen01/shen/mowang01_10":{"props":{"rotation":[{"frame":0,"value":0},{"frame":0.3333333333333333,"value":4},{"frame":0.6666666666666666,"value":0}]}},"shen01/shen/mowang01_17":{"props":{"rotation":[{"frame":0,"value":0},{"frame":0.3333333333333333,"value":-8},{"frame":0.6666666666666666,"value":0}]}},"shen01/shen/mowang01_17/mowang01_12":{"props":{"rotation":[{"frame":0,"value":0},{"frame":0.3333333333333333,"value":3},{"frame":0.6666666666666666,"value":0}]}},"shen01/shen/mowang01_10/mowang01_08":{"props":{"rotation":[{"frame":0,"value":0},{"frame":0.3333333333333333,"value":5},{"frame":0.6666666666666666,"value":0}]}},"shen01/shen/mowang01_16/mowang01_13":{"props":{"position":[{"frame":0,"value":[-18.1,-5.5]},{"frame":0.3333333333333333,"value":[-19.8,-0.8]},{"frame":0.6666666666666666,"value":[-18.1,-5.5]}]}},"shen01/shen/mowang01_15/mowang01_09":{"props":{"position":[{"frame":0,"value":[13.7,-8]},{"frame":0.3333333333333333,"value":[14.8,-2.2]},{"frame":0.6666666666666666,"value":[13.7,-8]}]}},"shen01/shen/mowang01_06":{"props":{"rotation":[{"frame":0,"value":0},{"frame":0.3333333333333333,"value":-5},{"frame":0.6666666666666666,"value":0}],"position":[{"frame":0,"value":[-3.9,64.1]},{"frame":0.3333333333333333,"value":[-5.3,65.5]},{"frame":0.6666666666666666,"value":[-3.9,64.1]}]}},"shen01/shen/mowang01_14":{"props":{"position":[{"frame":0,"value":[-15.8,80.7]},{"frame":0.3333333333333333,"value":[-15.8,82.4]},{"frame":0.6666666666666666,"value":[-15.8,80.7]}],"scale":[{"frame":0,"value":{"__type__":"cc.Vec2","x":1,"y":1}},{"frame":0.3333333333333333,"value":{"__type__":"cc.Vec2","x":1.05,"y":1.03}},{"frame":0.6666666666666666,"value":{"__type__":"cc.Vec2","x":1,"y":1}}]}},"a":{"props":{"scale":[{"frame":0,"value":{"__type__":"cc.Vec2","x":1.34,"y":1}},{"frame":0.3333333333333333,"value":{"__type__":"cc.Vec2","x":1,"y":1}},{"frame":0.6666666666666666,"value":{"__type__":"cc.Vec2","x":1.34,"y":1}}]}},"shen01/shen/mowang01_05":{"props":{"position":[{"frame":0,"value":[21.5,107.4]},{"frame":0.3333333333333333,"value":[20.4,116.8]},{"frame":0.6666666666666666,"value":[21.5,107.4]}]}},"mowang01_18":{"props":{"opacity":[{"frame":0,"value":0}]}},"mowang01_19a":{"props":{"opacity":[{"frame":0,"value":0}]}},"mowang01_19":{"props":{"opacity":[{"frame":0,"value":0}]}},"mowang01_20":{"props":{"opacity":[{"frame":0,"value":0}]}}}}},{"__type__":"cc.SpriteFrame","content":{"name":"mowang01_17","texture":"a0NK/ixixD9oMqnAjCG4gL","rect":[0,0,33,36],"offset":[0,0],"originalSize":[33,36],"capInsets":[0,0,0,0]}},{"__type__":"cc.SpriteFrame","content":{"name":"mowang01_12","texture":"4faOnk4VFDJa42RUg5Ylo8","rect":[0,0,51,82],"offset":[0,0],"originalSize":[51,82],"capInsets":[0,0,0,0]}},{"__type__":"cc.SpriteFrame","content":{"name":"mowang01_14","texture":"dbNteDYiBOCI1VhmRM8dwt","rect":[0,0,55,58],"offset":[0,0],"originalSize":[55,58],"capInsets":[0,0,0,0]}},{"__type__":"cc.SpriteFrame","content":{"name":"mowang01_01","texture":"b50ybQSYVKUZxJB8RP9Hae","rect":[0,0,65,29],"offset":[0,0],"originalSize":[65,29],"capInsets":[0,0,0,0]}},{"__type__":"cc.SpriteFrame","content":{"name":"mowang01_20","texture":"b3q1oswi9F6prnGqwomo6D","rect":[0,0,248,103],"offset":[0,0],"originalSize":[248,103],"capInsets":[0,0,0,0]}},[{"__type__":"cc.Prefab","_name":"100001","data":{"__id__":1}},{"__type__":"cc.Node","_name":"100001","_children":[{"__id__":2},{"__id__":3},{"__id__":4},{"__id__":5},{"__id__":25},{"__id__":26}],"_level":1,"_components":[{"__type__":"cc.Animation","node":{"__id__":1},"_clips":[{"__uuid__":"d67ksvuktGN73qy0A1bI/B"},{"__uuid__":"41hVwVV1NL7YB+W/0bkI5t"}]},{"__type__":"39536FqcZNC9IoItbhknXhs","node":{"__id__":1},"m_BossBullet":{"__uuid__":"a5DdhLV9lNw5IW+w6Q1C5P"}}],"_prefab":{"__type__":"cc.PrefabInfo","root":{"__id__":1},"asset":{"__uuid__":"f1bF00XPdN1YB/TcbHld7x"},"fileId":"dciSabFMRJQKy+s35G20H8"},"_contentSize":{"__type__":"cc.Size","width":180,"height":170},"_anchorPoint":{"__type__":"cc.Vec2","x":0.55},"_position":{"__type__":"cc.Vec3","y":-55},"_scale":{"__type__":"cc.Vec3","x":1,"y":1,"z":1}},{"__type__":"cc.Node","_name":"a","_parent":{"__id__":1},"_components":[{"__type__":"cc.Sprite","node":{"__id__":2},"_spriteFrame":{"__uuid__":"5f7aAAVqFMraYmnnMbxHrz"}}],"_prefab":{"__type__":"cc.PrefabInfo","root":{"__id__":1},"asset":{"__uuid__":"f1bF00XPdN1YB/TcbHld7x"},"fileId":"5e3bUc74lIqpAD3Kp4cYBF"},"_contentSize":{"__type__":"cc.Size","width":54,"height":11},"_position":{"__type__":"cc.Vec3","y":19.5},"_scale":{"__type__":"cc.Vec3","x":1,"y":1,"z":1}},{"__type__":"cc.Node","_name":"mowang01_18","_parent":{"__id__":1},"_components":[{"__type__":"cc.Sprite","node":{"__id__":3},"_spriteFrame":{"__uuid__":"01b8gqpJpCoYgTm3nwpmh/"}}],"_prefab":{"__type__":"cc.PrefabInfo","root":{"__id__":1},"asset":{"__uuid__":"f1bF00XPdN1YB/TcbHld7x"},"fileId":"c9yXKgKfhAU68cl8zCzGYL"},"_opacity":0,"_contentSize":{"__type__":"cc.Size","width":174,"height":72},"_position":{"__type__":"cc.Vec3","x":-8,"y":25},"_scale":{"__type__":"cc.Vec3","x":1,"y":1,"z":1}},{"__type__":"cc.Node","_name":"mowang01_20","_parent":{"__id__":1},"_components":[{"__type__":"cc.Sprite","node":{"__id__":4},"_spriteFrame":{"__uuid__":"ecoI2HioNKRabM2LOBYmMq"}}],"_prefab":{"__type__":"cc.PrefabInfo","root":{"__id__":1},"asset":{"__uuid__":"f1bF00XPdN1YB/TcbHld7x"},"fileId":"a5yhIw3ypPhadURY3O0o0M"},"_opacity":0,"_contentSize":{"__type__":"cc.Size","width":248,"height":103},"_position":{"__type__":"cc.Vec3","x":-7,"y":23.5},"_scale":{"__type__":"cc.Vec3","x":1,"y":1,"z":1}},{"__type__":"cc.Node","_name":"shen01","_parent":{"__id__":1},"_children":[{"__id__":6},{"__id__":20}],"_prefab":{"__type__":"cc.PrefabInfo","root":{"__id__":1},"asset":{"__uuid__":"f1bF00XPdN1YB/TcbHld7x"},"fileId":"19Vd6gzWpNU6WfuMpyTCXl"},"_scale":{"__type__":"cc.Vec3","x":1,"y":1,"z":1}},{"__type__":"cc.Node","_name":"shen","_parent":{"__id__":5},"_children":[{"__id__":7},{"__id__":10},{"__id__":13},{"__id__":15},{"__id__":16},{"__id__":17},{"__id__":18}],"_prefab":{"__type__":"cc.PrefabInfo","root":{"__id__":1},"asset":{"__uuid__":"f1bF00XPdN1YB/TcbHld7x"},"fileId":"16ke0LADZAqpm/zNmxVBo7"},"_scale":{"__type__":"cc.Vec3","x":1,"y":1,"z":1}},{"__type__":"cc.Node","_name":"mowang01_17","_parent":{"__id__":6},"_children":[{"__id__":8}],"_components":[{"__type__":"cc.Sprite","node":{"__id__":7},"_spriteFrame":{"__uuid__":"d73nc/IiRBo4TSvyNQIRAf"}}],"_prefab":{"__type__":"cc.PrefabInfo","root":{"__id__":1},"asset":{"__uuid__":"f1bF00XPdN1YB/TcbHld7x"},"fileId":"d0TXh8zftEI7acIUXgq2y0"},"_contentSize":{"__type__":"cc.Size","width":33,"height":36},"_anchorPoint":{"__type__":"cc.Vec2","x":0.7742342023843772,"y":0.8243630350782958},"_position":{"__type__":"cc.Vec3","x":-57.5,"y":96.4},"_scale":{"__type__":"cc.Vec3","x":1,"y":1,"z":1}},{"__type__":"cc.Node","_name":"mowang01_12","_parent":{"__id__":7},"_children":[{"__id__":9}],"_components":[{"__type__":"cc.Sprite","node":{"__id__":8},"_spriteFrame":{"__uuid__":"dcYg+Juo5GTKr3ne8/adwg"}}],"_prefab":{"__type__":"cc.PrefabInfo","root":{"__id__":1},"asset":{"__uuid__":"f1bF00XPdN1YB/TcbHld7x"},"fileId":"d9VPLseshB05QBj7HKB03H"},"_contentSize":{"__type__":"cc.Size","width":51,"height":82},"_anchorPoint":{"__type__":"cc.Vec2","x":0.4370354108377429,"y":0.8026069778474344},"_position":{"__type__":"cc.Vec3","x":-26.4,"y":-18.6},"_scale":{"__type__":"cc.Vec3","x":1,"y":1,"z":1}},{"__type__":"cc.Node","_name":"mowang01_11","_parent":{"__id__":8},"_components":[{"__type__":"cc.Sprite","node":{"__id__":9},"_spriteFrame":{"__uuid__":"8cfsuvKi1K87dg4tXP3TNL"}}],"_prefab":{"__type__":"cc.PrefabInfo","root":{"__id__":1},"asset":{"__uuid__":"f1bF00XPdN1YB/TcbHld7x"},"fileId":"41fLyrsBhO+6ilTbN6VGmJ"},"_opacity":0,"_contentSize":{"__type__":"cc.Size","width":67,"height":98},"_position":{"__type__":"cc.Vec3","x":2.9,"y":-24.5},"_scale":{"__type__":"cc.Vec3","x":1,"y":1,"z":1}},{"__type__":"cc.Node","_name":"mowang01_10","_parent":{"__id__":6},"_children":[{"__id__":11}],"_components":[{"__type__":"cc.Sprite","node":{"__id__":10},"_spriteFrame":{"__uuid__":"9b+JyO0c5JbL/kZzl0GOSN"}}],"_prefab":{"__type__":"cc.PrefabInfo","root":{"__id__":1},"asset":{"__uuid__":"f1bF00XPdN1YB/TcbHld7x"},"fileId":"dajY42OzVOarzBSgQzq8/O"},"_contentSize":{"__type__":"cc.Size","width":31,"height":34},"_anchorPoint":{"__type__":"cc.Vec2","x":0.26457521647543103,"y":0.7404102495286189},"_position":{"__type__":"cc.Vec3","x":39.9,"y":98.7},"_scale":{"__type__":"cc.Vec3","x":1,"y":1,"z":1}},{"__type__":"cc.Node","_name":"mowang01_08","_parent":{"__id__":10},"_children":[{"__id__":12}],"_components":[{"__type__":"cc.Sprite","node":{"__id__":11},"_spriteFrame":{"__uuid__":"9c7NDKHT1ONrzN7pqWGfFv"}}],"_prefab":{"__type__":"cc.PrefabInfo","root":{"__id__":1},"asset":{"__uuid__":"f1bF00XPdN1YB/TcbHld7x"},"fileId":"2czYT5kANG35uH4V2nObsz"},"_contentSize":{"__type__":"cc.Size","width":46,"height":78},"_anchorPoint":{"__type__":"cc.Vec2","x":0.45557636693492976,"y":0.7657281787372193},"_position":{"__type__":"cc.Vec3","x":18.3,"y":-22.6},"_scale":{"__type__":"cc.Vec3","x":1,"y":1,"z":1}},{"__type__":"cc.Node","_name":"mowang01_07","_parent":{"__id__":11},"_components":[{"__type__":"cc.Sprite","node":{"__id__":12},"_spriteFrame":{"__uuid__":"7baaMByQdMCarsWIt5BoWZ"}}],"_prefab":{"__type__":"cc.PrefabInfo","root":{"__id__":1},"asset":{"__uuid__":"f1bF00XPdN1YB/TcbHld7x"},"fileId":"56eCPfQwhKsoXQGxNdw5Hf"},"_opacity":0,"_contentSize":{"__type__":"cc.Size","width":62,"height":94},"_position":{"__type__":"cc.Vec3","x":2.1,"y":-20},"_scale":{"__type__":"cc.Vec3","x":1,"y":1,"z":1}},{"__type__":"cc.Node","_name":"mowang01_15","_parent":{"__id__":6},"_children":[{"__id__":14}],"_components":[{"__type__":"cc.Sprite","node":{"__id__":13},"_spriteFrame":{"__uuid__":"06UrSKeRpGYoLL2SmMi5o9"}}],"_prefab":{"__type__":"cc.PrefabInfo","root":{"__id__":1},"asset":{"__uuid__":"f1bF00XPdN1YB/TcbHld7x"},"fileId":"26kU+MTE9FULPk4ndLtVCS"},"_contentSize":{"__type__":"cc.Size","width":22,"height":32},"_position":{"__type__":"cc.Vec3","x":28.1,"y":117.9},"_scale":{"__type__":"cc.Vec3","x":1,"y":1,"z":1}},{"__type__":"cc.Node","_name":"mowang01_09","_parent":{"__id__":13},"_components":[{"__type__":"cc.Sprite","node":{"__id__":14},"_spriteFrame":{"__uuid__":"07V/D1GNJLA45Y/+taGcCd"}}],"_prefab":{"__type__":"cc.PrefabInfo","root":{"__id__":1},"asset":{"__uuid__":"f1bF00XPdN1YB/TcbHld7x"},"fileId":"98F7+vP35Ir4lZhtXVH3Mz"},"_contentSize":{"__type__":"cc.Size","width":39,"height":54},"_position":{"__type__":"cc.Vec3","x":13.7,"y":-8},"_scale":{"__type__":"cc.Vec3","x":1,"y":1,"z":1}},{"__type__":"cc.Node","_name":"mowang01_14","_parent":{"__id__":6},"_components":[{"__type__":"cc.Sprite","node":{"__id__":15},"_spriteFrame":{"__uuid__":"e1vLobJTtIzY4lC3GAKpwy"}}],"_prefab":{"__type__":"cc.PrefabInfo","root":{"__id__":1},"asset":{"__uuid__":"f1bF00XPdN1YB/TcbHld7x"},"fileId":"00+np2DLJLgZRrrT/rnTW2"},"_contentSize":{"__type__":"cc.Size","width":55,"height":58},"_position":{"__type__":"cc.Vec3","x":-15.8,"y":80.7},"_scale":{"__type__":"cc.Vec3","x":1,"y":1,"z":1}},{"__type__":"cc.Node","_name":"mowang01_05","_parent":{"__id__":6},"_components":[{"__type__":"cc.Sprite","node":{"__id__":16},"_spriteFrame":{"__uuid__":"90SXp3zNFAybK+iqrvRNjL"}}],"_prefab":{"__type__":"cc.PrefabInfo","root":{"__id__":1},"asset":{"__uuid__":"f1bF00XPdN1YB/TcbHld7x"},"fileId":"9f7+TJMBNBAbzdV4jQOcjv"},"_contentSize":{"__type__":"cc.Size","width":18,"height":21},"_position":{"__type__":"cc.Vec3","x":21.5,"y":109.2},"_scale":{"__type__":"cc.Vec3","x":1,"y":1,"z":1}},{"__type__":"cc.Node","_name":"mowang01_06","_parent":{"__id__":6},"_components":[{"__type__":"cc.Sprite","node":{"__id__":17},"_spriteFrame":{"__uuid__":"c19bb4ah5GpZJ6uuFVBZbh"}}],"_prefab":{"__type__":"cc.PrefabInfo","root":{"__id__":1},"asset":{"__uuid__":"f1bF00XPdN1YB/TcbHld7x"},"fileId":"c0X7mrOQJNHb0gLR6ZPd0M"},"_contentSize":{"__type__":"cc.Size","width":46,"height":47},"_anchorPoint":{"__type__":"cc.Vec2","x":0.3159592344447065,"y":0.8478275950626825},"_position":{"__type__":"cc.Vec3","x":-3.9,"y":64.1},"_scale":{"__type__":"cc.Vec3","x":1,"y":1,"z":1}},{"__type__":"cc.Node","_name":"mowang01_16","_parent":{"__id__":6},"_children":[{"__id__":19}],"_components":[{"__type__":"cc.Sprite","node":{"__id__":18},"_spriteFrame":{"__uuid__":"23NMdt10ZBK6+n/EtWDYxQ"}}],"_prefab":{"__type__":"cc.PrefabInfo","root":{"__id__":1},"asset":{"__uuid__":"f1bF00XPdN1YB/TcbHld7x"},"fileId":"48bDLBlDZMr6Dnor3uuxZw"},"_contentSize":{"__type__":"cc.Size","width":22,"height":32},"_position":{"__type__":"cc.Vec3","x":-41.1,"y":111.7},"_scale":{"__type__":"cc.Vec3","x":1,"y":1,"z":1}},{"__type__":"cc.Node","_name":"mowang01_13","_parent":{"__id__":18},"_components":[{"__type__":"cc.Sprite","node":{"__id__":19},"_spriteFrame":{"__uuid__":"d6KkQ2uRFEOJi9pyYgGLRk"}}],"_prefab":{"__type__":"cc.PrefabInfo","root":{"__id__":1},"asset":{"__uuid__":"f1bF00XPdN1YB/TcbHld7x"},"fileId":"48sld4mNJNy51oOaQcf4fh"},"_contentSize":{"__type__":"cc.Size","width":42,"height":58},"_position":{"__type__":"cc.Vec3","x":-18.1,"y":-5.5},"_scale":{"__type__":"cc.Vec3","x":1,"y":1,"z":1}},{"__type__":"cc.Node","_name":"tou","_parent":{"__id__":5},"_children":[{"__id__":21},{"__id__":22},{"__id__":23},{"__id__":24}],"_prefab":{"__type__":"cc.PrefabInfo","root":{"__id__":1},"asset":{"__uuid__":"f1bF00XPdN1YB/TcbHld7x"},"fileId":"3eXg/uNdpDJK9UC87vsobb"},"_position":{"__type__":"cc.Vec3","y":77.1},"_scale":{"__type__":"cc.Vec3","x":1,"y":1,"z":1}},{"__type__":"cc.Node","_name":"mowang01_04","_parent":{"__id__":20},"_components":[{"__type__":"cc.Sprite","node":{"__id__":21},"_spriteFrame":{"__uuid__":"0aL90bGo1M+Kq/u91F4efb"}}],"_prefab":{"__type__":"cc.PrefabInfo","root":{"__id__":1},"asset":{"__uuid__":"f1bF00XPdN1YB/TcbHld7x"},"fileId":"dfYscqpitLeZesQ1VTkP6g"},"_contentSize":{"__type__":"cc.Size","width":111,"height":87},"_position":{"__type__":"cc.Vec3","x":-15.5,"y":56},"_scale":{"__type__":"cc.Vec3","x":1,"y":1,"z":1}},{"__type__":"cc.Node","_name":"mowang01_03","_parent":{"__id__":20},"_components":[{"__type__":"cc.Sprite","node":{"__id__":22},"_spriteFrame":{"__uuid__":"7b9eHRGd5CIo9E/jxAM+JA"}}],"_prefab":{"__type__":"cc.PrefabInfo","root":{"__id__":1},"asset":{"__uuid__":"f1bF00XPdN1YB/TcbHld7x"},"fileId":"cfoFk3pmtMRZcWAQhm1MR4"},"_contentSize":{"__type__":"cc.Size","width":41,"height":26},"_anchorPoint":{"__type__":"cc.Vec2","x":0.5498411492925188,"y":0.03965400021580501},"_position":{"__type__":"cc.Vec3","x":3.7,"y":21.4},"_scale":{"__type__":"cc.Vec3","x":1,"y":1,"z":1}},{"__type__":"cc.Node","_name":"mowang01_01","_parent":{"__id__":20},"_components":[{"__type__":"cc.Sprite","node":{"__id__":23},"_spriteFrame":{"__uuid__":"e35Nk5eFNJHKPbi40ItlwO"}}],"_prefab":{"__type__":"cc.PrefabInfo","root":{"__id__":1},"asset":{"__uuid__":"f1bF00XPdN1YB/TcbHld7x"},"fileId":"62bNBlUKVIBqjp6v6n4cd5"},"_contentSize":{"__type__":"cc.Size","width":65,"height":29},"_anchorPoint":{"__type__":"cc.Vec2","x":0.7021031218564762,"y":0.38926917078361695},"_position":{"__type__":"cc.Vec3","x":11.9,"y":45.8},"_scale":{"__type__":"cc.Vec3","x":1,"y":1,"z":1}},{"__type__":"cc.Node","_name":"mowang01_02","_parent":{"__id__":20},"_components":[{"__type__":"cc.Sprite","node":{"__id__":24},"_spriteFrame":{"__uuid__":"00diuyEfdIO6c4bivMlCIA"}}],"_prefab":{"__type__":"cc.PrefabInfo","root":{"__id__":1},"asset":{"__uuid__":"f1bF00XPdN1YB/TcbHld7x"},"fileId":"1dtmOFNt1LLaK1nmI28z68"},"_contentSize":{"__type__":"cc.Size","width":72,"height":43},"_anchorPoint":{"__type__":"cc.Vec2","x":0.08643713027517362,"y":0.5475229563021692},"_position":{"__type__":"cc.Vec3","x":-31.2,"y":20.7},"_scale":{"__type__":"cc.Vec3","x":1,"y":1,"z":1}},{"__type__":"cc.Node","_name":"mowang01_19","_parent":{"__id__":1},"_components":[{"__type__":"cc.Sprite","node":{"__id__":25},"_spriteFrame":{"__uuid__":"adeIaXr2tJz6MsxXriFWYh"}}],"_prefab":{"__type__":"cc.PrefabInfo","root":{"__id__":1},"asset":{"__uuid__":"f1bF00XPdN1YB/TcbHld7x"},"fileId":"52KNz7OsxKtavvZ8pSshU9"},"_opacity":0,"_contentSize":{"__type__":"cc.Size","width":116,"height":128},"_position":{"__type__":"cc.Vec3","x":-88.1,"y":44},"_scale":{"__type__":"cc.Vec3","x":1,"y":1,"z":1}},{"__type__":"cc.Node","_name":"mowang01_19a","_parent":{"__id__":1},"_components":[{"__type__":"cc.Sprite","node":{"__id__":26},"_spriteFrame":{"__uuid__":"adeIaXr2tJz6MsxXriFWYh"}}],"_prefab":{"__type__":"cc.PrefabInfo","root":{"__id__":1},"asset":{"__uuid__":"f1bF00XPdN1YB/TcbHld7x"},"fileId":"eagy3/3eVEsqYRjfEPMcn3"},"_opacity":0,"_contentSize":{"__type__":"cc.Size","width":116,"height":128},"_position":{"__type__":"cc.Vec3","x":65.4,"y":43.9},"_scale":{"__type__":"cc.Vec3","x":1,"y":1,"z":1}}]]