[{"__type__":"cc.AnimationClip","_name":"Atk","_duration":1,"sample":6,"speed":1.5,"wrapMode":"1","curveData":{"paths":{"monster13a_01":{"props":{"width":[{"frame":0,"value":140}],"height":[{"frame":0,"value":140}]},"comps":{"cc.Sprite":{"spriteFrame":[{"frame":0,"value":{"__uuid__":"bdjYmk7AtGir7IDMrQm310"}},{"frame":0.16666666666666666,"value":{"__uuid__":"f7mblsNTBMDp3RJOZTI8of"}},{"frame":0.3333333333333333,"value":{"__uuid__":"af2OGCT19KZ6y4IaB6FsPM"}},{"frame":0.5,"value":{"__uuid__":"e46KB3mzdETaxfIhXz2CdJ"}},{"frame":0.6666666666666666,"value":{"__uuid__":"90OXB4wjlG+I6wcMMuMeLn"}},{"frame":0.8333333333333334,"value":{"__uuid__":"9fcK77LO5Ora8u7uZyYY/o"}}]}}}}},"events":[{"frame":1,"func":"AfterAtk","params":[]}]},{"__type__":"cc.SpriteFrame","content":{"name":"monster13b_05","texture":"79WmWBduNNTYLLr9MHKKph","rect":[5,20,131,109],"offset":[0.5,-4.5],"originalSize":[140,140],"capInsets":[0,0,0,0]}},{"__type__":"cc.SpriteFrame","content":{"name":"monster13b_06","texture":"24408TwSlB8a+YmR2k+pB9","rect":[5,17,125,111],"offset":[-2.5,-2.5],"originalSize":[140,140],"capInsets":[0,0,0,0]}},{"__type__":"cc.SpriteFrame","content":{"name":"monster13b_03","texture":"38L7CeR5FJNIEFQluTff/7","rect":[1,1,111,124],"offset":[-13.5,7],"originalSize":[140,140],"capInsets":[0,0,0,0]}},{"__type__":"cc.SpriteFrame","content":{"name":"monster13a_01","texture":"adhja2lnhPYpX297Gy7jZ/","rect":[5,13,122,112],"offset":[-4,1],"originalSize":[140,140],"capInsets":[0,0,0,0]}},{"__type__":"cc.SpriteFrame","content":{"name":"monster13b_04","texture":"3eU8xtiXNGY4sf/5rim246","rect":[3,12,127,113],"offset":[-3.5,1.5],"originalSize":[140,140],"capInsets":[0,0,0,0]}},{"__type__":"cc.SpriteFrame","content":{"name":"monster13b_02","texture":"20mKrtr+lA6aPiH0alN+ET","rect":[3,7,120,118],"offset":[-7,4],"originalSize":[140,140],"capInsets":[0,0,0,0]}}]