[{"__type__":"cc.SpriteFrame","content":{"name":"monster24b_05","texture":"03ZY+ljsFNvLv4AL04EkiQ","rect":[24,36,149,132],"offset":[8.5,-17],"originalSize":[180,170],"capInsets":[0,0,0,0]}},{"__type__":"cc.AnimationClip","_name":"Atk","_duration":0.8333333333333334,"sample":6,"speed":1.5,"wrapMode":"1","curveData":{"paths":{"monster24a_01":{"comps":{"cc.Sprite":{"spriteFrame":[{"frame":0,"value":{"__uuid__":"dd5J2/IUZIaIFWjdja5LIT"}},{"frame":0.16666666666666666,"value":{"__uuid__":"a0HpfndWBE846V5f4lZYxy"}},{"frame":0.3333333333333333,"value":{"__uuid__":"8ayny4EQRNWZbM1XXqBcE6"}},{"frame":0.5,"value":{"__uuid__":"c07U6eggdIobuaoyNFk6AP"}},{"frame":0.6666666666666666,"value":{"__uuid__":"01GSxlaw9DWrykq5bCSlzl"}}]}}}}},"events":[{"frame":0.8333333333333334,"func":"AfterAtk","params":[]}]},{"__type__":"cc.SpriteFrame","content":{"name":"monster24b_03","texture":"d3A4BUgo9LCYga+iLSZKiW","rect":[3,5,119,135],"offset":[-27.5,12.5],"originalSize":[180,170],"capInsets":[0,0,0,0]}},{"__type__":"cc.SpriteFrame","content":{"name":"monster24b_02","texture":"55byMfUgdOwrqzEJA4ISfb","rect":[5,13,121,134],"offset":[-24.5,5],"originalSize":[180,170],"capInsets":[0,0,0,0]}},{"__type__":"cc.SpriteFrame","content":{"name":"monster24b_04","texture":"e2go4xNddB2J5JaUX2MwTK","rect":[14,21,130,129],"offset":[-11,-0.5],"originalSize":[180,170],"capInsets":[0,0,0,0]}},{"__type__":"cc.SpriteFrame","content":{"name":"monster24a_01","texture":"c1MLWyYhtPW4R8Di2xeIH3","rect":[7,21,139,134],"offset":[-13.5,-3],"originalSize":[180,170],"capInsets":[0,0,0,0]}}]