[[{"__type__":"cc.Prefab","_name":"MonsterInfoShow","data":{"__id__":1}},{"__type__":"cc.Node","_name":"OtherShowNode","_children":[{"__id__":2},{"__id__":3},{"__id__":4},{"__id__":5},{"__id__":6}],"_level":1,"_prefab":{"__type__":"cc.PrefabInfo","root":{"__id__":1},"asset":{"__uuid__":"3aKBMxAaFKdYlV33jqpwgg"},"fileId":"c6HPcUl4xJ55275GbdSmx1"},"_scale":{"__type__":"cc.Vec3","x":1,"y":1,"z":1}},{"__type__":"cc.Node","_name":"HpBg","_parent":{"__id__":1},"_components":[{"__type__":"cc.Sprite","node":{"__id__":2},"_spriteFrame":{"__uuid__":"f1NJNkWidMSotPy+CHF296"},"_sizeMode":0}],"_prefab":{"__type__":"cc.PrefabInfo","root":{"__id__":1},"asset":{"__uuid__":"3aKBMxAaFKdYlV33jqpwgg"},"fileId":"cfmk2cLwxFLov1cKaHqiBk"},"_contentSize":{"__type__":"cc.Size","width":97,"height":10},"_anchorPoint":{"__type__":"cc.Vec2","y":0.5},"_position":{"__type__":"cc.Vec3","x":-48.9,"y":94},"_scale":{"__type__":"cc.Vec3","x":1,"y":1,"z":1}},{"__type__":"cc.Node","_name":"Hp","_parent":{"__id__":1},"_components":[{"__type__":"cc.Sprite","node":{"__id__":3},"_spriteFrame":{"__uuid__":"c4iQnAOfxI36ExvzHWBhV0"},"_sizeMode":0}],"_prefab":{"__type__":"cc.PrefabInfo","root":{"__id__":1},"asset":{"__uuid__":"3aKBMxAaFKdYlV33jqpwgg"},"fileId":"dcLF8W4MNBQ5RRZGxZypzG"},"_contentSize":{"__type__":"cc.Size","width":97,"height":8},"_anchorPoint":{"__type__":"cc.Vec2","y":0.5},"_position":{"__type__":"cc.Vec3","x":-48.9,"y":94},"_scale":{"__type__":"cc.Vec3","x":1,"y":1,"z":1}},{"__type__":"cc.Node","_name":"Label_Level","_parent":{"__id__":1},"_components":[{"__type__":"cc.Label","node":{"__id__":4},"_srcBlendFactor":1,"_useOriginalSize":false,"_string":"Lv.999","_N$string":"Lv.999","_fontSize":12,"_lineHeight":12},{"__type__":"cc.LabelOutline","node":{"__id__":4},"_color":{"__type__":"cc.Color"},"_width":2}],"_prefab":{"__type__":"cc.PrefabInfo","root":{"__id__":1},"asset":{"__uuid__":"3aKBMxAaFKdYlV33jqpwgg"},"fileId":"66xemEKJdP/Z6dSBYZFad5"},"_contentSize":{"__type__":"cc.Size","width":40.11,"height":12},"_position":{"__type__":"cc.Vec3","y":131.1},"_scale":{"__type__":"cc.Vec3","x":1,"y":1,"z":1}},{"__type__":"cc.Node","_name":"Label_Name","_parent":{"__id__":1},"_components":[{"__type__":"cc.Label","node":{"__id__":5},"_srcBlendFactor":1,"_useOriginalSize":false,"_string":"最长的角色名称","_N$string":"最长的角色名称","_fontSize":18,"_lineHeight":20,"_N$horizontalAlign":1,"_N$verticalAlign":1},{"__type__":"cc.LabelOutline","node":{"__id__":5},"_color":{"__type__":"cc.Color"},"_width":2}],"_prefab":{"__type__":"cc.PrefabInfo","root":{"__id__":1},"asset":{"__uuid__":"3aKBMxAaFKdYlV33jqpwgg"},"fileId":"10KogERKxIXZ2n5FGLmIEc"},"_color":{"__type__":"cc.Color","r":30,"g":216,"b":47},"_contentSize":{"__type__":"cc.Size","width":130,"height":20},"_position":{"__type__":"cc.Vec3","y":111.5},"_scale":{"__type__":"cc.Vec3","x":1,"y":1,"z":1}},{"__type__":"cc.Node","_name":"Label_BeAtk","_parent":{"__id__":1},"_active":false,"_components":[{"__type__":"cc.Label","node":{"__id__":6},"_useOriginalSize":false,"_string":"-1299","_N$string":"-1299","_fontSize":31,"_lineHeight":31,"_N$file":{"__uuid__":"4dneJ3qepHxaVpN8l1oFJI"},"_isSystemFontUsed":false,"_spacingX":-30,"_N$horizontalAlign":1,"_N$verticalAlign":1}],"_prefab":{"__type__":"cc.PrefabInfo","root":{"__id__":1},"asset":{"__uuid__":"3aKBMxAaFKdYlV33jqpwgg"},"fileId":"44LWG6RbtANqzlzrxRkjrv"},"_color":{"__type__":"cc.Color","r":203,"g":14,"b":14},"_contentSize":{"__type__":"cc.Size","width":175.47,"height":30.03},"_position":{"__type__":"cc.Vec3","x":-1,"y":114.8},"_scale":{"__type__":"cc.Vec3","x":1,"y":1,"z":1}}],{"__type__":"cc.SpriteFrame","content":{"name":"Sprite_Hp","texture":"5eXTLZHLhCr4iL4/+bsvRK","rect":[2,3,101,8],"offset":[0,0],"originalSize":[105,14],"capInsets":[0,0,0,0]}},{"__type__":"cc.SpriteFrame","content":{"name":"Sprite_HpBg","texture":"d6spVuKEFNyYxHFhxkhRhq","rect":[0,0,105,14],"offset":[0,0],"originalSize":[105,14],"capInsets":[0,0,0,0]}}]