[{"__type__":"cc.SpriteFrame","content":{"name":"monster07b_07_11","texture":"47fotKLk5Ki5sclA7vL/GJ","rect":[18,9,72,85],"offset":[4,3.5],"originalSize":[100,110],"capInsets":[0,0,0,0]}},{"__type__":"cc.SpriteFrame","content":{"name":"monster07b_06_08_10","texture":"4ax+ILL49Ol6udB4/YbWe5","rect":[19,7,61,87],"offset":[-0.5,4.5],"originalSize":[100,110],"capInsets":[0,0,0,0]}},{"__type__":"cc.SpriteFrame","content":{"name":"monster07b_02","texture":"7ep89+6qNMfJ7XPSR5DKNI","rect":[18,8,68,88],"offset":[2,3],"originalSize":[100,110],"capInsets":[0,0,0,0]}},{"__type__":"cc.SpriteFrame","content":{"name":"monster07b_05_09","texture":"acQqy3iYVAZLRQP+KtOMnm","rect":[19,6,65,88],"offset":[1.5,5],"originalSize":[100,110],"capInsets":[0,0,0,0]}},{"__type__":"cc.SpriteFrame","content":{"name":"monster07b_12","texture":"6bINag3pxOYqcvR/np87sB","rect":[18,8,68,89],"offset":[2,2.5],"originalSize":[100,110],"capInsets":[0,0,0,0]}},{"__type__":"cc.SpriteFrame","content":{"name":"monster07a_01","texture":"d7cXdTytBIUaDwp9v2I7Qs","rect":[6,5,81,89],"offset":[-3.5,5.5],"originalSize":[100,110],"capInsets":[0,0,0,0]}},{"__type__":"cc.AnimationClip","_name":"Atk","_duration":2,"sample":6,"speed":1.5,"wrapMode":"1","curveData":{"paths":{"monster07a_02":{"props":{"width":[{"frame":0,"value":100}],"height":[{"frame":0,"value":110}]},"comps":{"cc.Sprite":{"spriteFrame":[{"frame":0,"value":{"__uuid__":"a9RHmWnCVIOqe5eR2P4Uvg"}},{"frame":0.16666666666666666,"value":{"__uuid__":"364v2jHvFOmJiGEyyAaxhr"}},{"frame":0.3333333333333333,"value":{"__uuid__":"e6oGs8qBNF4KJ3tDclgQhS"}},{"frame":0.5,"value":{"__uuid__":"aeoZZQLIVD3K79Cqy1nxOR"}},{"frame":0.6666666666666666,"value":{"__uuid__":"46kUGMC9VLzKzECNepUfvI"}},{"frame":0.8333333333333334,"value":{"__uuid__":"260yhTZzZKO4NGaTZIzkRz"}},{"frame":1,"value":{"__uuid__":"06PD3/Jg5KdaF5V8liKSIh"}},{"frame":1.1666666666666667,"value":{"__uuid__":"260yhTZzZKO4NGaTZIzkRz"}},{"frame":1.3333333333333333,"value":{"__uuid__":"46kUGMC9VLzKzECNepUfvI"}},{"frame":1.5,"value":{"__uuid__":"260yhTZzZKO4NGaTZIzkRz"}},{"frame":1.6666666666666667,"value":{"__uuid__":"06PD3/Jg5KdaF5V8liKSIh"}},{"frame":1.8333333333333333,"value":{"__uuid__":"a4wtBzp1BAN5WwBxfuUv4B"}}]}}}}},"events":[{"frame":2,"func":"AfterAtk","params":[]}]},{"__type__":"cc.SpriteFrame","content":{"name":"monster07b_04","texture":"4duY8i8URPjLTHFCtrFQd4","rect":[21,7,62,87],"offset":[2,4.5],"originalSize":[100,110],"capInsets":[0,0,0,0]}},{"__type__":"cc.SpriteFrame","content":{"name":"monster07b_03","texture":"adHPgH6hJOirL7vj7Bd0Us","rect":[23,9,63,85],"offset":[4.5,3.5],"originalSize":[100,110],"capInsets":[0,0,0,0]}}]