[{"__type__":"cc.SpriteFrame","content":{"name":"fire01","texture":"02/XshEHVNXoya9R0il/Jq","rect":[16,44,82,78],"offset":[4.5,-20.5],"originalSize":[105,125],"capInsets":[0,0,0,0]}},{"__type__":"cc.SpriteFrame","content":{"name":"monster20a_02","texture":"cdvDBw8fxF7IeJ3hadZ/Jk","rect":[40,15,144,137],"offset":[-3,1.5],"originalSize":[230,170],"capInsets":[0,0,0,0]}},{"__type__":"cc.SpriteFrame","content":{"name":"monster20a_03","texture":"ffwjsBDQ1HHoruYvQZIcAg","rect":[38,16,141,133],"offset":[-6.5,2.5],"originalSize":[230,170],"capInsets":[0,0,0,0]}},{"__type__":"cc.SpriteFrame","content":{"name":"fire04","texture":"f9QUIFjIFA3L7Z5lKwwtlw","rect":[19,13,85,108],"offset":[9,-4.5],"originalSize":[105,125],"capInsets":[0,0,0,0]}},{"__type__":"cc.SpriteFrame","content":{"name":"fire02","texture":"59JDUTk7hLKKL6C6nlaVdi","rect":[0,33,101,88],"offset":[-2,-14.5],"originalSize":[105,125],"capInsets":[0,0,0,0]}},{"__type__":"cc.SpriteFrame","content":{"name":"monster20a_01","texture":"edSEaa/nhGzqytddoKdh9d","rect":[39,18,144,137],"offset":[-4,-1.5],"originalSize":[230,170],"capInsets":[0,0,0,0]}},{"__type__":"cc.SpriteFrame","content":{"name":"fire03","texture":"afRUE2PpZK8qiGF9xrSJld","rect":[12,23,92,102],"offset":[5.5,-11.5],"originalSize":[105,125],"capInsets":[0,0,0,0]}},{"__type__":"cc.AnimationClip","_name":"Run","_duration":0.6666666666666666,"sample":6,"speed":1.5,"wrapMode":"2","curveData":{"paths":{"monster20a_01":{"props":{"width":[{"frame":0,"value":230}],"height":[{"frame":0,"value":170}]},"comps":{"cc.Sprite":{"spriteFrame":[{"frame":0,"value":{"__uuid__":"af1jso0X1IZqIK2AoBhqnT"}},{"frame":0.16666666666666666,"value":{"__uuid__":"55hMtIYlVIyay9V+sLV3zl"}},{"frame":0.3333333333333333,"value":{"__uuid__":"68nOB/vx5CWKYfOGcX3XbL"}},{"frame":0.5,"value":{"__uuid__":"55hMtIYlVIyay9V+sLV3zl"}}]}}},"fire01":{"comps":{"cc.Sprite":{"spriteFrame":[{"frame":0,"value":{"__uuid__":"12b5pkA1xNUJAxY2xQ9ob8"}},{"frame":0.16666666666666666,"value":{"__uuid__":"90zzHUDLdL8b5HFafIf0jG"}},{"frame":0.3333333333333333,"value":{"__uuid__":"cd9b0ZKq1Il5MCMJf+J2b5"}},{"frame":0.5,"value":{"__uuid__":"86Ktf/GfpA+ZSR9ldIPH5M"}}]}},"props":{"scale":[{"frame":0,"value":{"__type__":"cc.Vec2","x":0.8,"y":0.8}}],"position":[{"frame":0,"value":[-32,144]}],"opacity":[{"frame":0,"value":200}]}}}}}]