[{"__type__":"cc.SpriteFrame","content":{"name":"tp_furnaceBtnBg","texture":"9cltjuT7lMS45+CAIHTvAj","rect":[0,0,237,53],"offset":[0,0],"originalSize":[237,53],"capInsets":[0,0,0,0]}},{"__type__":"cc.SpriteFrame","content":{"name":"tp_upTitle","texture":"27fZKP35ZMh5oAFESkowY/","rect":[11,0,87,32],"offset":[0.5,0],"originalSize":[108,32],"capInsets":[0,0,0,0]}},{"__type__":"cc.SpriteFrame","content":{"name":"tp_PureColorBg","texture":"a8Anh32NZGRZegUtSgEj26","rect":[0,0,2,2],"offset":[0,0],"originalSize":[2,2],"capInsets":[0,0,0,0]}},{"__type__":"cc.SpriteFrame","content":{"name":"tp_btnBg","texture":"56yoLZHnVPQa814/Mpadn+","rect":[0,0,207,73],"offset":[0,0],"originalSize":[207,73],"capInsets":[0,0,0,0]}},{"__type__":"cc.SpriteFrame","content":{"name":"tp_materialReturn","texture":"9dC6ZKAuhCJJYr7XEmqK94","rect":[17,3,72,25],"offset":[-0.5,0],"originalSize":[107,31],"capInsets":[0,0,0,0]}},{"__type__":"cc.SpriteFrame","content":{"name":"tp_bossActiveTitle","texture":"b4MSfbr1JJf7UVXGbz0ez+","rect":[0,9,163,33],"offset":[0,-2],"originalSize":[163,47],"capInsets":[0,0,0,0]}},{"__type__":"cc.SpriteFrame","content":{"name":"tp_BossUpSuccessTitle","texture":"b4uzJCgRlE5JRsjPNWFV1h","rect":[0,1,593,139],"offset":[0,-0.5],"originalSize":[593,140],"capInsets":[0,0,0,0]}},{"__type__":"cc.SpriteFrame","content":{"name":"tp_upFrame_0","texture":"f1kvKearpMG61U7vJ7rV8m","rect":[0,0,622,190],"offset":[0,0],"originalSize":[622,190],"capInsets":[0,50,0,41]}},{"__type__":"cc.SpriteFrame","content":{"name":"tp_furnaceFrame","texture":"29HkoorkVNOoKrxITn6Zgd","rect":[0,0,738,331],"offset":[0,0],"originalSize":[738,331],"capInsets":[0,160,0,110]}},[{"__type__":"cc.Prefab","_name":"BossPage","data":{"__id__":1}},{"__type__":"cc.Node","_name":"BossPage","_children":[{"__id__":2},{"__id__":3},{"__id__":5},{"__id__":39}],"_level":1,"_components":[{"__type__":"61cc9Uwno5JgJ2qIXz+7xof","node":{"__id__":1},"m_BossActive":{"__id__":5},"m_BossUpSuccess":{"__id__":39},"Btn_BossUp":{"__id__":35},"Btn_BossActive":{"__id__":37},"Btn_UpReturn":{"__id__":54},"Btn_CloseBoss":{"__id__":7},"m_UpNode":{"__id__":41},"m_TestLabel":{"__id__":4}}],"_prefab":{"__type__":"cc.PrefabInfo","root":{"__id__":1},"asset":{"__uuid__":"9ckYj1QJxKY6Bkr/r+5Bcb"},"fileId":"2c86KEPzZEbJJ63QCNvzW/"},"_scale":{"__type__":"cc.Vec3","x":1,"y":1,"z":1}},{"__type__":"cc.Node","_name":"BossAcitveBg","_parent":{"__id__":1},"_components":[{"__type__":"cc.Sprite","node":{"__id__":2},"_spriteFrame":{"__uuid__":"c11qCunZ1GRZosadJKC1g5"},"_type":1,"_sizeMode":0},{"__type__":"cc.BlockInputEvents","node":{"__id__":2}}],"_prefab":{"__type__":"cc.PrefabInfo","root":{"__id__":1},"asset":{"__uuid__":"9ckYj1QJxKY6Bkr/r+5Bcb"},"fileId":"a4MG4eX6ZMo7hM044O+klu"},"_opacity":200,"_color":{"__type__":"cc.Color"},"_contentSize":{"__type__":"cc.Size","width":750,"height":1050},"_position":{"__type__":"cc.Vec3","y":-40},"_scale":{"__type__":"cc.Vec3","x":1,"y":1,"z":1}},{"__type__":"cc.Node","_name":"TestLabel","_parent":{"__id__":1},"_active":false,"_components":[{"__id__":4}],"_prefab":{"__type__":"cc.PrefabInfo","root":{"__id__":1},"asset":{"__uuid__":"9ckYj1QJxKY6Bkr/r+5Bcb"},"fileId":"2aK7pl40ZDzbzbp9hn9DWS"},"_contentSize":{"__type__":"cc.Size","width":98,"height":40},"_position":{"__type__":"cc.Vec3","y":-620},"_scale":{"__type__":"cc.Vec3","x":1,"y":1,"z":1}},{"__type__":"cc.Label","node":{"__id__":3},"_useOriginalSize":false,"_string":"Label","_N$string":"Label","_N$horizontalAlign":1,"_N$verticalAlign":1},{"__type__":"cc.Node","_name":"BossActiveFrame","_parent":{"__id__":1},"_children":[{"__id__":6},{"__id__":7},{"__id__":8},{"__id__":17},{"__id__":23},{"__id__":35},{"__id__":37}],"_components":[{"__type__":"cc.Sprite","node":{"__id__":5},"_spriteFrame":{"__uuid__":"8aDIiYn6tE/ok+yjZebrIk"},"_type":1,"_sizeMode":0}],"_prefab":{"__type__":"cc.PrefabInfo","root":{"__id__":1},"asset":{"__uuid__":"9ckYj1QJxKY6Bkr/r+5Bcb"},"fileId":"e7wNT7typOopwihTml0IMg"},"_contentSize":{"__type__":"cc.Size","width":738,"height":900},"_position":{"__type__":"cc.Vec3","y":36},"_scale":{"__type__":"cc.Vec3","x":1,"y":1,"z":1}},{"__type__":"cc.Node","_name":"FrameName","_parent":{"__id__":5},"_components":[{"__type__":"cc.Sprite","node":{"__id__":6},"_spriteFrame":{"__uuid__":"72Wx5WHOZKqZQQpOe5tHFH"}}],"_prefab":{"__type__":"cc.PrefabInfo","root":{"__id__":1},"asset":{"__uuid__":"9ckYj1QJxKY6Bkr/r+5Bcb"},"fileId":"48ERUBFItGBJd//0led/ql"},"_contentSize":{"__type__":"cc.Size","width":163,"height":33},"_position":{"__type__":"cc.Vec3","y":396},"_scale":{"__type__":"cc.Vec3","x":1,"y":1,"z":1}},{"__type__":"cc.Node","_name":"Btn_CloseBoss","_parent":{"__id__":5},"_components":[{"__type__":"cc.Sprite","node":{"__id__":7},"_spriteFrame":{"__uuid__":"c4QQuuPrpNY5hP3VMzenBR"}},{"__type__":"cc.Button","node":{"__id__":7},"_N$target":{"__id__":7}}],"_prefab":{"__type__":"cc.PrefabInfo","root":{"__id__":1},"asset":{"__uuid__":"9ckYj1QJxKY6Bkr/r+5Bcb"},"fileId":"45QvI37V5CkoVbthmMlb7w"},"_contentSize":{"__type__":"cc.Size","width":81,"height":84},"_position":{"__type__":"cc.Vec3","x":330,"y":346},"_scale":{"__type__":"cc.Vec3","x":1,"y":1,"z":1}},{"__type__":"cc.Node","_name":"Frame_0","_parent":{"__id__":5},"_children":[{"__id__":9},{"__id__":10},{"__id__":13},{"__id__":14}],"_components":[{"__type__":"cc.Sprite","node":{"__id__":8},"_spriteFrame":{"__uuid__":"85fhFh/fZBa48rC+GHeHOh"},"_type":1,"_sizeMode":0}],"_prefab":{"__type__":"cc.PrefabInfo","root":{"__id__":1},"asset":{"__uuid__":"9ckYj1QJxKY6Bkr/r+5Bcb"},"fileId":"feWY1A/6hHRIoapcdfPRCa"},"_contentSize":{"__type__":"cc.Size","width":622,"height":300},"_position":{"__type__":"cc.Vec3","y":148},"_scale":{"__type__":"cc.Vec3","x":1,"y":1,"z":1}},{"__type__":"cc.Node","_name":"FrameName","_parent":{"__id__":8},"_components":[{"__type__":"cc.Label","node":{"__id__":9},"_srcBlendFactor":1,"_useOriginalSize":false,"_string":"最长的魔王名字","_N$string":"最长的魔王名字"},{"__type__":"cc.LabelOutline","node":{"__id__":9},"_color":{"__type__":"cc.Color","r":137,"g":58,"b":5},"_width":4}],"_prefab":{"__type__":"cc.PrefabInfo","root":{"__id__":1},"asset":{"__uuid__":"9ckYj1QJxKY6Bkr/r+5Bcb"},"fileId":"f5Zbd2waRIVIQW7dmQnf6D"},"_color":{"__type__":"cc.Color","r":224,"g":220,"b":186},"_contentSize":{"__type__":"cc.Size","width":288,"height":40},"_position":{"__type__":"cc.Vec3","y":141},"_scale":{"__type__":"cc.Vec3","x":1,"y":1,"z":1}},{"__type__":"cc.Node","_name":"BossLabel","_parent":{"__id__":8},"_children":[{"__id__":11},{"__id__":12}],"_components":[{"__type__":"cc.RichText","node":{"__id__":10},"_N$string":"        魔王介绍魔王介绍魔王介绍魔王介绍魔王介绍魔王介绍魔王介绍魔王介绍","_N$fontSize":24,"_N$maxWidth":450,"_N$lineHeight":30}],"_prefab":{"__type__":"cc.PrefabInfo","root":{"__id__":1},"asset":{"__uuid__":"9ckYj1QJxKY6Bkr/r+5Bcb"},"fileId":"6e/ONaE+REubgQL+FiMamH"},"_color":{"__type__":"cc.Color","r":47,"g":186,"b":152},"_contentSize":{"__type__":"cc.Size","width":450,"height":60},"_anchorPoint":{"__type__":"cc.Vec2","y":0.5},"_position":{"__type__":"cc.Vec3","x":-215},"_scale":{"__type__":"cc.Vec3","x":1,"y":1,"z":1}},{"__type__":"cc.PrivateNode","_name":"RICHTEXT_CHILD","_parent":{"__id__":10},"_level":1,"_components":[{"__type__":"cc.Label","node":{"__id__":11},"_srcBlendFactor":1,"_string":"        魔王介绍魔王介绍魔王介绍魔王介绍","_N$string":"        魔王介绍魔王介绍魔王介绍魔王介绍","_fontSize":24,"_lineHeight":30,"_N$verticalAlign":1}],"_prefab":{"__type__":"cc.PrefabInfo","root":{"__id__":1},"asset":{"__uuid__":"9ckYj1QJxKY6Bkr/r+5Bcb"},"fileId":"813y9DDdJP+Zhkzo4h5Mze"},"_color":{"__type__":"cc.Color","r":47,"g":186,"b":152},"_contentSize":{"__type__":"cc.Size","width":437.34,"height":30},"_anchorPoint":{"__type__":"cc.Vec2"},"_scale":{"__type__":"cc.Vec3","x":1,"y":1,"z":1},"_zIndex":-32768},{"__type__":"cc.PrivateNode","_name":"RICHTEXT_CHILD","_parent":{"__id__":10},"_level":1,"_components":[{"__type__":"cc.Label","node":{"__id__":12},"_srcBlendFactor":1,"_string":"魔王介绍魔王介绍魔王介绍魔王介绍","_N$string":"魔王介绍魔王介绍魔王介绍魔王介绍","_fontSize":24,"_lineHeight":30,"_N$verticalAlign":1}],"_prefab":{"__type__":"cc.PrefabInfo","root":{"__id__":1},"asset":{"__uuid__":"9ckYj1QJxKY6Bkr/r+5Bcb"},"fileId":"27REAvu01PrYW/bG6VLHLk"},"_color":{"__type__":"cc.Color","r":47,"g":186,"b":152},"_contentSize":{"__type__":"cc.Size","width":384,"height":30},"_anchorPoint":{"__type__":"cc.Vec2"},"_position":{"__type__":"cc.Vec3","y":-30},"_scale":{"__type__":"cc.Vec3","x":1,"y":1,"z":1},"_zIndex":-32768},{"__type__":"cc.Node","_name":"BossLv","_parent":{"__id__":8},"_components":[{"__type__":"cc.Label","node":{"__id__":13},"_useOriginalSize":false,"_string":"LV.1","_N$string":"LV.1","_N$file":{"__uuid__":"deEq8NpaFBdoeLPBi/0CdE"},"_isSystemFontUsed":false,"_spacingX":-20,"_N$horizontalAlign":1,"_N$verticalAlign":1}],"_prefab":{"__type__":"cc.PrefabInfo","root":{"__id__":1},"asset":{"__uuid__":"9ckYj1QJxKY6Bkr/r+5Bcb"},"fileId":"8aLp+Z+gNGvJ05/F1aLQ4+"},"_contentSize":{"__type__":"cc.Size","width":110,"height":50},"_position":{"__type__":"cc.Vec3","y":81},"_scale":{"__type__":"cc.Vec3","x":1,"y":1,"z":1}},{"__type__":"cc.Node","_name":"BossSkillLabel","_parent":{"__id__":8},"_children":[{"__id__":15},{"__id__":16}],"_components":[{"__type__":"cc.RichText","node":{"__id__":14},"_N$string":"        技能： 对屏幕中所有英雄造成巨大的伤害！","_N$fontSize":24,"_N$maxWidth":450,"_N$lineHeight":30}],"_prefab":{"__type__":"cc.PrefabInfo","root":{"__id__":1},"asset":{"__uuid__":"9ckYj1QJxKY6Bkr/r+5Bcb"},"fileId":"5906ObCEpCTLo5QgPQwDDW"},"_color":{"__type__":"cc.Color","r":47,"g":186,"b":152},"_contentSize":{"__type__":"cc.Size","width":450,"height":60},"_anchorPoint":{"__type__":"cc.Vec2","y":0.5},"_position":{"__type__":"cc.Vec3","x":-215,"y":-80},"_scale":{"__type__":"cc.Vec3","x":1,"y":1,"z":1}},{"__type__":"cc.PrivateNode","_name":"RICHTEXT_CHILD","_parent":{"__id__":14},"_level":1,"_components":[{"__type__":"cc.Label","node":{"__id__":15},"_srcBlendFactor":1,"_string":"        技能： 对屏幕中所有英雄造成巨大的","_N$string":"        技能： 对屏幕中所有英雄造成巨大的","_fontSize":24,"_lineHeight":30,"_N$verticalAlign":1}],"_prefab":{"__type__":"cc.PrefabInfo","root":{"__id__":1},"asset":{"__uuid__":"9ckYj1QJxKY6Bkr/r+5Bcb"},"fileId":"4a9FvWQttKxYJo+Y5xnTkg"},"_color":{"__type__":"cc.Color","r":47,"g":186,"b":152},"_contentSize":{"__type__":"cc.Size","width":444.01,"height":30},"_anchorPoint":{"__type__":"cc.Vec2"},"_scale":{"__type__":"cc.Vec3","x":1,"y":1,"z":1},"_zIndex":-32768},{"__type__":"cc.PrivateNode","_name":"RICHTEXT_CHILD","_parent":{"__id__":14},"_level":1,"_components":[{"__type__":"cc.Label","node":{"__id__":16},"_srcBlendFactor":1,"_string":"伤害！","_N$string":"伤害！","_fontSize":24,"_lineHeight":30,"_N$verticalAlign":1}],"_prefab":{"__type__":"cc.PrefabInfo","root":{"__id__":1},"asset":{"__uuid__":"9ckYj1QJxKY6Bkr/r+5Bcb"},"fileId":"3a4+aDrrpCF4wb1rDR0G4v"},"_color":{"__type__":"cc.Color","r":47,"g":186,"b":152},"_contentSize":{"__type__":"cc.Size","width":72,"height":30},"_anchorPoint":{"__type__":"cc.Vec2"},"_position":{"__type__":"cc.Vec3","y":-30},"_scale":{"__type__":"cc.Vec3","x":1,"y":1,"z":1},"_zIndex":-32768},{"__type__":"cc.Node","_name":"Frame_1","_parent":{"__id__":5},"_children":[{"__id__":18},{"__id__":19},{"__id__":20},{"__id__":21},{"__id__":22}],"_components":[{"__type__":"cc.Sprite","node":{"__id__":17},"_spriteFrame":{"__uuid__":"c4M/izSvtESo0kc9OnBwDK"}}],"_prefab":{"__type__":"cc.PrefabInfo","root":{"__id__":1},"asset":{"__uuid__":"9ckYj1QJxKY6Bkr/r+5Bcb"},"fileId":"16J+OSeJZIW54aZdDp9LiT"},"_contentSize":{"__type__":"cc.Size","width":622,"height":102},"_position":{"__type__":"cc.Vec3","y":-104},"_scale":{"__type__":"cc.Vec3","x":1,"y":1,"z":1}},{"__type__":"cc.Node","_name":"FrameName","_parent":{"__id__":17},"_components":[{"__type__":"cc.Label","node":{"__id__":18},"_srcBlendFactor":1,"_useOriginalSize":false,"_string":"thuộc tính ma vương","_N$string":"thuộc tính ma vương"},{"__type__":"cc.LabelOutline","node":{"__id__":18},"_color":{"__type__":"cc.Color","r":137,"g":58,"b":5}}],"_prefab":{"__type__":"cc.PrefabInfo","root":{"__id__":1},"asset":{"__uuid__":"9ckYj1QJxKY6Bkr/r+5Bcb"},"fileId":"28424GRGlAdrwEst/tiNoF"},"_color":{"__type__":"cc.Color","r":224,"g":220,"b":186},"_contentSize":{"__type__":"cc.Size","width":372.98,"height":40},"_position":{"__type__":"cc.Vec3","y":43},"_scale":{"__type__":"cc.Vec3","x":1,"y":1,"z":1}},{"__type__":"cc.Node","_name":"Label_AttackDamage","_parent":{"__id__":17},"_components":[{"__type__":"cc.Label","node":{"__id__":19},"_srcBlendFactor":1,"_useOriginalSize":false,"_string":"Công cụ thể：","_N$string":"Công cụ thể：","_fontSize":30,"_lineHeight":35}],"_prefab":{"__type__":"cc.PrefabInfo","root":{"__id__":1},"asset":{"__uuid__":"9ckYj1QJxKY6Bkr/r+5Bcb"},"fileId":"76dnBftxBALoHENcmA83+5"},"_color":{"__type__":"cc.Color","r":47,"g":186,"b":152},"_contentSize":{"__type__":"cc.Size","width":191.78,"height":35},"_position":{"__type__":"cc.Vec3","x":-186,"y":-8},"_scale":{"__type__":"cc.Vec3","x":1,"y":1,"z":1}},{"__type__":"cc.Node","_name":"Label_MagicAttack","_parent":{"__id__":17},"_components":[{"__type__":"cc.Label","node":{"__id__":20},"_srcBlendFactor":1,"_useOriginalSize":false,"_string":"Trò chơi ảo：","_N$string":"Trò chơi ảo：","_fontSize":30,"_lineHeight":35}],"_prefab":{"__type__":"cc.PrefabInfo","root":{"__id__":1},"asset":{"__uuid__":"9ckYj1QJxKY6Bkr/r+5Bcb"},"fileId":"47kNazduJF/4ky5DAi4gnJ"},"_color":{"__type__":"cc.Color","r":47,"g":186,"b":152},"_contentSize":{"__type__":"cc.Size","width":181.95,"height":35},"_position":{"__type__":"cc.Vec3","x":82,"y":-8},"_scale":{"__type__":"cc.Vec3","x":1,"y":1,"z":1}},{"__type__":"cc.Node","_name":"Label_AttackDamageNum","_parent":{"__id__":17},"_components":[{"__type__":"cc.Label","node":{"__id__":21},"_srcBlendFactor":1,"_useOriginalSize":false,"_string":"999999","_N$string":"999999","_fontSize":25,"_lineHeight":25,"_N$horizontalAlign":1,"_N$verticalAlign":1}],"_prefab":{"__type__":"cc.PrefabInfo","root":{"__id__":1},"asset":{"__uuid__":"9ckYj1QJxKY6Bkr/r+5Bcb"},"fileId":"aaKfYIQWtMS44mkW0EdP1H"},"_color":{"__type__":"cc.Color","r":34,"g":154,"b":172},"_contentSize":{"__type__":"cc.Size","width":83.42,"height":25},"_anchorPoint":{"__type__":"cc.Vec2","y":0.5},"_position":{"__type__":"cc.Vec3","x":-102,"y":-8},"_scale":{"__type__":"cc.Vec3","x":1,"y":1,"z":1}},{"__type__":"cc.Node","_name":"Label_MagicAttackNum","_parent":{"__id__":17},"_components":[{"__type__":"cc.Label","node":{"__id__":22},"_srcBlendFactor":1,"_useOriginalSize":false,"_string":"999999","_N$string":"999999","_fontSize":25,"_lineHeight":25,"_N$horizontalAlign":1,"_N$verticalAlign":1}],"_prefab":{"__type__":"cc.PrefabInfo","root":{"__id__":1},"asset":{"__uuid__":"9ckYj1QJxKY6Bkr/r+5Bcb"},"fileId":"19TebvAT5MgLqZNEmB/51k"},"_color":{"__type__":"cc.Color","r":34,"g":154,"b":172},"_contentSize":{"__type__":"cc.Size","width":83.42,"height":25},"_anchorPoint":{"__type__":"cc.Vec2","y":0.5},"_position":{"__type__":"cc.Vec3","x":161,"y":-8},"_scale":{"__type__":"cc.Vec3","x":1,"y":1,"z":1}},{"__type__":"cc.Node","_name":"Frame_2","_parent":{"__id__":5},"_children":[{"__id__":24},{"__id__":25},{"__id__":26},{"__id__":27},{"__id__":28},{"__id__":29},{"__id__":30},{"__id__":31},{"__id__":32},{"__id__":33},{"__id__":34}],"_components":[{"__type__":"cc.Sprite","node":{"__id__":23},"_spriteFrame":{"__uuid__":"c4M/izSvtESo0kc9OnBwDK"}}],"_prefab":{"__type__":"cc.PrefabInfo","root":{"__id__":1},"asset":{"__uuid__":"9ckYj1QJxKY6Bkr/r+5Bcb"},"fileId":"d2D8MINY1HLYK8rfDcjtwQ"},"_contentSize":{"__type__":"cc.Size","width":622,"height":102},"_position":{"__type__":"cc.Vec3","y":-267},"_scale":{"__type__":"cc.Vec3","x":1,"y":1,"z":1}},{"__type__":"cc.Node","_name":"FrameName","_parent":{"__id__":23},"_components":[{"__type__":"cc.Label","node":{"__id__":24},"_srcBlendFactor":1,"_useOriginalSize":false,"_string":"nâng cấp cần","_N$string":"nâng cấp cần"},{"__type__":"cc.LabelOutline","node":{"__id__":24},"_color":{"__type__":"cc.Color","r":137,"g":58,"b":5}}],"_prefab":{"__type__":"cc.PrefabInfo","root":{"__id__":1},"asset":{"__uuid__":"9ckYj1QJxKY6Bkr/r+5Bcb"},"fileId":"ad4AZSumZAo4LN5X7Xa6Yo"},"_color":{"__type__":"cc.Color","r":224,"g":220,"b":186},"_contentSize":{"__type__":"cc.Size","width":242.2,"height":40},"_position":{"__type__":"cc.Vec3","y":43},"_scale":{"__type__":"cc.Vec3","x":1,"y":1,"z":1}},{"__type__":"cc.Node","_name":"NeedGoldBg","_parent":{"__id__":23},"_components":[{"__type__":"cc.Sprite","node":{"__id__":25},"_spriteFrame":{"__uuid__":"bafwWlMxVLZryGTQWSyr08"}}],"_prefab":{"__type__":"cc.PrefabInfo","root":{"__id__":1},"asset":{"__uuid__":"9ckYj1QJxKY6Bkr/r+5Bcb"},"fileId":"47bKUTWrJIy4fSHoLMGgT9"},"_contentSize":{"__type__":"cc.Size","width":477,"height":58},"_position":{"__type__":"cc.Vec3","x":-68,"y":-6},"_scale":{"__type__":"cc.Vec3","x":1,"y":1,"z":1}},{"__type__":"cc.Node","_name":"Label_NeedGold1Num","_parent":{"__id__":23},"_components":[{"__type__":"cc.Label","node":{"__id__":26},"_srcBlendFactor":1,"_useOriginalSize":false,"_string":"Label","_N$string":"Label","_fontSize":25,"_lineHeight":25,"_N$horizontalAlign":1,"_N$verticalAlign":1}],"_prefab":{"__type__":"cc.PrefabInfo","root":{"__id__":1},"asset":{"__uuid__":"9ckYj1QJxKY6Bkr/r+5Bcb"},"fileId":"98EEyQbwpCPImImOthScv0"},"_color":{"__type__":"cc.Color","r":34,"g":154,"b":172},"_contentSize":{"__type__":"cc.Size","width":61.17,"height":25},"_anchorPoint":{"__type__":"cc.Vec2","y":0.5},"_position":{"__type__":"cc.Vec3","x":-243,"y":-8},"_scale":{"__type__":"cc.Vec3","x":1,"y":1,"z":1}},{"__type__":"cc.Node","_name":"Label_NeedGold2Num","_parent":{"__id__":23},"_components":[{"__type__":"cc.Label","node":{"__id__":27},"_srcBlendFactor":1,"_useOriginalSize":false,"_string":"Label","_N$string":"Label","_fontSize":25,"_lineHeight":25,"_N$horizontalAlign":1,"_N$verticalAlign":1}],"_prefab":{"__type__":"cc.PrefabInfo","root":{"__id__":1},"asset":{"__uuid__":"9ckYj1QJxKY6Bkr/r+5Bcb"},"fileId":"99JHiWTjJB1bG3NP7jfAlX"},"_color":{"__type__":"cc.Color","r":34,"g":154,"b":172},"_contentSize":{"__type__":"cc.Size","width":61.17,"height":25},"_anchorPoint":{"__type__":"cc.Vec2","y":0.5},"_position":{"__type__":"cc.Vec3","x":-35,"y":-8},"_scale":{"__type__":"cc.Vec3","x":1,"y":1,"z":1}},{"__type__":"cc.Node","_name":"Label_NeedGold3Num","_parent":{"__id__":23},"_components":[{"__type__":"cc.Label","node":{"__id__":28},"_srcBlendFactor":1,"_useOriginalSize":false,"_string":"Label","_N$string":"Label","_fontSize":25,"_lineHeight":25,"_N$horizontalAlign":1,"_N$verticalAlign":1}],"_prefab":{"__type__":"cc.PrefabInfo","root":{"__id__":1},"asset":{"__uuid__":"9ckYj1QJxKY6Bkr/r+5Bcb"},"fileId":"43WjKgqi9A2I750C/JgA48"},"_color":{"__type__":"cc.Color","r":34,"g":154,"b":172},"_contentSize":{"__type__":"cc.Size","width":61.17,"height":25},"_anchorPoint":{"__type__":"cc.Vec2","y":0.5},"_position":{"__type__":"cc.Vec3","x":180,"y":-8},"_scale":{"__type__":"cc.Vec3","x":1,"y":1,"z":1}},{"__type__":"cc.Node","_name":"GOU_1","_parent":{"__id__":23},"_components":[{"__type__":"cc.Sprite","node":{"__id__":29},"_spriteFrame":{"__uuid__":"a9L1e/+FhO/6RssfFwpEz2"}}],"_prefab":{"__type__":"cc.PrefabInfo","root":{"__id__":1},"asset":{"__uuid__":"9ckYj1QJxKY6Bkr/r+5Bcb"},"fileId":"feITLz51JKb6OPgJJUmqpX"},"_contentSize":{"__type__":"cc.Size","width":34,"height":33},"_position":{"__type__":"cc.Vec3","x":-143,"y":-8},"_scale":{"__type__":"cc.Vec3","x":1,"y":1,"z":1}},{"__type__":"cc.Node","_name":"GOU_2","_parent":{"__id__":23},"_components":[{"__type__":"cc.Sprite","node":{"__id__":30},"_spriteFrame":{"__uuid__":"a9L1e/+FhO/6RssfFwpEz2"}}],"_prefab":{"__type__":"cc.PrefabInfo","root":{"__id__":1},"asset":{"__uuid__":"9ckYj1QJxKY6Bkr/r+5Bcb"},"fileId":"c4+lYR7dRHD7FaCXhkW2gb"},"_contentSize":{"__type__":"cc.Size","width":34,"height":33},"_position":{"__type__":"cc.Vec3","x":64,"y":-8},"_scale":{"__type__":"cc.Vec3","x":1,"y":1,"z":1}},{"__type__":"cc.Node","_name":"GOU_3","_parent":{"__id__":23},"_components":[{"__type__":"cc.Sprite","node":{"__id__":31},"_spriteFrame":{"__uuid__":"a9L1e/+FhO/6RssfFwpEz2"}}],"_prefab":{"__type__":"cc.PrefabInfo","root":{"__id__":1},"asset":{"__uuid__":"9ckYj1QJxKY6Bkr/r+5Bcb"},"fileId":"b2YEQpHYZH2pTW0Dr5glmU"},"_contentSize":{"__type__":"cc.Size","width":34,"height":33},"_position":{"__type__":"cc.Vec3","x":277,"y":-8},"_scale":{"__type__":"cc.Vec3","x":1,"y":1,"z":1}},{"__type__":"cc.Node","_name":"cuo_3","_parent":{"__id__":23},"_components":[{"__type__":"cc.Sprite","node":{"__id__":32},"_spriteFrame":{"__uuid__":"c1/Brb9XtHx47/eWrWI79t"}}],"_prefab":{"__type__":"cc.PrefabInfo","root":{"__id__":1},"asset":{"__uuid__":"9ckYj1QJxKY6Bkr/r+5Bcb"},"fileId":"91WD4fkhxJqbcHuUbCZEth"},"_contentSize":{"__type__":"cc.Size","width":32,"height":27},"_position":{"__type__":"cc.Vec3","x":277,"y":-8},"_scale":{"__type__":"cc.Vec3","x":1,"y":1,"z":1}},{"__type__":"cc.Node","_name":"cuo_1","_parent":{"__id__":23},"_components":[{"__type__":"cc.Sprite","node":{"__id__":33},"_spriteFrame":{"__uuid__":"c1/Brb9XtHx47/eWrWI79t"}}],"_prefab":{"__type__":"cc.PrefabInfo","root":{"__id__":1},"asset":{"__uuid__":"9ckYj1QJxKY6Bkr/r+5Bcb"},"fileId":"d7OWH2MedLZ46xno3Yq0pw"},"_contentSize":{"__type__":"cc.Size","width":32,"height":27},"_position":{"__type__":"cc.Vec3","x":-143,"y":-8},"_scale":{"__type__":"cc.Vec3","x":1,"y":1,"z":1}},{"__type__":"cc.Node","_name":"cuo_2","_parent":{"__id__":23},"_components":[{"__type__":"cc.Sprite","node":{"__id__":34},"_spriteFrame":{"__uuid__":"c1/Brb9XtHx47/eWrWI79t"}}],"_prefab":{"__type__":"cc.PrefabInfo","root":{"__id__":1},"asset":{"__uuid__":"9ckYj1QJxKY6Bkr/r+5Bcb"},"fileId":"4aJkPAUlNEH4EPUJweBHCO"},"_contentSize":{"__type__":"cc.Size","width":32,"height":27},"_position":{"__type__":"cc.Vec3","x":64,"y":-8},"_scale":{"__type__":"cc.Vec3","x":1,"y":1,"z":1}},{"__type__":"cc.Node","_name":"Btn_BossUp","_parent":{"__id__":5},"_children":[{"__id__":36}],"_components":[{"__type__":"cc.Sprite","node":{"__id__":35},"_spriteFrame":{"__uuid__":"24g8X3rmhGibsIQaSEWa8E"}},{"__type__":"cc.Button","node":{"__id__":35},"_N$target":{"__id__":35}}],"_prefab":{"__type__":"cc.PrefabInfo","root":{"__id__":1},"asset":{"__uuid__":"9ckYj1QJxKY6Bkr/r+5Bcb"},"fileId":"eaveDeCHFNIoUX4/zpQAuv"},"_contentSize":{"__type__":"cc.Size","width":237,"height":53},"_position":{"__type__":"cc.Vec3","x":-176,"y":-400},"_scale":{"__type__":"cc.Vec3","x":1,"y":1,"z":1}},{"__type__":"cc.Node","_name":"BtnLabel","_parent":{"__id__":35},"_components":[{"__type__":"cc.Sprite","node":{"__id__":36},"_spriteFrame":{"__uuid__":"34jVf2sKVAR432hiCuI/n3"}}],"_prefab":{"__type__":"cc.PrefabInfo","root":{"__id__":1},"asset":{"__uuid__":"9ckYj1QJxKY6Bkr/r+5Bcb"},"fileId":"4eG50nLnxE25iQf6bDsMxK"},"_contentSize":{"__type__":"cc.Size","width":87,"height":32},"_scale":{"__type__":"cc.Vec3","x":1,"y":1,"z":1}},{"__type__":"cc.Node","_name":"Btn_BossActive","_parent":{"__id__":5},"_children":[{"__id__":38}],"_components":[{"__type__":"cc.Sprite","node":{"__id__":37},"_spriteFrame":{"__uuid__":"24g8X3rmhGibsIQaSEWa8E"}},{"__type__":"cc.Button","node":{"__id__":37},"_N$target":{"__id__":37}}],"_prefab":{"__type__":"cc.PrefabInfo","root":{"__id__":1},"asset":{"__uuid__":"9ckYj1QJxKY6Bkr/r+5Bcb"},"fileId":"57VXmMlPtKkoXL1kId4ge8"},"_contentSize":{"__type__":"cc.Size","width":237,"height":53},"_position":{"__type__":"cc.Vec3","x":176,"y":-400},"_scale":{"__type__":"cc.Vec3","x":1,"y":1,"z":1}},{"__type__":"cc.Node","_name":"BtnLabel","_parent":{"__id__":37},"_components":[{"__type__":"cc.Sprite","node":{"__id__":38},"_spriteFrame":{"__uuid__":"e0ONwkFypAHoaEYxllEDur"}}],"_prefab":{"__type__":"cc.PrefabInfo","root":{"__id__":1},"asset":{"__uuid__":"9ckYj1QJxKY6Bkr/r+5Bcb"},"fileId":"a8VmU7coRGKJaLYTFJ9j5S"},"_contentSize":{"__type__":"cc.Size","width":101,"height":29},"_scale":{"__type__":"cc.Vec3","x":1,"y":1,"z":1}},{"__type__":"cc.Node","_name":"BossUpSuccess","_parent":{"__id__":1},"_children":[{"__id__":40},{"__id__":41},{"__id__":54}],"_prefab":{"__type__":"cc.PrefabInfo","root":{"__id__":1},"asset":{"__uuid__":"9ckYj1QJxKY6Bkr/r+5Bcb"},"fileId":"80XEivOYRIlbHciygJOP7C"},"_position":{"__type__":"cc.Vec3","y":36},"_scale":{"__type__":"cc.Vec3","x":1,"y":1,"z":1}},{"__type__":"cc.Node","_name":"Bg","_parent":{"__id__":39},"_components":[{"__type__":"cc.Sprite","node":{"__id__":40},"_spriteFrame":{"__uuid__":"41D7kWhyFGY7q4NDlzkazn"},"_sizeMode":0},{"__type__":"cc.Button","node":{"__id__":40},"_N$target":{"__id__":40}}],"_prefab":{"__type__":"cc.PrefabInfo","root":{"__id__":1},"asset":{"__uuid__":"9ckYj1QJxKY6Bkr/r+5Bcb"},"fileId":"80TgleQiNJYZD7dTehXhbY"},"_opacity":180,"_color":{"__type__":"cc.Color"},"_contentSize":{"__type__":"cc.Size","width":750,"height":1100},"_position":{"__type__":"cc.Vec3","y":-87},"_scale":{"__type__":"cc.Vec3","x":1,"y":1,"z":1}},{"__type__":"cc.Node","_name":"UpNode","_parent":{"__id__":39},"_children":[{"__id__":42},{"__id__":43},{"__id__":44},{"__id__":45},{"__id__":46},{"__id__":47},{"__id__":48},{"__id__":49},{"__id__":52},{"__id__":53}],"_prefab":{"__type__":"cc.PrefabInfo","root":{"__id__":1},"asset":{"__uuid__":"9ckYj1QJxKY6Bkr/r+5Bcb"},"fileId":"6a8At+ypJMKpi5i4v0pUUo"},"_scale":{"__type__":"cc.Vec3","x":1,"y":1,"z":1}},{"__type__":"cc.Node","_name":"FrameName","_parent":{"__id__":41},"_components":[{"__type__":"cc.Sprite","node":{"__id__":42},"_spriteFrame":{"__uuid__":"7cLTaI9WZFv6mFl7m0Exne"}}],"_prefab":{"__type__":"cc.PrefabInfo","root":{"__id__":1},"asset":{"__uuid__":"9ckYj1QJxKY6Bkr/r+5Bcb"},"fileId":"5bC3RgLK1Kz5bRFk881xAC"},"_contentSize":{"__type__":"cc.Size","width":593,"height":139},"_position":{"__type__":"cc.Vec3","y":264},"_scale":{"__type__":"cc.Vec3","x":1,"y":1,"z":1}},{"__type__":"cc.Node","_name":"BossLv_0","_parent":{"__id__":41},"_components":[{"__type__":"cc.Label","node":{"__id__":43},"_useOriginalSize":false,"_string":"LV.999","_N$string":"LV.999","_N$file":{"__uuid__":"deEq8NpaFBdoeLPBi/0CdE"},"_isSystemFontUsed":false,"_spacingX":-20,"_N$horizontalAlign":1,"_N$verticalAlign":1}],"_prefab":{"__type__":"cc.PrefabInfo","root":{"__id__":1},"asset":{"__uuid__":"9ckYj1QJxKY6Bkr/r+5Bcb"},"fileId":"daJ3epa5hLSYYP8isNX4gV"},"_contentSize":{"__type__":"cc.Size","width":155,"height":50},"_position":{"__type__":"cc.Vec3","x":-138,"y":140},"_scale":{"__type__":"cc.Vec3","x":1,"y":1,"z":1}},{"__type__":"cc.Node","_name":"BossLv_1","_parent":{"__id__":41},"_components":[{"__type__":"cc.Label","node":{"__id__":44},"_useOriginalSize":false,"_string":"LV.999","_N$string":"LV.999","_N$file":{"__uuid__":"deEq8NpaFBdoeLPBi/0CdE"},"_isSystemFontUsed":false,"_spacingX":-20,"_N$horizontalAlign":1,"_N$verticalAlign":1}],"_prefab":{"__type__":"cc.PrefabInfo","root":{"__id__":1},"asset":{"__uuid__":"9ckYj1QJxKY6Bkr/r+5Bcb"},"fileId":"e5lSKb4khIVbWq4NTDzp6O"},"_contentSize":{"__type__":"cc.Size","width":155,"height":50},"_position":{"__type__":"cc.Vec3","x":161,"y":140},"_scale":{"__type__":"cc.Vec3","x":1,"y":1,"z":1}},{"__type__":"cc.Node","_name":"BossSprite_0","_parent":{"__id__":41},"_components":[{"__type__":"cc.Sprite","node":{"__id__":45},"_sizeMode":0}],"_prefab":{"__type__":"cc.PrefabInfo","root":{"__id__":1},"asset":{"__uuid__":"9ckYj1QJxKY6Bkr/r+5Bcb"},"fileId":"21ASJzBstKqaXJ65bKcJSD"},"_contentSize":{"__type__":"cc.Size","width":100,"height":100},"_position":{"__type__":"cc.Vec3","x":-138,"y":35},"_scale":{"__type__":"cc.Vec3","x":1,"y":1,"z":1}},{"__type__":"cc.Node","_name":"BossSprite_1","_parent":{"__id__":41},"_components":[{"__type__":"cc.Sprite","node":{"__id__":46},"_sizeMode":0}],"_prefab":{"__type__":"cc.PrefabInfo","root":{"__id__":1},"asset":{"__uuid__":"9ckYj1QJxKY6Bkr/r+5Bcb"},"fileId":"9a7Vt1UVxD/rerBrP2LO8v"},"_contentSize":{"__type__":"cc.Size","width":100,"height":100},"_position":{"__type__":"cc.Vec3","x":161,"y":35},"_scale":{"__type__":"cc.Vec3","x":1,"y":1,"z":1}},{"__type__":"cc.Node","_name":"BossName_0","_parent":{"__id__":41},"_components":[{"__type__":"cc.Label","node":{"__id__":47},"_srcBlendFactor":1,"_useOriginalSize":false,"_string":"最长的boss名字","_N$string":"最长的boss名字","_fontSize":27,"_lineHeight":27,"_N$horizontalAlign":1,"_N$verticalAlign":1}],"_prefab":{"__type__":"cc.PrefabInfo","root":{"__id__":1},"asset":{"__uuid__":"9ckYj1QJxKY6Bkr/r+5Bcb"},"fileId":"23TjN3eF9I9pmbTX2JP+E0"},"_color":{"__type__":"cc.Color","r":27,"g":148,"b":44},"_contentSize":{"__type__":"cc.Size","width":192.03,"height":27},"_position":{"__type__":"cc.Vec3","x":-138,"y":-75},"_scale":{"__type__":"cc.Vec3","x":1,"y":1,"z":1}},{"__type__":"cc.Node","_name":"BossName_1","_parent":{"__id__":41},"_components":[{"__type__":"cc.Label","node":{"__id__":48},"_srcBlendFactor":1,"_useOriginalSize":false,"_string":"最长的boss名字","_N$string":"最长的boss名字","_fontSize":27,"_lineHeight":27,"_N$horizontalAlign":1,"_N$verticalAlign":1}],"_prefab":{"__type__":"cc.PrefabInfo","root":{"__id__":1},"asset":{"__uuid__":"9ckYj1QJxKY6Bkr/r+5Bcb"},"fileId":"fd5kWTMqxP5r49wM6SMbYN"},"_color":{"__type__":"cc.Color","r":27,"g":148,"b":44},"_contentSize":{"__type__":"cc.Size","width":192.03,"height":27},"_position":{"__type__":"cc.Vec3","x":161,"y":-75},"_scale":{"__type__":"cc.Vec3","x":1,"y":1,"z":1}},{"__type__":"cc.Node","_name":"NowBossLabel","_parent":{"__id__":41},"_children":[{"__id__":50},{"__id__":51}],"_components":[{"__type__":"cc.RichText","node":{"__id__":49},"_N$string":"        魔王介绍魔王介绍魔王介绍魔王介绍魔王介绍魔王介绍","_N$fontSize":25,"_N$maxWidth":520}],"_prefab":{"__type__":"cc.PrefabInfo","root":{"__id__":1},"asset":{"__uuid__":"9ckYj1QJxKY6Bkr/r+5Bcb"},"fileId":"6f+hjuHxxBJ73g9CuzqAft"},"_contentSize":{"__type__":"cc.Size","width":520,"height":80},"_anchorPoint":{"__type__":"cc.Vec2","y":0.5},"_position":{"__type__":"cc.Vec3","x":-242,"y":-189},"_scale":{"__type__":"cc.Vec3","x":1,"y":1,"z":1}},{"__type__":"cc.PrivateNode","_name":"RICHTEXT_CHILD","_parent":{"__id__":49},"_level":1,"_components":[{"__type__":"cc.Label","node":{"__id__":50},"_srcBlendFactor":1,"_string":"        魔王介绍魔王介绍魔王介绍魔王介绍魔王","_N$string":"        魔王介绍魔王介绍魔王介绍魔王介绍魔王","_fontSize":25,"_N$verticalAlign":1}],"_prefab":{"__type__":"cc.PrefabInfo","root":{"__id__":1},"asset":{"__uuid__":"9ckYj1QJxKY6Bkr/r+5Bcb"},"fileId":"adXFO8CQ5Fn6j/qAoseAKV"},"_contentSize":{"__type__":"cc.Size","width":505.57,"height":40},"_anchorPoint":{"__type__":"cc.Vec2"},"_scale":{"__type__":"cc.Vec3","x":1,"y":1,"z":1},"_zIndex":-32768},{"__type__":"cc.PrivateNode","_name":"RICHTEXT_CHILD","_parent":{"__id__":49},"_level":1,"_components":[{"__type__":"cc.Label","node":{"__id__":51},"_srcBlendFactor":1,"_string":"介绍魔王介绍","_N$string":"介绍魔王介绍","_fontSize":25,"_N$verticalAlign":1}],"_prefab":{"__type__":"cc.PrefabInfo","root":{"__id__":1},"asset":{"__uuid__":"9ckYj1QJxKY6Bkr/r+5Bcb"},"fileId":"a4B69P1DlHbqjNMWEpOrBM"},"_contentSize":{"__type__":"cc.Size","width":150,"height":40},"_anchorPoint":{"__type__":"cc.Vec2"},"_position":{"__type__":"cc.Vec3","y":-40},"_scale":{"__type__":"cc.Vec3","x":1,"y":1,"z":1},"_zIndex":-32768},{"__type__":"cc.Node","_name":"tp_jiantou","_parent":{"__id__":41},"_components":[{"__type__":"cc.Sprite","node":{"__id__":52},"_spriteFrame":{"__uuid__":"f3aXLMcmxIUaShD3qCc1d/"}}],"_prefab":{"__type__":"cc.PrefabInfo","root":{"__id__":1},"asset":{"__uuid__":"9ckYj1QJxKY6Bkr/r+5Bcb"},"fileId":"01VBRb3JxB2aViKG57QeEj"},"_contentSize":{"__type__":"cc.Size","width":75,"height":38},"_position":{"__type__":"cc.Vec3","y":142},"_scale":{"__type__":"cc.Vec3","x":1,"y":1,"z":1}},{"__type__":"cc.Node","_name":"tp_jiantou","_parent":{"__id__":41},"_components":[{"__type__":"cc.Sprite","node":{"__id__":53},"_spriteFrame":{"__uuid__":"f3aXLMcmxIUaShD3qCc1d/"}}],"_prefab":{"__type__":"cc.PrefabInfo","root":{"__id__":1},"asset":{"__uuid__":"9ckYj1QJxKY6Bkr/r+5Bcb"},"fileId":"ee+GZlDiBOVpMX/UzoTvhx"},"_contentSize":{"__type__":"cc.Size","width":75,"height":38},"_position":{"__type__":"cc.Vec3","y":30},"_scale":{"__type__":"cc.Vec3","x":1,"y":1,"z":1}},{"__type__":"cc.Node","_name":"Btn_UpReturn","_parent":{"__id__":39},"_children":[{"__id__":55}],"_components":[{"__type__":"cc.Sprite","node":{"__id__":54},"_spriteFrame":{"__uuid__":"53TodyNLdBi6yVKIBDNVPw"}},{"__type__":"cc.Button","node":{"__id__":54},"_N$target":{"__id__":54}}],"_prefab":{"__type__":"cc.PrefabInfo","root":{"__id__":1},"asset":{"__uuid__":"9ckYj1QJxKY6Bkr/r+5Bcb"},"fileId":"20HxGAe9hMKJTXKIvbXIzU"},"_contentSize":{"__type__":"cc.Size","width":207,"height":73},"_position":{"__type__":"cc.Vec3","x":26,"y":-315},"_scale":{"__type__":"cc.Vec3","x":1,"y":1,"z":1}},{"__type__":"cc.Node","_name":"BtnLabel","_parent":{"__id__":54},"_components":[{"__type__":"cc.Sprite","node":{"__id__":55},"_spriteFrame":{"__uuid__":"70sNS+EAhOwKOgGixi8uJb"}}],"_prefab":{"__type__":"cc.PrefabInfo","root":{"__id__":1},"asset":{"__uuid__":"9ckYj1QJxKY6Bkr/r+5Bcb"},"fileId":"dbLAvuLBNMm5GXl2t1Bj85"},"_contentSize":{"__type__":"cc.Size","width":72,"height":25},"_scale":{"__type__":"cc.Vec3","x":1.5,"y":1.5,"z":1}}],{"__type__":"cc.SpriteFrame","content":{"name":"GOU","texture":"dbmjk6s0JBqLhSHjpxnK6n","rect":[0,0,34,33],"offset":[0,0],"originalSize":[34,33],"capInsets":[0,0,0,0]}},{"__type__":"cc.SpriteFrame","content":{"name":"tp_NeedGoldBg","texture":"c3jcKh8b5IdKGv3XumPfW/","rect":[0,0,477,58],"offset":[0,0],"originalSize":[477,58],"capInsets":[0,0,0,0]}},{"__type__":"cc.SpriteFrame","content":{"name":"tp_furnaceBg","texture":"04davxDMRBLqe7ZHU9AKF+","rect":[0,0,10,10],"offset":[0,0],"originalSize":[10,10],"capInsets":[1,1,1,1]}},{"__type__":"cc.SpriteFrame","content":{"name":"cuo","texture":"27gl+MWCNPuKGdnzc2nCCO","rect":[0,0,32,27],"offset":[0,0],"originalSize":[32,27],"capInsets":[0,0,0,0]}},{"__type__":"cc.SpriteFrame","content":{"name":"tp_upFrame_2","texture":"81Sw6AMqJHealD78IT+2Wb","rect":[0,0,622,102],"offset":[0,0],"originalSize":[622,102],"capInsets":[0,0,0,0]}},{"__type__":"cc.SpriteFrame","content":{"name":"Btn_Close2","texture":"22HhsVVUpFfJHscC11ZmYv","rect":[0,0,81,84],"offset":[0,0],"originalSize":[81,84],"capInsets":[0,0,0,0]}},{"__type__":"cc.SpriteFrame","content":{"name":"tp_bossActiveLabel","texture":"0dXH2E2ppIkIn1qDaYi1te","rect":[2,2,101,29],"offset":[-1,-0.5],"originalSize":[107,32],"capInsets":[0,0,0,0]}},{"__type__":"cc.SpriteFrame","content":{"name":"tp_jiantou","texture":"ccyizDqLNNw67f08hUVjHe","rect":[0,0,75,38],"offset":[0,0],"originalSize":[75,38],"capInsets":[0,0,0,0]}}]