[{"__type__":"cc.SpriteFrame","content":{"name":"monster23a_04","texture":"6fyDdYomdBMJrT64Ay5r2o","rect":[16,12,137,137],"offset":[-3,-0.5],"originalSize":[175,160],"capInsets":[0,0,0,0]}},{"__type__":"cc.SpriteFrame","content":{"name":"monster23a_01","texture":"b12kjHoNJEDZzLRcr0fcOr","rect":[16,17,141,138],"offset":[-1,-6],"originalSize":[175,160],"capInsets":[0,0,0,0]}},{"__type__":"cc.SpriteFrame","content":{"name":"monster23a_03","texture":"ec3uT7kKtN45urnpvdKopA","rect":[16,8,131,134],"offset":[-6,5],"originalSize":[175,160],"capInsets":[0,0,0,0]}},{"__type__":"cc.SpriteFrame","content":{"name":"monster23a_02","texture":"a61QmpIMhGjZifceVWeWnn","rect":[16,12,137,137],"offset":[-3,-0.5],"originalSize":[175,160],"capInsets":[0,0,0,0]}},{"__type__":"cc.AnimationClip","_name":"Run","_duration":0.6666666666666666,"sample":6,"speed":1.5,"wrapMode":"2","curveData":{"paths":{"monster23a_01":{"comps":{"cc.Sprite":{"spriteFrame":[{"frame":0,"value":{"__uuid__":"7aw8OpcUVLPoUmpqta/Bfy"}},{"frame":0.16666666666666666,"value":{"__uuid__":"ddCWyMrhNAZKC+lVJLcKK7"}},{"frame":0.3333333333333333,"value":{"__uuid__":"81FK05XvBL05H4CJvdRkUA"}},{"frame":0.5,"value":{"__uuid__":"6bCf3amidJ6K2syDLSZQnc"}}]}}}}}}]