[{"__type__":"cc.SpriteFrame","content":{"name":"monster23b_02","texture":"74NmTjXrxORpYlsNmXbPuq","rect":[10,12,123,137],"offset":[-16,-0.5],"originalSize":[175,160],"capInsets":[0,0,0,0]}},{"__type__":"cc.SpriteFrame","content":{"name":"monster23b_05","texture":"81DTbIEOxEJK4DLfyUJ1hn","rect":[26,20,147,132],"offset":[12,-6],"originalSize":[175,160],"capInsets":[0,0,0,0]}},{"__type__":"cc.SpriteFrame","content":{"name":"monster23b_03","texture":"0fM0Ii7E5DVK/4uQOgTG9j","rect":[5,5,140,132],"offset":[-12.5,9],"originalSize":[175,160],"capInsets":[0,0,0,0]}},{"__type__":"cc.SpriteFrame","content":{"name":"monster23a_01","texture":"b12kjHoNJEDZzLRcr0fcOr","rect":[16,17,141,138],"offset":[-1,-6],"originalSize":[175,160],"capInsets":[0,0,0,0]}},{"__type__":"cc.SpriteFrame","content":{"name":"monster23b_04","texture":"e6fZ2c5jpHpLqwOH/PoA3Z","rect":[16,12,130,134],"offset":[-6.5,1],"originalSize":[175,160],"capInsets":[0,0,0,0]}},{"__type__":"cc.AnimationClip","_name":"Atk","_duration":0.8333333333333334,"sample":6,"speed":1.5,"wrapMode":"1","curveData":{"paths":{"monster23a_01":{"comps":{"cc.Sprite":{"spriteFrame":[{"frame":0,"value":{"__uuid__":"7aw8OpcUVLPoUmpqta/Bfy"}},{"frame":0.16666666666666666,"value":{"__uuid__":"0aG0cBk/tAwJLVoMBIkhws"}},{"frame":0.3333333333333333,"value":{"__uuid__":"5cuadCSUFFkL6Q3YigKhiE"}},{"frame":0.5,"value":{"__uuid__":"96sT8t3WdBaaUNppNyt2H6"}},{"frame":0.6666666666666666,"value":{"__uuid__":"1atmEfzcNJwpEBJ/ZOZszc"}}]}}}}},"events":[{"frame":0.8333333333333334,"func":"AfterAtk","params":[]}]}]