[{"__type__":"cc.SpriteFrame","content":{"name":"Sprite_StrongTipLabel","texture":"fdDrqekjFK6J9v34RlXGXT","rect":[1,22,305,60],"offset":[0.5,-2],"originalSize":[306,100],"capInsets":[0,0,0,0]}},{"__type__":"cc.SpriteFrame","content":{"name":"Btn_Close","texture":"04PZG4nVJAKIq2Yl3qCeDz","rect":[0,0,95,95],"offset":[0,0],"originalSize":[95,95],"capInsets":[0,0,0,0]}},{"__type__":"cc.SpriteFrame","content":{"name":"Sprite_Skill","texture":"de552TD7tNR6r72tirvSj2","rect":[0,0,102,127],"offset":[0,4.5],"originalSize":[102,136],"capInsets":[0,0,0,0]}},[{"__type__":"cc.Prefab","_name":"StrongerTipPage","data":{"__id__":1}},{"__type__":"cc.Node","_name":"StrongerTipPage","_children":[{"__id__":2},{"__id__":3}],"_level":1,"_components":[{"__type__":"26593eyBmJM2qKHcIb43m5U","node":{"__id__":1},"Btn_Auxiliary":{"__id__":11},"Btn_Skill":{"__id__":10},"Btn_Boss":{"__id__":12},"Btn_Close":{"__id__":13}},{"__type__":"cc.Animation","node":{"__id__":1},"_clips":[{"__uuid__":"9bte4U4JxDgYAmNudM5IOO"}]}],"_prefab":{"__type__":"cc.PrefabInfo","root":{"__id__":1},"asset":{"__uuid__":"3cuSjFLA1OMbkNn3ke/UOt"},"fileId":"919hOwmbNNgYXWuLBN04m5"},"_scale":{"__type__":"cc.Vec3","x":1,"y":1,"z":1}},{"__type__":"cc.Node","_name":"PureColorBg","_parent":{"__id__":1},"_level":2,"_components":[{"__type__":"cc.Sprite","node":{"__id__":2},"_spriteFrame":{"__uuid__":"41D7kWhyFGY7q4NDlzkazn"},"_sizeMode":0},{"__type__":"cc.BlockInputEvents","node":{"__id__":2}}],"_prefab":{"__type__":"cc.PrefabInfo","root":{"__id__":1},"asset":{"__uuid__":"3cuSjFLA1OMbkNn3ke/UOt"},"fileId":"9eI+07vKhLU5+tYvH2iC2L"},"_opacity":200,"_color":{"__type__":"cc.Color"},"_contentSize":{"__type__":"cc.Size","width":750,"height":1100},"_position":{"__type__":"cc.Vec3","y":-40},"_scale":{"__type__":"cc.Vec3","x":1,"y":1,"z":1}},{"__type__":"cc.Node","_name":"Sprite_StrongerTipBg","_parent":{"__id__":1},"_children":[{"__id__":4},{"__id__":5},{"__id__":6},{"__id__":7},{"__id__":8},{"__id__":9},{"__id__":10},{"__id__":11},{"__id__":12},{"__id__":13}],"_level":2,"_components":[{"__type__":"cc.Sprite","node":{"__id__":3},"_spriteFrame":{"__uuid__":"95Af/jZQVK46U3CuQug8QS"}}],"_prefab":{"__type__":"cc.PrefabInfo","root":{"__id__":1},"asset":{"__uuid__":"3cuSjFLA1OMbkNn3ke/UOt"},"fileId":"e4pOJtYwxJL5fnx8rPvb/h"},"_contentSize":{"__type__":"cc.Size","width":557,"height":557},"_scale":{"__type__":"cc.Vec3","x":1,"y":1,"z":1}},{"__type__":"cc.Node","_name":"Effect_StrongTip","_parent":{"__id__":3},"_level":3,"_components":[{"__type__":"cc.Sprite","node":{"__id__":4},"_spriteFrame":{"__uuid__":"6aX8aLHM1I1ZSTa4WUtOyh"}}],"_prefab":{"__type__":"cc.PrefabInfo","root":{"__id__":1},"asset":{"__uuid__":"3cuSjFLA1OMbkNn3ke/UOt"},"fileId":"61UbgZhYZHqoP/7LF+hKkI"},"_contentSize":{"__type__":"cc.Size","width":908,"height":909},"_position":{"__type__":"cc.Vec3","x":3,"y":257},"_scale":{"__type__":"cc.Vec3","x":0.58,"y":0.58,"z":1}},{"__type__":"cc.Node","_name":"Sprite_StrongTipLabel","_parent":{"__id__":3},"_level":3,"_components":[{"__type__":"cc.Sprite","node":{"__id__":5},"_spriteFrame":{"__uuid__":"04q96lu8JBy4+qD/3z9DhR"}}],"_prefab":{"__type__":"cc.PrefabInfo","root":{"__id__":1},"asset":{"__uuid__":"3cuSjFLA1OMbkNn3ke/UOt"},"fileId":"36TulwkPFA962dPi84dCnJ"},"_contentSize":{"__type__":"cc.Size","width":306,"height":100},"_position":{"__type__":"cc.Vec3","x":15,"y":275},"_scale":{"__type__":"cc.Vec3","x":1,"y":1,"z":1}},{"__type__":"cc.Node","_name":"Sprite_StrongTipLabel2","_parent":{"__id__":3},"_level":3,"_components":[{"__type__":"cc.Sprite","node":{"__id__":6},"_dstBlendFactor":1,"_spriteFrame":{"__uuid__":"04q96lu8JBy4+qD/3z9DhR"}}],"_prefab":{"__type__":"cc.PrefabInfo","root":{"__id__":1},"asset":{"__uuid__":"3cuSjFLA1OMbkNn3ke/UOt"},"fileId":"d3uX86eMhDWqd5QUv/Zvv7"},"_contentSize":{"__type__":"cc.Size","width":306,"height":100},"_position":{"__type__":"cc.Vec3","x":15,"y":275},"_scale":{"__type__":"cc.Vec3","x":1,"y":1,"z":1}},{"__type__":"cc.Node","_name":"tp_btnbg","_parent":{"__id__":3},"_level":3,"_components":[{"__type__":"cc.Sprite","node":{"__id__":7},"_spriteFrame":{"__uuid__":"c7/GwccvtMeb54XgmqAjBv"}}],"_prefab":{"__type__":"cc.PrefabInfo","root":{"__id__":1},"asset":{"__uuid__":"3cuSjFLA1OMbkNn3ke/UOt"},"fileId":"585ecxNxlEW6czZ6m9EP8q"},"_contentSize":{"__type__":"cc.Size","width":107,"height":124},"_position":{"__type__":"cc.Vec3","x":-130,"y":-112},"_scale":{"__type__":"cc.Vec3","x":1,"y":1,"z":1}},{"__type__":"cc.Node","_name":"tp_btnbg","_parent":{"__id__":3},"_level":3,"_components":[{"__type__":"cc.Sprite","node":{"__id__":8},"_spriteFrame":{"__uuid__":"c7/GwccvtMeb54XgmqAjBv"}}],"_prefab":{"__type__":"cc.PrefabInfo","root":{"__id__":1},"asset":{"__uuid__":"3cuSjFLA1OMbkNn3ke/UOt"},"fileId":"953rpQaQ5Ly6d4FDtgwx8P"},"_contentSize":{"__type__":"cc.Size","width":107,"height":124},"_position":{"__type__":"cc.Vec3","x":20,"y":-112},"_scale":{"__type__":"cc.Vec3","x":1,"y":1,"z":1}},{"__type__":"cc.Node","_name":"tp_btnbg","_parent":{"__id__":3},"_level":3,"_components":[{"__type__":"cc.Sprite","node":{"__id__":9},"_spriteFrame":{"__uuid__":"c7/GwccvtMeb54XgmqAjBv"}}],"_prefab":{"__type__":"cc.PrefabInfo","root":{"__id__":1},"asset":{"__uuid__":"3cuSjFLA1OMbkNn3ke/UOt"},"fileId":"09FYoXa5hI/o5BgHy6zOIW"},"_contentSize":{"__type__":"cc.Size","width":107,"height":124},"_position":{"__type__":"cc.Vec3","x":170,"y":-112},"_scale":{"__type__":"cc.Vec3","x":1,"y":1,"z":1}},{"__type__":"cc.Node","_name":"Sprite_Skill","_parent":{"__id__":3},"_level":3,"_components":[{"__type__":"cc.Sprite","node":{"__id__":10},"_spriteFrame":{"__uuid__":"3cHTGsa8lBEbXl06adr/uv"}},{"__type__":"cc.Button","node":{"__id__":10}}],"_prefab":{"__type__":"cc.PrefabInfo","root":{"__id__":1},"asset":{"__uuid__":"3cuSjFLA1OMbkNn3ke/UOt"},"fileId":"1ct3lIwI9J6JvlCtHtjYsA"},"_contentSize":{"__type__":"cc.Size","width":102,"height":136},"_position":{"__type__":"cc.Vec3","x":20,"y":-112},"_scale":{"__type__":"cc.Vec3","x":1,"y":1,"z":1}},{"__type__":"cc.Node","_name":"Sprite_Auxiliary","_parent":{"__id__":3},"_level":3,"_components":[{"__type__":"cc.Sprite","node":{"__id__":11},"_spriteFrame":{"__uuid__":"c9dnGg+QBA0qmKZg+9uBBb"}},{"__type__":"cc.Button","node":{"__id__":11}}],"_prefab":{"__type__":"cc.PrefabInfo","root":{"__id__":1},"asset":{"__uuid__":"3cuSjFLA1OMbkNn3ke/UOt"},"fileId":"f2aVTDyttG+boeJ72keREm"},"_contentSize":{"__type__":"cc.Size","width":89,"height":140},"_position":{"__type__":"cc.Vec3","x":-130,"y":-112},"_scale":{"__type__":"cc.Vec3","x":1,"y":1,"z":1}},{"__type__":"cc.Node","_name":"Btn_Boss","_parent":{"__id__":3},"_level":3,"_components":[{"__type__":"cc.Sprite","node":{"__id__":12},"_spriteFrame":{"__uuid__":"6fBRtx9H9Mz77o0NnXjBmB"}},{"__type__":"cc.Button","node":{"__id__":12}}],"_prefab":{"__type__":"cc.PrefabInfo","root":{"__id__":1},"asset":{"__uuid__":"3cuSjFLA1OMbkNn3ke/UOt"},"fileId":"f8mzSYwLhBUJQQCvrTZu5y"},"_contentSize":{"__type__":"cc.Size","width":104,"height":144},"_position":{"__type__":"cc.Vec3","x":170,"y":-112},"_scale":{"__type__":"cc.Vec3","x":1,"y":1,"z":1}},{"__type__":"cc.Node","_name":"Btn_Close","_parent":{"__id__":3},"_level":3,"_components":[{"__type__":"cc.Sprite","node":{"__id__":13},"_spriteFrame":{"__uuid__":"39ask3LghPuavCbjPzhMKA"}},{"__type__":"cc.Button","node":{"__id__":13}}],"_prefab":{"__type__":"cc.PrefabInfo","root":{"__id__":1},"asset":{"__uuid__":"3cuSjFLA1OMbkNn3ke/UOt"},"fileId":"57saZg6mtJl5l6zm5CbxA7"},"_contentSize":{"__type__":"cc.Size","width":95,"height":95},"_position":{"__type__":"cc.Vec3","x":247,"y":237},"_scale":{"__type__":"cc.Vec3","x":1,"y":1,"z":1}}],{"__type__":"cc.SpriteFrame","content":{"name":"tp_PureColorBg","texture":"a8Anh32NZGRZegUtSgEj26","rect":[0,0,2,2],"offset":[0,0],"originalSize":[2,2],"capInsets":[0,0,0,0]}},{"__type__":"cc.SpriteFrame","content":{"name":"Effect_StrongTip","texture":"a26j+RO61ALI9uGb0Aiabk","rect":[0,0,908,909],"offset":[0,0],"originalSize":[908,909],"capInsets":[0,0,0,0]}},{"__type__":"cc.SpriteFrame","content":{"name":"Btn_Boss","texture":"22BwiTIWhDEJTjli/gh3+A","rect":[0,0,104,144],"offset":[0,0],"originalSize":[104,144],"capInsets":[0,0,0,0]}},{"__type__":"cc.SpriteFrame","content":{"name":"Sprite_StrongerTipBg","texture":"ccVhCZnC1OMasbmVxjcNFS","rect":[1,0,556,557],"offset":[0.5,0],"originalSize":[557,557],"capInsets":[0,0,0,0]}},{"__type__":"cc.AnimationClip","_name":"StrongerTip","_duration":2.6666666666666665,"wrapMode":"2","curveData":{"paths":{"Sprite_StrongerTipBg/Effect_StrongTip":{"props":{"scale":[{"frame":0,"value":{"__type__":"cc.Vec2","x":0.77,"y":0.77}},{"frame":0.6666666666666666,"value":{"__type__":"cc.Vec2","x":0.8,"y":0.8}},{"frame":1.3333333333333333,"value":{"__type__":"cc.Vec2","x":0.77,"y":0.77}},{"frame":2,"value":{"__type__":"cc.Vec2","x":0.8,"y":0.8}},{"frame":2.6666666666666665,"value":{"__type__":"cc.Vec2","x":0.77,"y":0.77}}],"opacity":[{"frame":0,"value":200},{"frame":0.6666666666666666,"value":255},{"frame":1.3333333333333333,"value":200},{"frame":2,"value":255},{"frame":2.6666666666666665,"value":200}],"position":[]}},"Sprite_StrongerTipBg/Sprite_StrongTipLabel2":{"props":{"opacity":[{"frame":0,"value":0},{"frame":0.2833333333333333,"value":200},{"frame":0.5833333333333334,"value":0}]}}}}},{"__type__":"cc.SpriteFrame","content":{"name":"tp_btnbg","texture":"d9dVmfyphCK7I9EYohcqKW","rect":[0,0,107,124],"offset":[0,0],"originalSize":[107,124],"capInsets":[0,0,0,0]}},{"__type__":"cc.SpriteFrame","content":{"name":"Sprite_Auxiliary","texture":"4d+PEU3CZCiaRkflTbOsgS","rect":[0,0,89,126],"offset":[0,7],"originalSize":[89,140],"capInsets":[0,0,0,0]}}]