[{"__type__":"cc.AnimationClip","_name":"Atk","_duration":1,"sample":6,"speed":1.5,"wrapMode":"1","curveData":{"paths":{"monster20a_01":{"props":{"width":[{"frame":0,"value":230}],"height":[{"frame":0,"value":170}]},"comps":{"cc.Sprite":{"spriteFrame":[{"frame":0,"value":{"__uuid__":"af1jso0X1IZqIK2AoBhqnT"}},{"frame":0.16666666666666666,"value":{"__uuid__":"c5C3yW0rhDgKQxdX3TarVK"}},{"frame":0.3333333333333333,"value":{"__uuid__":"d1xYBr9gZKUJM8g2UfInsh"}},{"frame":0.5,"value":{"__uuid__":"795h8f345LCpW4GMhbhULf"}},{"frame":0.6666666666666666,"value":{"__uuid__":"68rDuu1QFKjqy0uexhYQnS"}},{"frame":0.8333333333333334,"value":{"__uuid__":"c3qCYkBOtE4JPYtB0nPTVp"}}]}}},"fire01":{"props":{"scale":[{"frame":0,"value":{"__type__":"cc.Vec2","x":0.8,"y":0.8}}],"opacity":[{"frame":0,"value":200}]},"comps":{"cc.Sprite":{"spriteFrame":[{"frame":0,"value":{"__uuid__":"12b5pkA1xNUJAxY2xQ9ob8"}},{"frame":0.16666666666666666,"value":{"__uuid__":"90zzHUDLdL8b5HFafIf0jG"}},{"frame":0.3333333333333333,"value":{"__uuid__":"cd9b0ZKq1Il5MCMJf+J2b5"}},{"frame":0.5,"value":{"__uuid__":"86Ktf/GfpA+ZSR9ldIPH5M"}},{"frame":0.6666666666666666,"value":{"__uuid__":"f2P8JWBfdFYqhfhilh9jmH"}},{"frame":0.8333333333333334,"value":{"__uuid__":"90zzHUDLdL8b5HFafIf0jG"}}]}}}}},"events":[{"frame":1,"func":"AfterAtk","params":[]}]},{"__type__":"cc.SpriteFrame","content":{"name":"fire01","texture":"02/XshEHVNXoya9R0il/Jq","rect":[16,44,82,78],"offset":[4.5,-20.5],"originalSize":[105,125],"capInsets":[0,0,0,0]}},{"__type__":"cc.SpriteFrame","content":{"name":"monster20b_05","texture":"b8IBjjxm5IqLDwTkEj7qxT","rect":[30,12,198,140],"offset":[14,3],"originalSize":[230,170],"capInsets":[0,0,0,0]}},{"__type__":"cc.SpriteFrame","content":{"name":"monster20b_04","texture":"afrygqYJtB8b/6o9hZ6cD/","rect":[44,24,159,134],"offset":[8.5,-6],"originalSize":[230,170],"capInsets":[0,0,0,0]}},{"__type__":"cc.SpriteFrame","content":{"name":"fire04","texture":"f9QUIFjIFA3L7Z5lKwwtlw","rect":[19,13,85,108],"offset":[9,-4.5],"originalSize":[105,125],"capInsets":[0,0,0,0]}},{"__type__":"cc.SpriteFrame","content":{"name":"fire02","texture":"59JDUTk7hLKKL6C6nlaVdi","rect":[0,33,101,88],"offset":[-2,-14.5],"originalSize":[105,125],"capInsets":[0,0,0,0]}},{"__type__":"cc.SpriteFrame","content":{"name":"monster20a_01","texture":"edSEaa/nhGzqytddoKdh9d","rect":[39,18,144,137],"offset":[-4,-1.5],"originalSize":[230,170],"capInsets":[0,0,0,0]}},{"__type__":"cc.SpriteFrame","content":{"name":"monster20b_06","texture":"47mU/hToRO8KZzLGWd5621","rect":[37,16,172,137],"offset":[8,0.5],"originalSize":[230,170],"capInsets":[0,0,0,0]}},{"__type__":"cc.SpriteFrame","content":{"name":"monster20b_02","texture":"a6/VCTvuFDSIMoMEVM/XSA","rect":[41,27,139,130],"offset":[-4.5,-7],"originalSize":[230,170],"capInsets":[0,0,0,0]}},{"__type__":"cc.SpriteFrame","content":{"name":"fire03","texture":"afRUE2PpZK8qiGF9xrSJld","rect":[12,23,92,102],"offset":[5.5,-11.5],"originalSize":[105,125],"capInsets":[0,0,0,0]}},{"__type__":"cc.SpriteFrame","content":{"name":"monster20b_03","texture":"daBCO0fnlINYjNd/f4U98c","rect":[41,37,132,120],"offset":[-8,-12],"originalSize":[230,170],"capInsets":[0,0,0,0]}},{"__type__":"cc.SpriteFrame","content":{"name":"fire05","texture":"b3f70J5RJJJ4A0J0zKl2h9","rect":[20,0,79,122],"offset":[7,1.5],"originalSize":[105,125],"capInsets":[0,0,0,0]}}]