[{"__type__":"cc.SpriteFrame","content":{"name":"monster07a_03","texture":"adGgjqe2FEXqKeDDOOrvWt","rect":[4,7,83,87],"offset":[-4.5,4.5],"originalSize":[100,110],"capInsets":[0,0,0,0]}},{"__type__":"cc.SpriteFrame","content":{"name":"monster07a_01","texture":"d7cXdTytBIUaDwp9v2I7Qs","rect":[6,5,81,89],"offset":[-3.5,5.5],"originalSize":[100,110],"capInsets":[0,0,0,0]}},{"__type__":"cc.AnimationClip","_name":"Run","_duration":0.6666666666666666,"sample":6,"speed":1.5,"wrapMode":"2","curveData":{"paths":{"monster07a_02":{"props":{"width":[{"frame":0,"value":100}],"height":[{"frame":0,"value":110}]},"comps":{"cc.Sprite":{"spriteFrame":[{"frame":0,"value":{"__uuid__":"a9RHmWnCVIOqe5eR2P4Uvg"}},{"frame":0.16666666666666666,"value":{"__uuid__":"c90Fij91BGHrBnCgykT8+Y"}},{"frame":0.3333333333333333,"value":{"__uuid__":"92O8meE91Az63UXK62re6D"}},{"frame":0.5,"value":{"__uuid__":"c90Fij91BGHrBnCgykT8+Y"}}]}}}}}},{"__type__":"cc.SpriteFrame","content":{"name":"monster07a_02","texture":"b2uLh0lNBHOYTrg6CY2uXK","rect":[5,6,82,88],"offset":[-4,5],"originalSize":[100,110],"capInsets":[0,0,0,0]}}]