[{"__type__":"cc.SpriteFrame","content":{"name":"monster09b_12","texture":"a4C4IRlZxGTaUA11H81tPr","rect":[17,10,90,99],"offset":[4,0.5],"originalSize":[116,120],"capInsets":[0,0,0,0]}},{"__type__":"cc.SpriteFrame","content":{"name":"monster09b_04","texture":"13yca5vGNFDoSiJGisRpvn","rect":[20,9,71,93],"offset":[-2.5,4.5],"originalSize":[116,120],"capInsets":[0,0,0,0]}},{"__type__":"cc.SpriteFrame","content":{"name":"monster09b_05_09","texture":"c3IZ1IKixKHIMkt0U24MCp","rect":[20,8,74,94],"offset":[-1,5],"originalSize":[116,120],"capInsets":[0,0,0,0]}},{"__type__":"cc.SpriteFrame","content":{"name":"monster09a_01","texture":"37brSvO0VOpamCZC36Mbgm","rect":[10,7,86,98],"offset":[-5,4],"originalSize":[116,120],"capInsets":[0,0,0,0]}},{"__type__":"cc.SpriteFrame","content":{"name":"monster09b_03","texture":"25fyS//BhMo4cfV0+/8gKI","rect":[22,11,70,91],"offset":[-1,3.5],"originalSize":[116,120],"capInsets":[0,0,0,0]}},{"__type__":"cc.SpriteFrame","content":{"name":"monster09b_07_11","texture":"47BgOhd41Ez7xDLSLiL3Qh","rect":[15,12,97,90],"offset":[5.5,3],"originalSize":[116,120],"capInsets":[0,0,0,0]}},{"__type__":"cc.SpriteFrame","content":{"name":"monster09b_02","texture":"f76A4WFHpHhr4z4Pwo1+0p","rect":[21,9,75,102],"offset":[0.5,0],"originalSize":[116,120],"capInsets":[0,0,0,0]}},{"__type__":"cc.AnimationClip","_name":"Atk","_duration":2,"sample":6,"speed":1.5,"wrapMode":"1","curveData":{"paths":{"monster09a_01":{"props":{"width":[{"frame":0,"value":116}],"height":[{"frame":0,"value":120}]},"comps":{"cc.Sprite":{"spriteFrame":[{"frame":0,"value":{"__uuid__":"4904hhT4RHlJGikJHb2EP8"}},{"frame":0.16666666666666666,"value":{"__uuid__":"d7GARBjYVPgbUWvvKsotPF"}},{"frame":0.3333333333333333,"value":{"__uuid__":"7cYXWG2c1AO4Wve1e9N9UD"}},{"frame":0.5,"value":{"__uuid__":"30mykwzXJFlLSK+5azO42g"}},{"frame":0.6666666666666666,"value":{"__uuid__":"30wcqIEfdKq6Z7d/omWowo"}},{"frame":0.8333333333333334,"value":{"__uuid__":"f2rtyLGO1Gf5fnhBhaQG99"}},{"frame":1,"value":{"__uuid__":"cdn2uLK7BBlrgJoh6nSWwv"}},{"frame":1.1666666666666667,"value":{"__uuid__":"f2rtyLGO1Gf5fnhBhaQG99"}},{"frame":1.3333333333333333,"value":{"__uuid__":"30wcqIEfdKq6Z7d/omWowo"}},{"frame":1.5,"value":{"__uuid__":"f2rtyLGO1Gf5fnhBhaQG99"}},{"frame":1.6666666666666667,"value":{"__uuid__":"cdn2uLK7BBlrgJoh6nSWwv"}},{"frame":1.8333333333333333,"value":{"__uuid__":"2daPpt7vdAZroQF8gcUL8f"}}]}}}}},"events":[{"frame":2,"func":"AfterAtk","params":[]}]},{"__type__":"cc.SpriteFrame","content":{"name":"monster09b_06_08_10","texture":"1ehhc3vFJG5LNaACI5lfRT","rect":[21,11,73,91],"offset":[-0.5,3.5],"originalSize":[116,120],"capInsets":[0,0,0,0]}}]