[{"__type__":"cc.SpriteFrame","content":{"name":"monster21b_04","texture":"61MQsnt6NG4Ly6mJNuhqY4","rect":[3,5,112,115],"offset":[-11,2.5],"originalSize":[140,130],"capInsets":[0,0,0,0]}},{"__type__":"cc.SpriteFrame","content":{"name":"monster21b_03","texture":"f6QNT41QxB871iPXl2FUIO","rect":[6,4,115,113],"offset":[-6.5,4.5],"originalSize":[140,130],"capInsets":[0,0,0,0]}},{"__type__":"cc.AnimationClip","_name":"Atk","_duration":0.8333333333333334,"sample":6,"speed":1.5,"wrapMode":"1","curveData":{"paths":{"monster21a_01":{"comps":{"cc.Sprite":{"spriteFrame":[{"frame":0,"value":{"__uuid__":"5dfW+10RxCeopTXhTZ9t9D"}},{"frame":0.16666666666666666,"value":{"__uuid__":"adEI/E/VNAaKc0Ko0o1eIZ"}},{"frame":0.3333333333333333,"value":{"__uuid__":"18qFWLPHdDbpwI4QqRICt0"}},{"frame":0.5,"value":{"__uuid__":"11EI8RHKRFBZn8GyqCC3mc"}},{"frame":0.6666666666666666,"value":{"__uuid__":"efwhMMqoxBhpivNK5l2wAN"}}]}}}}},"events":[{"frame":0.8333333333333334,"func":"AfterAtk","params":[]}]},{"__type__":"cc.SpriteFrame","content":{"name":"monster21a_01","texture":"d3U3p1WhJGiZJxHECDhFD/","rect":[7,10,114,114],"offset":[-6,-2],"originalSize":[140,130],"capInsets":[0,0,0,0]}},{"__type__":"cc.SpriteFrame","content":{"name":"monster21b_02","texture":"d9SJGxEShHCZH6sFsABCR6","rect":[3,7,105,113],"offset":[-14.5,1.5],"originalSize":[140,130],"capInsets":[0,0,0,0]}},{"__type__":"cc.SpriteFrame","content":{"name":"monster21b_05","texture":"dfPD0ehDpAg6lQN+b9MwGR","rect":[14,8,119,116],"offset":[3.5,-1],"originalSize":[140,130],"capInsets":[0,0,0,0]}}]