[{"__type__":"dragonBones.DragonBonesAsset","_name":"梨苹果_ske","_dragonBonesJson":"{\"frameRate\":24,\"armature\":[{\"aabb\":{\"width\":647.4107205852749,\"y\":-513.0354211052015,\"height\":753.2941903798851,\"x\":-233.78542695375913},\"bone\":[{\"name\":\"root\",\"transform\":{}},{\"length\":105,\"transform\":{\"y\":-52.8,\"skX\":87.0171,\"skY\":87.0171,\"x\":-5.5},\"parent\":\"root\",\"name\":\"1\"},{\"length\":95,\"transform\":{\"y\":-42.5,\"skX\":-33.914,\"skY\":-33.914,\"x\":29.45},\"parent\":\"root\",\"name\":\"3\"},{\"length\":34,\"transform\":{\"y\":5.45,\"skX\":88.8309,\"skY\":88.8309,\"x\":13},\"parent\":\"root\",\"name\":\"2\"},{\"length\":51,\"transform\":{\"y\":35.6,\"skX\":12.2413,\"skY\":12.2413,\"x\":42.5},\"parent\":\"root\",\"name\":\"8\"},{\"length\":33,\"transform\":{\"y\":56.85,\"skX\":70.8597,\"skY\":70.8597,\"x\":-15.75},\"parent\":\"root\",\"name\":\"6\"},{\"length\":72,\"transform\":{\"y\":15.05,\"skX\":154.1434,\"skY\":154.1434,\"x\":-49.35},\"parent\":\"root\",\"name\":\"5\"},{\"length\":98,\"transform\":{\"y\":-61,\"skX\":-109.4433,\"skY\":-109.4433,\"x\":-28.1},\"parent\":\"root\",\"name\":\"4\"},{\"length\":77,\"transform\":{\"y\":-185.4775,\"skX\":-142.92,\"skY\":-142.92,\"x\":-156.7704},\"parent\":\"root\",\"name\":\"光\"},{\"length\":53,\"transform\":{\"y\":-27.45,\"skX\":-90.6967,\"skY\":-90.6967,\"x\":298.8},\"parent\":\"root\",\"name\":\"粒子原\"},{\"length\":117,\"transform\":{\"y\":-157.95,\"skX\":-25.0789,\"skY\":-25.0789,\"x\":-325.95},\"parent\":\"root\",\"name\":\"10\"},{\"length\":34,\"transform\":{\"y\":-224.4167,\"skX\":90,\"skY\":90,\"x\":167.3844},\"parent\":\"root\",\"name\":\"粒子6\"},{\"length\":36,\"transform\":{\"y\":-345.1009,\"skX\":86.8072,\"skY\":86.8072,\"x\":89.5834},\"parent\":\"root\",\"name\":\"粒子4\"},{\"length\":31,\"transform\":{\"y\":-173.8784,\"skX\":90,\"skY\":90,\"x\":12.9548},\"parent\":\"root\",\"name\":\"粒子8\"},{\"length\":36,\"transform\":{\"y\":-311.6529,\"skX\":90,\"skY\":90,\"x\":-41.7025},\"parent\":\"root\",\"name\":\"粒子12\"},{\"length\":39,\"transform\":{\"y\":-232.6781,\"skX\":91.4375,\"skY\":91.4375,\"x\":80.5579},\"parent\":\"root\",\"name\":\"粒子2\"},{\"length\":36,\"transform\":{\"y\":-253.9476,\"skX\":86.8072,\"skY\":86.8072,\"x\":16.157},\"parent\":\"root\",\"name\":\"粒子9\"},{\"length\":32,\"transform\":{\"y\":-511.9692,\"skX\":88.2457,\"skY\":88.2457,\"x\":43.1778},\"parent\":\"root\",\"name\":\"粒子3\"},{\"length\":34,\"transform\":{\"y\":-160.6426,\"skX\":90,\"skY\":90,\"x\":183.2823},\"parent\":\"root\",\"name\":\"粒子15\"},{\"length\":35,\"transform\":{\"y\":-245.0297,\"skX\":90,\"skY\":90,\"x\":-84.5839},\"parent\":\"root\",\"name\":\"粒子11\"},{\"length\":36,\"transform\":{\"y\":-329.3361,\"skX\":90,\"skY\":90,\"x\":25.7192},\"parent\":\"root\",\"name\":\"粒子10\"},{\"length\":32,\"transform\":{\"y\":-337.978,\"skX\":86.4073,\"skY\":86.4073,\"x\":223.9809},\"parent\":\"root\",\"name\":\"粒子13\"},{\"length\":38,\"transform\":{\"y\":-349.6988,\"skX\":90,\"skY\":90,\"x\":317.871},\"parent\":\"root\",\"name\":\"粒子14\"},{\"length\":42,\"transform\":{\"y\":-132.2863,\"skX\":85.9286,\"skY\":85.9286,\"x\":397.9068},\"parent\":\"root\",\"name\":\"粒子5\"},{\"length\":41,\"transform\":{\"y\":-237.7851,\"skX\":87.1956,\"skY\":87.1956,\"x\":-14.2588},\"parent\":\"root\",\"name\":\"粒子17\"},{\"length\":43,\"transform\":{\"y\":200.0628,\"skX\":90,\"skY\":90,\"x\":281.7},\"parent\":\"root\",\"name\":\"粒子1\"},{\"length\":42,\"transform\":{\"y\":79.3579,\"skX\":92.739,\"skY\":92.739,\"x\":208.2},\"parent\":\"root\",\"name\":\"粒子7\"},{\"length\":42,\"transform\":{\"y\":-250.7436,\"skX\":90,\"skY\":90,\"x\":383.9837},\"parent\":\"root\",\"name\":\"粒子18\"},{\"length\":129,\"transform\":{\"y\":-153.618,\"skX\":152.9421,\"skY\":152.9421,\"scX\":0.6226,\"x\":298.4978},\"parent\":\"root\",\"name\":\"光1\"},{\"length\":141,\"transform\":{\"y\":188.3753,\"skX\":-36.7772,\"skY\":-36.7772,\"scY\":1.8071,\"x\":-270.535},\"parent\":\"root\",\"name\":\"光3\"},{\"length\":133,\"transform\":{\"y\":175.754,\"skX\":-151.293,\"skY\":-151.293,\"x\":296.4132},\"parent\":\"root\",\"name\":\"光2\"},{\"length\":27,\"transform\":{\"y\":19.721,\"skX\":93.0019,\"skY\":93.0019,\"x\":314.1},\"parent\":\"root\",\"name\":\"粒子\"}],\"type\":\"Armature\",\"name\":\"Armature\",\"slot\":[{\"color\":{},\"name\":\"粒子原先\",\"parent\":\"root\"},{\"z\":1,\"color\":{},\"name\":\"5\",\"parent\":\"root\"},{\"z\":2,\"color\":{},\"name\":\"4\",\"parent\":\"root\"},{\"z\":3,\"color\":{},\"name\":\"3\",\"parent\":\"root\"},{\"z\":4,\"color\":{},\"name\":\"2\",\"parent\":\"root\"},{\"z\":5,\"color\":{},\"name\":\"1\",\"parent\":\"root\"},{\"z\":6,\"color\":{},\"name\":\"10\",\"parent\":\"root\",\"displayIndex\":-1},{\"z\":7,\"color\":{},\"name\":\"粒子9\",\"parent\":\"root\"},{\"z\":8,\"color\":{},\"name\":\"粒子10\",\"parent\":\"root\"},{\"z\":9,\"color\":{},\"name\":\"粒子8\",\"parent\":\"root\"},{\"z\":10,\"color\":{},\"name\":\"粒子11\",\"parent\":\"root\"},{\"z\":11,\"color\":{},\"name\":\"粒子7\",\"parent\":\"root\"},{\"z\":12,\"color\":{},\"name\":\"粒子12\",\"parent\":\"root\"},{\"z\":13,\"color\":{},\"name\":\"粒子\",\"parent\":\"root\"},{\"z\":14,\"color\":{},\"name\":\"粒子13\",\"parent\":\"root\"},{\"z\":15,\"color\":{},\"name\":\"粒子5\",\"parent\":\"root\"},{\"z\":16,\"color\":{},\"name\":\"粒子14\",\"parent\":\"root\"},{\"z\":17,\"color\":{},\"name\":\"粒子4\",\"parent\":\"root\"},{\"z\":18,\"color\":{},\"name\":\"粒子15\",\"parent\":\"root\"},{\"z\":19,\"color\":{},\"name\":\"粒子3\",\"parent\":\"root\"},{\"z\":20,\"color\":{},\"name\":\"粒子16\",\"parent\":\"root\"},{\"z\":21,\"color\":{},\"name\":\"粒子2\",\"parent\":\"root\"},{\"z\":22,\"color\":{},\"name\":\"粒子17\",\"parent\":\"root\"},{\"z\":23,\"color\":{},\"name\":\"粒子1\",\"parent\":\"root\"},{\"z\":24,\"color\":{},\"name\":\"粒子18\",\"parent\":\"root\"},{\"z\":25,\"color\":{},\"name\":\"光\",\"parent\":\"root\"},{\"z\":26,\"color\":{},\"name\":\"光1\",\"parent\":\"root\"},{\"z\":27,\"color\":{},\"name\":\"光3\",\"parent\":\"root\"},{\"z\":28,\"color\":{},\"name\":\"光2\",\"parent\":\"root\"}],\"skin\":[{\"name\":\"\",\"slot\":[{\"display\":[{\"edges\":[0,1,1,2,2,3,3,4,4,5,5,6,6,7,7,8,8,9,9,10,10,11,11,12,12,13,13,14,14,15,15,16,16,17,17,18,18,19,19,20,20,21,21,22,22,23,23,0],\"vertices\":[-47.3,6.25,-32.6,-11.05,-13.55,-26.4,4.65,-33.65,32.25,-40.5,49.4,-40.5,53.8,-38.8,55,-32.6,39.5,-17.25,23.2,-7.85,5,4.7,4.15,9.8,13.5,14.95,17.4,18.65,6.95,27.85,-33.35,38.95,-51.7,40.5,-55,38.45,-55,32.05,-43.2,22.55,-32.95,11.05,-32.95,6.8,-44.1,10.15,-48.9,10.15,-34.61,29.04,-14.06,12.59,-14.76,-10.91,21.54,-25.51,6.24,-19.81,47.09,-29.16],\"path\":\"3\",\"triangles\":[29,8,7,6,5,7,5,29,7,4,29,5,4,8,29,4,27,8,27,9,8,3,27,4,27,28,9,28,10,9,3,28,27,12,14,13,11,14,12,3,2,28,26,10,28,11,25,14,25,15,14,2,26,28,25,11,10,26,25,10,24,15,25,20,24,25,21,20,25,2,1,26,21,25,26,1,21,26,0,22,21,19,24,20,0,21,1,24,16,15,18,16,19,19,16,24,0,23,22,18,17,16],\"name\":\"3\",\"uvs\":[0.07,0.57716,0.20364,0.36358,0.37682,0.17407,0.54227,0.08457,0.79318,0,0.94909,0,0.98909,0.02099,1,0.09753,0.85909,0.28704,0.71091,0.40309,0.54545,0.55802,0.53773,0.62099,0.62273,0.68457,0.65818,0.73025,0.56318,0.84383,0.19682,0.98086,0.03,1,0,0.97469,0,0.89568,0.10727,0.7784,0.20045,0.63642,0.20045,0.58395,0.09909,0.62531,0.05545,0.62531,0.1854,0.85854,0.37222,0.65545,0.36586,0.36533,0.69586,0.18508,0.55676,0.25545,0.92813,0.14002],\"slotPose\":[1,0,0,1,114.22575592069376,-62.24178623046066],\"userEdges\":[],\"type\":\"mesh\",\"transform\":{\"y\":-62.2418,\"x\":114.2258},\"bonePose\":[2,0.8298759032755387,-0.5579480129569498,0.5579480129569498,0.8298759032755387,29.450000000000003,-42.5],\"width\":110,\"height\":81,\"weights\":[1,2,1,1,2,1,1,2,1,1,2,1,1,2,1,1,2,1,1,2,1,1,2,1,1,2,1,1,2,1,1,2,1,1,2,1,1,2,1,1,2,1,1,2,1,1,2,1,1,2,1,1,2,1,1,2,1,1,2,1,1,2,1,1,2,1,1,2,1,1,2,1,1,2,1,1,2,1,1,2,1,1,2,1,1,2,1,1,2,1]}],\"name\":\"3\"},{\"display\":[{\"edges\":[0,1,1,2,2,3,3,4,4,5,5,6,6,7,7,8,8,9,9,10,10,11,11,0],\"vertices\":[-6.05,-24.91,-13.5,-14.71,-14,-2.26,-11.05,5.34,-6.05,8.69,2.85,9.19,8.2,7.59,13.8,-3.01,14,-13.41,11.55,-18.96,6.55,-25.06,4.15,-25.81,-2.72,-1.66,1.53,-15.96,8.38,-5.76],\"path\":\"7\",\"triangles\":[9,13,8,13,14,8,8,14,7,14,6,7,14,12,6,10,13,9,11,13,10,13,12,14,12,5,6,12,4,5,0,13,11,1,12,13,0,1,13,3,4,12,2,3,12,1,2,12],\"name\":\"7\",\"uvs\":[0.28393,0.02571,0.01786,0.31714,0,0.67286,0.10536,0.89,0.28393,0.98571,0.60179,1,0.79286,0.95429,0.99286,0.65143,1,0.35429,0.9125,0.19571,0.73393,0.02143,0.64821,0,0.40296,0.68989,0.55475,0.28132,0.79939,0.57275],\"slotPose\":[1,0,0,1,299.2169941810891,-38.996259539324114],\"userEdges\":[],\"type\":\"mesh\",\"transform\":{\"y\":-47.1095,\"x\":300.0878},\"bonePose\":[9,-0.012159998913226461,-0.9999260644799839,0.9999260644799839,-0.012159998913226461,298.79999999999984,-27.44999999999972],\"width\":28,\"height\":35,\"weights\":[1,9,1,1,9,1,1,9,1,1,9,1,1,9,1,1,9,1,1,9,1,1,9,1,1,9,1,1,9,1,1,9,1,1,9,1,1,9,1,1,9,1,1,9,1]}],\"name\":\"粒子原先\"},{\"display\":[{\"edges\":[0,1,1,2,2,3,3,4,4,5,5,6,6,7,7,8,8,9,9,10,10,11,11,0],\"vertices\":[153.08,74.28,145.63,84.48,145.13,96.93,148.08,104.53,153.08,107.88,161.98,108.38,167.33,106.78,172.93,96.18,173.13,85.78,170.68,80.23,165.68,74.13,163.28,73.38,156.41,97.53,160.66,83.23,167.51,93.43],\"path\":\"7\",\"triangles\":[9,13,8,13,14,8,8,14,7,14,6,7,14,12,6,10,13,9,11,13,10,13,12,14,12,5,6,12,4,5,0,13,11,1,12,13,0,1,13,3,4,12,2,3,12,1,2,12],\"name\":\"7\",\"uvs\":[0.28393,0.02571,0.01786,0.31714,0,0.67286,0.10536,0.89,0.28393,0.98571,0.60179,1,0.79286,0.95429,0.99286,0.65143,1,0.35429,0.9125,0.19571,0.73393,0.02143,0.64821,0,0.40296,0.68989,0.55475,0.28132,0.79939,0.57275],\"slotPose\":[1,0,0,1,459.2176610808408,52.07977176288993],\"userEdges\":[],\"type\":\"mesh\",\"transform\":{\"y\":52.0798,\"x\":459.2177},\"bonePose\":[23,0.07099890316032827,0.9974763935803344,-0.9974763935803344,0.07099890316032827,617.4999999999999,122.49999999999997],\"width\":28,\"height\":35,\"weights\":[1,23,1,1,23,1,1,23,1,1,23,1,1,23,1,1,23,1,1,23,1,1,23,1,1,23,1,1,23,1,1,23,1,1,23,1,1,23,1,1,23,1,1,23,1]}],\"name\":\"粒子5\"},{\"display\":[{\"edges\":[0,1,1,2,2,3,3,4,4,5,5,6,6,7,7,8,8,9,9,10,10,11,11,0],\"vertices\":[132.44,-59.05,124.99,-48.85,124.49,-36.4,127.44,-28.8,132.44,-25.45,141.34,-24.95,146.69,-26.55,152.29,-37.15,152.49,-47.55,150.04,-53.1,145.04,-59.2,142.64,-59.95,135.77,-35.8,140.02,-50.1,146.87,-39.9],\"path\":\"7\",\"triangles\":[9,13,8,13,14,8,8,14,7,14,6,7,14,12,6,10,13,9,11,13,10,13,12,14,12,5,6,12,4,5,0,13,11,1,12,13,0,1,13,3,4,12,2,3,12,1,2,12],\"name\":\"7\",\"uvs\":[0.28393,0.02571,0.01786,0.31714,0,0.67286,0.10536,0.89,0.28393,0.98571,0.60179,1,0.79286,0.95429,0.99286,0.65143,1,0.35429,0.9125,0.19571,0.73393,0.02143,0.64821,0,0.40296,0.68989,0.55475,0.28132,0.79939,0.57275],\"slotPose\":[1,0,0,1,438.578852727603,-81.24625953932411],\"userEdges\":[],\"type\":\"mesh\",\"transform\":{\"y\":-81.2463,\"x\":438.5789},\"bonePose\":[19,5.898059818321144e-17,0.9999999999999999,-0.9999999999999999,5.898059818321144e-17,575.65,-141.85],\"width\":28,\"height\":35,\"weights\":[1,19,1,1,19,1,1,19,1,1,19,1,1,19,1,1,19,1,1,19,1,1,19,1,1,19,1,1,19,1,1,19,1,1,19,1,1,19,1,1,19,1,1,19,1]}],\"name\":\"粒子11\"},{\"display\":[{\"edges\":[0,1,1,2,2,3,3,4,4,5,5,6,6,7,7,8,8,9,9,10,10,11,11,0],\"vertices\":[-14.95,-137.28,-22.4,-127.08,-22.9,-114.63,-19.95,-107.03,-14.95,-103.68,-6.05,-103.18,-0.7,-104.78,4.9,-115.38,5.1,-125.78,2.65,-131.33,-2.35,-137.43,-4.75,-138.18,-11.62,-114.03,-7.37,-128.33,-0.52,-118.13],\"path\":\"7\",\"triangles\":[9,13,8,13,14,8,8,14,7,14,6,7,14,12,6,10,13,9,11,13,10,13,12,14,12,5,6,12,4,5,0,13,11,1,12,13,0,1,13,3,4,12,2,3,12,1,2,12],\"name\":\"7\",\"uvs\":[0.28393,0.02571,0.01786,0.31714,0,0.67286,0.10536,0.89,0.28393,0.98571,0.60179,1,0.79286,0.95429,0.99286,0.65143,1,0.35429,0.9125,0.19571,0.73393,0.02143,0.64821,0,0.40296,0.68989,0.55475,0.28132,0.79939,0.57275],\"slotPose\":[1,0,0,1,291.1878275144224,-305.6279867139899],\"userEdges\":[],\"type\":\"mesh\",\"transform\":{\"y\":-305.628,\"x\":291.1878},\"bonePose\":[15,-0.025086205561470495,0.999685291624583,-0.999685291624583,-0.025086205561470495,282.70000000000005,-445],\"width\":28,\"height\":35,\"weights\":[1,15,1,1,15,1,1,15,1,1,15,1,1,15,1,1,15,1,1,15,1,1,15,1,1,15,1,1,15,1,1,15,1,1,15,1,1,15,1,1,15,1,1,15,1]}],\"name\":\"粒子2\"},{\"display\":[{\"edges\":[0,1,1,2,2,3,3,4,4,5,5,6,6,7,7,8,8,9,9,10,10,11,11,0],\"vertices\":[166.01,-247.73,158.56,-237.53,158.06,-225.08,161.01,-217.48,166.01,-214.13,174.91,-213.63,180.26,-215.23,185.86,-225.83,186.06,-236.23,183.61,-241.78,178.61,-247.88,176.21,-248.63,169.34,-224.48,173.59,-238.78,180.44,-228.58],\"path\":\"7\",\"triangles\":[9,13,8,13,14,8,8,14,7,14,6,7,14,12,6,10,13,9,11,13,10,13,12,14,12,5,6,12,4,5,0,13,11,1,12,13,0,1,13,3,4,12,2,3,12,1,2,12],\"name\":\"7\",\"uvs\":[0.28393,0.02571,0.01786,0.31714,0,0.67286,0.10536,0.89,0.28393,0.98571,0.60179,1,0.79286,0.95429,0.99286,0.65143,1,0.35429,0.9125,0.19571,0.73393,0.02143,0.64821,0,0.40296,0.68989,0.55475,0.28132,0.79939,0.57275],\"slotPose\":[1,0,0,1,472.14719350308843,-269.92264219213865],\"userEdges\":[],\"type\":\"mesh\",\"transform\":{\"y\":-269.9226,\"x\":472.1472},\"bonePose\":[11,6.123233995736766e-17,1,-1,6.123233995736766e-17,643,-517.45],\"width\":28,\"height\":35,\"weights\":[1,11,1,1,11,1,1,11,1,1,11,1,1,11,1,1,11,1,1,11,1,1,11,1,1,11,1,1,11,1,1,11,1,1,11,1,1,11,1,1,11,1,1,11,1]}],\"name\":\"粒子16\"},{\"display\":[{\"edges\":[0,1,1,2,2,3,3,4,4,5,5,6,6,7,7,8,8,9,9,0],\"vertices\":[68.14,-117.66,63.36,-90.32,62.73,-33.56,61.87,102.94,66.73,125.16,73.51,125.13,79.2,104.8,79.79,10.41,80.56,-110.11,78.24,-122.79,70.68,6.12,69.82,-65.38,71.7,106.06],\"path\":\"9\",\"triangles\":[0,11,9,9,11,8,10,12,7,8,11,7,11,10,7,7,12,6,12,5,6,11,2,10,10,3,12,12,4,5,0,1,11,3,4,12,2,3,10,1,2,11],\"name\":\"9\",\"uvs\":[0.28103,0.02048,0.01552,0.13072,0,0.35964,0,0.91024,0.28793,1,0.67931,1,1,0.91807,1,0.53735,1,0.0512,0.86207,0,0.46499,0.53748,0.39774,0.23146,0.56843,0.92303],\"slotPose\":[1,0,0,1,261.9103559183284,-144.7112526078371],\"userEdges\":[],\"type\":\"mesh\",\"transform\":{\"y\":-144.7113,\"scX\":1.3701,\"x\":261.9104},\"bonePose\":[28,0.010440266230183836,0.9999454989353385,-0.9999454989353385,0.010440266230183836,333.4,-198.7],\"width\":29,\"height\":83,\"weights\":[1,28,1,1,28,1,1,28,1,1,28,1,1,28,1,1,28,1,1,28,1,1,28,1,1,28,1,1,28,1,1,28,1,1,28,1,1,28,1]}],\"name\":\"光1\"},{\"display\":[{\"edges\":[0,1,1,2,2,3,3,4,4,5,5,6,6,7,7,8,8,9,9,0],\"vertices\":[345.75,-117.79,335.28,-91.51,328.8,-35.13,314.31,100.6,320.18,123.68,331.33,124.99,342.63,105.87,352.65,12.02,365.45,-107.82,362.85,-120.9,338.08,5.95,343.51,-65.4,330.18,105.64],\"path\":\"9\",\"triangles\":[0,11,9,9,11,8,10,12,7,8,11,7,11,10,7,7,12,6,12,5,6,11,2,10,10,3,12,12,4,5,0,1,11,3,4,12,2,3,10,1,2,11],\"name\":\"9\",\"uvs\":[0.28103,0.02048,0.01552,0.13072,0,0.35964,0,0.91024,0.28793,1,0.67931,1,1,0.91807,1,0.53735,1,0.0512,0.86207,0,0.46499,0.53748,0.39774,0.23146,0.56843,0.92303],\"slotPose\":[1,0,0,1,530.4230706550242,-144.711252607836],\"userEdges\":[],\"type\":\"mesh\",\"transform\":{\"y\":-144.7113,\"skX\":6.5084,\"skY\":6.5084,\"scX\":2.2688,\"x\":530.4231},\"bonePose\":[30,-3.8337388819087437e-16,-1,1,-8.27463098040937e-16,872.3000000000001,-81.64999999999996],\"width\":29,\"height\":83,\"weights\":[1,30,1,1,30,1,1,30,1,1,30,1,1,30,1,1,30,1,1,30,1,1,30,1,1,30,1,1,30,1,1,30,1,1,30,1,1,30,1]}],\"name\":\"光2\"},{\"display\":[{\"edges\":[0,1,1,2,2,3,3,4,4,5,5,6,6,7,7,8,8,9,9,10,10,11,11,0],\"vertices\":[72.26,-124.57,64.81,-114.37,64.31,-101.92,67.26,-94.32,72.26,-90.97,81.16,-90.47,86.51,-92.07,92.11,-102.67,92.31,-113.07,89.86,-118.62,84.86,-124.72,82.46,-125.47,75.59,-101.32,79.84,-115.62,86.69,-105.42],\"path\":\"7\",\"triangles\":[9,13,8,13,14,8,8,14,7,14,6,7,14,12,6,10,13,9,11,13,10,13,12,14,12,5,6,12,4,5,0,13,11,1,12,13,0,1,13,3,4,12,2,3,12,1,2,12],\"name\":\"7\",\"uvs\":[0.28393,0.02571,0.01786,0.31714,0,0.67286,0.10536,0.89,0.28393,0.98571,0.60179,1,0.79286,0.95429,0.99286,0.65143,1,0.35429,0.9125,0.19571,0.73393,0.02143,0.64821,0,0.40296,0.68989,0.55475,0.28132,0.79939,0.57275],\"slotPose\":[1,0,0,1,378.1392104645503,-271.94206687710124],\"userEdges\":[],\"type\":\"mesh\",\"transform\":{\"y\":-271.9421,\"x\":378.1392},\"bonePose\":[14,-3.8163916471489756e-16,0.9999999999999999,-0.9999999999999999,-3.8163916471489756e-16,454.2,-396],\"width\":28,\"height\":35,\"weights\":[1,14,1,1,14,1,1,14,1,1,14,1,1,14,1,1,14,1,1,14,1,1,14,1,1,14,1,1,14,1,1,14,1,1,14,1,1,14,1,1,14,1,1,14,1]}],\"name\":\"粒子12\"},{\"display\":[{\"edges\":[0,1,1,2,2,3,3,4,4,5,5,6,6,7,7,8,8,9,9,10,10,11,11,0],\"vertices\":[229.28,-9.23,221.83,0.97,221.33,13.42,224.28,21.02,229.28,24.37,238.18,24.87,243.53,23.27,249.13,12.67,249.33,2.27,246.88,-3.28,241.88,-9.38,239.48,-10.13,232.61,14.02,236.86,-0.28,243.71,9.92],\"path\":\"7\",\"triangles\":[9,13,8,13,14,8,8,14,7,14,6,7,14,12,6,10,13,9,11,13,10,13,12,14,12,5,6,12,4,5,0,13,11,1,12,13,0,1,13,3,4,12,2,3,12,1,2,12],\"name\":\"7\",\"uvs\":[0.28393,0.02571,0.01786,0.31714,0,0.67286,0.10536,0.89,0.28393,0.98571,0.60179,1,0.79286,0.95429,0.99286,0.65143,1,0.35429,0.9125,0.19571,0.73393,0.02143,0.64821,0,0.40296,0.68989,0.55475,0.28132,0.79939,0.57275],\"slotPose\":[1,0,0,1,535.4133709421061,-31.42625953932411],\"userEdges\":[],\"type\":\"mesh\",\"transform\":{\"y\":-31.4263,\"x\":535.4134},\"bonePose\":[22,-4.0245584642661925e-16,0.9999999999999999,-0.9999999999999999,-4.0245584642661925e-16,771.5999999999999,-42.84999999999998],\"width\":28,\"height\":35,\"weights\":[1,22,1,1,22,1,1,22,1,1,22,1,1,22,1,1,22,1,1,22,1,1,22,1,1,22,1,1,22,1,1,22,1,1,22,1,1,22,1,1,22,1,1,22,1]}],\"name\":\"粒子14\"},{\"display\":[{\"edges\":[0,1,1,2,2,3,3,4,4,5,5,6,6,7,7,8,8,9,9,10,10,11,11,0],\"vertices\":[-70.9,-92.48,-78.35,-82.28,-78.85,-69.83,-75.9,-62.23,-70.9,-58.88,-62,-58.38,-56.65,-59.98,-51.05,-70.58,-50.85,-80.98,-53.3,-86.53,-58.3,-92.63,-60.7,-93.38,-67.57,-69.23,-63.32,-83.53,-56.47,-73.33],\"path\":\"7\",\"triangles\":[9,13,8,13,14,8,8,14,7,14,6,7,14,12,6,10,13,9,11,13,10,13,12,14,12,5,6,12,4,5,0,13,11,1,12,13,0,1,13,3,4,12,2,3,12,1,2,12],\"name\":\"7\",\"uvs\":[0.28393,0.02571,0.01786,0.31714,0,0.67286,0.10536,0.89,0.28393,0.98571,0.60179,1,0.79286,0.95429,0.99286,0.65143,1,0.35429,0.9125,0.19571,0.73393,0.02143,0.64821,0,0.40296,0.68989,0.55475,0.28132,0.79939,0.57275],\"slotPose\":[1,0,0,1,235.24244109210872,-262.7649862215332],\"userEdges\":[],\"type\":\"mesh\",\"transform\":{\"y\":-262.765,\"x\":235.2424},\"bonePose\":[16,0.055695726967411395,0.9984477883182332,-0.9984477883182332,0.055695726967411395,167.39999999999998,-357.20000000000005],\"width\":28,\"height\":35,\"weights\":[1,16,1,1,16,1,1,16,1,1,16,1,1,16,1,1,16,1,1,16,1,1,16,1,1,16,1,1,16,1,1,16,1,1,16,1,1,16,1,1,16,1,1,16,1]}],\"name\":\"粒子9\"},{\"display\":[{\"edges\":[0,1,1,2,2,3,3,4,4,5,5,6,6,7,7,8,8,9,9,10,10,11,11,0],\"vertices\":[60.56,-30.83,53.11,-20.63,52.61,-8.18,55.56,-0.58,60.56,2.77,69.46,3.27,74.81,1.67,80.41,-8.93,80.61,-19.33,78.16,-24.88,73.16,-30.98,70.76,-31.73,63.89,-7.58,68.14,-21.88,74.99,-11.68],\"path\":\"7\",\"triangles\":[9,13,8,13,14,8,8,14,7,14,6,7,14,12,6,10,13,9,11,13,10,13,12,14,12,5,6,12,4,5,0,13,11,1,12,13,0,1,13,3,4,12,2,3,12,1,2,12],\"name\":\"7\",\"uvs\":[0.28393,0.02571,0.01786,0.31714,0,0.67286,0.10536,0.89,0.28393,0.98571,0.60179,1,0.79286,0.95429,0.99286,0.65143,1,0.35429,0.9125,0.19571,0.73393,0.02143,0.64821,0,0.40296,0.68989,0.55475,0.28132,0.79939,0.57275],\"slotPose\":[1,0,0,1,364.4526643481132,-31.42625953932411],\"userEdges\":[],\"type\":\"mesh\",\"transform\":{\"y\":52.8559,\"x\":431.9376},\"bonePose\":[21,0.06266374052179322,0.9980346966031878,-0.9980346966031878,0.06266374052179322,427.65,-40.80000000000001],\"width\":28,\"height\":35,\"weights\":[1,21,1,1,21,1,1,21,1,1,21,1,1,21,1,1,21,1,1,21,1,1,21,1,1,21,1,1,21,1,1,21,1,1,21,1,1,21,1,1,21,1,1,21,1]}],\"name\":\"粒子13\"},{\"display\":[{\"edges\":[0,1,1,2,2,3,3,4,4,5,5,6,6,7,7,8,8,9,9,10,10,11,11,0],\"vertices\":[203.47,-62.56,196.02,-52.36,195.52,-39.91,198.47,-32.31,203.47,-28.96,212.37,-28.46,217.72,-30.06,223.32,-40.66,223.52,-51.06,221.07,-56.61,216.07,-62.71,213.67,-63.46,206.8,-39.31,211.05,-53.61,217.9,-43.41],\"path\":\"7\",\"triangles\":[9,13,8,13,14,8,8,14,7,14,6,7,14,12,6,10,13,9,11,13,10,13,12,14,12,5,6,12,4,5,0,13,11,1,12,13,0,1,13,3,4,12,2,3,12,1,2,12],\"name\":\"7\",\"uvs\":[0.28393,0.02571,0.01786,0.31714,0,0.67286,0.10536,0.89,0.28393,0.98571,0.60179,1,0.79286,0.95429,0.99286,0.65143,1,0.35429,0.9125,0.19571,0.73393,0.02143,0.64821,0,0.40296,0.68989,0.55475,0.28132,0.79939,0.57275],\"slotPose\":[1,0,0,1,509.60542873532677,-84.75625953932412],\"userEdges\":[],\"type\":\"mesh\",\"transform\":{\"y\":-84.7563,\"x\":509.6054},\"bonePose\":[17,0.03061351597177159,0.9995312964784274,-0.9995312964784274,0.03061351597177159,716.5000000000001,-146.95],\"width\":28,\"height\":35,\"weights\":[1,17,1,1,17,1,1,17,1,1,17,1,1,17,1,1,17,1,1,17,1,1,17,1,1,17,1,1,17,1,1,17,1,1,17,1,1,17,1,1,17,1,1,17,1]}],\"name\":\"粒子3\"},{\"display\":[{\"edges\":[0,1,1,2,2,3,3,4,4,5,5,6,6,7,7,8,8,9,9,0],\"vertices\":[6.53,-83.95,-1.99,-66.11,-5.92,-26.35,-14.42,69.47,-8.39,86.54,1.66,88.51,11.17,75.87,17.04,9.61,24.54,-74.99,21.77,-84.6,3.77,3.92,6.27,-46.66,-0.01,74.55],\"path\":\"9\",\"triangles\":[0,11,9,9,11,8,10,12,7,8,11,7,11,10,7,7,12,6,12,5,6,11,2,10,10,3,12,12,4,5,0,1,11,3,4,12,2,3,10,1,2,11],\"name\":\"9\",\"uvs\":[0.28103,0.02048,0.01552,0.13072,0,0.35964,0,0.91024,0.28793,1,0.67931,1,1,0.91807,1,0.53735,1,0.0512,0.86207,0,0.46499,0.53748,0.39774,0.23146,0.56843,0.92303],\"slotPose\":[1,0,0,1,218.91540900120575,-144.11125260783712],\"userEdges\":[],\"type\":\"mesh\",\"transform\":{\"y\":-144.7113,\"skX\":11.7276,\"skY\":11.7276,\"scX\":2.2759,\"scY\":0.6372,\"x\":195.6988},\"bonePose\":[8,-0.035484417454131896,-0.9993702297536882,0.9993702297536882,-0.035484417454131896,222.05,-117.19999999999972],\"width\":29,\"height\":83,\"weights\":[1,8,1,1,8,1,1,8,1,1,8,1,1,8,1,1,8,1,1,8,1,1,8,1,1,8,1,1,8,1,1,8,1,1,8,1,1,8,1]}],\"name\":\"光\"},{\"display\":[{\"edges\":[0,1,2,3,3,4,6,7,7,8,8,9,11,12,14,15,15,0,1,2,4,5,10,11,12,13,13,14,5,6,9,10],\"vertices\":[-19.6,15.85,-27.4,29.8,8.05,28.2,28.35,14.1,42.3,2.25,44.2,-7.95,22.55,-7,16,-7.4,21.5,-13.15,42.45,-23.1,46.5,-32.05,-35.3,-24.45,-46.2,-19.95,-44.55,-12.1,-10.75,-2.7,-4.95,-0.95],\"path\":\"5\",\"triangles\":[8,9,10,11,8,10,6,4,5,6,3,4,11,14,8,6,7,3,7,2,3,14,15,7,15,2,7,14,7,8,15,0,2,0,1,2,11,13,14,12,13,11],\"name\":\"5\",\"uvs\":[0.28925,0.73657,0.20538,0.94478,0.58656,0.9209,0.80484,0.71045,0.95484,0.53358,0.97527,0.38134,0.74247,0.39552,0.67204,0.38955,0.73118,0.30373,0.95645,0.15522,1,0.02164,0.12043,0.13507,0.00323,0.20224,0.02097,0.3194,0.38441,0.4597,0.44677,0.48582],\"slotPose\":[0.9999999999999999,0,0,0.9999999999999999,-73.97686810121641,30.06854567656006],\"userEdges\":[],\"type\":\"mesh\",\"transform\":{\"y\":30.0685,\"x\":-73.9769},\"bonePose\":[6,-0.8998880918690697,0.43612088016081496,-0.43612088016081496,-0.8998880918690697,-49.34999999999999,15.050000000000026],\"width\":93,\"height\":67,\"weights\":[1,6,1,1,6,1,1,6,1,1,6,1,1,6,1,1,6,1,1,6,1,1,6,1,1,6,1,1,6,1,1,6,1,1,6,1,1,6,1,1,6,1,1,6,1,1,6,1]}],\"name\":\"5\"},{\"display\":[{\"edges\":[1,2,2,3,3,4,4,5,5,6,6,7,7,8,8,9,9,10,10,11,12,13,14,15,15,16,16,17,17,18,18,19,19,20,20,21,21,22,22,23,23,24,24,25,25,26,26,27,27,28,28,29,29,30,30,31,31,32,32,33,33,34,34,35,35,36,36,37,37,38,38,39,39,40,40,41,41,42,42,43,43,44,44,45,45,46,46,47,47,48,48,49,49,50,11,12,13,14,50,0,0,56,56,1],\"vertices\":[-14.55,6.47,-29.95,36.37,-51.85,62.82,-67.9,78.22,-65.35,92.72,-56.75,96.67,-40.4,95.17,-27.55,84.12,-19.45,56.97,-10.55,41.92,3.3,36.97,11.95,39.72,12.5,76.72,21.15,82.57,41.85,77.62,43.3,71.47,31.3,46.82,30.45,31.72,40,17.57,64.95,16.92,80,16.02,84.3,6.17,82.8,-9.83,77.55,-14.48,63.1,-11.08,47.7,-7.08,31.05,-6.18,15.05,-11.08,6.7,-21.88,4.25,-33.58,7.95,-48.03,22.1,-61.28,39.35,-78.53,45.85,-87.48,44.55,-94.58,36.3,-102.28,26.45,-103.33,16.25,-103.33,6.1,-95.78,-2.85,-72.98,-10.9,-43.13,-17.35,-27.73,-21.3,-26.18,-30.6,-30.78,-48.45,-41.58,-60.8,-42.18,-72.8,-36.98,-74.4,-28.03,-72.8,-18.48,-63.85,-14.78,-39.8,-9.53,16.56,7.12,-7.14,-23.03,-51.14,-25.83,14.11,-76.58,2.71,-51.03,-21.53,20.02],\"path\":\"2\",\"triangles\":[23,24,22,19,20,21,24,19,21,22,24,21,24,25,19,25,18,19,26,18,25,34,32,33,16,12,15,35,32,34,35,36,32,26,51,18,12,13,15,13,14,15,36,54,32,54,31,32,51,17,18,38,54,37,37,54,36,51,11,17,17,11,16,11,12,16,27,51,26,10,11,51,54,55,31,55,30,31,39,55,54,27,0,51,0,10,51,38,39,54,28,52,27,52,0,27,0,56,10,55,40,29,29,52,28,55,29,30,56,9,10,39,40,55,40,52,29,42,0,52,40,41,52,42,50,0,56,1,9,41,42,52,1,8,9,2,7,8,43,50,42,1,2,8,53,50,43,2,6,7,44,53,43,3,5,2,2,5,6,53,49,50,3,4,5,45,53,44,46,47,45,45,47,53,47,49,53,47,48,49],\"name\":\"2\",\"uvs\":[0.37642,0.549,0.27956,0.6985,0.14182,0.83075,0.04088,0.90775,0.05692,0.98025,0.11101,1,0.21384,0.9925,0.29465,0.93725,0.3456,0.8015,0.40157,0.72625,0.48868,0.7015,0.54308,0.71525,0.54654,0.90025,0.60094,0.9295,0.73113,0.90475,0.74025,0.874,0.66478,0.75075,0.65943,0.67525,0.7195,0.6045,0.87642,0.60125,0.97107,0.59675,0.99811,0.5475,0.98868,0.4675,0.95566,0.44425,0.86478,0.46125,0.76792,0.48125,0.66321,0.48575,0.56258,0.46125,0.51006,0.40725,0.49465,0.34875,0.51792,0.2765,0.60692,0.21025,0.71541,0.124,0.75629,0.07925,0.74811,0.04375,0.69623,0.00525,0.63428,0,0.57013,0,0.50629,0.03775,0.45,0.15175,0.39937,0.301,0.35881,0.378,0.33396,0.38575,0.27547,0.36275,0.16321,0.30875,0.08553,0.30575,0.01006,0.33175,0,0.3765,0.01006,0.42425,0.06635,0.44275,0.21761,0.469,0.57204,0.55224,0.42298,0.40149,0.14625,0.38749,0.55663,0.13374,0.48493,0.26149,0.33251,0.61676],\"slotPose\":[1,0,0,1,-2.6783111586512875,-0.2565610133326477],\"userEdges\":[],\"type\":\"mesh\",\"transform\":{\"y\":-1.9952,\"x\":-0.4395},\"bonePose\":[3,0.020403914662519222,0.9997918184634462,-0.9997918184634462,0.020403914662519222,13,5.450000000000003],\"width\":159,\"height\":200,\"weights\":[1,3,1,1,3,1,1,3,1,1,3,1,1,3,1,1,3,1,1,3,1,1,3,1,1,3,1,1,3,1,1,3,1,1,3,1,1,3,1,1,3,1,1,3,1,1,3,1,1,3,1,1,3,1,1,3,1,1,3,1,1,3,1,1,3,1,1,3,1,1,3,1,1,3,1,1,3,1,1,3,1,1,3,1,1,3,1,1,3,1,1,3,1,1,3,1,1,3,1,1,3,1,1,3,1,1,3,1,1,3,1,1,3,1,1,3,1,1,3,1,1,3,1,1,3,1,1,3,1,1,3,1,1,3,1,1,3,1,1,3,1,1,3,1,1,3,1,1,3,1,1,3,1,1,3,1,1,3,1,1,3,1,1,3,1,1,3,1,1,3,1]},{\"edges\":[0,1,1,3,3,2,2,0],\"vertices\":[-96.5,-103,96.5,-103,-96.5,103,96.5,103],\"path\":\"2_1\",\"triangles\":[1,0,3,0,2,3],\"name\":\"2_1\",\"uvs\":[0,0,1,0,0,1,1,1],\"slotPose\":[1,0,0,1,0,0],\"userEdges\":[],\"type\":\"mesh\",\"transform\":{},\"bonePose\":[3,0.020403914662519222,0.9997918184634462,-0.9997918184634462,0.020403914662519222,13,5.450000000000003],\"width\":193,\"height\":206,\"weights\":[1,3,1,1,3,1,1,3,1,1,3,1]},{\"edges\":[0,1,1,3,3,2,2,0],\"vertices\":[-147.5,-142.5,147.5,-142.5,-147.5,142.5,147.5,142.5],\"path\":\"2_2\",\"triangles\":[1,0,3,0,2,3],\"name\":\"2_2\",\"uvs\":[0,0,1,0,0,1,1,1],\"slotPose\":[1,0,0,1,0,0],\"userEdges\":[],\"type\":\"mesh\",\"transform\":{},\"bonePose\":[3,0.020403914662519222,0.9997918184634462,-0.9997918184634462,0.020403914662519222,13,5.450000000000003],\"width\":295,\"height\":285,\"weights\":[1,3,1,1,3,1,1,3,1,1,3,1]}],\"name\":\"2\"},{\"display\":[{\"edges\":[0,1,1,2,2,3,3,4,4,5,5,6,6,7,7,8,8,9,9,10,10,11,11,0],\"vertices\":[57.51,105.51,50.06,115.71,49.56,128.16,52.51,135.76,57.51,139.11,66.41,139.61,71.76,138.01,77.36,127.41,77.56,117.01,75.11,111.46,70.11,105.36,67.71,104.61,60.84,128.76,65.09,114.46,71.94,124.66],\"path\":\"7\",\"triangles\":[9,13,8,13,14,8,8,14,7,14,6,7,14,12,6,10,13,9,11,13,10,13,12,14,12,5,6,12,4,5,0,13,11,1,12,13,0,1,13,3,4,12,2,3,12,1,2,12],\"name\":\"7\",\"uvs\":[0.28393,0.02571,0.01786,0.31714,0,0.67286,0.10536,0.89,0.28393,0.98571,0.60179,1,0.79286,0.95429,0.99286,0.65143,1,0.35429,0.9125,0.19571,0.73393,0.02143,0.64821,0,0.40296,0.68989,0.55475,0.28132,0.79939,0.57275],\"slotPose\":[1,0,0,1,363.65013773954547,83.31351719611484],\"userEdges\":[],\"type\":\"mesh\",\"transform\":{\"y\":83.3135,\"x\":363.6501},\"bonePose\":[24,0.0489258053082659,0.998802415683371,-0.998802415683371,0.048925805308265465,426.6,184.75],\"width\":28,\"height\":35,\"weights\":[1,24,1,1,24,1,1,24,1,1,24,1,1,24,1,1,24,1,1,24,1,1,24,1,1,24,1,1,24,1,1,24,1,1,24,1,1,24,1,1,24,1,1,24,1]}],\"name\":\"粒子17\"},{\"display\":[{\"edges\":[0,1,1,2,2,3,3,4,4,5,5,6,6,7,7,8,8,9,9,10,10,11,11,12,12,13,13,14,14,15,15,16,16,17,17,18,18,19,19,20,20,0],\"vertices\":[-20.5,-18.4,-17.05,-5.2,-10,9.55,0.4,18.35,4.45,28.55,5.1,32.95,13.1,33.5,16.1,28.25,19.85,8.3,20.5,-3,19.55,-9,16.25,-9.3,9.95,-2.7,7.75,2.65,3.55,-9,-1.2,-22.65,-6.85,-31.45,-10.75,-33.5,-19.7,-33.5,-19.9,-30.35,-20.5,-25.65,9.38,17.28,2.28,7.23,-6.02,-3.92,-9.17,-17.42,-12.17,-27.17],\"path\":\"4\",\"triangles\":[11,12,9,13,21,8,9,12,8,12,13,8,21,7,8,11,9,10,13,22,21,21,4,7,4,6,7,4,5,6,3,4,21,22,3,21,14,23,13,23,22,13,15,24,14,2,3,22,24,23,14,23,2,22,16,25,15,25,24,15,1,2,23,24,1,23,17,25,16,25,0,24,0,1,24,20,0,25,19,25,17,18,19,17,19,20,25],\"name\":\"4\",\"uvs\":[0,0.22537,0.08415,0.42239,0.2561,0.64254,0.50976,0.77388,0.60854,0.92612,0.62439,0.99179,0.81951,1,0.89268,0.92164,0.98415,0.62388,1,0.45522,0.97683,0.36567,0.89634,0.36119,0.74268,0.4597,0.68902,0.53955,0.58659,0.36567,0.47073,0.16194,0.33293,0.0306,0.2378,0,0.01951,0,0.01463,0.04701,0,0.11716,0.72879,0.7579,0.55562,0.6079,0.35318,0.44148,0.27635,0.23998,0.20318,0.09446],\"slotPose\":[1,0,0,1,-41.180226675606434,-83.02898130900549],\"userEdges\":[],\"type\":\"mesh\",\"transform\":{\"y\":-83.029,\"x\":-41.1802},\"bonePose\":[7,-0.33287304067781626,-0.9429716532271284,0.9429716532271284,-0.33287304067781626,-28.099999999999937,-60.99999999999996],\"width\":41,\"height\":67,\"weights\":[1,7,1,1,7,1,1,7,1,1,7,1,1,7,1,1,7,1,1,7,1,1,7,1,1,7,1,1,7,1,1,7,1,1,7,1,1,7,1,1,7,1,1,7,1,1,7,1,1,7,1,1,7,1,1,7,1,1,7,1,1,7,1,1,7,1,1,7,1,1,7,1,1,7,1,1,7,1]}],\"name\":\"4\"},{\"display\":[{\"edges\":[0,1,1,2,2,3,3,4,4,5,5,6,6,7,7,8,8,9,9,10,10,11,11,0],\"vertices\":[367.05,-65.47,359.6,-55.27,359.1,-42.82,362.05,-35.22,367.05,-31.87,375.95,-31.37,381.3,-32.97,386.9,-43.57,387.1,-53.97,384.65,-59.52,379.65,-65.62,377.25,-66.37,370.38,-42.22,374.63,-56.52,381.48,-46.32],\"path\":\"7\",\"triangles\":[9,13,8,13,14,8,8,14,7,14,6,7,14,12,6,10,13,9,11,13,10,13,12,14,12,5,6,12,4,5,0,13,11,1,12,13,0,1,13,3,4,12,2,3,12,1,2,12],\"name\":\"7\",\"uvs\":[0.28393,0.02571,0.01786,0.31714,0,0.67286,0.10536,0.89,0.28393,0.98571,0.60179,1,0.79286,0.95429,0.99286,0.65143,1,0.35429,0.9125,0.19571,0.73393,0.02143,0.64821,0,0.40296,0.68989,0.55475,0.28132,0.79939,0.57275],\"slotPose\":[1,0,0,1,299.2169941810891,-38.996259539324114],\"userEdges\":[],\"type\":\"mesh\",\"transform\":{\"y\":-148.3074,\"x\":711.1412},\"bonePose\":[18,5.898059818321144e-17,0.9999999999999999,-0.9999999999999999,5.898059818321144e-17,671.55,-100],\"width\":28,\"height\":35,\"weights\":[1,18,1,1,18,1,1,18,1,1,18,1,1,18,1,1,18,1,1,18,1,1,18,1,1,18,1,1,18,1,1,18,1,1,18,1,1,18,1,1,18,1,1,18,1]}],\"name\":\"粒子15\"},{\"display\":[{\"edges\":[0,1,1,2,2,3,3,4,4,5,5,6,6,7,7,8,8,9,9,10,10,11,11,0],\"vertices\":[328.76,77.32,321.31,87.52,320.81,99.97,323.76,107.57,328.76,110.92,337.66,111.42,343.01,109.82,348.61,99.22,348.81,88.82,346.36,83.27,341.36,77.17,338.96,76.42,332.09,100.57,336.34,86.27,343.19,96.47],\"path\":\"7\",\"triangles\":[9,13,8,13,14,8,8,14,7,14,6,7,14,12,6,10,13,9,11,13,10,13,12,14,12,5,6,12,4,5,0,13,11,1,12,13,0,1,13,3,4,12,2,3,12,1,2,12],\"name\":\"7\",\"uvs\":[0.28393,0.02571,0.01786,0.31714,0,0.67286,0.10536,0.89,0.28393,0.98571,0.60179,1,0.79286,0.95429,0.99286,0.65143,1,0.35429,0.9125,0.19571,0.73393,0.02143,0.64821,0,0.40296,0.68989,0.55475,0.28132,0.79939,0.57275],\"slotPose\":[1,0,0,1,634.8994273523058,55.12374046067588],\"userEdges\":[],\"type\":\"mesh\",\"transform\":{\"y\":149.2437,\"x\":970.5819},\"bonePose\":[27,-4.3021142204224816e-16,0.9999999999999998,-0.9999999999999998,-8.673617379884035e-16,971.6500000000001,128.6],\"width\":28,\"height\":35,\"weights\":[1,27,1,1,27,1,1,27,1,1,27,1,1,27,1,1,27,1,1,27,1,1,27,1,1,27,1,1,27,1,1,27,1,1,27,1,1,27,1,1,27,1,1,27,1]}],\"name\":\"粒子18\"},{\"display\":[{\"edges\":[0,1,1,2,2,3,3,4,4,5,5,6,6,7,7,8,8,9,9,0],\"vertices\":[256.94,-117.67,253.58,-90.35,253.38,-33.6,253.38,102.89,257.03,125.13,261.98,125.13,266.04,104.83,266.04,10.45,266.04,-110.06,264.29,-122.75,259.37,6.12,258.41,-65.38,260.57,106.05],\"path\":\"9\",\"triangles\":[0,11,9,9,11,8,10,12,7,8,11,7,11,10,7,7,12,6,12,5,6,11,2,10,10,3,12,12,4,5,0,1,11,3,4,12,2,3,10,1,2,11],\"name\":\"9\",\"uvs\":[0.28103,0.02048,0.01552,0.13072,0,0.35964,0,0.91024,0.28793,1,0.67931,1,1,0.91807,1,0.53735,1,0.0512,0.86207,0,0.46499,0.53748,0.39774,0.23146,0.56843,0.92303],\"slotPose\":[1,0,0,1,450.3698728098723,279.5863085475361],\"userEdges\":[],\"type\":\"mesh\",\"transform\":{\"y\":279.5863,\"x\":450.3699},\"bonePose\":[29,0.009893508701506435,-0.9999510580451292,0.9999510580451292,0.009893508701506435,707.6,340.2],\"width\":29,\"height\":83,\"weights\":[1,29,1,1,29,1,1,29,1,1,29,1,1,29,1,1,29,1,1,29,1,1,29,1,1,29,1,1,29,1,1,29,1,1,29,1,1,29,1]}],\"name\":\"光3\"},{\"display\":[{\"edges\":[0,1,1,3,3,2,2,0],\"vertices\":[-83.5,-83.5,83.5,-83.5,-83.5,83.5,83.5,83.5],\"path\":\"1\",\"triangles\":[1,0,3,0,2,3],\"name\":\"1\",\"uvs\":[0,0,1,0,0,1,1,1],\"slotPose\":[1,0,0,1,-2.031397797888342,-1.1725353562922072],\"userEdges\":[],\"type\":\"mesh\",\"transform\":{\"y\":-1.1725,\"x\":-2.0314},\"bonePose\":[1,0.05203740644109186,0.9986451363376706,-0.9986451363376706,0.05203740644109186,-5.5,-52.8],\"width\":167,\"height\":167,\"weights\":[1,1,1,1,1,1,1,1,1,1,1,1]}],\"name\":\"1\"},{\"display\":[{\"edges\":[0,1,1,2,2,3,3,4,4,5,5,6,6,7,7,8,8,9,9,10,10,11,11,0],\"vertices\":[31.87,-59.05,24.42,-48.85,23.92,-36.4,26.87,-28.8,31.87,-25.45,40.77,-24.95,46.12,-26.55,51.72,-37.15,51.92,-47.55,49.47,-53.1,44.47,-59.2,42.07,-59.95,35.2,-35.8,39.45,-50.1,46.3,-39.9],\"path\":\"7\",\"triangles\":[9,13,8,13,14,8,8,14,7,14,6,7,14,12,6,10,13,9,11,13,10,13,12,14,12,5,6,12,4,5,0,13,11,1,12,13,0,1,13,3,4,12,2,3,12,1,2,12],\"name\":\"7\",\"uvs\":[0.28393,0.02571,0.01786,0.31714,0,0.67286,0.10536,0.89,0.28393,0.98571,0.60179,1,0.79286,0.95429,0.99286,0.65143,1,0.35429,0.9125,0.19571,0.73393,0.02143,0.64821,0,0.40296,0.68989,0.55475,0.28132,0.79939,0.57275],\"slotPose\":[1,0,0,1,338.0064436470291,-81.24603105884604],\"userEdges\":[],\"type\":\"mesh\",\"transform\":{\"y\":-81.246,\"x\":338.0064},\"bonePose\":[20,5.898059818321144e-17,0.9999999999999999,-0.9999999999999999,5.898059818321144e-17,377.65,-142.9],\"width\":28,\"height\":35,\"weights\":[1,20,1,1,20,1,1,20,1,1,20,1,1,20,1,1,20,1,1,20,1,1,20,1,1,20,1,1,20,1,1,20,1,1,20,1,1,20,1,1,20,1,1,20,1]}],\"name\":\"粒子10\"},{\"display\":[{\"edges\":[0,1,1,3,3,2,2,0],\"vertices\":[-56,-38,56,-38,-56,38,56,38],\"path\":\"10_02\",\"triangles\":[1,0,3,0,2,3],\"name\":\"10_02\",\"uvs\":[0.18362,0.28531,0.81638,0.28531,0.18362,0.71469,0.81638,0.71469],\"slotPose\":[1.0000000000000002,0,0,1.0000000000000002,-369.3471335217008,145.35311671125743],\"userEdges\":[],\"type\":\"mesh\",\"transform\":{\"y\":145.3531,\"x\":-369.3471},\"bonePose\":[10,0.9057250594940683,-0.4238656822679401,0.4238656822679401,0.9057250594940683,-325.95,-157.95],\"width\":177,\"height\":177,\"weights\":[1,10,1,1,10,1,1,10,1,1,10,1]},{\"edges\":[0,1,1,3,3,2,2,0],\"vertices\":[-167.55,-47.5,167.45,-47.5,-167.55,47.5,167.45,47.5],\"path\":\"10\",\"triangles\":[1,0,3,0,2,3],\"name\":\"10\",\"uvs\":[0,0,1,0,0,1,1,1],\"slotPose\":[1,0,0,1,-162.5545459995847,-285.3357698362803],\"userEdges\":[],\"type\":\"mesh\",\"transform\":{\"y\":-285.3358,\"x\":-162.6025},\"bonePose\":[10,0.9057250594940683,-0.4238656822679401,0.4238656822679401,0.9057250594940683,-325.95,-157.95],\"width\":335,\"height\":95,\"weights\":[1,10,1,1,10,1,1,10,1,1,10,1]}],\"name\":\"10\"},{\"display\":[{\"edges\":[0,1,1,2,2,3,3,4,4,5,5,6,6,7,7,8,8,9,9,10,10,11,11,0],\"vertices\":[2.38,211.26,-5.07,221.46,-5.57,233.91,-2.62,241.51,2.38,244.86,11.28,245.36,16.63,243.76,22.23,233.16,22.43,222.76,19.98,217.21,14.98,211.11,12.58,210.36,5.71,234.51,9.96,220.21,16.81,230.41],\"path\":\"7\",\"triangles\":[9,13,8,13,14,8,8,14,7,14,6,7,14,12,6,10,13,9,11,13,10,13,12,14,12,5,6,12,4,5,0,13,11,1,12,13,0,1,13,3,4,12,2,3,12,1,2,12],\"name\":\"7\",\"uvs\":[0.28393,0.02571,0.01786,0.31714,0,0.67286,0.10536,0.89,0.28393,0.98571,0.60179,1,0.79286,0.95429,0.99286,0.65143,1,0.35429,0.9125,0.19571,0.73393,0.02143,0.64821,0,0.40296,0.68989,0.55475,0.28132,0.79939,0.57275],\"slotPose\":[1,0,0,1,308.5178275144224,189.06066301733398],\"userEdges\":[],\"type\":\"mesh\",\"transform\":{\"y\":189.0607,\"x\":308.5178},\"bonePose\":[31,-0.052369269189614556,0.9986277883398528,-0.9986277883398528,-0.052369269189614556,314.1,404.3],\"width\":28,\"height\":35,\"weights\":[1,31,1,1,31,1,1,31,1,1,31,1,1,31,1,1,31,1,1,31,1,1,31,1,1,31,1,1,31,1,1,31,1,1,31,1,1,31,1,1,31,1,1,31,1]}],\"name\":\"粒子\"},{\"display\":[{\"edges\":[0,1,1,2,2,3,3,4,4,5,5,6,6,7,7,8,8,9,9,10,10,11,11,0],\"vertices\":[-51.82,16.45,-59.27,26.65,-59.77,39.1,-56.82,46.7,-51.82,50.05,-42.92,50.55,-37.57,48.95,-31.97,38.35,-31.77,27.95,-34.22,22.4,-39.22,16.3,-41.62,15.55,-48.49,39.7,-44.24,25.4,-37.39,35.6],\"path\":\"7\",\"triangles\":[9,13,8,13,14,8,8,14,7,14,6,7,14,12,6,10,13,9,11,13,10,13,12,14,12,5,6,12,4,5,0,13,11,1,12,13,0,1,13,3,4,12,2,3,12,1,2,12],\"name\":\"7\",\"uvs\":[0.28393,0.02571,0.01786,0.31714,0,0.67286,0.10536,0.89,0.28393,0.98571,0.60179,1,0.79286,0.95429,0.99286,0.65143,1,0.35429,0.9125,0.19571,0.73393,0.02143,0.64821,0,0.40296,0.68989,0.55475,0.28132,0.79939,0.57275],\"slotPose\":[1,0,0,1,254.31782751442242,-5.748540597105759],\"userEdges\":[],\"type\":\"mesh\",\"transform\":{\"y\":-5.7485,\"x\":254.3178},\"bonePose\":[26,-0.047786651320157914,0.9988575653993943,-0.9988575653993943,-0.04778665132015835,208.2,4.1000000000000085],\"width\":28,\"height\":35,\"weights\":[1,26,1,1,26,1,1,26,1,1,26,1,1,26,1,1,26,1,1,26,1,1,26,1,1,26,1,1,26,1,1,26,1,1,26,1,1,26,1,1,26,1,1,26,1]}],\"name\":\"粒子7\"},{\"display\":[{\"edges\":[0,1,1,2,2,3,3,4,4,5,5,6,6,7,7,8,8,9,9,10,10,11,11,0],\"vertices\":[129.84,-193.33,122.39,-183.13,121.89,-170.68,124.84,-163.08,129.84,-159.73,138.74,-159.23,144.09,-160.83,149.69,-171.43,149.89,-181.83,147.44,-187.38,142.44,-193.48,140.04,-194.23,133.17,-170.08,137.42,-184.38,144.27,-174.18],\"path\":\"7\",\"triangles\":[9,13,8,13,14,8,8,14,7,14,6,7,14,12,6,10,13,9,11,13,10,13,12,14,12,5,6,12,4,5,0,13,11,1,12,13,0,1,13,3,4,12,2,3,12,1,2,12],\"name\":\"7\",\"uvs\":[0.28393,0.02571,0.01786,0.31714,0,0.67286,0.10536,0.89,0.28393,0.98571,0.60179,1,0.79286,0.95429,0.99286,0.65143,1,0.35429,0.9125,0.19571,0.73393,0.02143,0.64821,0,0.40296,0.68989,0.55475,0.28132,0.79939,0.57275],\"slotPose\":[1,0,0,1,435.98142756269544,-197.1545621188426],\"userEdges\":[],\"type\":\"mesh\",\"transform\":{\"y\":-197.1546,\"x\":435.9814},\"bonePose\":[13,-3.8163916471489756e-16,0.9999999999999999,-0.9999999999999999,-3.8163916471489756e-16,569.4999999999999,-387.80000000000007],\"width\":28,\"height\":35,\"weights\":[1,13,1,1,13,1,1,13,1,1,13,1,1,13,1,1,13,1,1,13,1,1,13,1,1,13,1,1,13,1,1,13,1,1,13,1,1,13,1,1,13,1,1,13,1]}],\"name\":\"粒子8\"},{\"display\":[{\"edges\":[0,1,1,2,2,3,3,4,4,5,5,6,6,7,7,8,8,9,9,10,10,11,11,0],\"vertices\":[260.31,-187.67,252.86,-177.47,252.36,-165.02,255.31,-157.42,260.31,-154.07,269.21,-153.57,274.56,-155.17,280.16,-165.77,280.36,-176.17,277.91,-181.72,272.91,-187.82,270.51,-188.57,263.64,-164.42,267.89,-178.72,274.74,-168.52],\"path\":\"7\",\"triangles\":[9,13,8,13,14,8,8,14,7,14,6,7,14,12,6,10,13,9,11,13,10,13,12,14,12,5,6,12,4,5,0,13,11,1,12,13,0,1,13,3,4,12,2,3,12,1,2,12],\"name\":\"7\",\"uvs\":[0.28393,0.02571,0.01786,0.31714,0,0.67286,0.10536,0.89,0.28393,0.98571,0.60179,1,0.79286,0.95429,0.99286,0.65143,1,0.35429,0.9125,0.19571,0.73393,0.02143,0.64821,0,0.40296,0.68989,0.55475,0.28132,0.79939,0.57275],\"slotPose\":[1,0,0,1,410.8098836112266,-209.8695422060043],\"userEdges\":[],\"type\":\"mesh\",\"transform\":{\"y\":-209.8695,\"x\":410.8099},\"bonePose\":[12,0.05569572696741362,0.9984477883182331,-0.9984477883182331,0.05569572696741362,675.65,-396],\"width\":28,\"height\":35,\"weights\":[1,12,1,1,12,1,1,12,1,1,12,1,1,12,1,1,12,1,1,12,1,1,12,1,1,12,1,1,12,1,1,12,1,1,12,1,1,12,1,1,12,1,1,12,1]}],\"name\":\"粒子4\"},{\"display\":[{\"edges\":[0,1,1,2,2,3,3,4,4,5,5,6,6,7,7,8,8,9,9,10,10,11,11,0],\"vertices\":[-14.95,77.32,-22.4,87.52,-22.9,99.97,-19.95,107.57,-14.95,110.92,-6.05,111.42,-0.7,109.82,4.9,99.22,5.1,88.82,2.65,83.27,-2.35,77.17,-4.75,76.42,-11.62,100.57,-7.37,86.27,-0.52,96.47],\"path\":\"7\",\"triangles\":[9,13,8,13,14,8,8,14,7,14,6,7,14,12,6,10,13,9,11,13,10,13,12,14,12,5,6,12,4,5,0,13,11,1,12,13,0,1,13,3,4,12,2,3,12,1,2,12],\"name\":\"7\",\"uvs\":[0.28393,0.02571,0.01786,0.31714,0,0.67286,0.10536,0.89,0.28393,0.98571,0.60179,1,0.79286,0.95429,0.99286,0.65143,1,0.35429,0.9125,0.19571,0.73393,0.02143,0.64821,0,0.40296,0.68989,0.55475,0.28132,0.79939,0.57275],\"slotPose\":[1,0,0,1,291.1878275144224,55.12594609876668],\"userEdges\":[],\"type\":\"mesh\",\"transform\":{\"y\":55.1259,\"x\":291.1878},\"bonePose\":[25,9.08995101411847e-16,0.9999999999999999,-0.9999999999999999,4.718447854656915e-16,281.7,126.55],\"width\":28,\"height\":35,\"weights\":[1,25,1,1,25,1,1,25,1,1,25,1,1,25,1,1,25,1,1,25,1,1,25,1,1,25,1,1,25,1,1,25,1,1,25,1,1,25,1,1,25,1,1,25,1]}],\"name\":\"粒子1\"}]}],\"ik\":[],\"frameRate\":24,\"defaultActions\":[{\"gotoAndPlay\":\"newAnimation\"}],\"animation\":[{\"bone\":[{\"frame\":[{\"transform\":{},\"duration\":23}],\"name\":\"root\"},{\"frame\":[{\"transform\":{},\"duration\":23}],\"name\":\"1\"},{\"frame\":[{\"transform\":{},\"duration\":23}],\"name\":\"3\"},{\"frame\":[{\"transform\":{},\"duration\":8},{\"transform\":{\"y\":15.2267,\"x\":-17.402},\"duration\":15}],\"name\":\"2\"},{\"frame\":[{\"transform\":{},\"duration\":23}],\"name\":\"8\"},{\"frame\":[{\"transform\":{},\"duration\":23}],\"name\":\"6\"},{\"frame\":[{\"transform\":{},\"duration\":1},{\"tweenEasing\":0,\"transform\":{\"y\":106.939,\"skX\":-99.5355,\"skY\":-99.5355,\"x\":74.5627},\"duration\":3},{\"tweenEasing\":0,\"transform\":{\"y\":106.939,\"skX\":-99.5355,\"skY\":-99.5355,\"x\":74.5627},\"duration\":4},{\"transform\":{\"y\":182.4332,\"skX\":-99.5355,\"skY\":-99.5355,\"scY\":0.6891,\"x\":97.2331},\"duration\":15}],\"name\":\"5\"},{\"frame\":[{\"transform\":{},\"duration\":23}],\"name\":\"4\"},{\"frame\":[{\"transform\":{},\"duration\":1},{\"tweenEasing\":0,\"transform\":{\"y\":77.0177,\"x\":-12.2866},\"duration\":3},{\"tweenEasing\":0,\"transform\":{\"y\":77.0177,\"x\":-12.2866},\"duration\":4},{\"transform\":{\"y\":53.818,\"x\":-27.2471},\"duration\":15}],\"name\":\"光\"},{\"frame\":[{\"transform\":{},\"duration\":1},{\"tweenEasing\":0,\"transform\":{\"y\":-222.3613,\"skX\":10.5581,\"skY\":10.5581,\"scX\":0.7739,\"scY\":0.811,\"x\":-203.0669},\"duration\":3},{\"tweenEasing\":0,\"transform\":{\"y\":-222.3613,\"skX\":10.5581,\"skY\":10.5581,\"scX\":0.7739,\"scY\":0.811,\"x\":-203.0669},\"duration\":4},{\"tweenEasing\":0,\"transform\":{\"y\":-264.7851,\"skX\":10.5581,\"skY\":10.5581,\"scX\":0.6144,\"scY\":0.6439,\"x\":-196.0745},\"duration\":3},{\"tweenEasing\":0,\"transform\":{\"y\":-281.1496,\"skX\":10.5581,\"skY\":10.5581,\"scX\":0.4949,\"scY\":0.5186,\"x\":-164.2326},\"duration\":2},{\"tweenEasing\":0,\"transform\":{\"y\":-238.7287,\"skX\":10.5581,\"skY\":10.5581,\"scX\":0.4152,\"scY\":0.4351,\"x\":-158.4214},\"duration\":2},{\"tweenEasing\":0,\"transform\":{\"y\":-150.1017,\"skX\":10.5581,\"skY\":10.5581,\"scX\":0.3354,\"scY\":0.3515,\"x\":-154.8682},\"duration\":2},{\"tweenEasing\":0,\"transform\":{\"y\":-109.9198,\"skX\":10.5581,\"skY\":10.5581,\"scX\":0.3338,\"scY\":0.3499,\"x\":-143.0053},\"duration\":2},{\"tweenEasing\":0,\"transform\":{\"y\":-6.836,\"skX\":10.5581,\"skY\":10.5581,\"scX\":0.3322,\"scY\":0.3482,\"x\":-151.2945},\"duration\":2},{\"transform\":{\"y\":2.5432,\"skX\":10.5581,\"skY\":10.5581,\"scX\":0.3322,\"scY\":0.3482,\"x\":-151.2945},\"duration\":2}],\"name\":\"粒子原\"},{\"frame\":[{\"transform\":{},\"duration\":1},{\"tweenEasing\":0,\"transform\":{\"y\":333.1419,\"skX\":0.1096,\"skY\":0.1096,\"x\":-13.93},\"duration\":3},{\"tweenEasing\":0,\"transform\":{\"y\":333.1419,\"skX\":0.1096,\"skY\":0.1096,\"x\":-13.93},\"duration\":4},{\"tweenEasing\":0,\"transform\":{\"y\":389.8889,\"skX\":0.1096,\"skY\":0.1096,\"scY\":0.6309,\"x\":-157.9611},\"duration\":3},{\"transform\":{\"y\":472.1759,\"skX\":0.1096,\"skY\":0.1096,\"scY\":0.6309,\"x\":-376.9904},\"duration\":12}],\"name\":\"10\"},{\"frame\":[{\"transform\":{},\"duration\":1},{\"tweenEasing\":0,\"transform\":{\"y\":49.8862,\"skX\":-45.3601,\"skY\":-45.3601,\"x\":-147.0822},\"duration\":3},{\"tweenEasing\":0,\"transform\":{\"y\":49.8862,\"skX\":-45.3601,\"skY\":-45.3601,\"x\":-147.0822},\"duration\":4},{\"tweenEasing\":0,\"transform\":{\"y\":21.9694,\"skX\":-45.3601,\"skY\":-45.3601,\"x\":-143.0488},\"duration\":3},{\"tweenEasing\":0,\"transform\":{\"y\":2.1069,\"skX\":-45.3601,\"skY\":-45.3601,\"x\":-145.2256},\"duration\":2},{\"tweenEasing\":0,\"transform\":{\"y\":81.5953,\"skX\":-45.3601,\"skY\":-45.3601,\"x\":-154.31},\"duration\":2},{\"tweenEasing\":0,\"transform\":{\"y\":212.2638,\"skX\":-45.3601,\"skY\":-45.3601,\"scX\":0.8141,\"scY\":0.8141,\"x\":-60.3294},\"duration\":2},{\"tweenEasing\":0,\"transform\":{\"y\":348.6008,\"skX\":-45.3601,\"skY\":-45.3601,\"scX\":0.3543,\"scY\":0.3543,\"x\":-48.6827},\"duration\":2},{\"transform\":{\"y\":419.7505,\"skX\":-45.3601,\"skY\":-45.3601,\"scX\":0.3543,\"scY\":0.3543,\"x\":-53.761},\"duration\":4}],\"name\":\"粒子6\"},{\"frame\":[{\"transform\":{},\"duration\":1},{\"tweenEasing\":0,\"transform\":{\"y\":295.1779,\"x\":-177.267},\"duration\":3},{\"tweenEasing\":0,\"transform\":{\"y\":295.1779,\"x\":-177.267},\"duration\":4},{\"tweenEasing\":0,\"transform\":{\"y\":236.5117,\"x\":-176.6216},\"duration\":3},{\"tweenEasing\":0,\"transform\":{\"y\":172.752,\"scX\":0.8207,\"scY\":0.8207,\"x\":-184.3762},\"duration\":2},{\"tweenEasing\":0,\"transform\":{\"y\":219.0824,\"scX\":0.7421,\"scY\":0.7421,\"x\":-191.2463},\"duration\":2},{\"tweenEasing\":0,\"transform\":{\"y\":346.6526,\"scX\":0.6634,\"scY\":0.6634,\"x\":-334.8535},\"duration\":2},{\"tweenEasing\":0,\"transform\":{\"y\":391.7778,\"scX\":0.2712,\"scY\":0.2712,\"x\":-350.2621},\"duration\":2},{\"tweenEasing\":0,\"transform\":{\"y\":459.9574,\"scX\":0.2712,\"scY\":0.2712,\"x\":-354.227},\"duration\":2},{\"transform\":{\"y\":484.863,\"scX\":0.2712,\"scY\":0.2712,\"x\":-348.6502},\"duration\":2}],\"name\":\"粒子4\"},{\"frame\":[{\"transform\":{},\"duration\":1},{\"tweenEasing\":0,\"transform\":{\"y\":51.4643,\"scX\":0.7752,\"x\":-1.095},\"duration\":3},{\"tweenEasing\":0,\"transform\":{\"y\":51.4643,\"scX\":0.7752,\"x\":-1.095},\"duration\":4},{\"tweenEasing\":0,\"transform\":{\"y\":25.6316,\"scX\":0.739,\"x\":4.5756},\"duration\":3},{\"tweenEasing\":0,\"transform\":{\"y\":3.0935,\"scX\":0.7119,\"x\":9.2918},\"duration\":2},{\"tweenEasing\":0,\"transform\":{\"y\":31.7094,\"scX\":0.6026,\"scY\":0.8465,\"x\":9.235},\"duration\":2},{\"tweenEasing\":0,\"transform\":{\"y\":115.0531,\"scX\":0.4933,\"scY\":0.693,\"x\":25.3831},\"duration\":2},{\"tweenEasing\":0,\"transform\":{\"y\":139.1751,\"scX\":0.384,\"scY\":0.5394,\"x\":50.3601},\"duration\":2},{\"tweenEasing\":0,\"transform\":{\"y\":189.6876,\"scX\":0.2747,\"scY\":0.3859,\"x\":47.6589},\"duration\":2},{\"transform\":{\"y\":223.3704,\"scX\":0.2747,\"scY\":0.3859,\"x\":47.6589},\"duration\":2}],\"name\":\"粒子8\"},{\"frame\":[{\"transform\":{},\"duration\":1},{\"tweenEasing\":0,\"transform\":{\"y\":208.5121,\"skX\":80.6831,\"skY\":80.6831,\"x\":-192.9732},\"duration\":3},{\"tweenEasing\":0,\"transform\":{\"y\":208.5121,\"skX\":80.6831,\"skY\":80.6831,\"x\":-192.9732},\"duration\":4},{\"tweenEasing\":0,\"transform\":{\"y\":206.848,\"skX\":80.6831,\"skY\":80.6831,\"x\":-238.1724},\"duration\":3},{\"tweenEasing\":0,\"transform\":{\"y\":217.6856,\"skX\":80.6831,\"skY\":80.6831,\"x\":-358.8351},\"duration\":2},{\"transform\":{\"y\":257.6166,\"skX\":80.6831,\"skY\":80.6831,\"x\":-369.3433},\"duration\":10}],\"name\":\"粒子12\"},{\"frame\":[{\"transform\":{},\"duration\":1},{\"tweenEasing\":0,\"transform\":{\"y\":98.0334,\"scX\":1.2353,\"scY\":1.0399,\"x\":-34.492},\"duration\":3},{\"tweenEasing\":0,\"transform\":{\"y\":98.0334,\"scY\":0.8419,\"x\":-34.492},\"duration\":4},{\"tweenEasing\":0,\"transform\":{\"y\":75.603,\"scX\":0.8691,\"scY\":0.7316,\"x\":-28.4434},\"duration\":3},{\"tweenEasing\":0,\"transform\":{\"y\":39.4605,\"scX\":0.7708,\"scY\":0.649,\"x\":-21.1423},\"duration\":2},{\"tweenEasing\":0,\"transform\":{\"y\":98.3049,\"scX\":0.7054,\"scY\":0.5938,\"x\":-13.1785},\"duration\":2},{\"tweenEasing\":0,\"transform\":{\"y\":189.8674,\"scX\":0.6399,\"scY\":0.5387,\"x\":98.5728},\"duration\":2},{\"tweenEasing\":0,\"transform\":{\"y\":320.317,\"scX\":0.4693,\"scY\":0.3951,\"x\":97.7569},\"duration\":2},{\"tweenEasing\":0,\"transform\":{\"y\":390.4942,\"scX\":0.2988,\"scY\":0.2515,\"x\":92.8947},\"duration\":2},{\"transform\":{\"y\":398.7475,\"scX\":0.2988,\"scY\":0.2515,\"x\":92.6654},\"duration\":2}],\"name\":\"粒子2\"},{\"frame\":[{\"transform\":{},\"duration\":1},{\"tweenEasing\":0,\"transform\":{\"y\":90.612,\"skX\":32.9856,\"skY\":32.9856,\"x\":-13.3739},\"duration\":3},{\"tweenEasing\":0,\"transform\":{\"y\":90.612,\"skX\":32.9856,\"skY\":32.9856,\"x\":-13.3739},\"duration\":4},{\"tweenEasing\":0,\"transform\":{\"y\":60.0357,\"skX\":32.9856,\"skY\":32.9856,\"x\":-10.322},\"duration\":3},{\"tweenEasing\":0,\"transform\":{\"y\":8.3386,\"skX\":32.9856,\"skY\":32.9856,\"x\":-8.5081},\"duration\":2},{\"tweenEasing\":0,\"transform\":{\"y\":91.0672,\"skX\":32.9856,\"skY\":32.9856,\"x\":-15.2664},\"duration\":2},{\"tweenEasing\":0,\"transform\":{\"y\":218.395,\"skX\":32.9856,\"skY\":32.9856,\"scX\":0.5455,\"scY\":0.5455,\"x\":-140.6316},\"duration\":2},{\"tweenEasing\":0,\"transform\":{\"y\":243.2728,\"skX\":32.9856,\"skY\":32.9856,\"scX\":0.3304,\"scY\":0.3304,\"x\":-182.3621},\"duration\":2},{\"tweenEasing\":0,\"transform\":{\"y\":293.0068,\"skX\":32.9856,\"skY\":32.9856,\"scX\":0.2506,\"scY\":0.2506,\"x\":-191.6998},\"duration\":2},{\"tweenEasing\":0,\"transform\":{\"y\":301.5938,\"skX\":32.9856,\"skY\":32.9856,\"scX\":0.2506,\"scY\":0.2506,\"x\":-192.6187},\"duration\":2},{\"transform\":{\"y\":342.397,\"skX\":32.9856,\"skY\":32.9856,\"scX\":0.2506,\"scY\":0.2506,\"x\":-192.6187},\"duration\":0}],\"name\":\"粒子9\"},{\"frame\":[{\"transform\":{},\"duration\":1},{\"tweenEasing\":0,\"transform\":{\"y\":367.9358,\"x\":-140.0996},\"duration\":3},{\"tweenEasing\":0,\"transform\":{\"y\":367.9358,\"x\":-140.0996},\"duration\":4},{\"tweenEasing\":0,\"transform\":{\"y\":319.9909,\"x\":-149.7431},\"duration\":3},{\"tweenEasing\":0,\"transform\":{\"y\":200.2491,\"skX\":-35.1826,\"skY\":-35.1826,\"scY\":0.5377,\"x\":-215.2623},\"duration\":2},{\"transform\":{\"y\":228.9885,\"skX\":-35.1826,\"skY\":-35.1826,\"scY\":0.5377,\"x\":-200.8926},\"duration\":10}],\"name\":\"粒子3\"},{\"frame\":[{\"transform\":{},\"duration\":1},{\"tweenEasing\":0,\"transform\":{\"y\":0.9018,\"scX\":0.501,\"scY\":0.501,\"x\":-95.3603},\"duration\":3},{\"tweenEasing\":0,\"transform\":{\"y\":0.9018,\"scX\":0.501,\"scY\":0.501,\"x\":-95.3603},\"duration\":4},{\"tweenEasing\":0,\"transform\":{\"y\":-72.0323,\"scX\":0.501,\"scY\":0.501,\"x\":-97.2797},\"duration\":3},{\"tweenEasing\":0,\"transform\":{\"y\":-121.2788,\"scX\":0.501,\"scY\":0.501,\"x\":-67.1152},\"duration\":2},{\"transform\":{\"y\":-50.2107,\"scX\":0.501,\"scY\":0.501,\"x\":-58.0943},\"duration\":10}],\"name\":\"粒子15\"},{\"frame\":[{\"transform\":{},\"duration\":1},{\"tweenEasing\":0,\"transform\":{\"y\":38.0681,\"scX\":1.554,\"scY\":1.554,\"x\":78.1397},\"duration\":3},{\"tweenEasing\":0,\"transform\":{\"y\":38.0681,\"scX\":1.4446,\"scY\":1.554,\"x\":78.1397},\"duration\":4},{\"tweenEasing\":0,\"transform\":{\"y\":-19.9919,\"scX\":1.2986,\"scY\":1.554,\"x\":91.7336},\"duration\":3},{\"tweenEasing\":0,\"transform\":{\"y\":-128.6991,\"skX\":-22.9706,\"skY\":-22.9706,\"scX\":1.1891,\"scY\":1.554,\"x\":78.1228},\"duration\":2},{\"tweenEasing\":0,\"transform\":{\"y\":-82.1335,\"skX\":-22.9706,\"skY\":-22.9706,\"scX\":0.7867,\"scY\":1.0281,\"x\":86.9704},\"duration\":2},{\"transform\":{\"y\":-23.412,\"skX\":-22.9706,\"skY\":-22.9706,\"scX\":0.3843,\"scY\":0.5022,\"x\":113.6262},\"duration\":8}],\"name\":\"粒子11\"},{\"frame\":[{\"transform\":{},\"duration\":1},{\"tweenEasing\":0,\"transform\":{\"y\":258.8128,\"scX\":1.2895,\"scY\":1.2895,\"x\":-79.0914},\"duration\":3},{\"tweenEasing\":0,\"transform\":{\"y\":258.8128,\"scX\":1.2148,\"scY\":1.2148,\"x\":-79.0914},\"duration\":4},{\"tweenEasing\":0,\"transform\":{\"y\":184.3446,\"scX\":1.1152,\"scY\":1.1152,\"x\":-84.578},\"duration\":3},{\"tweenEasing\":0,\"transform\":{\"y\":106.1188,\"scX\":1.0406,\"scY\":1.0406,\"x\":-87.0722},\"duration\":2},{\"tweenEasing\":0,\"transform\":{\"y\":161.0829,\"scX\":0.9908,\"scY\":0.9908,\"x\":-85.1972},\"duration\":2},{\"tweenEasing\":0,\"transform\":{\"y\":228.624,\"scX\":0.941,\"scY\":0.941,\"x\":-222.4768},\"duration\":2},{\"tweenEasing\":0,\"transform\":{\"y\":290.7784,\"scX\":0.5402,\"scY\":0.5402,\"x\":-258.0681},\"duration\":2},{\"tweenEasing\":0,\"transform\":{\"y\":389.6718,\"scX\":0.3208,\"scY\":0.3208,\"x\":-265.7681},\"duration\":2},{\"transform\":{\"y\":423.9249,\"scX\":0.3208,\"scY\":0.3208,\"x\":-264.5007},\"duration\":2}],\"name\":\"粒子10\"},{\"frame\":[{\"transform\":{},\"duration\":1},{\"tweenEasing\":0,\"transform\":{\"y\":152.9744,\"x\":-77.4835},\"duration\":3},{\"tweenEasing\":0,\"transform\":{\"y\":152.9744,\"x\":-77.4835},\"duration\":4},{\"tweenEasing\":0,\"transform\":{\"y\":118.7402,\"x\":-62.8385},\"duration\":3},{\"tweenEasing\":0,\"transform\":{\"y\":84.2367,\"x\":-34.2499},\"duration\":2},{\"tweenEasing\":0,\"transform\":{\"y\":120.4191,\"x\":-26.22},\"duration\":2},{\"tweenEasing\":0,\"transform\":{\"y\":179.09,\"scX\":0.4806,\"scY\":0.4806,\"x\":-12.5707},\"duration\":2},{\"tweenEasing\":0,\"transform\":{\"y\":296.2206,\"scX\":0.3777,\"scY\":0.3777,\"x\":22.7972},\"duration\":2},{\"tweenEasing\":0,\"transform\":{\"y\":358.7264,\"scX\":0.2747,\"scY\":0.2747,\"x\":16.0982},\"duration\":2},{\"transform\":{\"y\":379.0845,\"scX\":0.2747,\"scY\":0.2747,\"x\":15.9148},\"duration\":2}],\"name\":\"粒子13\"},{\"frame\":[{\"transform\":{},\"duration\":1},{\"tweenEasing\":0,\"transform\":{\"y\":309.203,\"scX\":0.595,\"x\":-195.149},\"duration\":3},{\"tweenEasing\":0,\"transform\":{\"y\":309.203,\"scX\":0.595,\"x\":-195.149},\"duration\":4},{\"tweenEasing\":0,\"transform\":{\"y\":295.384,\"scX\":0.595,\"x\":-143.8694},\"duration\":3},{\"tweenEasing\":0,\"transform\":{\"y\":292.9157,\"skX\":-37.7112,\"skY\":-37.7112,\"scX\":0.595,\"x\":-106.5358},\"duration\":2},{\"transform\":{\"y\":373.9979,\"skX\":-37.7112,\"skY\":-37.7112,\"scX\":0.595,\"x\":-110.7277},\"duration\":10}],\"name\":\"粒子14\"},{\"frame\":[{\"transform\":{},\"duration\":1},{\"tweenEasing\":0,\"transform\":{\"y\":-27.4716,\"scX\":0.8024,\"scY\":0.9878,\"x\":-382.9869},\"duration\":3},{\"tweenEasing\":0,\"transform\":{\"y\":-27.4716,\"scX\":0.8024,\"scY\":0.9878,\"x\":-382.9869},\"duration\":4},{\"tweenEasing\":0,\"transform\":{\"y\":-44.2314,\"scX\":0.6843,\"scY\":0.8423,\"x\":-379.8366},\"duration\":3},{\"tweenEasing\":0,\"transform\":{\"y\":-69.6264,\"scX\":0.5957,\"scY\":0.7333,\"x\":-396.162},\"duration\":2},{\"tweenEasing\":0,\"transform\":{\"y\":25.7931,\"scX\":0.5366,\"scY\":0.6605,\"x\":-395.592},\"duration\":2},{\"tweenEasing\":0,\"transform\":{\"y\":120.5291,\"scX\":0.4775,\"scY\":0.5878,\"x\":-432.9347},\"duration\":2},{\"tweenEasing\":0,\"transform\":{\"y\":142.1969,\"scX\":0.4184,\"scY\":0.5151,\"x\":-477.0728},\"duration\":2},{\"tweenEasing\":0,\"transform\":{\"y\":248.7863,\"scX\":0.2491,\"scY\":0.3066,\"x\":-487.0673},\"duration\":2},{\"transform\":{\"y\":269.1608,\"scX\":0.2491,\"scY\":0.3066,\"x\":-486.3385},\"duration\":2}],\"name\":\"粒子5\"},{\"frame\":[{\"transform\":{},\"duration\":1},{\"tweenEasing\":0,\"transform\":{\"y\":75.485,\"x\":-16.3292},\"duration\":3},{\"tweenEasing\":0,\"transform\":{\"y\":75.485,\"x\":-16.3292},\"duration\":4},{\"tweenEasing\":0,\"transform\":{\"y\":16.6066,\"x\":-13.5501},\"duration\":3},{\"tweenEasing\":0,\"transform\":{\"y\":-69.9633,\"x\":-11.6001},\"duration\":2},{\"tweenEasing\":0,\"transform\":{\"y\":-42.7669,\"x\":-11.373},\"duration\":2},{\"transform\":{\"y\":20.294,\"scX\":-0.3394,\"scY\":-0.3394,\"x\":-12.6692},\"duration\":8}],\"name\":\"粒子17\"},{\"frame\":[{\"transform\":{},\"duration\":1},{\"tweenEasing\":0,\"transform\":{\"y\":-244.6419,\"skX\":-148.2308,\"skY\":-148.2308,\"scX\":0.6551,\"x\":-251.5564},\"duration\":3},{\"tweenEasing\":0,\"transform\":{\"y\":-244.6419,\"skX\":-148.2308,\"skY\":-148.2308,\"scX\":0.6551,\"x\":-251.5564},\"duration\":4},{\"tweenEasing\":0,\"transform\":{\"y\":-296.4242,\"skX\":-148.2308,\"skY\":-148.2308,\"scX\":0.5594,\"scY\":0.8539,\"x\":-256.6294},\"duration\":3},{\"tweenEasing\":0,\"transform\":{\"y\":-326.1273,\"skX\":-148.2308,\"skY\":-148.2308,\"scX\":0.4876,\"scY\":0.7443,\"x\":-246.7435},\"duration\":2},{\"tweenEasing\":0,\"transform\":{\"y\":-303.4164,\"skX\":-148.2308,\"skY\":-148.2308,\"scX\":0.4397,\"scY\":0.6713,\"x\":-241.0658},\"duration\":2},{\"tweenEasing\":0,\"transform\":{\"y\":-282.8872,\"skX\":-148.2308,\"skY\":-148.2308,\"scX\":0.3919,\"scY\":0.5983,\"x\":-160.3607},\"duration\":2},{\"tweenEasing\":0,\"transform\":{\"y\":-199.27,\"skX\":-148.2308,\"skY\":-148.2308,\"scX\":0.3441,\"scY\":0.5252,\"x\":-110.3285},\"duration\":2},{\"tweenEasing\":0,\"transform\":{\"y\":-145.1919,\"skX\":-148.2308,\"skY\":-148.2308,\"scX\":0.1917,\"scY\":0.2927,\"x\":-115.2987},\"duration\":2},{\"transform\":{\"y\":-127.4474,\"skX\":-148.2308,\"skY\":-148.2308,\"scX\":0.1917,\"scY\":0.2927,\"x\":-114.0312},\"duration\":2}],\"name\":\"粒子1\"},{\"frame\":[{\"transform\":{},\"duration\":1},{\"tweenEasing\":0,\"transform\":{\"y\":-176.1417,\"x\":-219.7731},\"duration\":3},{\"tweenEasing\":0,\"transform\":{\"y\":-176.1417,\"x\":-219.7731},\"duration\":4},{\"tweenEasing\":0,\"transform\":{\"y\":-220.4145,\"x\":-224.5095},\"duration\":3},{\"tweenEasing\":0,\"transform\":{\"y\":-261.6815,\"scX\":0.6368,\"x\":-214.8957},\"duration\":2},{\"tweenEasing\":0,\"transform\":{\"y\":-216.5024,\"scX\":0.6073,\"scY\":0.9537,\"x\":-218.4396},\"duration\":2},{\"tweenEasing\":0,\"transform\":{\"y\":-195.2088,\"scX\":0.5778,\"scY\":0.9075,\"x\":-276.1752},\"duration\":2},{\"tweenEasing\":0,\"transform\":{\"y\":-187.1837,\"scX\":0.3797,\"scY\":0.5964,\"x\":-300.2505},\"duration\":2},{\"tweenEasing\":0,\"transform\":{\"y\":-99.7614,\"scX\":0.1816,\"scY\":0.2853,\"x\":-319.9986},\"duration\":2},{\"transform\":{\"y\":-80.1157,\"scX\":0.1816,\"scY\":0.2853,\"x\":-320.3154},\"duration\":2}],\"name\":\"粒子7\"},{\"frame\":[{\"transform\":{},\"duration\":1},{\"tweenEasing\":0,\"transform\":{\"y\":123.7307,\"skX\":-65.2928,\"skY\":-65.2928,\"scX\":0.8414,\"scY\":0.8414,\"x\":-242.8712},\"duration\":3},{\"tweenEasing\":0,\"transform\":{\"y\":123.7307,\"skX\":-65.2928,\"skY\":-65.2928,\"scX\":0.8414,\"scY\":0.8414,\"x\":-242.8712},\"duration\":4},{\"tweenEasing\":0,\"transform\":{\"y\":100.7868,\"skX\":-65.2928,\"skY\":-65.2928,\"scX\":0.6458,\"scY\":0.7258,\"x\":-213.9814},\"duration\":3},{\"tweenEasing\":0,\"transform\":{\"y\":76.24,\"skX\":-65.2928,\"skY\":-65.2928,\"scX\":0.4992,\"scY\":0.639,\"x\":-148.2768},\"duration\":2},{\"tweenEasing\":0,\"transform\":{\"y\":112.9528,\"skX\":-65.2928,\"skY\":-65.2928,\"scX\":0.3808,\"scY\":0.4875,\"x\":-145.0503},\"duration\":2},{\"tweenEasing\":0,\"transform\":{\"y\":146.4956,\"skX\":-65.2928,\"skY\":-65.2928,\"scX\":0.2624,\"scY\":0.3359,\"x\":-162.569},\"duration\":2},{\"tweenEasing\":0,\"transform\":{\"y\":158.4669,\"skX\":-65.2928,\"skY\":-65.2928,\"scX\":0.2624,\"scY\":0.3359,\"x\":-158.5906},\"duration\":2},{\"tweenEasing\":0,\"transform\":{\"y\":243.6082,\"skX\":-65.2928,\"skY\":-65.2928,\"scX\":0.2624,\"scY\":0.3359,\"x\":-157.3626},\"duration\":2},{\"transform\":{\"y\":250.9444,\"skX\":-65.2928,\"skY\":-65.2928,\"scX\":0.2624,\"scY\":0.3359,\"x\":-155.5285},\"duration\":2}],\"name\":\"粒子18\"},{\"frame\":[{\"transform\":{},\"duration\":1},{\"tweenEasing\":0,\"transform\":{\"y\":49.4884,\"x\":-102.3284},\"duration\":3},{\"tweenEasing\":0,\"transform\":{\"y\":49.4884,\"x\":-102.3284},\"duration\":4},{\"tweenEasing\":0,\"transform\":{\"y\":30.7334,\"x\":-57.5664},\"duration\":3},{\"transform\":{\"y\":4.8374,\"scX\":0.6252,\"scY\":0.6252,\"x\":-3.0943},\"duration\":12}],\"name\":\"光1\"},{\"frame\":[{\"transform\":{},\"duration\":1},{\"tweenEasing\":0,\"transform\":{\"y\":-54.1948,\"x\":-68.4566},\"duration\":3},{\"tweenEasing\":0,\"transform\":{\"y\":-54.1948,\"x\":-68.4566},\"duration\":4},{\"tweenEasing\":0,\"transform\":{\"y\":-22.8639,\"x\":-10.5527},\"duration\":3},{\"transform\":{\"y\":31.2929,\"scX\":0.4679,\"x\":47.671},\"duration\":12}],\"name\":\"光2\"},{\"frame\":[{\"transform\":{},\"duration\":1},{\"tweenEasing\":0,\"transform\":{\"scY\":1.788,\"x\":28.7375},\"duration\":3},{\"tweenEasing\":0,\"transform\":{\"scY\":1.788,\"x\":28.7375},\"duration\":4},{\"transform\":{\"y\":47.3407,\"scY\":1.788,\"x\":-18.1208},\"duration\":15}],\"name\":\"光3\"},{\"frame\":[{\"transform\":{},\"duration\":1},{\"tweenEasing\":0,\"transform\":{\"y\":-396.5439,\"scX\":0.8643,\"x\":-359.1513},\"duration\":3},{\"tweenEasing\":0,\"transform\":{\"y\":-396.5439,\"scX\":0.8643,\"x\":-359.1513},\"duration\":4},{\"tweenEasing\":0,\"transform\":{\"y\":-506.3016,\"skX\":27.3792,\"skY\":27.3792,\"scX\":0.661,\"scY\":0.7648,\"x\":-352.6763},\"duration\":3},{\"tweenEasing\":0,\"transform\":{\"y\":-554.0303,\"skX\":27.3792,\"skY\":27.3792,\"scX\":0.5085,\"scY\":0.5883,\"x\":-352.6763},\"duration\":2},{\"tweenEasing\":0,\"transform\":{\"y\":-452.8623,\"skX\":27.3792,\"skY\":27.3792,\"scX\":0.4068,\"scY\":0.4707,\"x\":-355.6395},\"duration\":2},{\"tweenEasing\":0,\"transform\":{\"y\":-367.9922,\"skX\":27.3792,\"skY\":27.3792,\"scX\":0.3052,\"scY\":0.3531,\"x\":-355.6395},\"duration\":2},{\"tweenEasing\":0,\"transform\":{\"y\":-317.1308,\"skX\":27.3792,\"skY\":27.3792,\"scX\":0.3052,\"scY\":0.3531,\"x\":-387.0069},\"duration\":2},{\"tweenEasing\":0,\"transform\":{\"y\":-163.1673,\"skX\":27.3792,\"skY\":27.3792,\"scX\":0.3052,\"scY\":0.3531,\"x\":-387.0069},\"duration\":2},{\"transform\":{\"y\":-130.8878,\"skX\":27.3792,\"skY\":27.3792,\"scX\":0.3052,\"scY\":0.3531,\"x\":-387.0069},\"duration\":2}],\"name\":\"粒子\"}],\"frame\":[],\"playTimes\":0,\"slot\":[{\"frame\":[{\"tweenEasing\":0,\"duration\":1,\"color\":{\"aM\":0}},{\"tweenEasing\":0,\"duration\":3},{\"tweenEasing\":0,\"duration\":17},{\"tweenEasing\":null,\"duration\":2,\"color\":{\"aM\":0}}],\"name\":\"粒子原先\"},{\"frame\":[{\"tweenEasing\":null,\"duration\":1},{\"tweenEasing\":0,\"duration\":3},{\"tweenEasing\":0,\"duration\":4},{\"tweenEasing\":0,\"duration\":5,\"color\":{\"aM\":56}},{\"tweenEasing\":null,\"duration\":10,\"color\":{\"aM\":0}}],\"name\":\"5\"},{\"frame\":[{\"tweenEasing\":null,\"duration\":1},{\"tweenEasing\":0,\"duration\":3,\"color\":{\"aM\":0}},{\"tweenEasing\":null,\"duration\":19,\"color\":{\"aM\":0}}],\"name\":\"4\"},{\"frame\":[{\"tweenEasing\":null,\"duration\":1},{\"tweenEasing\":0,\"duration\":3,\"color\":{\"aM\":0}},{\"tweenEasing\":null,\"duration\":19,\"color\":{\"aM\":0}}],\"name\":\"3\"},{\"frame\":[{\"tweenEasing\":null,\"duration\":1},{\"tweenEasing\":null,\"duration\":3,\"displayIndex\":1},{\"tweenEasing\":null,\"duration\":4,\"displayIndex\":1},{\"tweenEasing\":0,\"duration\":3,\"color\":{\"aM\":56},\"displayIndex\":2},{\"tweenEasing\":null,\"duration\":12,\"color\":{\"aM\":0},\"displayIndex\":2}],\"name\":\"2\"},{\"frame\":[{\"tweenEasing\":null,\"duration\":1},{\"tweenEasing\":0,\"duration\":3,\"color\":{\"aM\":0}},{\"tweenEasing\":null,\"duration\":19,\"color\":{\"aM\":0}}],\"name\":\"1\"},{\"frame\":[{\"tweenEasing\":0,\"duration\":1,\"color\":{\"aM\":0},\"displayIndex\":-1},{\"tweenEasing\":0,\"duration\":3,\"displayIndex\":1},{\"tweenEasing\":0,\"duration\":4,\"displayIndex\":1},{\"tweenEasing\":0,\"duration\":2,\"displayIndex\":1},{\"tweenEasing\":0,\"duration\":1,\"displayIndex\":1},{\"tweenEasing\":0,\"duration\":2,\"color\":{\"aM\":66},\"displayIndex\":1},{\"tweenEasing\":null,\"duration\":10,\"color\":{\"aM\":0},\"displayIndex\":1}],\"name\":\"10\"},{\"frame\":[{\"tweenEasing\":0,\"duration\":1,\"color\":{\"aM\":0}},{\"tweenEasing\":0,\"duration\":3},{\"tweenEasing\":0,\"duration\":19},{\"tweenEasing\":null,\"duration\":0,\"color\":{\"aM\":0}}],\"name\":\"粒子9\"},{\"frame\":[{\"tweenEasing\":0,\"duration\":1,\"color\":{\"aM\":0}},{\"tweenEasing\":0,\"duration\":3,\"color\":{\"aM\":67}},{\"tweenEasing\":0,\"duration\":17,\"color\":{\"aM\":67}},{\"tweenEasing\":null,\"duration\":2,\"color\":{\"aM\":0}}],\"name\":\"粒子10\"},{\"frame\":[{\"tweenEasing\":0,\"duration\":1,\"color\":{\"aM\":0}},{\"tweenEasing\":0,\"duration\":3},{\"tweenEasing\":0,\"duration\":19},{\"tweenEasing\":null,\"duration\":0,\"color\":{\"aM\":0}}],\"name\":\"粒子8\"},{\"frame\":[{\"tweenEasing\":0,\"duration\":1,\"color\":{\"aM\":0}},{\"tweenEasing\":0,\"duration\":3},{\"tweenEasing\":0,\"duration\":13},{\"tweenEasing\":null,\"duration\":6,\"color\":{\"aM\":0}}],\"name\":\"粒子11\"},{\"frame\":[{\"tweenEasing\":0,\"duration\":1,\"color\":{\"aM\":0}},{\"tweenEasing\":0,\"duration\":3},{\"tweenEasing\":0,\"duration\":19},{\"tweenEasing\":null,\"duration\":0,\"color\":{\"aM\":0}}],\"name\":\"粒子7\"},{\"frame\":[{\"tweenEasing\":0,\"duration\":1,\"color\":{\"aM\":0}},{\"tweenEasing\":0,\"duration\":3},{\"tweenEasing\":0,\"duration\":11},{\"tweenEasing\":null,\"duration\":8,\"color\":{\"aM\":0}}],\"name\":\"粒子12\"},{\"frame\":[{\"tweenEasing\":0,\"duration\":1,\"color\":{\"aM\":0}},{\"tweenEasing\":0,\"duration\":3},{\"tweenEasing\":0,\"duration\":19},{\"tweenEasing\":null,\"duration\":0,\"color\":{\"aM\":0}}],\"name\":\"粒子\"},{\"frame\":[{\"tweenEasing\":0,\"duration\":1,\"color\":{\"aM\":0}},{\"tweenEasing\":0,\"duration\":3},{\"tweenEasing\":0,\"duration\":17},{\"tweenEasing\":null,\"duration\":2,\"color\":{\"aM\":0}}],\"name\":\"粒子13\"},{\"frame\":[{\"tweenEasing\":0,\"duration\":1,\"color\":{\"aM\":0}},{\"tweenEasing\":0,\"duration\":3},{\"tweenEasing\":0,\"duration\":19},{\"tweenEasing\":null,\"duration\":0,\"color\":{\"aM\":0}}],\"name\":\"粒子5\"},{\"frame\":[{\"tweenEasing\":0,\"duration\":1,\"color\":{\"aM\":0}},{\"tweenEasing\":0,\"duration\":3},{\"tweenEasing\":0,\"duration\":11},{\"tweenEasing\":null,\"duration\":8,\"color\":{\"aM\":0}}],\"name\":\"粒子14\"},{\"frame\":[{\"tweenEasing\":0,\"duration\":1,\"color\":{\"aM\":0}},{\"tweenEasing\":0,\"duration\":3},{\"tweenEasing\":0,\"duration\":17},{\"tweenEasing\":null,\"duration\":2,\"color\":{\"aM\":0}}],\"name\":\"粒子4\"},{\"frame\":[{\"tweenEasing\":0,\"duration\":1,\"color\":{\"aM\":0}},{\"tweenEasing\":0,\"duration\":3},{\"tweenEasing\":0,\"duration\":11},{\"tweenEasing\":null,\"duration\":8,\"color\":{\"aM\":0}}],\"name\":\"粒子15\"},{\"frame\":[{\"tweenEasing\":0,\"duration\":1,\"color\":{\"aM\":0}},{\"tweenEasing\":0,\"duration\":3},{\"tweenEasing\":0,\"duration\":11},{\"tweenEasing\":null,\"duration\":8,\"color\":{\"aM\":0}}],\"name\":\"粒子3\"},{\"frame\":[{\"tweenEasing\":0,\"duration\":1,\"color\":{\"aM\":0}},{\"tweenEasing\":0,\"duration\":3},{\"tweenEasing\":0,\"duration\":17},{\"tweenEasing\":null,\"duration\":2,\"color\":{\"aM\":0}}],\"name\":\"粒子16\"},{\"frame\":[{\"tweenEasing\":0,\"duration\":1,\"color\":{\"aM\":0}},{\"tweenEasing\":0,\"duration\":3},{\"tweenEasing\":0,\"duration\":17},{\"tweenEasing\":null,\"duration\":2,\"color\":{\"aM\":0}}],\"name\":\"粒子2\"},{\"frame\":[{\"tweenEasing\":0,\"duration\":1,\"color\":{\"aM\":0}},{\"tweenEasing\":0,\"duration\":3},{\"tweenEasing\":0,\"duration\":13},{\"tweenEasing\":null,\"duration\":6,\"color\":{\"aM\":0}}],\"name\":\"粒子17\"},{\"frame\":[{\"tweenEasing\":0,\"duration\":1,\"color\":{\"aM\":0}},{\"tweenEasing\":0,\"duration\":3},{\"tweenEasing\":0,\"duration\":17},{\"tweenEasing\":null,\"duration\":2,\"color\":{\"aM\":0}}],\"name\":\"粒子1\"},{\"frame\":[{\"tweenEasing\":0,\"duration\":1,\"color\":{\"aM\":0}},{\"tweenEasing\":0,\"duration\":3},{\"tweenEasing\":0,\"duration\":17},{\"tweenEasing\":null,\"duration\":2,\"color\":{\"aM\":0}}],\"name\":\"粒子18\"},{\"frame\":[{\"tweenEasing\":0,\"duration\":1,\"color\":{\"aM\":0}},{\"tweenEasing\":0,\"duration\":3,\"color\":{\"aM\":52}},{\"tweenEasing\":0,\"duration\":9,\"color\":{\"aM\":52}},{\"tweenEasing\":null,\"duration\":10,\"color\":{\"aM\":0}}],\"name\":\"光\"},{\"frame\":[{\"tweenEasing\":0,\"duration\":1,\"color\":{\"aM\":0}},{\"tweenEasing\":0,\"duration\":3,\"color\":{\"aM\":63}},{\"tweenEasing\":0,\"duration\":9,\"color\":{\"aM\":63}},{\"tweenEasing\":null,\"duration\":10,\"color\":{\"aM\":0}}],\"name\":\"光1\"},{\"frame\":[{\"tweenEasing\":0,\"duration\":1,\"color\":{\"aM\":0}},{\"tweenEasing\":0,\"duration\":3,\"color\":{\"aM\":60}},{\"tweenEasing\":0,\"duration\":7,\"color\":{\"aM\":60}},{\"tweenEasing\":null,\"duration\":12,\"color\":{\"aM\":0}}],\"name\":\"光3\"},{\"frame\":[{\"tweenEasing\":0,\"duration\":1,\"color\":{\"aM\":0}},{\"tweenEasing\":0,\"duration\":3,\"color\":{\"aM\":46}},{\"tweenEasing\":0,\"duration\":9,\"color\":{\"aM\":46}},{\"tweenEasing\":null,\"duration\":10,\"color\":{\"aM\":0}}],\"name\":\"光2\"}],\"ik\":[],\"duration\":23,\"name\":\"newAnimation\",\"ffd\":[]}]}],\"name\":\"梨苹果\",\"version\":\"4.5\",\"isGlobal\":0}"},[{"__type__":"cc.Prefab","_name":"GuoZhi_LiPing_03","data":{"__id__":1}},{"__type__":"cc.Node","_name":"GuoZhi02","_level":1,"_components":[{"__type__":"dragonBones.ArmatureDisplay","node":{"__id__":1},"_armatureName":"Armature","_animationName":"newAnimation","_N$dragonAsset":{"__uuid__":"43yh3ysmJCGa58H26NWiju"},"_N$dragonAtlasAsset":{"__uuid__":"03c8AdabZFK5yKhI1inQCe"}},{"__type__":"bf5756/B0tI9ZnUZqhW9Xl7","node":{"__id__":1}}],"_prefab":{"__type__":"cc.PrefabInfo","root":{"__id__":1},"asset":{"__uuid__":"b9vKTAWttFWa41gh+mUJXS"},"fileId":"eaXiX4Z8pMDIKFMXh4Leq7"},"_contentSize":{"__type__":"cc.Size","width":77,"height":87},"_scale":{"__type__":"cc.Vec3","x":1,"y":1,"z":1}}]]