[{"__type__":"cc.SpriteFrame","content":{"name":"monster05b_04","texture":"36h3seTGVFXIM9QWVx308m","rect":[10,8,97,96],"offset":[-11.5,4],"originalSize":[140,120],"capInsets":[0,0,0,0]}},{"__type__":"cc.SpriteFrame","content":{"name":"monster05b_06","texture":"e25LpRrkZEsa9FY/HBsDy5","rect":[11,8,124,96],"offset":[3,4],"originalSize":[140,120],"capInsets":[0,0,0,0]}},{"__type__":"cc.SpriteFrame","content":{"name":"monster05b_05","texture":"1cAnuZwNFPVa33MD9Aiwpu","rect":[8,7,124,98],"offset":[0,4],"originalSize":[140,120],"capInsets":[0,0,0,0]}},{"__type__":"cc.AnimationClip","_name":"Atk","_duration":1,"sample":6,"speed":1.5,"wrapMode":"1","curveData":{"paths":{"monster05a_01":{"props":{"width":[],"height":[]},"comps":{"cc.Sprite":{"spriteFrame":[{"frame":0,"value":{"__uuid__":"b8iHGMVOxBeJfoSZwuFbHr"}},{"frame":0.16666666666666666,"value":{"__uuid__":"feUgJwqN1P3Yu2IXL87ykJ"}},{"frame":0.3333333333333333,"value":{"__uuid__":"e4HdgWNbxPyY0cSN+pXdVI"}},{"frame":0.5,"value":{"__uuid__":"52mBwQRwVFh6iG5Jso8h9i"}},{"frame":0.6666666666666666,"value":{"__uuid__":"923EBoPWpLI5WUhvEPwWQo"}},{"frame":0.8333333333333334,"value":{"__uuid__":"5d/IaMdtBHhIxLnxA/+Q2E"}}]}}}}},"events":[{"frame":1,"func":"AfterAtk","params":[]}]},{"__type__":"cc.SpriteFrame","content":{"name":"monster05a_01","texture":"06S4kLQxROvJKau+vJuD18","rect":[15,6,107,100],"offset":[-1.5,4],"originalSize":[140,120],"capInsets":[0,0,0,0]}},{"__type__":"cc.SpriteFrame","content":{"name":"monster05b_03","texture":"61FIseDYZIcLYxm2owrFcR","rect":[13,9,81,95],"offset":[-16.5,3.5],"originalSize":[140,120],"capInsets":[0,0,0,0]}},{"__type__":"cc.SpriteFrame","content":{"name":"monster05b_02","texture":"dfC8PdIiJPvZRlGOP6Jlqf","rect":[13,8,78,96],"offset":[-18,4],"originalSize":[140,120],"capInsets":[0,0,0,0]}}]