[{"__type__":"cc.SpriteFrame","content":{"name":"monster09a_02","texture":"91nPUUHHVMnr3fERNW1r6Q","rect":[9,8,88,96],"offset":[-5,4],"originalSize":[116,120],"capInsets":[0,0,0,0]}},{"__type__":"cc.SpriteFrame","content":{"name":"monster09a_03","texture":"86Ouxd2/JNMJh6y2qgf3Kb","rect":[8,9,90,94],"offset":[-5,4],"originalSize":[116,120],"capInsets":[0,0,0,0]}},{"__type__":"cc.AnimationClip","_name":"Run","_duration":0.6666666666666666,"sample":6,"speed":1.5,"wrapMode":"2","curveData":{"paths":{"monster09a_01":{"props":{"width":[{"frame":0,"value":116}],"height":[{"frame":0,"value":120}]},"comps":{"cc.Sprite":{"spriteFrame":[{"frame":0,"value":{"__uuid__":"4904hhT4RHlJGikJHb2EP8"}},{"frame":0.16666666666666666,"value":{"__uuid__":"0cIloWXVNFNo452ekdcqq9"}},{"frame":0.3333333333333333,"value":{"__uuid__":"1cdx62CI9P46PTBEZCo3Wk"}},{"frame":0.5,"value":{"__uuid__":"0cIloWXVNFNo452ekdcqq9"}}]}}}}}},{"__type__":"cc.SpriteFrame","content":{"name":"monster09a_01","texture":"37brSvO0VOpamCZC36Mbgm","rect":[10,7,86,98],"offset":[-5,4],"originalSize":[116,120],"capInsets":[0,0,0,0]}}]