[{"__type__":"cc.SpriteFrame","content":{"name":"100003","texture":"c52+8IFUpJkL/hwjtCpU5W","rect":[0,0,112,82],"offset":[0,0],"originalSize":[112,82],"capInsets":[0,0,0,0]}},[{"__type__":"cc.Prefab","_name":"100023","data":{"__id__":1}},{"__type__":"cc.Node","_name":"100003","_components":[{"__type__":"cc.Sprite","node":{"__id__":1},"_spriteFrame":{"__uuid__":"05Do3vhwpMhq1+nAr0Ge6L"}}],"_prefab":{"__type__":"cc.PrefabInfo","root":{"__id__":1},"asset":{"__uuid__":"feSjZO7X1LmIC7KIxelrqk"},"fileId":"95otHNreNLDqQKqXT9u/ou"},"_contentSize":{"__type__":"cc.Size","width":112,"height":82},"_scaleX":1,"_scaleY":1,"_scale":{"__type__":"cc.Vec3","x":1,"y":1,"z":1}}]]