[{"__type__":"cc.SpriteFrame","content":{"name":"fire01","texture":"02/XshEHVNXoya9R0il/Jq","rect":[16,44,82,78],"offset":[4.5,-20.5],"originalSize":[105,125],"capInsets":[0,0,0,0]}},{"__type__":"cc.SpriteFrame","content":{"name":"monster19a_03","texture":"bbZ9ZvpjNMV6wwDOZV3CKn","rect":[37,14,126,102],"offset":[-10,5],"originalSize":[220,140],"capInsets":[0,0,0,0]}},{"__type__":"cc.SpriteFrame","content":{"name":"monster19a_02","texture":"b6X/xIeJhBiZH1UjCrz6is","rect":[38,17,126,102],"offset":[-9,2],"originalSize":[220,140],"capInsets":[0,0,0,0]}},{"__type__":"cc.SpriteFrame","content":{"name":"fire04","texture":"f9QUIFjIFA3L7Z5lKwwtlw","rect":[19,13,85,108],"offset":[9,-4.5],"originalSize":[105,125],"capInsets":[0,0,0,0]}},{"__type__":"cc.SpriteFrame","content":{"name":"fire02","texture":"59JDUTk7hLKKL6C6nlaVdi","rect":[0,33,101,88],"offset":[-2,-14.5],"originalSize":[105,125],"capInsets":[0,0,0,0]}},{"__type__":"cc.SpriteFrame","content":{"name":"fire03","texture":"afRUE2PpZK8qiGF9xrSJld","rect":[12,23,92,102],"offset":[5.5,-11.5],"originalSize":[105,125],"capInsets":[0,0,0,0]}},{"__type__":"cc.AnimationClip","_name":"Run","_duration":0.6666666666666666,"sample":6,"speed":1.5,"wrapMode":"2","curveData":{"paths":{"monster19a_01":{"props":{"width":[],"height":[]},"comps":{"cc.Sprite":{"spriteFrame":[{"frame":0,"value":{"__uuid__":"d7U2oKvS9JKKrHfniGkhZj"}},{"frame":0.16666666666666666,"value":{"__uuid__":"66BWqPm2lEWrpfXuFQJpB9"}},{"frame":0.3333333333333333,"value":{"__uuid__":"24WMTmZtBOxp8YYRquIvFc"}},{"frame":0.5,"value":{"__uuid__":"66BWqPm2lEWrpfXuFQJpB9"}}]}}},"fire01":{"comps":{"cc.Sprite":{"spriteFrame":[{"frame":0,"value":{"__uuid__":"12b5pkA1xNUJAxY2xQ9ob8"}},{"frame":0.16666666666666666,"value":{"__uuid__":"90zzHUDLdL8b5HFafIf0jG"}},{"frame":0.3333333333333333,"value":{"__uuid__":"cd9b0ZKq1Il5MCMJf+J2b5"}},{"frame":0.5,"value":{"__uuid__":"86Ktf/GfpA+ZSR9ldIPH5M"}}]}},"props":{"opacity":[{"frame":0,"value":200}]}}}}},{"__type__":"cc.SpriteFrame","content":{"name":"monster19a_01","texture":"24LxgDGbRMGqFkldm2y1LP","rect":[38,20,131,101],"offset":[-6.5,-0.5],"originalSize":[220,140],"capInsets":[0,0,0,0]}}]