[{"__type__":"cc.SpriteFrame","content":{"name":"monster25a_01","texture":"f4TN//xPdPoo+6GiWyZ3CS","rect":[13,31,180,148],"offset":[-12,-10],"originalSize":[230,190],"capInsets":[0,0,0,0]}},{"__type__":"cc.SpriteFrame","content":{"name":"monster25b_02","texture":"6eN+61/5FGUYG0mgQWY1rA","rect":[12,19,155,148],"offset":[-25.5,2],"originalSize":[230,190],"capInsets":[0,0,0,0]}},{"__type__":"cc.SpriteFrame","content":{"name":"monster25b_03","texture":"d0pkd9K+xGb6HX0UvCocY6","rect":[14,7,144,151],"offset":[-29,12.5],"originalSize":[230,190],"capInsets":[0,0,0,0]}},{"__type__":"cc.AnimationClip","_name":"Atk","_duration":0.8333333333333334,"sample":6,"speed":1.5,"wrapMode":"1","curveData":{"paths":{"monster25a_01":{"comps":{"cc.Sprite":{"spriteFrame":[{"frame":0,"value":{"__uuid__":"875MdHB3NMNrE8SrCRAF0X"}},{"frame":0.16666666666666666,"value":{"__uuid__":"8aVvyEgXlH7bwgVhqvcI8O"}},{"frame":0.3333333333333333,"value":{"__uuid__":"97jAKm9OpOmq7wt6YoZw14"}},{"frame":0.5,"value":{"__uuid__":"f1LrkJtClMRJj28RBw2x2k"}},{"frame":0.6666666666666666,"value":{"__uuid__":"d3KUhNIuVEtJlpf7HRX05L"}}]}}}}},"events":[{"frame":0.8333333333333334,"func":"AfterAtk","params":[]}]},{"__type__":"cc.SpriteFrame","content":{"name":"monster25b_05","texture":"f2nLXe5W1H0q3TAPhjrSnl","rect":[40,40,185,139],"offset":[17.5,-14.5],"originalSize":[230,190],"capInsets":[0,0,0,0]}},{"__type__":"cc.SpriteFrame","content":{"name":"monster25b_04","texture":"85DtLGzc1C/J4Ph72xw/jW","rect":[17,24,165,141],"offset":[-15.5,0.5],"originalSize":[230,190],"capInsets":[0,0,0,0]}}]