[{"__type__":"cc.SpriteFrame","content":{"name":"yz01_07","texture":"e3YzqkMX1GpLEVuSjTauDE","rect":[0,0,62,57],"offset":[0,0],"originalSize":[62,57],"capInsets":[0,0,0,0]}},{"__type__":"cc.SpriteFrame","content":{"name":"yz01_09","texture":"35CxYVdXVHCovzC0st5AHT","rect":[0,0,22,23],"offset":[0,0],"originalSize":[22,23],"capInsets":[0,0,0,0]}},{"__type__":"cc.SpriteFrame","content":{"name":"yz01_04","texture":"b4KgLp4HNGfYPnF7Cq4Li/","rect":[1,0,13,30],"offset":[0.5,0],"originalSize":[14,30],"capInsets":[0,0,0,0]}},{"__type__":"cc.SpriteFrame","content":{"name":"yz01_14","texture":"cfa3lWcKRILpeGhDZCL+Gf","rect":[0,0,8,15],"offset":[0,0],"originalSize":[8,15],"capInsets":[0,0,0,0]}},{"__type__":"cc.SpriteFrame","content":{"name":"yz01_05","texture":"fdF4UjpgVANrtgg1WiBCAd","rect":[0,0,53,57],"offset":[0,0],"originalSize":[53,57],"capInsets":[0,0,0,0]}},{"__type__":"cc.SpriteFrame","content":{"name":"a","texture":"167cc1GfZOeYQjrmlSsHJ1","rect":[0,0,54,11],"offset":[0,0],"originalSize":[54,11],"capInsets":[0,0,0,0]}},{"__type__":"cc.SpriteFrame","content":{"name":"yz01_11","texture":"38D4aqvcpOgaO+3JYdkaP8","rect":[0,0,8,16],"offset":[0,0],"originalSize":[8,16],"capInsets":[0,0,0,0]}},{"__type__":"cc.SpriteFrame","content":{"name":"yz01_06","texture":"ebAplc8PBOioaXw/59xJBq","rect":[0,0,37,11],"offset":[0,0],"originalSize":[37,11],"capInsets":[0,0,0,0]}},{"__type__":"cc.SpriteFrame","content":{"name":"yz01_03","texture":"b4HYac+1BKWbYGCL+fRokA","rect":[0,0,57,61],"offset":[0,0],"originalSize":[57,61],"capInsets":[0,0,0,0]}},{"__type__":"cc.SpriteFrame","content":{"name":"yz01_02","texture":"5dnevTIOBGGJDzejsTK7IT","rect":[0,0,24,32],"offset":[0,0],"originalSize":[24,32],"capInsets":[0,0,0,0]}},{"__type__":"cc.SpriteFrame","content":{"name":"yz03_0102","texture":"67EeEKIOVH8aOjmOT/N5Or","rect":[0,0,84,57],"offset":[0,0],"originalSize":[84,57],"capInsets":[0,0,0,0]}},{"__type__":"cc.SpriteFrame","content":{"name":"yz01_13","texture":"1br45Od9tEA6R101ZhY1kR","rect":[0,0,13,19],"offset":[0,0],"originalSize":[13,19],"capInsets":[0,0,0,0]}},[{"__type__":"cc.Prefab","_name":"100001","data":{"__id__":1}},{"__type__":"cc.Node","_name":"100001","_children":[{"__id__":2},{"__id__":3},{"__id__":21}],"_level":1,"_components":[{"__type__":"cc.Animation","node":{"__id__":1},"_clips":[{"__uuid__":"28UCWxVxpEnJ/9p4K4S74Q"},{"__uuid__":"eag/WNTpdJ6rrsGeNfiwfT"},{"__uuid__":"c9FSvJoNxJlZl0TT0uSowL"},{"__uuid__":"d6KlXr+w9Ny5bd9RAg5elE"},{"__uuid__":"0eVO+i3bxHsJcvWuwgRwlJ"},{"__uuid__":"1bK8BDbxxALZj8JqItZPFs"}]},{"__type__":"4617f87H3dArpZLFLY7Qcdl","node":{"__id__":1},"m_HpNode":{"__id__":23},"m_HpBg":{"__id__":22},"Label_BeAtk":{"__id__":28},"Label_Name":{"__id__":27},"Label_Level":{"__id__":25},"m_Equipment":{"__uuid__":"69SlLHo5ZFgrwk5vfxrhy3"}}],"_prefab":{"__type__":"cc.PrefabInfo","root":{"__id__":1},"asset":{"__uuid__":"9f7SoKPtFAKYnpb55XpDv3"},"fileId":"9agjN3hJpMFa9puiQH/kmH"},"_contentSize":{"__type__":"cc.Size","width":200,"height":200},"_position":{"__type__":"cc.Vec3","x":-50,"y":1023},"_scale":{"__type__":"cc.Vec3","x":1,"y":1,"z":1}},{"__type__":"cc.Node","_name":"a","_parent":{"__id__":1},"_components":[{"__type__":"cc.Sprite","node":{"__id__":2},"_spriteFrame":{"__uuid__":"5f7aAAVqFMraYmnnMbxHrz"}}],"_prefab":{"__type__":"cc.PrefabInfo","root":{"__id__":1},"asset":{"__uuid__":"9f7SoKPtFAKYnpb55XpDv3"},"fileId":"fcmn0XdKlNBIZcutN6179h"},"_contentSize":{"__type__":"cc.Size","width":54,"height":11},"_anchorPoint":{"__type__":"cc.Vec2","x":0.5201757172113781,"y":0.5027293595474938},"_position":{"__type__":"cc.Vec3","x":0.81,"y":-35.42},"_scale":{"__type__":"cc.Vec3","x":1,"y":1,"z":1}},{"__type__":"cc.Node","_name":"ren","_parent":{"__id__":1},"_children":[{"__id__":4},{"__id__":5},{"__id__":6},{"__id__":7},{"__id__":8},{"__id__":9},{"__id__":11},{"__id__":20}],"_prefab":{"__type__":"cc.PrefabInfo","root":{"__id__":1},"asset":{"__uuid__":"9f7SoKPtFAKYnpb55XpDv3"},"fileId":"5b1ak53UFL6oU+bGP8v4cx"},"_scale":{"__type__":"cc.Vec3","x":1,"y":1,"z":1}},{"__type__":"cc.Node","_name":"yz01_15","_parent":{"__id__":3},"_components":[{"__type__":"cc.Sprite","node":{"__id__":4},"_spriteFrame":{"__uuid__":"edxCms3m5AUJxCaX41A+WE"}}],"_prefab":{"__type__":"cc.PrefabInfo","root":{"__id__":1},"asset":{"__uuid__":"9f7SoKPtFAKYnpb55XpDv3"},"fileId":"e2BVG+hkxGRaDILlKnMGhl"},"_contentSize":{"__type__":"cc.Size","width":6,"height":13},"_anchorPoint":{"__type__":"cc.Vec2","x":0.4837978889781075,"y":0.5000574980070724},"_position":{"__type__":"cc.Vec3","x":7.28,"y":-31.16},"_scale":{"__type__":"cc.Vec3","x":1,"y":1,"z":1}},{"__type__":"cc.Node","_name":"yz01_14","_parent":{"__id__":3},"_components":[{"__type__":"cc.Sprite","node":{"__id__":5},"_spriteFrame":{"__uuid__":"0f/y8E+PtD3rat2Ncd9eYm"}}],"_prefab":{"__type__":"cc.PrefabInfo","root":{"__id__":1},"asset":{"__uuid__":"9f7SoKPtFAKYnpb55XpDv3"},"fileId":"84+ObKHgVLHqIV+HM8lMHL"},"_contentSize":{"__type__":"cc.Size","width":8,"height":15},"_anchorPoint":{"__type__":"cc.Vec2","x":0.41121434293946635,"y":0.5728538655837652},"_position":{"__type__":"cc.Vec3","x":-7.57,"y":-28.92},"_scale":{"__type__":"cc.Vec3","x":1,"y":1,"z":1}},{"__type__":"cc.Node","_name":"yz01_13","_parent":{"__id__":3},"_components":[{"__type__":"cc.Sprite","node":{"__id__":6},"_spriteFrame":{"__uuid__":"9d1QxPb3dAyr5sqP7D6nmv"}}],"_prefab":{"__type__":"cc.PrefabInfo","root":{"__id__":1},"asset":{"__uuid__":"9f7SoKPtFAKYnpb55XpDv3"},"fileId":"c7o/OYhYZNWITCIwaiDl9f"},"_contentSize":{"__type__":"cc.Size","width":13,"height":19},"_position":{"__type__":"cc.Vec3","x":6.3,"y":-15.8},"_scale":{"__type__":"cc.Vec3","x":1,"y":1,"z":1}},{"__type__":"cc.Node","_name":"yz01_12","_parent":{"__id__":3},"_components":[{"__type__":"cc.Sprite","node":{"__id__":7},"_spriteFrame":{"__uuid__":"f5+o3TiNRFmbaazR1sS5pZ"}}],"_prefab":{"__type__":"cc.PrefabInfo","root":{"__id__":1},"asset":{"__uuid__":"9f7SoKPtFAKYnpb55XpDv3"},"fileId":"badQ0XfeZIk5qTYhGrJBMM"},"_contentSize":{"__type__":"cc.Size","width":16,"height":19},"_position":{"__type__":"cc.Vec3","x":-4.5,"y":-16.1},"_scale":{"__type__":"cc.Vec3","x":1,"y":1,"z":1}},{"__type__":"cc.Node","_name":"yz01_09","_parent":{"__id__":3},"_components":[{"__type__":"cc.Sprite","node":{"__id__":8},"_spriteFrame":{"__uuid__":"06IsP2zmJE64zw1BuysOge"}}],"_prefab":{"__type__":"cc.PrefabInfo","root":{"__id__":1},"asset":{"__uuid__":"9f7SoKPtFAKYnpb55XpDv3"},"fileId":"828nJv4htOKpJC0Csm7lq1"},"_contentSize":{"__type__":"cc.Size","width":22,"height":23},"_anchorPoint":{"__type__":"cc.Vec2","x":0.47602197753517506,"y":0.9931132446026987},"_position":{"__type__":"cc.Vec3","x":0.1,"y":11.3},"_scale":{"__type__":"cc.Vec3","x":1,"y":1,"z":1},"_rotationX":5,"_rotationY":5,"_quat":{"__type__":"cc.Quat","z":-0.043619387365336,"w":0.9990482215818578}},{"__type__":"cc.Node","_name":"yz01_10","_parent":{"__id__":3},"_children":[{"__id__":10}],"_components":[{"__type__":"cc.Sprite","node":{"__id__":9},"_spriteFrame":{"__uuid__":"d4OyeRglRNJKdEn2KRrfWw"}}],"_prefab":{"__type__":"cc.PrefabInfo","root":{"__id__":1},"asset":{"__uuid__":"9f7SoKPtFAKYnpb55XpDv3"},"fileId":"71sxivSDhHy66Zv2+pRGDe"},"_contentSize":{"__type__":"cc.Size","width":9,"height":13},"_anchorPoint":{"__type__":"cc.Vec2","x":0.9963023540887724,"y":0.998211209296807},"_position":{"__type__":"cc.Vec3","x":-8.3,"y":8.9},"_scale":{"__type__":"cc.Vec3","x":1,"y":1,"z":1}},{"__type__":"cc.Node","_name":"yz01_11","_parent":{"__id__":9},"_components":[{"__type__":"cc.Sprite","node":{"__id__":10},"_spriteFrame":{"__uuid__":"70QuFEiGxJtZkeP/i9vL09"}}],"_prefab":{"__type__":"cc.PrefabInfo","root":{"__id__":1},"asset":{"__uuid__":"9f7SoKPtFAKYnpb55XpDv3"},"fileId":"d3u9CymBlJgrwFBbgfs4d/"},"_contentSize":{"__type__":"cc.Size","width":8,"height":16},"_anchorPoint":{"__type__":"cc.Vec2","x":0.4322066248121228,"y":0.9406569387212111},"_position":{"__type__":"cc.Vec3","x":-6,"y":-10.3},"_scale":{"__type__":"cc.Vec3","x":1,"y":1,"z":1}},{"__type__":"cc.Node","_name":"tou","_parent":{"__id__":3},"_children":[{"__id__":12},{"__id__":13},{"__id__":14},{"__id__":15},{"__id__":16},{"__id__":17},{"__id__":18},{"__id__":19}],"_prefab":{"__type__":"cc.PrefabInfo","root":{"__id__":1},"asset":{"__uuid__":"9f7SoKPtFAKYnpb55XpDv3"},"fileId":"216bFpP8RJHpIsiwLNi5VG"},"_anchorPoint":{"__type__":"cc.Vec2"},"_position":{"__type__":"cc.Vec3","x":-2.6,"y":10.3},"_scale":{"__type__":"cc.Vec3","x":1,"y":1,"z":1}},{"__type__":"cc.Node","_name":"yz01_08","_parent":{"__id__":11},"_components":[{"__type__":"cc.Sprite","node":{"__id__":12},"_spriteFrame":{"__uuid__":"a53UeIvvVLqJh5Dbbm+mI8"}}],"_prefab":{"__type__":"cc.PrefabInfo","root":{"__id__":1},"asset":{"__uuid__":"9f7SoKPtFAKYnpb55XpDv3"},"fileId":"e14LKfopRNz7cDOtdEh5as"},"_contentSize":{"__type__":"cc.Size","width":20,"height":24},"_anchorPoint":{"__type__":"cc.Vec2","x":0.8118495258642418,"y":0.7994207404131309},"_position":{"__type__":"cc.Vec3","x":-27.3,"y":18.3},"_scale":{"__type__":"cc.Vec3","x":1,"y":1,"z":1}},{"__type__":"cc.Node","_name":"yz01_07","_parent":{"__id__":11},"_components":[{"__type__":"cc.Sprite","node":{"__id__":13},"_spriteFrame":{"__uuid__":"04a6JvZf5AFbDdROeWmcCg"}}],"_prefab":{"__type__":"cc.PrefabInfo","root":{"__id__":1},"asset":{"__uuid__":"9f7SoKPtFAKYnpb55XpDv3"},"fileId":"39X4nWFYdFrISWS/4M1rJx"},"_contentSize":{"__type__":"cc.Size","width":62,"height":57},"_position":{"__type__":"cc.Vec3","x":-1.1,"y":34.1},"_scale":{"__type__":"cc.Vec3","x":1,"y":1,"z":1}},{"__type__":"cc.Node","_name":"yz01_05","_parent":{"__id__":11},"_components":[{"__type__":"cc.Sprite","node":{"__id__":14},"_spriteFrame":{"__uuid__":"4fQS6nohlHD4XstHrvIJdW"}}],"_prefab":{"__type__":"cc.PrefabInfo","root":{"__id__":1},"asset":{"__uuid__":"9f7SoKPtFAKYnpb55XpDv3"},"fileId":"3fkhUMKFtEt6jUkIUTKah5"},"_contentSize":{"__type__":"cc.Size","width":53,"height":57},"_position":{"__type__":"cc.Vec3","x":1.7,"y":28},"_scale":{"__type__":"cc.Vec3","x":1,"y":1,"z":1}},{"__type__":"cc.Node","_name":"yz01_06","_parent":{"__id__":11},"_components":[{"__type__":"cc.Sprite","node":{"__id__":15},"_spriteFrame":{"__uuid__":"7303RRct9GQK7tj+VKHZDM"}}],"_prefab":{"__type__":"cc.PrefabInfo","root":{"__id__":1},"asset":{"__uuid__":"9f7SoKPtFAKYnpb55XpDv3"},"fileId":"95BGv+epdFArKn3g5hRZ0g"},"_contentSize":{"__type__":"cc.Size","width":37,"height":11},"_position":{"__type__":"cc.Vec3","x":7.4,"y":14.7},"_scale":{"__type__":"cc.Vec3","x":1,"y":1,"z":1}},{"__type__":"cc.Node","_name":"yz01_03","_parent":{"__id__":11},"_components":[{"__type__":"cc.Sprite","node":{"__id__":16},"_spriteFrame":{"__uuid__":"7akmgLHIpGBq+phMBS1dy5"}}],"_prefab":{"__type__":"cc.PrefabInfo","root":{"__id__":1},"asset":{"__uuid__":"9f7SoKPtFAKYnpb55XpDv3"},"fileId":"5dL4/RxTRLXKXg0yqTYDAY"},"_contentSize":{"__type__":"cc.Size","width":57,"height":61},"_position":{"__type__":"cc.Vec3","x":2.7,"y":31},"_scale":{"__type__":"cc.Vec3","x":1,"y":1,"z":1}},{"__type__":"cc.Node","_name":"yz01_02","_parent":{"__id__":11},"_components":[{"__type__":"cc.Sprite","node":{"__id__":17},"_spriteFrame":{"__uuid__":"94MfBhdGRG6JwIjFhnaO1O"}}],"_prefab":{"__type__":"cc.PrefabInfo","root":{"__id__":1},"asset":{"__uuid__":"9f7SoKPtFAKYnpb55XpDv3"},"fileId":"88Av/t+ThN4LDG3yoyiT+s"},"_contentSize":{"__type__":"cc.Size","width":24,"height":32},"_anchorPoint":{"__type__":"cc.Vec2","x":0.7937712924808081,"y":0.9279456808734836},"_position":{"__type__":"cc.Vec3","x":17.6,"y":44.1},"_scale":{"__type__":"cc.Vec3","x":1,"y":1,"z":1},"_rotationX":-9,"_rotationY":-9,"_quat":{"__type__":"cc.Quat","z":0.07845909572784494,"w":0.996917333733128}},{"__type__":"cc.Node","_name":"yz01_04","_parent":{"__id__":11},"_components":[{"__type__":"cc.Sprite","node":{"__id__":18},"_spriteFrame":{"__uuid__":"07VSVeAcJCQ44oco8z55II"}}],"_prefab":{"__type__":"cc.PrefabInfo","root":{"__id__":1},"asset":{"__uuid__":"9f7SoKPtFAKYnpb55XpDv3"},"fileId":"1aq0EElLxL2KMiVGja78xq"},"_contentSize":{"__type__":"cc.Size","width":13,"height":30},"_anchorPoint":{"__type__":"cc.Vec2","x":0.3644132496242427,"y":0.05708328210585939},"_position":{"__type__":"cc.Vec3","x":16.1,"y":51.9},"_scale":{"__type__":"cc.Vec3","x":1,"y":1,"z":1}},{"__type__":"cc.Node","_name":"yz02_02","_parent":{"__id__":11},"_components":[{"__type__":"cc.Sprite","node":{"__id__":19},"_spriteFrame":{"__uuid__":"99M+MQVFNLVJPVMXcSmX9m"}}],"_prefab":{"__type__":"cc.PrefabInfo","root":{"__id__":1},"asset":{"__uuid__":"9f7SoKPtFAKYnpb55XpDv3"},"fileId":"b2iKN0WHFLa4ycvUByBUiP"},"_opacity":0,"_contentSize":{"__type__":"cc.Size","width":84,"height":57},"_position":{"__type__":"cc.Vec3","x":-0.9,"y":48},"_scale":{"__type__":"cc.Vec3","x":1,"y":1,"z":1}},{"__type__":"cc.Node","_name":"yz01_01","_parent":{"__id__":3},"_components":[{"__type__":"cc.Sprite","node":{"__id__":20},"_spriteFrame":{"__uuid__":"c98pxMw2pFSZUanTq0QDYe"}}],"_prefab":{"__type__":"cc.PrefabInfo","root":{"__id__":1},"asset":{"__uuid__":"9f7SoKPtFAKYnpb55XpDv3"},"fileId":"17PlseaiZFF7TaH+swGwwW"},"_contentSize":{"__type__":"cc.Size","width":38,"height":43},"_position":{"__type__":"cc.Vec3","x":20.6,"y":-3},"_scale":{"__type__":"cc.Vec3","x":1,"y":1,"z":1}},{"__type__":"cc.Node","_name":"MonsterInfoShow","_parent":{"__id__":1},"_children":[{"__id__":22},{"__id__":23},{"__id__":24},{"__id__":26},{"__id__":28}],"_level":2,"_prefab":{"__type__":"cc.PrefabInfo","root":{"__id__":1},"asset":{"__uuid__":"9f7SoKPtFAKYnpb55XpDv3"},"fileId":"17Cx7NdapMWoof+VI4vygW"},"_scale":{"__type__":"cc.Vec3","x":1,"y":1,"z":1}},{"__type__":"cc.Node","_name":"HpBg","_parent":{"__id__":21},"_components":[{"__type__":"cc.Sprite","node":{"__id__":22},"_spriteFrame":{"__uuid__":"f1NJNkWidMSotPy+CHF296"},"_sizeMode":0}],"_prefab":{"__type__":"cc.PrefabInfo","root":{"__id__":1},"asset":{"__uuid__":"9f7SoKPtFAKYnpb55XpDv3"},"fileId":"93PT6bdVZL9r1CgQXRgsuR"},"_contentSize":{"__type__":"cc.Size","width":97,"height":10},"_anchorPoint":{"__type__":"cc.Vec2","y":0.5},"_position":{"__type__":"cc.Vec3","x":-48.9,"y":94},"_scale":{"__type__":"cc.Vec3","x":1,"y":1,"z":1}},{"__type__":"cc.Node","_name":"Hp","_parent":{"__id__":21},"_components":[{"__type__":"cc.Sprite","node":{"__id__":23},"_spriteFrame":{"__uuid__":"c4iQnAOfxI36ExvzHWBhV0"},"_sizeMode":0}],"_prefab":{"__type__":"cc.PrefabInfo","root":{"__id__":1},"asset":{"__uuid__":"9f7SoKPtFAKYnpb55XpDv3"},"fileId":"0bedwUwddJAZuY+6JIQHRC"},"_contentSize":{"__type__":"cc.Size","width":97,"height":8},"_anchorPoint":{"__type__":"cc.Vec2","y":0.5},"_position":{"__type__":"cc.Vec3","x":-48.9,"y":94},"_scale":{"__type__":"cc.Vec3","x":1,"y":1,"z":1}},{"__type__":"cc.Node","_name":"Label_Level","_parent":{"__id__":21},"_components":[{"__id__":25},{"__type__":"cc.LabelOutline","node":{"__id__":24},"_color":{"__type__":"cc.Color"},"_width":2}],"_prefab":{"__type__":"cc.PrefabInfo","root":{"__id__":1},"asset":{"__uuid__":"9f7SoKPtFAKYnpb55XpDv3"},"fileId":"fdFc9x9JNNA6lfySWy2Svm"},"_contentSize":{"__type__":"cc.Size","width":40.11,"height":12},"_position":{"__type__":"cc.Vec3","y":131.1},"_scale":{"__type__":"cc.Vec3","x":1,"y":1,"z":1}},{"__type__":"cc.Label","node":{"__id__":24},"_srcBlendFactor":1,"_useOriginalSize":false,"_string":"Lv.999","_N$string":"Lv.999","_fontSize":12,"_lineHeight":12},{"__type__":"cc.Node","_name":"Label_Name","_parent":{"__id__":21},"_components":[{"__id__":27},{"__type__":"cc.LabelOutline","node":{"__id__":26},"_color":{"__type__":"cc.Color"},"_width":2}],"_prefab":{"__type__":"cc.PrefabInfo","root":{"__id__":1},"asset":{"__uuid__":"9f7SoKPtFAKYnpb55XpDv3"},"fileId":"69sEgjM/ZOtJxhzaqZXEr5"},"_color":{"__type__":"cc.Color","r":30,"g":216,"b":47},"_contentSize":{"__type__":"cc.Size","width":130,"height":20},"_position":{"__type__":"cc.Vec3","y":111.5},"_scale":{"__type__":"cc.Vec3","x":1,"y":1,"z":1}},{"__type__":"cc.Label","node":{"__id__":26},"_srcBlendFactor":1,"_useOriginalSize":false,"_string":"最长的角色名称","_N$string":"最长的角色名称","_fontSize":18,"_lineHeight":20,"_N$horizontalAlign":1,"_N$verticalAlign":1},{"__type__":"cc.Node","_name":"Label_BeAtk","_parent":{"__id__":21},"_active":false,"_components":[{"__type__":"cc.Label","node":{"__id__":28},"_useOriginalSize":false,"_string":"-1299","_N$string":"-1299","_fontSize":31,"_lineHeight":31,"_N$file":{"__uuid__":"4dneJ3qepHxaVpN8l1oFJI"},"_isSystemFontUsed":false,"_spacingX":-30,"_N$horizontalAlign":1,"_N$verticalAlign":1}],"_prefab":{"__type__":"cc.PrefabInfo","root":{"__id__":1},"asset":{"__uuid__":"9f7SoKPtFAKYnpb55XpDv3"},"fileId":"003ir6MsFBcq2xKL/8pQzW"},"_color":{"__type__":"cc.Color","r":203,"g":14,"b":14},"_contentSize":{"__type__":"cc.Size","width":175.47,"height":30.03},"_position":{"__type__":"cc.Vec3","x":-1,"y":140},"_scale":{"__type__":"cc.Vec3","x":1,"y":1,"z":1}}],{"__type__":"cc.SpriteFrame","content":{"name":"yz01_08","texture":"baSDSG051DDrLkg0pDsYqH","rect":[0,0,20,24],"offset":[0,0],"originalSize":[20,24],"capInsets":[0,0,0,0]}},{"__type__":"cc.SpriteFrame","content":{"name":"Sprite_Hp","texture":"5eXTLZHLhCr4iL4/+bsvRK","rect":[2,3,101,8],"offset":[0,0],"originalSize":[105,14],"capInsets":[0,0,0,0]}},{"__type__":"cc.SpriteFrame","content":{"name":"yz01_01","texture":"a7AZziRmNI641fWrWfgZs0","rect":[0,0,38,43],"offset":[0,0],"originalSize":[38,43],"capInsets":[0,0,0,0]}},{"__type__":"cc.SpriteFrame","content":{"name":"yz01_10","texture":"93fqcbwdFJK6cO5z9TFnqV","rect":[0,0,9,13],"offset":[0,0],"originalSize":[9,13],"capInsets":[0,0,0,0]}},{"__type__":"cc.SpriteFrame","content":{"name":"yz01_15","texture":"2aL/L8ds9EOrNz3NKquSkh","rect":[0,0,6,13],"offset":[0,0],"originalSize":[6,13],"capInsets":[0,0,0,0]}},{"__type__":"cc.SpriteFrame","content":{"name":"Sprite_HpBg","texture":"d6spVuKEFNyYxHFhxkhRhq","rect":[0,0,105,14],"offset":[0,0],"originalSize":[105,14],"capInsets":[0,0,0,0]}},{"__type__":"cc.SpriteFrame","content":{"name":"yz01_12","texture":"82AUZCQytN6LnNJJ+AELTG","rect":[0,0,16,19],"offset":[0,0],"originalSize":[16,19],"capInsets":[0,0,0,0]}}]