[{"__type__":"cc.SpriteFrame","content":{"name":"monster11a_01","texture":"9crExi3IdNAK1nlgq9WDEt","rect":[22,25,89,89],"offset":[1.5,-4.5],"originalSize":[130,130],"capInsets":[0,0,0,0]}},{"__type__":"cc.AnimationClip","_name":"Run","_duration":0.6666666666666666,"sample":6,"speed":1.5,"wrapMode":"2","curveData":{"paths":{"monster11a_01":{"props":{"width":[{"frame":0,"value":130}],"height":[{"frame":0,"value":130}]},"comps":{"cc.Sprite":{"spriteFrame":[{"frame":0,"value":{"__uuid__":"41LbqnjZxInYrNVqy2Ss/c"}},{"frame":0.16666666666666666,"value":{"__uuid__":"f05ZuLwupLdI06EwORqMe2"}},{"frame":0.3333333333333333,"value":{"__uuid__":"a9CjdCkFhBfbKkuhBKch9E"}},{"frame":0.5,"value":{"__uuid__":"f05ZuLwupLdI06EwORqMe2"}}]}}}}}},{"__type__":"cc.SpriteFrame","content":{"name":"monster11a_03","texture":"e4Yt9jaqRMpJNxcBPZ8PNB","rect":[22,28,87,86],"offset":[0.5,-6],"originalSize":[130,130],"capInsets":[0,0,0,0]}},{"__type__":"cc.SpriteFrame","content":{"name":"monster11a_02","texture":"caj13vJbVGorM4qiex0fpt","rect":[24,27,86,87],"offset":[2,-5.5],"originalSize":[130,130],"capInsets":[0,0,0,0]}}]