[{"__type__":"cc.SpriteFrame","content":{"name":"USEGold_0","texture":"41iiwHmfpErLl6LkDUW+OI","rect":[5,5,238,66],"offset":[-4,90],"originalSize":[256,256],"capInsets":[0,0,0,0]}},{"__type__":"cc.BitmapFont","_name":"USEGold","spriteFrame":{"__uuid__":"10m35BJz9Gao/Db8zDJveT"},"fontSize":32,"_fntConfig":{"commonHeight":32,"fontSize":32,"atlasName":"USEGold_0.png","fontDefDictionary":{"46":{"rect":{"x":0,"y":0,"width":30,"height":37},"xOffset":0,"yOffset":0,"xAdvance":30},"48":{"rect":{"x":31,"y":0,"width":30,"height":37},"xOffset":0,"yOffset":0,"xAdvance":30},"49":{"rect":{"x":62,"y":0,"width":30,"height":37},"xOffset":0,"yOffset":0,"xAdvance":30},"50":{"rect":{"x":93,"y":0,"width":30,"height":37},"xOffset":0,"yOffset":0,"xAdvance":30},"51":{"rect":{"x":124,"y":0,"width":30,"height":37},"xOffset":0,"yOffset":0,"xAdvance":30},"52":{"rect":{"x":155,"y":0,"width":30,"height":37},"xOffset":0,"yOffset":0,"xAdvance":30},"53":{"rect":{"x":186,"y":0,"width":30,"height":37},"xOffset":0,"yOffset":0,"xAdvance":30},"54":{"rect":{"x":217,"y":0,"width":30,"height":37},"xOffset":0,"yOffset":0,"xAdvance":30},"55":{"rect":{"x":0,"y":38,"width":30,"height":37},"xOffset":0,"yOffset":0,"xAdvance":30},"56":{"rect":{"x":31,"y":38,"width":30,"height":37},"xOffset":0,"yOffset":0,"xAdvance":30},"57":{"rect":{"x":62,"y":38,"width":30,"height":37},"xOffset":0,"yOffset":0,"xAdvance":30},"66":{"rect":{"x":93,"y":38,"width":30,"height":37},"xOffset":0,"yOffset":0,"xAdvance":30},"75":{"rect":{"x":124,"y":38,"width":30,"height":37},"xOffset":0,"yOffset":0,"xAdvance":30},"77":{"rect":{"x":155,"y":38,"width":30,"height":37},"xOffset":0,"yOffset":0,"xAdvance":30},"84":{"rect":{"x":186,"y":38,"width":30,"height":37},"xOffset":0,"yOffset":0,"xAdvance":30}},"kerningDict":{}}}]