[{"__type__":"cc.SpriteFrame","content":{"name":"100010","texture":"2cTSv/48NF/ojHzXb+ArEs","rect":[0,0,75,30],"offset":[0,0],"originalSize":[75,30],"capInsets":[0,0,0,0]}},[{"__type__":"cc.Prefab","_name":"100010","data":{"__id__":1}},{"__type__":"cc.Node","_name":"100010","_components":[{"__type__":"cc.Sprite","node":{"__id__":1},"_spriteFrame":{"__uuid__":"7585lXR+dI6IZXsp0rlcmO"}}],"_prefab":{"__type__":"cc.PrefabInfo","root":{"__id__":1},"asset":{"__id__":0},"fileId":"c5eQ++roFCVYIZim0dPrPL"},"_contentSize":{"__type__":"cc.Size","width":75,"height":30},"_scaleX":1,"_scaleY":1,"_scale":{"__type__":"cc.Vec3","x":1,"y":1,"z":1}}]]