{"__type__":"cc.AnimationClip","_name":"Click","_duration":0.8166666666666667,"wrapMode":"2","curveData":{"paths":{"Sprite_FingerSlice":{"props":{"position":[{"frame":0,"value":[66,21]},{"frame":0.3333333333333333,"value":[5,-6]},{"frame":0.5833333333333334,"value":[5,-6]},{"frame":0.8166666666666667,"value":[66,21]}],"scale":[{"frame":0,"value":{"__type__":"cc.Vec2","x":1.04,"y":1.04}},{"frame":0.3333333333333333,"value":{"__type__":"cc.Vec2","x":1,"y":1}},{"frame":0.5833333333333334,"value":{"__type__":"cc.Vec2","x":1,"y":1}},{"frame":0.8166666666666667,"value":{"__type__":"cc.Vec2","x":1.04,"y":1.04}}],"rotation":[{"frame":0,"value":19},{"frame":0.3333333333333333,"value":0},{"frame":0.5833333333333334,"value":0},{"frame":0.8166666666666667,"value":19}]}},"04":{"props":{"scale":[{"frame":0.3333333333333333,"value":{"__type__":"cc.Vec2","x":0.45,"y":0.45}},{"frame":0.6833333333333333,"value":{"__type__":"cc.Vec2","x":0.72,"y":0.72}}],"opacity":[{"frame":0.31666666666666665,"value":0},{"frame":0.3333333333333333,"value":150},{"frame":0.6833333333333333,"value":0}]}}}}}