[{"__type__":"cc.SpriteFrame","content":{"name":"monster15b_05","texture":"6fH/fsa5hBcKwOSq+WWBjC","rect":[20,37,154,131],"offset":[7,-17.5],"originalSize":[180,170],"capInsets":[0,0,0,0]}},{"__type__":"cc.SpriteFrame","content":{"name":"monster15b_02","texture":"207n13Eh9D3otWKRa9Fs4M","rect":[19,20,108,139],"offset":[-17,-4.5],"originalSize":[180,170],"capInsets":[0,0,0,0]}},{"__type__":"cc.AnimationClip","_name":"Atk","_duration":0.8333333333333334,"sample":6,"speed":1.5,"wrapMode":"1","curveData":{"paths":{"monster15a_01":{"props":{"width":[{"frame":0,"value":180}],"height":[{"frame":0,"value":170}]},"comps":{"cc.Sprite":{"spriteFrame":[{"frame":0,"value":{"__uuid__":"c8tCBp+H9BRrOHbwq8+bTs"}},{"frame":0.16666666666666666,"value":{"__uuid__":"57kALQeV5DbJtng6o87rpB"}},{"frame":0.3333333333333333,"value":{"__uuid__":"a0cEBRu9FA6IAB1qY+q4SL"}},{"frame":0.5,"value":{"__uuid__":"a7VQKa/gdBhb1ZptB1zHEL"}},{"frame":0.6666666666666666,"value":{"__uuid__":"49lWY6VoBD2YZh1hKPrmuf"}}]}}}}},"events":[{"frame":0.8333333333333334,"func":"AfterAtk","params":[]}]},{"__type__":"cc.SpriteFrame","content":{"name":"monster15b_03","texture":"ecYYiU8VxOgJ//3Aw/+PMp","rect":[17,15,109,141],"offset":[-18.5,-0.5],"originalSize":[180,170],"capInsets":[0,0,0,0]}},{"__type__":"cc.SpriteFrame","content":{"name":"monster15b_04","texture":"55YGG6N4NKbo/1jZdv8jG0","rect":[19,26,135,136],"offset":[-3.5,-9],"originalSize":[180,170],"capInsets":[0,0,0,0]}},{"__type__":"cc.SpriteFrame","content":{"name":"monster15a_03","texture":"2cEj9ola1CpKhCJWew+rnU","rect":[19,27,134,133],"offset":[-4,-8.5],"originalSize":[180,170],"capInsets":[0,0,0,0]}}]