[{"__type__":"cc.SpriteFrame","content":{"name":"tp_PureColorBg","texture":"a8Anh32NZGRZegUtSgEj26","rect":[0,0,2,2],"offset":[0,0],"originalSize":[2,2],"capInsets":[0,0,0,0]}},{"__type__":"cc.SpriteFrame","content":{"name":"Spirte_NotBtnFrame","texture":"7d7lqrFFZCDIkIGnooAg+I","rect":[1,0,736,1010],"offset":[0,0],"originalSize":[738,1010],"capInsets":[0,155,0,207]}},{"__type__":"cc.SpriteFrame","content":{"name":"Btn_MenuItemBg","texture":"27ZYQEK4RMv5I9yJSmjz0p","rect":[1,0,614,134],"offset":[0,0],"originalSize":[616,134],"capInsets":[0,0,0,0]}},{"__type__":"cc.SpriteFrame","content":{"name":"Label_Signln","texture":"f7dBoQMOZJ05EVO+bsxvfQ","rect":[0,0,110,48],"offset":[0,0],"originalSize":[110,48],"capInsets":[0,0,0,0]}},{"__type__":"cc.SpriteFrame","content":{"name":"Label_Notice","texture":"fdUAa86aFNbLg8qlBgJJcj","rect":[0,0,110,50],"offset":[0,0],"originalSize":[110,50],"capInsets":[0,0,0,0]}},{"__type__":"cc.SpriteFrame","content":{"name":"Sprite_Signln","texture":"34fHQFBINJ87/qkxrNki8F","rect":[0,0,103,104],"offset":[0,0],"originalSize":[103,104],"capInsets":[0,0,0,0]}},{"__type__":"cc.SpriteFrame","content":{"name":"Label_HandBook","texture":"1ffDY156hDlpPx9zFWrRdu","rect":[0,0,108,47],"offset":[0,0],"originalSize":[108,47],"capInsets":[0,0,0,0]}},[{"__type__":"cc.Prefab","_name":"MenuPage","data":{"__id__":1}},{"__type__":"cc.Node","_name":"MenuPage","_children":[{"__id__":2},{"__id__":3},{"__id__":19}],"_components":[{"__type__":"5d8f5Xw5/1NlYHgS/32gz7V","node":{"__id__":1},"Btn_MenuNode":[{"__id__":6},{"__id__":7},{"__id__":8},{"__id__":9}],"Btn_Close":{"__id__":19}}],"_prefab":{"__type__":"cc.PrefabInfo","root":{"__id__":1},"asset":{"__id__":0},"fileId":"eee5l3C/xBWqjoji2AGchL"},"_scale":{"__type__":"cc.Vec3","x":1,"y":1,"z":1}},{"__type__":"cc.Node","_name":"PureColorBg","_parent":{"__id__":1},"_components":[{"__type__":"cc.Sprite","node":{"__id__":2},"_spriteFrame":{"__uuid__":"41D7kWhyFGY7q4NDlzkazn"},"_sizeMode":0},{"__type__":"cc.BlockInputEvents","node":{"__id__":2}}],"_prefab":{"__type__":"cc.PrefabInfo","root":{"__id__":1},"asset":{"__id__":0},"fileId":"52TyEDcDZExZPSlQQ0MxyV"},"_opacity":200,"_color":{"__type__":"cc.Color"},"_contentSize":{"__type__":"cc.Size","width":750,"height":1100},"_position":{"__type__":"cc.Vec3","y":-40},"_scale":{"__type__":"cc.Vec3","x":1,"y":1,"z":1}},{"__type__":"cc.Node","_name":"Spirte_Frame","_parent":{"__id__":1},"_children":[{"__id__":4},{"__id__":5},{"__id__":10}],"_components":[{"__type__":"cc.Sprite","node":{"__id__":3},"_spriteFrame":{"__uuid__":"53OH00Bi5L6pmvWSqD3jqq"},"_type":1,"_sizeMode":0}],"_prefab":{"__type__":"cc.PrefabInfo","root":{"__id__":1},"asset":{"__id__":0},"fileId":"85QVtfavJFm6YsQghBDO4x"},"_contentSize":{"__type__":"cc.Size","width":736,"height":900},"_position":{"__type__":"cc.Vec3","y":40},"_scale":{"__type__":"cc.Vec3","x":1,"y":1,"z":1}},{"__type__":"cc.Node","_name":"Sprite_MenuName","_parent":{"__id__":3},"_components":[{"__type__":"cc.Sprite","node":{"__id__":4},"_spriteFrame":{"__uuid__":"d59gC/FcBItpfouBTryMNb"}}],"_prefab":{"__type__":"cc.PrefabInfo","root":{"__id__":1},"asset":{"__id__":0},"fileId":"edpXMeR4hNv45Ot8BHPbxy"},"_contentSize":{"__type__":"cc.Size","width":162,"height":47},"_position":{"__type__":"cc.Vec3","y":396.2},"_scale":{"__type__":"cc.Vec3","x":1,"y":1,"z":1}},{"__type__":"cc.Node","_name":"MenuNode","_parent":{"__id__":3},"_children":[{"__id__":6},{"__id__":7},{"__id__":8},{"__id__":9}],"_prefab":{"__type__":"cc.PrefabInfo","root":{"__id__":1},"asset":{"__id__":0},"fileId":"45S0mMLEBNpIlhdY3zDbau"},"_contentSize":{"__type__":"cc.Size","width":300,"height":200},"_position":{"__type__":"cc.Vec3","y":179},"_scale":{"__type__":"cc.Vec3","x":1,"y":1,"z":1}},{"__type__":"cc.Node","_name":"0","_parent":{"__id__":5},"_components":[{"__type__":"cc.Sprite","node":{"__id__":6},"_spriteFrame":{"__uuid__":"6bzBrbETZHLLS0q3dTFmv6"}},{"__type__":"cc.Button","node":{"__id__":6},"_N$target":{"__id__":6}}],"_prefab":{"__type__":"cc.PrefabInfo","root":{"__id__":1},"asset":{"__id__":0},"fileId":"7cgr0enaBO7L6Izj+YtbQx"},"_contentSize":{"__type__":"cc.Size","width":614,"height":134},"_position":{"__type__":"cc.Vec3","y":33},"_scale":{"__type__":"cc.Vec3","x":1,"y":1,"z":1}},{"__type__":"cc.Node","_name":"1","_parent":{"__id__":5},"_components":[{"__type__":"cc.Sprite","node":{"__id__":7},"_spriteFrame":{"__uuid__":"6bzBrbETZHLLS0q3dTFmv6"}},{"__type__":"cc.Button","node":{"__id__":7},"_N$target":{"__id__":7}}],"_prefab":{"__type__":"cc.PrefabInfo","root":{"__id__":1},"asset":{"__id__":0},"fileId":"ec5zfZ9dhHOIVDt28icsN4"},"_contentSize":{"__type__":"cc.Size","width":614,"height":134},"_position":{"__type__":"cc.Vec3","y":-121},"_scale":{"__type__":"cc.Vec3","x":1,"y":1,"z":1}},{"__type__":"cc.Node","_name":"2","_parent":{"__id__":5},"_components":[{"__type__":"cc.Sprite","node":{"__id__":8},"_spriteFrame":{"__uuid__":"6bzBrbETZHLLS0q3dTFmv6"}},{"__type__":"cc.Button","node":{"__id__":8},"_N$target":{"__id__":8}}],"_prefab":{"__type__":"cc.PrefabInfo","root":{"__id__":1},"asset":{"__id__":0},"fileId":"57CeW0HUBM4IO94dwGRnEb"},"_contentSize":{"__type__":"cc.Size","width":614,"height":134},"_position":{"__type__":"cc.Vec3","y":-275},"_scale":{"__type__":"cc.Vec3","x":1,"y":1,"z":1}},{"__type__":"cc.Node","_name":"3","_parent":{"__id__":5},"_components":[{"__type__":"cc.Sprite","node":{"__id__":9},"_spriteFrame":{"__uuid__":"6bzBrbETZHLLS0q3dTFmv6"}},{"__type__":"cc.Button","node":{"__id__":9},"_N$target":{"__id__":9}}],"_prefab":{"__type__":"cc.PrefabInfo","root":{"__id__":1},"asset":{"__id__":0},"fileId":"34DSABYz9Kq7PjSa/yeM9E"},"_contentSize":{"__type__":"cc.Size","width":614,"height":134},"_position":{"__type__":"cc.Vec3","y":-429},"_scale":{"__type__":"cc.Vec3","x":1,"y":1,"z":1}},{"__type__":"cc.Node","_name":"MenuNode","_parent":{"__id__":3},"_children":[{"__id__":11},{"__id__":12},{"__id__":13},{"__id__":14},{"__id__":15},{"__id__":16},{"__id__":17},{"__id__":18}],"_prefab":{"__type__":"cc.PrefabInfo","root":{"__id__":1},"asset":{"__id__":0},"fileId":"a8bPchAjFL44/7ZBukYMu3"},"_contentSize":{"__type__":"cc.Size","width":300,"height":200},"_position":{"__type__":"cc.Vec3","y":179},"_scale":{"__type__":"cc.Vec3","x":1,"y":1,"z":1}},{"__type__":"cc.Node","_name":"Sprite_MenuRank","_parent":{"__id__":10},"_components":[{"__type__":"cc.Sprite","node":{"__id__":11},"_spriteFrame":{"__uuid__":"c9q8oniHFAvqJicx9P6/8V"}}],"_prefab":{"__type__":"cc.PrefabInfo","root":{"__id__":1},"asset":{"__id__":0},"fileId":"b6C0p9bk1IXobIzpiravW6"},"_contentSize":{"__type__":"cc.Size","width":103,"height":104},"_position":{"__type__":"cc.Vec3","x":-93,"y":33},"_scale":{"__type__":"cc.Vec3","x":1,"y":1,"z":1}},{"__type__":"cc.Node","_name":"Sprite_HandBook","_parent":{"__id__":10},"_components":[{"__type__":"cc.Sprite","node":{"__id__":12},"_spriteFrame":{"__uuid__":"f96VXxa35F8LuMCSQ9NWvm"}}],"_prefab":{"__type__":"cc.PrefabInfo","root":{"__id__":1},"asset":{"__id__":0},"fileId":"ab6YnLxBxKZ5HnTjLNXD9F"},"_contentSize":{"__type__":"cc.Size","width":103,"height":104},"_position":{"__type__":"cc.Vec3","x":-93,"y":-121},"_scale":{"__type__":"cc.Vec3","x":1,"y":1,"z":1}},{"__type__":"cc.Node","_name":"Sprite_Signln","_parent":{"__id__":10},"_components":[{"__type__":"cc.Sprite","node":{"__id__":13},"_spriteFrame":{"__uuid__":"9aItMmtvND24DBZGGH3Mac"}}],"_prefab":{"__type__":"cc.PrefabInfo","root":{"__id__":1},"asset":{"__id__":0},"fileId":"e0liDvMYJJBruJy0UbEF9Z"},"_contentSize":{"__type__":"cc.Size","width":103,"height":104},"_position":{"__type__":"cc.Vec3","x":-93,"y":-275},"_scale":{"__type__":"cc.Vec3","x":1,"y":1,"z":1}},{"__type__":"cc.Node","_name":"Sprite_Notice","_parent":{"__id__":10},"_components":[{"__type__":"cc.Sprite","node":{"__id__":14},"_spriteFrame":{"__uuid__":"c5AyGrvk1DCKd5wQ59jEIE"}}],"_prefab":{"__type__":"cc.PrefabInfo","root":{"__id__":1},"asset":{"__id__":0},"fileId":"a8FJkBhH9Owb4fmBrWTVUh"},"_contentSize":{"__type__":"cc.Size","width":105,"height":104},"_position":{"__type__":"cc.Vec3","x":-93,"y":-429},"_scale":{"__type__":"cc.Vec3","x":1,"y":1,"z":1}},{"__type__":"cc.Node","_name":"Label_MenuRank","_parent":{"__id__":10},"_components":[{"__type__":"cc.Sprite","node":{"__id__":15},"_spriteFrame":{"__uuid__":"e3E+UeZDdPGJfJSF8GlMUQ"}}],"_prefab":{"__type__":"cc.PrefabInfo","root":{"__id__":1},"asset":{"__id__":0},"fileId":"90fZkSVk1PopsnaSrMPo/3"},"_contentSize":{"__type__":"cc.Size","width":170,"height":47},"_position":{"__type__":"cc.Vec3","x":73,"y":33},"_scale":{"__type__":"cc.Vec3","x":1,"y":1,"z":1}},{"__type__":"cc.Node","_name":"Label_HandBook","_parent":{"__id__":10},"_components":[{"__type__":"cc.Sprite","node":{"__id__":16},"_spriteFrame":{"__uuid__":"b3wRZkOKhHh64wBtrWxmzx"}}],"_prefab":{"__type__":"cc.PrefabInfo","root":{"__id__":1},"asset":{"__id__":0},"fileId":"1amrGvSltPzpcbnRPJaK9D"},"_contentSize":{"__type__":"cc.Size","width":108,"height":47},"_position":{"__type__":"cc.Vec3","x":73,"y":-121},"_scale":{"__type__":"cc.Vec3","x":1,"y":1,"z":1}},{"__type__":"cc.Node","_name":"Label_Signln","_parent":{"__id__":10},"_components":[{"__type__":"cc.Sprite","node":{"__id__":17},"_spriteFrame":{"__uuid__":"7fOi3A1jpBEKvrS2BoNr6d"}}],"_prefab":{"__type__":"cc.PrefabInfo","root":{"__id__":1},"asset":{"__id__":0},"fileId":"28ITXNd0lAGIkZc9DsXuwH"},"_contentSize":{"__type__":"cc.Size","width":110,"height":48},"_position":{"__type__":"cc.Vec3","x":73,"y":-275},"_scale":{"__type__":"cc.Vec3","x":1,"y":1,"z":1}},{"__type__":"cc.Node","_name":"Label_Notice","_parent":{"__id__":10},"_components":[{"__type__":"cc.Sprite","node":{"__id__":18},"_spriteFrame":{"__uuid__":"99AOLTLgRAOpAI9RwLC0ER"}}],"_prefab":{"__type__":"cc.PrefabInfo","root":{"__id__":1},"asset":{"__id__":0},"fileId":"42CkQ/vtBNVZURlgLvWK13"},"_contentSize":{"__type__":"cc.Size","width":110,"height":50},"_position":{"__type__":"cc.Vec3","x":73,"y":-429},"_scale":{"__type__":"cc.Vec3","x":1,"y":1,"z":1}},{"__type__":"cc.Node","_name":"Btn_Close","_parent":{"__id__":1},"_components":[{"__type__":"cc.Sprite","node":{"__id__":19},"_spriteFrame":{"__uuid__":"c4QQuuPrpNY5hP3VMzenBR"}},{"__type__":"cc.Button","node":{"__id__":19},"_N$target":{"__id__":19}}],"_prefab":{"__type__":"cc.PrefabInfo","root":{"__id__":1},"asset":{"__id__":0},"fileId":"4fxlRF/PhL8bx8gBcXkx1Y"},"_contentSize":{"__type__":"cc.Size","width":81,"height":84},"_position":{"__type__":"cc.Vec3","x":332,"y":398},"_scale":{"__type__":"cc.Vec3","x":1,"y":1,"z":1}}],{"__type__":"cc.SpriteFrame","content":{"name":"Btn_Close2","texture":"22HhsVVUpFfJHscC11ZmYv","rect":[0,0,81,84],"offset":[0,0],"originalSize":[81,84],"capInsets":[0,0,0,0]}},{"__type__":"cc.SpriteFrame","content":{"name":"Sprite_Notice","texture":"455u4UhSNJDYZ1S/hZhFEC","rect":[0,0,105,104],"offset":[0,0],"originalSize":[105,104],"capInsets":[0,0,0,0]}},{"__type__":"cc.SpriteFrame","content":{"name":"Sprite_MenuRank","texture":"edHdxIPTRLVqjdTLvnDOLR","rect":[0,0,103,104],"offset":[0,0],"originalSize":[103,104],"capInsets":[0,0,0,0]}},{"__type__":"cc.SpriteFrame","content":{"name":"Sprite_MenuName","texture":"712hbQOb1EfICy6NZcmO6O","rect":[0,0,162,47],"offset":[0,0],"originalSize":[162,47],"capInsets":[0,0,0,0]}},{"__type__":"cc.SpriteFrame","content":{"name":"Label_MenuRank","texture":"46CnDJ+WpDY6LXX2ZAHEYj","rect":[0,0,170,47],"offset":[0,0],"originalSize":[170,47],"capInsets":[0,0,0,0]}},{"__type__":"cc.SpriteFrame","content":{"name":"Sprite_HandBook","texture":"5dd+BrABFG3YSj237a/GbJ","rect":[0,0,103,104],"offset":[0,0],"originalSize":[103,104],"capInsets":[0,0,0,0]}}]