[{"__type__":"cc.SpriteFrame","content":{"name":"tp_PureColorBg","texture":"a8Anh32NZGRZegUtSgEj26","rect":[0,0,2,2],"offset":[0,0],"originalSize":[2,2],"capInsets":[0,0,0,0]}},{"__type__":"cc.SpriteFrame","content":{"name":"Sprite_RankBg","texture":"6am3CleBNB7ZSkAA1bsB/8","rect":[0,0,684,872],"offset":[0,0],"originalSize":[684,872],"capInsets":[0,0,0,0]}},[{"__type__":"cc.Prefab","_name":"RankPage","data":{"__id__":1}},{"__type__":"cc.Node","_name":"RankPage","_children":[{"__id__":2},{"__id__":3},{"__id__":4},{"__id__":6}],"_level":1,"_components":[{"__type__":"c3be1QS+AFDoq4N1zOPBWA7","node":{"__id__":1},"Sprite_RankBg":{"__id__":5},"Btn_Close":{"__id__":6}}],"_prefab":{"__type__":"cc.PrefabInfo","root":{"__id__":1},"asset":{"__uuid__":"a9TgLgR7pEi462fRsov1Xw"},"fileId":"40MwSeGcJOzrFz2Ad+ztQH"},"_scale":{"__type__":"cc.Vec3","x":1,"y":1,"z":1}},{"__type__":"cc.Node","_name":"PureColorBg","_parent":{"__id__":1},"_components":[{"__type__":"cc.Sprite","node":{"__id__":2},"_spriteFrame":{"__uuid__":"41D7kWhyFGY7q4NDlzkazn"},"_sizeMode":0},{"__type__":"cc.BlockInputEvents","node":{"__id__":2}}],"_prefab":{"__type__":"cc.PrefabInfo","root":{"__id__":1},"asset":{"__uuid__":"a9TgLgR7pEi462fRsov1Xw"},"fileId":"b8kvrrXxtLwIa/FJQTOntW"},"_opacity":200,"_color":{"__type__":"cc.Color"},"_contentSize":{"__type__":"cc.Size","width":750,"height":1100},"_position":{"__type__":"cc.Vec3","y":-40},"_scale":{"__type__":"cc.Vec3","x":1,"y":1,"z":1}},{"__type__":"cc.Node","_name":"FrameBg","_parent":{"__id__":1},"_components":[{"__type__":"cc.Sprite","node":{"__id__":3},"_spriteFrame":{"__uuid__":"87N8v1+KNOOr5TPC63choc"}}],"_prefab":{"__type__":"cc.PrefabInfo","root":{"__id__":1},"asset":{"__uuid__":"a9TgLgR7pEi462fRsov1Xw"},"fileId":"77SH0q90lPr7zpqn2q0cy2"},"_contentSize":{"__type__":"cc.Size","width":684,"height":872},"_position":{"__type__":"cc.Vec3","y":50},"_scale":{"__type__":"cc.Vec3","x":1,"y":1,"z":1}},{"__type__":"cc.Node","_name":"Sprite_RankBg","_parent":{"__id__":1},"_components":[{"__id__":5},{"__type__":"cc.WXSubContextView","node":{"__id__":4}},{"__type__":"cc.Widget","node":{"__id__":4},"_alignFlags":45,"_left":-285,"_right":-285,"_top":-275,"_bottom":-325,"_originalWidth":570,"_originalHeight":600}],"_prefab":{"__type__":"cc.PrefabInfo","root":{"__id__":1},"asset":{"__uuid__":"a9TgLgR7pEi462fRsov1Xw"},"fileId":"b618567rJFPL7cjuP3Xt+l"},"_contentSize":{"__type__":"cc.Size","width":570,"height":600},"_position":{"__type__":"cc.Vec3","y":-25},"_scale":{"__type__":"cc.Vec3","x":1,"y":1,"z":1}},{"__type__":"cc.Sprite","node":{"__id__":4}},{"__type__":"cc.Node","_name":"Btn_Close","_parent":{"__id__":1},"_components":[{"__type__":"cc.Sprite","node":{"__id__":6},"_spriteFrame":{"__uuid__":"c4QQuuPrpNY5hP3VMzenBR"}},{"__type__":"cc.Button","node":{"__id__":6},"_N$target":{"__id__":6}}],"_prefab":{"__type__":"cc.PrefabInfo","root":{"__id__":1},"asset":{"__uuid__":"a9TgLgR7pEi462fRsov1Xw"},"fileId":"b3rXkpUnRLdohLRpapW5eK"},"_contentSize":{"__type__":"cc.Size","width":81,"height":84},"_position":{"__type__":"cc.Vec3","x":317,"y":427},"_scale":{"__type__":"cc.Vec3","x":1,"y":1,"z":1}}],{"__type__":"cc.SpriteFrame","content":{"name":"Btn_Close2","texture":"22HhsVVUpFfJHscC11ZmYv","rect":[0,0,81,84],"offset":[0,0],"originalSize":[81,84],"capInsets":[0,0,0,0]}}]