[{"__type__":"cc.SpriteFrame","content":{"name":"monster11a_01","texture":"9crExi3IdNAK1nlgq9WDEt","rect":[22,25,89,89],"offset":[1.5,-4.5],"originalSize":[130,130],"capInsets":[0,0,0,0]}},{"__type__":"cc.SpriteFrame","content":{"name":"monster11b_03","texture":"e9dEA9U4BGoYvwfTMueIky","rect":[8,16,92,98],"offset":[-11,0],"originalSize":[130,130],"capInsets":[0,0,0,0]}},{"__type__":"cc.SpriteFrame","content":{"name":"monster11b_02","texture":"19Cz79PX5Hw5Im/ggalsCS","rect":[16,21,80,93],"offset":[-9,-2.5],"originalSize":[130,130],"capInsets":[0,0,0,0]}},{"__type__":"cc.SpriteFrame","content":{"name":"monster11b_05","texture":"17ZsdT4BxLqoTkeI3eInUH","rect":[17,33,103,88],"offset":[3.5,-12],"originalSize":[130,130],"capInsets":[0,0,0,0]}},{"__type__":"cc.SpriteFrame","content":{"name":"monster11b_04","texture":"0a8SaKQlJMP4Pp3IDd2AkG","rect":[20,24,101,90],"offset":[5.5,-4],"originalSize":[130,130],"capInsets":[0,0,0,0]}},{"__type__":"cc.SpriteFrame","content":{"name":"monster11b_06","texture":"34oN9B2l9D+qHFw/31s1sF","rect":[22,28,103,86],"offset":[8.5,-6],"originalSize":[130,130],"capInsets":[0,0,0,0]}},{"__type__":"cc.AnimationClip","_name":"Atk","_duration":1,"sample":6,"speed":1.5,"wrapMode":"1","curveData":{"paths":{"monster11a_01":{"props":{"width":[{"frame":0,"value":130}],"height":[{"frame":0,"value":130}]},"comps":{"cc.Sprite":{"spriteFrame":[{"frame":0,"value":{"__uuid__":"41LbqnjZxInYrNVqy2Ss/c"}},{"frame":0.16666666666666666,"value":{"__uuid__":"6btTUNTwVAk5DFmyFhzziP"}},{"frame":0.3333333333333333,"value":{"__uuid__":"578gSh/SBAWJko3TB7Yxqn"}},{"frame":0.5,"value":{"__uuid__":"95/r+isDVNzZZHtkv8wSpa"}},{"frame":0.6666666666666666,"value":{"__uuid__":"74QvIFqLdP156xVJVfKSyb"}},{"frame":0.8333333333333334,"value":{"__uuid__":"ccvb08q35Hza77NTOdOOiI"}}]}}}}},"events":[{"frame":1,"func":"AfterAtk","params":[]}]}]