[{"__type__":"cc.SpriteFrame","content":{"name":"jb_11","texture":"a51gDy9GJIBYfgxhQZPRrc","rect":[3,3,89,87],"offset":[-0.5,9.5],"originalSize":[96,112],"capInsets":[0,0,0,0]}},{"__type__":"cc.SpriteFrame","content":{"name":"jb_10","texture":"e4jotEUGhJhpHTf54QQFQA","rect":[4,4,86,86],"offset":[-1,9],"originalSize":[96,112],"capInsets":[0,0,0,0]}},{"__type__":"cc.SpriteFrame","content":{"name":"jb_16","texture":"d7e7wjTUNEk4cdSbYMh8lZ","rect":[6,6,83,86],"offset":[-0.5,7],"originalSize":[96,112],"capInsets":[0,0,0,0]}},{"__type__":"cc.SpriteFrame","content":{"name":"jb_15","texture":"41aJgeIBpPqYt/bEZrX2QU","rect":[6,6,83,83],"offset":[-0.5,8.5],"originalSize":[96,112],"capInsets":[0,0,0,0]}},{"__type__":"cc.SpriteFrame","content":{"name":"jb_02","texture":"544tvX9P5OUaIQ2J0DF2Pu","rect":[6,6,83,87],"offset":[-0.5,6.5],"originalSize":[96,112],"capInsets":[0,0,0,0]}},{"__type__":"cc.SpriteFrame","content":{"name":"jb_13","texture":"fb2Zfl+BZAapXDUDdlpf45","rect":[6,6,83,83],"offset":[-0.5,8.5],"originalSize":[96,112],"capInsets":[0,0,0,0]}},{"__type__":"cc.SpriteFrame","content":{"name":"jb_03","texture":"711HvG5eFHF7I/njzWDdko","rect":[6,6,83,83],"offset":[-0.5,8.5],"originalSize":[96,112],"capInsets":[0,0,0,0]}},{"__type__":"cc.AnimationClip","_name":"jin_bi","_duration":1.1333333333333333,"sample":15,"wrapMode":"2","curveData":{"comps":{"cc.Sprite":{"spriteFrame":[{"frame":0,"value":{"__uuid__":"91Coe19dxPG6fBX/v7bVsn"}},{"frame":0.06666666666666667,"value":{"__uuid__":"2bvaXXUvBP8oCpgAdojD+7"}},{"frame":0.13333333333333333,"value":{"__uuid__":"40ptbBWZ1Et4zShNKAeHUc"}},{"frame":0.2,"value":{"__uuid__":"d5ql9xjTNAZLIvIagjvWJ8"}},{"frame":0.26666666666666666,"value":{"__uuid__":"99qOGUjoBFbr2cSEkK3+YW"}},{"frame":0.3333333333333333,"value":{"__uuid__":"60JehN2VZP9pH6hF4CUOCu"}},{"frame":0.4,"value":{"__uuid__":"becneJ4q9M0aWlGBradVGI"}},{"frame":0.4666666666666667,"value":{"__uuid__":"47OrJHUfRLOq+EmSPUpSnO"}},{"frame":0.5333333333333333,"value":{"__uuid__":"a7dkMx1CJA/IwSeyEoJUHK"}},{"frame":0.6,"value":{"__uuid__":"0cJx14+ZhLipm4woR97ZzY"}},{"frame":0.6666666666666666,"value":{"__uuid__":"06xtwmFclAwKHKxujPOzD8"}},{"frame":0.7333333333333333,"value":{"__uuid__":"654krYivRG7pr+F++UbNSw"}},{"frame":0.8,"value":{"__uuid__":"35nbuGEYhOZoYbFP4csEKX"}},{"frame":0.8666666666666667,"value":{"__uuid__":"4aJTUzvqJBwJ4SGjKjJR+Y"}},{"frame":0.9333333333333333,"value":{"__uuid__":"21gLfHY2BBwLWetp5AfWMO"}},{"frame":1,"value":{"__uuid__":"161mNiDlVCXa7SrMBZoThu"}},{"frame":1.0666666666666667,"value":{"__uuid__":"161mNiDlVCXa7SrMBZoThu"}}]}}},"events":[{"frame":1.1333333333333333,"func":"AddWaitGoldLabel","params":[]}]},{"__type__":"cc.SpriteFrame","content":{"name":"jb_08","texture":"9f3Hs0wIJIu7BPcwGj6v+P","rect":[6,6,83,83],"offset":[-0.5,8.5],"originalSize":[96,112],"capInsets":[0,0,0,0]}},{"__type__":"cc.SpriteFrame","content":{"name":"jb_14","texture":"4dxsCdR3xPXK5r4qURfim4","rect":[6,6,83,83],"offset":[-0.5,8.5],"originalSize":[96,112],"capInsets":[0,0,0,0]}},{"__type__":"cc.SpriteFrame","content":{"name":"jb_06","texture":"291Owvx9VCJraU3N7Stnb2","rect":[6,6,83,83],"offset":[-0.5,8.5],"originalSize":[96,112],"capInsets":[0,0,0,0]}},{"__type__":"cc.SpriteFrame","content":{"name":"jb_12","texture":"0fyZJJrApHe4GZRSj5/Mz/","rect":[1,1,93,90],"offset":[-0.5,10],"originalSize":[96,112],"capInsets":[0,0,0,0]}},{"__type__":"cc.SpriteFrame","content":{"name":"jb_01","texture":"07Bc+jYmZBO5Dm/16nhi0h","rect":[6,6,83,83],"offset":[-0.5,8.5],"originalSize":[96,112],"capInsets":[0,0,0,0]}},{"__type__":"cc.SpriteFrame","content":{"name":"jb_05","texture":"438xJ9tcNBLZT8xl2Kfvtx","rect":[6,6,83,83],"offset":[-0.5,8.5],"originalSize":[96,112],"capInsets":[0,0,0,0]}},{"__type__":"cc.SpriteFrame","content":{"name":"jb_09","texture":"756v2BLGNFcIxo6CeiQ6PS","rect":[6,6,83,83],"offset":[-0.5,8.5],"originalSize":[96,112],"capInsets":[0,0,0,0]}},{"__type__":"cc.SpriteFrame","content":{"name":"jb_07","texture":"catxaHchhJDIhVD6a2GkGH","rect":[6,6,83,83],"offset":[-0.5,8.5],"originalSize":[96,112],"capInsets":[0,0,0,0]}},{"__type__":"cc.SpriteFrame","content":{"name":"jb_04","texture":"4aqCHuOD1OWa6eH5/18odL","rect":[6,6,83,83],"offset":[-0.5,8.5],"originalSize":[96,112],"capInsets":[0,0,0,0]}}]