[{"__type__":"cc.SpriteFrame","content":{"name":"monster22b_04","texture":"abldf7V3dIa41T58NTnC8V","rect":[8,6,130,117],"offset":[-7,5.5],"originalSize":[160,140],"capInsets":[0,0,0,0]}},{"__type__":"cc.SpriteFrame","content":{"name":"monster22a_01","texture":"a7JL2AYFJDwpK5gUL3iqr4","rect":[12,7,123,117],"offset":[-6.5,4.5],"originalSize":[160,140],"capInsets":[0,0,0,0]}},{"__type__":"cc.AnimationClip","_name":"Atk","_duration":0.8333333333333334,"sample":6,"speed":1.5,"wrapMode":"1","curveData":{"paths":{"monster22a_01":{"comps":{"cc.Sprite":{"spriteFrame":[{"frame":0,"value":{"__uuid__":"177RdvTIdCFqhSkvx0Mjij"}},{"frame":0.16666666666666666,"value":{"__uuid__":"3ev/loYRBBi5ZazzLC6cez"}},{"frame":0.3333333333333333,"value":{"__uuid__":"c0L/QihyRBrJXtToL9njRa"}},{"frame":0.5,"value":{"__uuid__":"123RMct3lC5YKRaCj+ps8b"}},{"frame":0.6666666666666666,"value":{"__uuid__":"249cFn2u5FGplX7VPIXVvf"}}]}}}}},"events":[{"frame":0.8333333333333334,"func":"AfterAtk","params":[]}]},{"__type__":"cc.SpriteFrame","content":{"name":"monster22b_05","texture":"31tn5kG0VPMa+3Dy7d9GBl","rect":[20,11,138,118],"offset":[9,0],"originalSize":[160,140],"capInsets":[0,0,0,0]}},{"__type__":"cc.SpriteFrame","content":{"name":"monster22b_02","texture":"16jj/TPftLKKJRQ8ucP1Wf","rect":[9,6,114,115],"offset":[-14,6.5],"originalSize":[160,140],"capInsets":[0,0,0,0]}},{"__type__":"cc.SpriteFrame","content":{"name":"monster22b_03","texture":"edn1Hz1ldF/48PycRnbirK","rect":[4,4,124,112],"offset":[-14,10],"originalSize":[160,140],"capInsets":[0,0,0,0]}}]