[{"__type__":"cc.SpriteFrame","content":{"name":"100020","texture":"9bB7CT6nlBgpVlsSTjIJME","rect":[0,0,189,52],"offset":[0,0],"originalSize":[189,52],"capInsets":[0,0,0,0]}},[{"__type__":"cc.Prefab","_name":"100020","data":{"__id__":1}},{"__type__":"cc.Node","_name":"100020","_components":[{"__type__":"cc.Sprite","node":{"__id__":1},"_spriteFrame":{"__uuid__":"81KYkgzPNCFLO7g06rjMwD"}}],"_prefab":{"__type__":"cc.PrefabInfo","root":{"__id__":1},"asset":{"__uuid__":"edX8xMuwpFBqILX+sKDQrO"},"fileId":"0ajHbXWq5IfIK+PZDbmifS"},"_contentSize":{"__type__":"cc.Size","width":189,"height":52},"_scaleX":1,"_scaleY":1,"_scale":{"__type__":"cc.Vec3","x":1,"y":1,"z":1}}]]