{"__type__":"cc.SpriteAtlas","_spriteFrames":{"zhuanpan":{"__uuid__":"75NC+AcwlBFpuvF4DYUdQ7"},"countdownBg":{"__uuid__":"6fhitsnd5B97n3B+zI6kGD"},"恭喜获得@2x":{"__uuid__":"fa+nAhP+1AEpBRYFVhWmW8"},"Nhận được Tam đao x5@2x":{"__uuid__":"d8LkFUTnlGgK8y53ouvDn9"},"center":{"__uuid__":"fboxL2cShLw5F6qTAeNOnR"},"Xác nhận@2x":{"__uuid__":"afWA9rD7hIe6DT8hz2bhPm"},"三刀齐发@2x":{"__uuid__":"3fAsgIToNKUroohwrT87v0"},"Sống lại@2x":{"__uuid__":"69x1daK3VFcIJfC6F7BJQy"},"矩形 9 拷贝 4@2x":{"__uuid__":"2740rSKtVDfK+BGM2UnMok"},"video":{"__uuid__":"fdESxfNKJHyLvOu66W8TJ1"}}}