[{"__type__":"cc.SpriteFrame","content":{"name":"monster14a_02","texture":"f8ZvbUzl9FPo/OYzPOruqt","rect":[6,9,126,116],"offset":[-6,3],"originalSize":[150,140],"capInsets":[0,0,0,0]}},{"__type__":"cc.AnimationClip","_name":"Run","_duration":0.6666666666666666,"sample":6,"speed":1.5,"wrapMode":"2","curveData":{"paths":{"monster14a_01":{"props":{"width":[{"frame":0,"value":150}],"height":[{"frame":0,"value":140}]},"comps":{"cc.Sprite":{"spriteFrame":[{"frame":0,"value":{"__uuid__":"a5pP7ePY5N56kyvRRY4u7A"}},{"frame":0.16666666666666666,"value":{"__uuid__":"194C/mOZBGMLO0OGqareLS"}},{"frame":0.3333333333333333,"value":{"__uuid__":"d7Ls7ep6NEprKa8+caMFMN"}},{"frame":0.5,"value":{"__uuid__":"194C/mOZBGMLO0OGqareLS"}}]}}}}}},{"__type__":"cc.SpriteFrame","content":{"name":"monster14a_01","texture":"46LZCZyT1NtJh7nAR5rSO+","rect":[6,8,126,117],"offset":[-6,3.5],"originalSize":[150,140],"capInsets":[0,0,0,0]}},{"__type__":"cc.SpriteFrame","content":{"name":"monster14a_03","texture":"30aDaqYgpGOozewV7CHPBZ","rect":[9,10,121,115],"offset":[-5.5,2.5],"originalSize":[150,140],"capInsets":[0,0,0,0]}}]