[{"__type__":"cc.SpriteFrame","content":{"name":"100004","texture":"23nJM2tYJB+oF4Zio+pN65","rect":[0,0,80,60],"offset":[0,0],"originalSize":[80,60],"capInsets":[0,0,0,0]}},[{"__type__":"cc.Prefab","_name":"100004","data":{"__id__":1}},{"__type__":"cc.Node","_name":"100004","_components":[{"__type__":"cc.Sprite","node":{"__id__":1},"_spriteFrame":{"__uuid__":"25AXLcqI1GM7ExRhkCskxG"}}],"_prefab":{"__type__":"cc.PrefabInfo","root":{"__id__":1},"asset":{"__uuid__":"45S8v5zzVBGblchrcfe9f7"},"fileId":"dftDd0pvtPWLKjL9H6z2j+"},"_contentSize":{"__type__":"cc.Size","width":80,"height":60},"_scaleX":1,"_scaleY":1,"_scale":{"__type__":"cc.Vec3","x":1,"y":1,"z":1}}]]