[{"__type__":"cc.SpriteFrame","content":{"name":"monster10b_02","texture":"deK+vWr/1Ipae3w4EIOSmK","rect":[22,9,75,91],"offset":[1.5,3.5],"originalSize":[116,116],"capInsets":[0,0,0,0]}},{"__type__":"cc.SpriteFrame","content":{"name":"monster10b_03","texture":"86Aj1UTP5M35fZyL+LOMkf","rect":[21,7,80,93],"offset":[3,4.5],"originalSize":[116,116],"capInsets":[0,0,0,0]}},{"__type__":"cc.SpriteFrame","content":{"name":"monster10b_05_07_09","texture":"e0LRdTXONL+5pH+3T+JBCB","rect":[21,7,78,93],"offset":[2,4.5],"originalSize":[116,116],"capInsets":[0,0,0,0]}},{"__type__":"cc.SpriteFrame","content":{"name":"monster10a_01","texture":"80IrOOgQBDf5G6+OlhlGwN","rect":[6,6,95,98],"offset":[-4.5,3],"originalSize":[116,116],"capInsets":[0,0,0,0]}},{"__type__":"cc.AnimationClip","_name":"Atk","_duration":1.6666666666666667,"sample":6,"speed":1.5,"wrapMode":"1","curveData":{"paths":{"monster10a_01":{"props":{"width":[{"frame":0,"value":116}],"height":[{"frame":0,"value":116}]},"comps":{"cc.Sprite":{"spriteFrame":[{"frame":0,"value":{"__uuid__":"c6qkG1gj9BmY42KNYFyEqE"}},{"frame":0.16666666666666666,"value":{"__uuid__":"66zGKmnEBBWr508ZnHN1TN"}},{"frame":0.3333333333333333,"value":{"__uuid__":"71aBIXZDxA9YlNBW9pKUeA"}},{"frame":0.5,"value":{"__uuid__":"f4Z5ZjmQxMxKpbxZEfAz4A"}},{"frame":0.6666666666666666,"value":{"__uuid__":"a65XgZ3cVAcKNfZIY0MALu"}},{"frame":0.8333333333333334,"value":{"__uuid__":"f4Z5ZjmQxMxKpbxZEfAz4A"}},{"frame":1,"value":{"__uuid__":"a65XgZ3cVAcKNfZIY0MALu"}},{"frame":1.1666666666666667,"value":{"__uuid__":"f4Z5ZjmQxMxKpbxZEfAz4A"}},{"frame":1.3333333333333333,"value":{"__uuid__":"a65XgZ3cVAcKNfZIY0MALu"}},{"frame":1.5,"value":{"__uuid__":"f4Z5ZjmQxMxKpbxZEfAz4A"}}]}}}}},"events":[{"frame":1.6666666666666667,"func":"AfterAtk","params":[]}]},{"__type__":"cc.SpriteFrame","content":{"name":"monster10b_04_06_08_10","texture":"aaJp2rbxZKXLueqisDwTrl","rect":[18,8,90,92],"offset":[5,4],"originalSize":[116,116],"capInsets":[0,0,0,0]}}]