[{"__type__":"cc.SpriteFrame","content":{"name":"100012","texture":"7cbhQ6inVC5pOfHKy4OHet","rect":[0,0,76,76],"offset":[0,0],"originalSize":[76,76],"capInsets":[0,0,0,0]}},[{"__type__":"cc.Prefab","_name":"100017","data":{"__id__":1}},{"__type__":"cc.Node","_name":"100012","_components":[{"__type__":"cc.Sprite","node":{"__id__":1},"_spriteFrame":{"__uuid__":"6fcK3LKh5BOIDMpvwe0l6m"}}],"_prefab":{"__type__":"cc.PrefabInfo","root":{"__id__":1},"asset":{"__uuid__":"2aicFdYcVJ57Dp+F5TeX4/"},"fileId":"18HbyMMCdEhbaTCNY/viA2"},"_contentSize":{"__type__":"cc.Size","width":76,"height":76},"_scaleX":1,"_scaleY":1,"_scale":{"__type__":"cc.Vec3","x":1,"y":1,"z":1}}]]