[{"__type__":"cc.SpriteFrame","content":{"name":"monster02b_04","texture":"d5EMr4EYpF9rymp3pRgQSi","rect":[15,7,63,68],"offset":[0.5,11.5],"originalSize":[92,105],"capInsets":[0,0,0,0]}},{"__type__":"cc.SpriteFrame","content":{"name":"monster02b_06","texture":"58uImyZqVMj6P3aDJftKCL","rect":[17,9,71,67],"offset":[6.5,10],"originalSize":[92,105],"capInsets":[0,0,0,0]}},{"__type__":"cc.SpriteFrame","content":{"name":"monster02a_01","texture":"76Beo1g4hB1Z7bDH2FJDFr","rect":[15,6,66,70],"offset":[2,11.5],"originalSize":[92,105],"capInsets":[0,0,0,0]}},{"__type__":"cc.SpriteFrame","content":{"name":"monster02b_02","texture":"b9cGypLRNG05No2i5GKfNP","rect":[14,6,52,68],"offset":[-6,12.5],"originalSize":[92,105],"capInsets":[0,0,0,0]}},{"__type__":"cc.SpriteFrame","content":{"name":"monster02b_05","texture":"eb9mB5GutB/73FQa6Va2Tf","rect":[18,9,69,67],"offset":[6.5,10],"originalSize":[92,105],"capInsets":[0,0,0,0]}},{"__type__":"cc.SpriteFrame","content":{"name":"monster02b_03","texture":"60yb3m/TBE96dbkQHdqhSV","rect":[12,6,55,67],"offset":[-6.5,13],"originalSize":[92,105],"capInsets":[0,0,0,0]}},{"__type__":"cc.AnimationClip","_name":"Atk","_duration":1,"sample":6,"speed":1.5,"wrapMode":"1","curveData":{"paths":{"monster02a_01":{"props":{"width":[],"height":[]},"comps":{"cc.Sprite":{"spriteFrame":[{"frame":0,"value":{"__uuid__":"6b5brOZ0dGPba7ou/cqQnn"}},{"frame":0.16666666666666666,"value":{"__uuid__":"6e8d7HR99IQrzz14lN10SB"}},{"frame":0.3333333333333333,"value":{"__uuid__":"adE203sLZNoo0th28Ljlgx"}},{"frame":0.5,"value":{"__uuid__":"12seOGFrBE+qlf0mayr+fk"}},{"frame":0.6666666666666666,"value":{"__uuid__":"8dUyjOSWVKn5NcnkvwHncR"}},{"frame":0.8333333333333334,"value":{"__uuid__":"40h0qPN71BSLHsmBALW+fz"}}]}}}}},"events":[{"frame":1,"func":"AfterAtk","params":[]}]}]