[{"__type__":"cc.SpriteFrame","content":{"name":"Sprite_LikePlayFrame","texture":"02toRBOwxKSaFfWAYSI9Yv","rect":[0,0,108,108],"offset":[0,0],"originalSize":[108,108],"capInsets":[0,0,0,0]}},{"__type__":"cc.SpriteFrame","content":{"name":"PaTaSanGuo","texture":"b4/JY0HRVA9p1kcLshH99S","rect":[0,0,96,96],"offset":[0,0],"originalSize":[96,96],"capInsets":[0,0,0,0]}},{"__type__":"cc.SpriteFrame","content":{"name":"Sprite_LikePlayBg","texture":"eawglexAJAPYVIDrHv1GKC","rect":[0,0,750,202],"offset":[0,0],"originalSize":[750,202],"capInsets":[0,0,0,0]}},{"__type__":"cc.SpriteFrame","content":{"name":"default_scrollbar_vertical","texture":"d608qFRoFHwbXd0Dap056i","rect":[0,0,15,30],"offset":[0,0],"originalSize":[15,30],"capInsets":[4,10,4,10]}},{"__type__":"cc.SpriteFrame","content":{"name":"default_scrollbar_vertical_bg","texture":"61cyPdEfRN047sDK9rO0W5","rect":[0,0,15,30],"offset":[0,0],"originalSize":[15,30],"capInsets":[4,10,4,10]}},[{"__type__":"cc.Prefab","_name":"LikePlayControl","data":{"__id__":1}},{"__type__":"cc.Node","_name":"LikePlayControl","_children":[{"__id__":2},{"__id__":7}],"_level":3,"_components":[{"__type__":"cc.Sprite","node":{"__id__":1},"_spriteFrame":{"__uuid__":"52I4/gnsFOwaLrMPXQ7ckd"},"_type":1,"_sizeMode":0},{"__id__":5},{"__type__":"8abaaIj2MFNOImtwu+GrNyK","node":{"__id__":1},"LikePlayItem":[{"__id__":11},{"__id__":14},{"__id__":8},{"__id__":17},{"__id__":20},{"__id__":23},{"__id__":26},{"__id__":29},{"__id__":32},{"__id__":35}]}],"_prefab":{"__type__":"cc.PrefabInfo","root":{"__id__":1},"asset":{"__id__":0},"fileId":"bcYsyJpQ1GYpYS5O4Jrk94"},"_contentSize":{"__type__":"cc.Size","width":750,"height":202},"_position":{"__type__":"cc.Vec3","y":-566.5},"_scale":{"__type__":"cc.Vec3","x":1,"y":1,"z":1}},{"__type__":"cc.Node","_name":"scrollBar","_parent":{"__id__":1},"_children":[{"__id__":3}],"_active":false,"_components":[{"__type__":"cc.Scrollbar","node":{"__id__":2},"_scrollView":{"__id__":5},"_N$handle":{"__id__":4},"_N$direction":1},{"__type__":"cc.Widget","node":{"__id__":2},"alignMode":0,"_alignFlags":37,"_left":350.07654921020657,"_originalHeight":237},{"__type__":"cc.Sprite","node":{"__id__":2},"_spriteFrame":{"__uuid__":"5f5dyqtRNNxaFmVzYns6FZ"},"_type":1,"_sizeMode":0}],"_prefab":{"__type__":"cc.PrefabInfo","root":{"__id__":1},"asset":{"__id__":0},"fileId":"df/2bqboFJgrzxtcQh0PhK"},"_contentSize":{"__type__":"cc.Size","width":12,"height":250},"_anchorPoint":{"__type__":"cc.Vec2","x":1,"y":0.5},"_position":{"__type__":"cc.Vec3","x":120},"_scale":{"__type__":"cc.Vec3","x":1,"y":1,"z":1}},{"__type__":"cc.Node","_name":"bar","_parent":{"__id__":2},"_components":[{"__id__":4}],"_prefab":{"__type__":"cc.PrefabInfo","root":{"__id__":1},"asset":{"__id__":0},"fileId":"a5HuMM7rpNsbA9D3nXIS4I"},"_contentSize":{"__type__":"cc.Size","width":10,"height":30},"_anchorPoint":{"__type__":"cc.Vec2","x":1},"_position":{"__type__":"cc.Vec3","x":-1},"_scale":{"__type__":"cc.Vec3","x":1,"y":1,"z":1}},{"__type__":"cc.Sprite","node":{"__id__":3},"_spriteFrame":{"__uuid__":"5cO7kybDxGj4ipyMYdRYZB"},"_type":1,"_sizeMode":0},{"__type__":"cc.ScrollView","node":{"__id__":1},"vertical":false,"brake":0.75,"bounceDuration":0.23,"_N$content":{"__id__":6},"content":{"__id__":6},"_N$horizontalScrollBar":null,"_N$verticalScrollBar":null},{"__type__":"cc.Node","_name":"content","_parent":{"__id__":7},"_children":[{"__id__":8},{"__id__":11},{"__id__":14},{"__id__":17},{"__id__":20},{"__id__":23},{"__id__":26},{"__id__":29},{"__id__":32},{"__id__":35}],"_components":[{"__type__":"cc.Layout","node":{"__id__":6},"_layoutSize":{"__type__":"cc.Size","width":1044,"height":202},"_resize":1,"_N$layoutType":1,"_N$paddingLeft":40,"_N$spacingX":20}],"_prefab":{"__type__":"cc.PrefabInfo","root":{"__id__":1},"asset":{"__id__":0},"fileId":"28PvENdldJYqKjYvW1+nsS"},"_contentSize":{"__type__":"cc.Size","width":1044,"height":202},"_anchorPoint":{"__type__":"cc.Vec2","x":0.5,"y":1},"_position":{"__type__":"cc.Vec3","x":271,"y":115},"_scale":{"__type__":"cc.Vec3","x":1,"y":1,"z":1}},{"__type__":"cc.Node","_name":"view","_parent":{"__id__":1},"_children":[{"__id__":6}],"_components":[{"__type__":"cc.Mask","node":{"__id__":7}}],"_prefab":{"__type__":"cc.PrefabInfo","root":{"__id__":1},"asset":{"__id__":0},"fileId":"a6oIYiQNFO24rsf/t7fABy"},"_contentSize":{"__type__":"cc.Size","width":600,"height":150},"_position":{"__type__":"cc.Vec3","x":34},"_scale":{"__type__":"cc.Vec3","x":1,"y":1,"z":1}},{"__type__":"cc.Node","_name":"2","_parent":{"__id__":6},"_children":[{"__id__":9},{"__id__":10}],"_level":1,"_components":[{"__type__":"cc.Sprite","node":{"__id__":8},"_spriteFrame":{"__uuid__":"0e6kTNAGxDIp6sseWKUBnJ"}}],"_prefab":{"__type__":"cc.PrefabInfo","root":{"__id__":1},"asset":{"__id__":0},"fileId":"81nG+/7jZKtbfLuB7EXfjo"},"_contentSize":{"__type__":"cc.Size","width":108,"height":108},"_position":{"__type__":"cc.Vec3","x":-428,"y":-100},"_scale":{"__type__":"cc.Vec3","x":1,"y":1,"z":1}},{"__type__":"cc.Node","_name":"icon","_parent":{"__id__":8},"_level":2,"_components":[{"__type__":"cc.Sprite","node":{"__id__":9}},{"__type__":"cc.Button","node":{"__id__":9}}],"_prefab":{"__type__":"cc.PrefabInfo","root":{"__id__":1},"asset":{"__id__":0},"fileId":"ec0EcAVQJGlIb6hOGkkZBj"},"_contentSize":{"__type__":"cc.Size","width":96,"height":96},"_scale":{"__type__":"cc.Vec3","x":1,"y":1,"z":1}},{"__type__":"cc.Node","_name":"Label_GameName","_parent":{"__id__":8},"_level":2,"_components":[{"__type__":"cc.Label","node":{"__id__":10},"_srcBlendFactor":1,"_useOriginalSize":false,"_string":"血灵诀","_N$string":"血灵诀","_fontSize":16,"_N$horizontalAlign":1,"_N$verticalAlign":1}],"_prefab":{"__type__":"cc.PrefabInfo","root":{"__id__":1},"asset":{"__id__":0},"fileId":"7c4o5yX11Bm4NGQR/tMGNZ"},"_contentSize":{"__type__":"cc.Size","width":48,"height":40},"_position":{"__type__":"cc.Vec3","y":-70},"_scale":{"__type__":"cc.Vec3","x":1,"y":1,"z":1}},{"__type__":"cc.Node","_name":"0","_parent":{"__id__":6},"_children":[{"__id__":12},{"__id__":13}],"_active":false,"_level":1,"_components":[{"__type__":"cc.Sprite","node":{"__id__":11},"_spriteFrame":{"__uuid__":"0e6kTNAGxDIp6sseWKUBnJ"}}],"_prefab":{"__type__":"cc.PrefabInfo","root":{"__id__":1},"asset":{"__id__":0},"fileId":"20fVzzfrhHSpmVGZKnhz5R"},"_contentSize":{"__type__":"cc.Size","width":108,"height":108},"_position":{"__type__":"cc.Vec3","x":-364,"y":-100},"_scale":{"__type__":"cc.Vec3","x":1,"y":1,"z":1}},{"__type__":"cc.Node","_name":"icon","_parent":{"__id__":11},"_level":2,"_components":[{"__type__":"cc.Sprite","node":{"__id__":12}},{"__type__":"cc.Button","node":{"__id__":12}}],"_prefab":{"__type__":"cc.PrefabInfo","root":{"__id__":1},"asset":{"__id__":0},"fileId":"c22Q4nPa9G0IEiEMV8FCIQ"},"_contentSize":{"__type__":"cc.Size","width":96,"height":96},"_scale":{"__type__":"cc.Vec3","x":1,"y":1,"z":1}},{"__type__":"cc.Node","_name":"Label_GameName","_parent":{"__id__":11},"_level":2,"_components":[{"__type__":"cc.Label","node":{"__id__":13},"_srcBlendFactor":1,"_useOriginalSize":false,"_string":"趣凡斗地主","_N$string":"趣凡斗地主","_fontSize":16,"_N$horizontalAlign":1,"_N$verticalAlign":1}],"_prefab":{"__type__":"cc.PrefabInfo","root":{"__id__":1},"asset":{"__id__":0},"fileId":"6265DVlC1AnIt6tFIUJ76U"},"_contentSize":{"__type__":"cc.Size","width":80,"height":40},"_position":{"__type__":"cc.Vec3","y":-70},"_scale":{"__type__":"cc.Vec3","x":1,"y":1,"z":1}},{"__type__":"cc.Node","_name":"1","_parent":{"__id__":6},"_children":[{"__id__":15},{"__id__":16}],"_level":1,"_components":[{"__type__":"cc.Sprite","node":{"__id__":14},"_spriteFrame":{"__uuid__":"0e6kTNAGxDIp6sseWKUBnJ"}}],"_prefab":{"__type__":"cc.PrefabInfo","root":{"__id__":1},"asset":{"__id__":0},"fileId":"29dm26kexC95Db8HAl4aAp"},"_contentSize":{"__type__":"cc.Size","width":108,"height":108},"_position":{"__type__":"cc.Vec3","x":-300,"y":-100},"_scale":{"__type__":"cc.Vec3","x":1,"y":1,"z":1}},{"__type__":"cc.Node","_name":"icon","_parent":{"__id__":14},"_level":2,"_components":[{"__type__":"cc.Sprite","node":{"__id__":15},"_spriteFrame":{"__uuid__":"3cUJLzXpxEBpemohNc1qbn"}},{"__type__":"cc.Button","node":{"__id__":15}}],"_prefab":{"__type__":"cc.PrefabInfo","root":{"__id__":1},"asset":{"__id__":0},"fileId":"23ANnm0LtJtb3h4kZDjRu0"},"_contentSize":{"__type__":"cc.Size","width":96,"height":96},"_scale":{"__type__":"cc.Vec3","x":1,"y":1,"z":1}},{"__type__":"cc.Node","_name":"Label_GameName","_parent":{"__id__":14},"_level":2,"_components":[{"__type__":"cc.Label","node":{"__id__":16},"_srcBlendFactor":1,"_useOriginalSize":false,"_string":"爬塔三国","_N$string":"爬塔三国","_fontSize":16,"_N$horizontalAlign":1,"_N$verticalAlign":1}],"_prefab":{"__type__":"cc.PrefabInfo","root":{"__id__":1},"asset":{"__id__":0},"fileId":"1fDYhuKjdLnohDhzh9SkHE"},"_contentSize":{"__type__":"cc.Size","width":64,"height":40},"_position":{"__type__":"cc.Vec3","y":-70},"_scale":{"__type__":"cc.Vec3","x":1,"y":1,"z":1}},{"__type__":"cc.Node","_name":"3","_parent":{"__id__":6},"_children":[{"__id__":18},{"__id__":19}],"_level":1,"_components":[{"__type__":"cc.Sprite","node":{"__id__":17},"_spriteFrame":{"__uuid__":"0e6kTNAGxDIp6sseWKUBnJ"}}],"_prefab":{"__type__":"cc.PrefabInfo","root":{"__id__":1},"asset":{"__id__":0},"fileId":"4b7g3IZZ5NpooIZqoFU2Ug"},"_contentSize":{"__type__":"cc.Size","width":108,"height":108},"_position":{"__type__":"cc.Vec3","x":-172,"y":-100},"_scale":{"__type__":"cc.Vec3","x":1,"y":1,"z":1}},{"__type__":"cc.Node","_name":"icon","_parent":{"__id__":17},"_level":2,"_components":[{"__type__":"cc.Sprite","node":{"__id__":18}},{"__type__":"cc.Button","node":{"__id__":18}}],"_prefab":{"__type__":"cc.PrefabInfo","root":{"__id__":1},"asset":{"__id__":0},"fileId":"b9nCPrbgJIJoE5BvVCVoRV"},"_contentSize":{"__type__":"cc.Size","width":96,"height":96},"_scale":{"__type__":"cc.Vec3","x":1,"y":1,"z":1}},{"__type__":"cc.Node","_name":"Label_GameName","_parent":{"__id__":17},"_level":2,"_components":[{"__type__":"cc.Label","node":{"__id__":19},"_srcBlendFactor":1,"_useOriginalSize":false,"_string":"炮弹小英雄","_N$string":"炮弹小英雄","_fontSize":16,"_N$horizontalAlign":1,"_N$verticalAlign":1}],"_prefab":{"__type__":"cc.PrefabInfo","root":{"__id__":1},"asset":{"__id__":0},"fileId":"d9HxzgrVVEY7TYgnLCI2XE"},"_contentSize":{"__type__":"cc.Size","width":80,"height":40},"_position":{"__type__":"cc.Vec3","y":-70},"_scale":{"__type__":"cc.Vec3","x":1,"y":1,"z":1}},{"__type__":"cc.Node","_name":"4","_parent":{"__id__":6},"_children":[{"__id__":21},{"__id__":22}],"_level":1,"_components":[{"__type__":"cc.Sprite","node":{"__id__":20},"_spriteFrame":{"__uuid__":"0e6kTNAGxDIp6sseWKUBnJ"}}],"_prefab":{"__type__":"cc.PrefabInfo","root":{"__id__":1},"asset":{"__id__":0},"fileId":"95FDuA9RxA5aq7EdwJW0vY"},"_contentSize":{"__type__":"cc.Size","width":108,"height":108},"_position":{"__type__":"cc.Vec3","x":-44,"y":-100},"_scale":{"__type__":"cc.Vec3","x":1,"y":1,"z":1}},{"__type__":"cc.Node","_name":"icon","_parent":{"__id__":20},"_level":2,"_components":[{"__type__":"cc.Sprite","node":{"__id__":21},"_spriteFrame":{"__uuid__":"a0mz53R8xGxKuFrr9fCXyA"}},{"__type__":"cc.Button","node":{"__id__":21}}],"_prefab":{"__type__":"cc.PrefabInfo","root":{"__id__":1},"asset":{"__id__":0},"fileId":"e23hD0DHNGLaUPv1P0S4oJ"},"_contentSize":{"__type__":"cc.Size","width":96,"height":96},"_scale":{"__type__":"cc.Vec3","x":1,"y":1,"z":1}},{"__type__":"cc.Node","_name":"Label_GameName","_parent":{"__id__":20},"_level":2,"_components":[{"__type__":"cc.Label","node":{"__id__":22},"_srcBlendFactor":1,"_useOriginalSize":false,"_string":"三国猛将","_N$string":"三国猛将","_fontSize":16,"_N$horizontalAlign":1,"_N$verticalAlign":1}],"_prefab":{"__type__":"cc.PrefabInfo","root":{"__id__":1},"asset":{"__id__":0},"fileId":"bbo9f5MR9L2Ksqqgw7wrm0"},"_contentSize":{"__type__":"cc.Size","width":64,"height":40},"_position":{"__type__":"cc.Vec3","y":-70},"_scale":{"__type__":"cc.Vec3","x":1,"y":1,"z":1}},{"__type__":"cc.Node","_name":"5","_parent":{"__id__":6},"_children":[{"__id__":24},{"__id__":25}],"_level":1,"_components":[{"__type__":"cc.Sprite","node":{"__id__":23},"_spriteFrame":{"__uuid__":"0e6kTNAGxDIp6sseWKUBnJ"}}],"_prefab":{"__type__":"cc.PrefabInfo","root":{"__id__":1},"asset":{"__id__":0},"fileId":"12h60DBQ9IhaUyBXHoDAaK"},"_contentSize":{"__type__":"cc.Size","width":108,"height":108},"_position":{"__type__":"cc.Vec3","x":84,"y":-100},"_scale":{"__type__":"cc.Vec3","x":1,"y":1,"z":1}},{"__type__":"cc.Node","_name":"icon","_parent":{"__id__":23},"_level":2,"_components":[{"__type__":"cc.Sprite","node":{"__id__":24}},{"__type__":"cc.Button","node":{"__id__":24}}],"_prefab":{"__type__":"cc.PrefabInfo","root":{"__id__":1},"asset":{"__id__":0},"fileId":"9f0yLhxc9IE4SbexReR/be"},"_contentSize":{"__type__":"cc.Size","width":96,"height":96},"_scale":{"__type__":"cc.Vec3","x":1,"y":1,"z":1}},{"__type__":"cc.Node","_name":"Label_GameName","_parent":{"__id__":23},"_level":2,"_components":[{"__type__":"cc.Label","node":{"__id__":25},"_srcBlendFactor":1,"_useOriginalSize":false,"_string":"迷你帝国","_N$string":"迷你帝国","_fontSize":16,"_N$horizontalAlign":1,"_N$verticalAlign":1}],"_prefab":{"__type__":"cc.PrefabInfo","root":{"__id__":1},"asset":{"__id__":0},"fileId":"75TL2YPMdPVaccHnhpNEaL"},"_contentSize":{"__type__":"cc.Size","width":64,"height":40},"_position":{"__type__":"cc.Vec3","y":-70},"_scale":{"__type__":"cc.Vec3","x":1,"y":1,"z":1}},{"__type__":"cc.Node","_name":"6","_parent":{"__id__":6},"_children":[{"__id__":27},{"__id__":28}],"_level":1,"_components":[{"__type__":"cc.Sprite","node":{"__id__":26},"_spriteFrame":{"__uuid__":"0e6kTNAGxDIp6sseWKUBnJ"}}],"_prefab":{"__type__":"cc.PrefabInfo","root":{"__id__":1},"asset":{"__id__":0},"fileId":"f546tzPHZNy4vxz1toIfWh"},"_contentSize":{"__type__":"cc.Size","width":108,"height":108},"_position":{"__type__":"cc.Vec3","x":212,"y":-100},"_scale":{"__type__":"cc.Vec3","x":1,"y":1,"z":1}},{"__type__":"cc.Node","_name":"icon","_parent":{"__id__":26},"_level":2,"_components":[{"__type__":"cc.Sprite","node":{"__id__":27}},{"__type__":"cc.Button","node":{"__id__":27}}],"_prefab":{"__type__":"cc.PrefabInfo","root":{"__id__":1},"asset":{"__id__":0},"fileId":"2edRcyTJ9Hi7Go/6Czzonu"},"_contentSize":{"__type__":"cc.Size","width":96,"height":96},"_scale":{"__type__":"cc.Vec3","x":1,"y":1,"z":1}},{"__type__":"cc.Node","_name":"Label_GameName","_parent":{"__id__":26},"_level":2,"_components":[{"__type__":"cc.Label","node":{"__id__":28},"_srcBlendFactor":1,"_useOriginalSize":false,"_string":"封神来了","_N$string":"封神来了","_fontSize":16,"_N$horizontalAlign":1,"_N$verticalAlign":1}],"_prefab":{"__type__":"cc.PrefabInfo","root":{"__id__":1},"asset":{"__id__":0},"fileId":"25Girr3otM2YG7R4780leW"},"_contentSize":{"__type__":"cc.Size","width":64,"height":40},"_position":{"__type__":"cc.Vec3","y":-70},"_scale":{"__type__":"cc.Vec3","x":1,"y":1,"z":1}},{"__type__":"cc.Node","_name":"7","_parent":{"__id__":6},"_children":[{"__id__":30},{"__id__":31}],"_level":1,"_components":[{"__type__":"cc.Sprite","node":{"__id__":29},"_spriteFrame":{"__uuid__":"0e6kTNAGxDIp6sseWKUBnJ"}}],"_prefab":{"__type__":"cc.PrefabInfo","root":{"__id__":1},"asset":{"__id__":0},"fileId":"91WsPc2z1GVKVOoV4hevs4"},"_contentSize":{"__type__":"cc.Size","width":108,"height":108},"_position":{"__type__":"cc.Vec3","x":340,"y":-100},"_scale":{"__type__":"cc.Vec3","x":1,"y":1,"z":1}},{"__type__":"cc.Node","_name":"icon","_parent":{"__id__":29},"_level":2,"_components":[{"__type__":"cc.Sprite","node":{"__id__":30}},{"__type__":"cc.Button","node":{"__id__":30}}],"_prefab":{"__type__":"cc.PrefabInfo","root":{"__id__":1},"asset":{"__id__":0},"fileId":"e0DHp1OQZFRosz2OuEel5A"},"_contentSize":{"__type__":"cc.Size","width":96,"height":96},"_scale":{"__type__":"cc.Vec3","x":1,"y":1,"z":1}},{"__type__":"cc.Node","_name":"Label_GameName","_parent":{"__id__":29},"_level":2,"_components":[{"__type__":"cc.Label","node":{"__id__":31},"_srcBlendFactor":1,"_useOriginalSize":false,"_string":"传奇来了","_N$string":"传奇来了","_fontSize":16,"_N$horizontalAlign":1,"_N$verticalAlign":1}],"_prefab":{"__type__":"cc.PrefabInfo","root":{"__id__":1},"asset":{"__id__":0},"fileId":"0a4ixCCR9EB7fCTOa/WTKj"},"_contentSize":{"__type__":"cc.Size","width":64,"height":40},"_position":{"__type__":"cc.Vec3","y":-70},"_scale":{"__type__":"cc.Vec3","x":1,"y":1,"z":1}},{"__type__":"cc.Node","_name":"8","_parent":{"__id__":6},"_children":[{"__id__":33},{"__id__":34}],"_level":1,"_components":[{"__type__":"cc.Sprite","node":{"__id__":32},"_spriteFrame":{"__uuid__":"0e6kTNAGxDIp6sseWKUBnJ"}}],"_prefab":{"__type__":"cc.PrefabInfo","root":{"__id__":1},"asset":{"__id__":0},"fileId":"feTzMEfyJP/64w3fCXTZNb"},"_contentSize":{"__type__":"cc.Size","width":108,"height":108},"_position":{"__type__":"cc.Vec3","x":468,"y":-100},"_scale":{"__type__":"cc.Vec3","x":1,"y":1,"z":1}},{"__type__":"cc.Node","_name":"icon","_parent":{"__id__":32},"_level":2,"_components":[{"__type__":"cc.Sprite","node":{"__id__":33}},{"__type__":"cc.Button","node":{"__id__":33}}],"_prefab":{"__type__":"cc.PrefabInfo","root":{"__id__":1},"asset":{"__id__":0},"fileId":"3bgqztR3VC9LGeP4LPRzp1"},"_contentSize":{"__type__":"cc.Size","width":96,"height":96},"_scale":{"__type__":"cc.Vec3","x":1,"y":1,"z":1}},{"__type__":"cc.Node","_name":"Label_GameName","_parent":{"__id__":32},"_level":2,"_components":[{"__type__":"cc.Label","node":{"__id__":34},"_srcBlendFactor":1,"_useOriginalSize":false,"_string":"天之命","_N$string":"天之命","_fontSize":16,"_N$horizontalAlign":1,"_N$verticalAlign":1}],"_prefab":{"__type__":"cc.PrefabInfo","root":{"__id__":1},"asset":{"__id__":0},"fileId":"d4yIpN0ohBioA8/puub5QO"},"_contentSize":{"__type__":"cc.Size","width":48,"height":40},"_position":{"__type__":"cc.Vec3","y":-70},"_scale":{"__type__":"cc.Vec3","x":1,"y":1,"z":1}},{"__type__":"cc.Node","_name":"9","_parent":{"__id__":6},"_children":[{"__id__":36},{"__id__":37}],"_active":false,"_level":1,"_components":[{"__type__":"cc.Sprite","node":{"__id__":35}}],"_prefab":{"__type__":"cc.PrefabInfo","root":{"__id__":1},"asset":{"__id__":0},"fileId":"b8RXwWcEtB96fCZe0IqWPE"},"_contentSize":{"__type__":"cc.Size","width":108,"height":108},"_position":{"__type__":"cc.Vec3","x":532,"y":-100},"_scale":{"__type__":"cc.Vec3","x":1,"y":1,"z":1}},{"__type__":"cc.Node","_name":"icon","_parent":{"__id__":35},"_level":2,"_components":[{"__type__":"cc.Sprite","node":{"__id__":36},"_sizeMode":0},{"__type__":"cc.Button","node":{"__id__":36}}],"_prefab":{"__type__":"cc.PrefabInfo","root":{"__id__":1},"asset":{"__id__":0},"fileId":"09YUrco/5L5Y275liDnM0i"},"_contentSize":{"__type__":"cc.Size","width":96,"height":96},"_scale":{"__type__":"cc.Vec3","x":1,"y":1,"z":1}},{"__type__":"cc.Node","_name":"Label_GameName","_parent":{"__id__":35},"_level":2,"_components":[{"__type__":"cc.Label","node":{"__id__":37},"_srcBlendFactor":1,"_useOriginalSize":false,"_string":"全民抢滩","_N$string":"全民抢滩","_fontSize":16,"_N$horizontalAlign":1,"_N$verticalAlign":1}],"_prefab":{"__type__":"cc.PrefabInfo","root":{"__id__":1},"asset":{"__id__":0},"fileId":"dcnj8ANURIsqFtmzG0IdlE"},"_contentSize":{"__type__":"cc.Size","width":64,"height":40},"_position":{"__type__":"cc.Vec3","y":-70},"_scale":{"__type__":"cc.Vec3","x":1,"y":1,"z":1}}],{"__type__":"cc.SpriteFrame","content":{"name":"SanGuoMengJiang","texture":"fcd3YD3PpPW5i3h0iiY6Vm","rect":[0,0,96,96],"offset":[0,0],"originalSize":[96,96],"capInsets":[0,0,0,0]}}]