[{"__type__":"cc.SpriteFrame","content":{"name":"tp_furnaceBtnBg","texture":"9cltjuT7lMS45+CAIHTvAj","rect":[0,0,237,53],"offset":[0,0],"originalSize":[237,53],"capInsets":[0,0,0,0]}},{"__type__":"cc.SpriteFrame","content":{"name":"Sprite_MaterialFrame","texture":"06Phm32UxNWo1AX8hrIqnO","rect":[0,0,661,699],"offset":[0,0],"originalSize":[661,699],"capInsets":[0,0,0,0]}},{"__type__":"cc.SpriteFrame","content":{"name":"Sprite_GetLabel","texture":"65+6vLJr5PpLwvgW3BmfI5","rect":[0,0,134,40],"offset":[-35.5,0],"originalSize":[205,40],"capInsets":[0,0,0,0]}},{"__type__":"cc.SpriteFrame","content":{"name":"tp_PureColorBg","texture":"a8Anh32NZGRZegUtSgEj26","rect":[0,0,2,2],"offset":[0,0],"originalSize":[2,2],"capInsets":[0,0,0,0]}},{"__type__":"cc.SpriteFrame","content":{"name":"tp_materialReturn","texture":"9dC6ZKAuhCJJYr7XEmqK94","rect":[17,3,72,25],"offset":[-0.5,0],"originalSize":[107,31],"capInsets":[0,0,0,0]}},{"__type__":"cc.SpriteFrame","content":{"name":"tp_furnaceFrame","texture":"29HkoorkVNOoKrxITn6Zgd","rect":[0,0,738,331],"offset":[0,0],"originalSize":[738,331],"capInsets":[0,160,0,110]}},[{"__type__":"cc.Prefab","_name":"ShowMaterialPage","data":{"__id__":1}},{"__type__":"cc.Node","_name":"ShowMaterialPage","_children":[{"__id__":2},{"__id__":3}],"_level":1,"_components":[{"__type__":"6566exIFa1FTLW9s2NK6wBJ","node":{"__id__":1},"Btn_MaterialReturn":{"__id__":17},"Btn_MaterialADS":{"__id__":19},"m_MaterialFrame":{"__id__":4}}],"_prefab":{"__type__":"cc.PrefabInfo","root":{"__id__":1},"asset":{"__uuid__":"92mS+PeVxCq5xcex0Ghlmk"},"fileId":"4cRb6QkiJN+pHTsRbad01H"},"_scale":{"__type__":"cc.Vec3","x":1,"y":1,"z":1}},{"__type__":"cc.Node","_name":"PureColorBg","_parent":{"__id__":1},"_components":[{"__type__":"cc.Sprite","node":{"__id__":2},"_spriteFrame":{"__uuid__":"41D7kWhyFGY7q4NDlzkazn"},"_sizeMode":0},{"__type__":"cc.BlockInputEvents","node":{"__id__":2}}],"_prefab":{"__type__":"cc.PrefabInfo","root":{"__id__":1},"asset":{"__uuid__":"92mS+PeVxCq5xcex0Ghlmk"},"fileId":"30wlrtqUpLJ7ZP/bNhmZRM"},"_opacity":200,"_color":{"__type__":"cc.Color"},"_contentSize":{"__type__":"cc.Size","width":750,"height":1050},"_position":{"__type__":"cc.Vec3","y":-40},"_scale":{"__type__":"cc.Vec3","x":1,"y":1,"z":1}},{"__type__":"cc.Node","_name":"Material","_parent":{"__id__":1},"_children":[{"__id__":4},{"__id__":17},{"__id__":19}],"_components":[{"__type__":"cc.Sprite","node":{"__id__":3},"_spriteFrame":{"__uuid__":"8aDIiYn6tE/ok+yjZebrIk"},"_type":1,"_sizeMode":0}],"_prefab":{"__type__":"cc.PrefabInfo","root":{"__id__":1},"asset":{"__uuid__":"92mS+PeVxCq5xcex0Ghlmk"},"fileId":"61qJlyvedNMavnHV60ohhi"},"_contentSize":{"__type__":"cc.Size","width":738,"height":850},"_position":{"__type__":"cc.Vec3","y":36},"_scale":{"__type__":"cc.Vec3","x":1,"y":1,"z":1}},{"__type__":"cc.Node","_name":"MaterialFrame","_parent":{"__id__":3},"_children":[{"__id__":5},{"__id__":6},{"__id__":7},{"__id__":8},{"__id__":9},{"__id__":10},{"__id__":11},{"__id__":12},{"__id__":13},{"__id__":14},{"__id__":15},{"__id__":16}],"_components":[{"__type__":"cc.Sprite","node":{"__id__":4},"_spriteFrame":{"__uuid__":"32xKI1yehBNpg5R3WG/dqf"}}],"_prefab":{"__type__":"cc.PrefabInfo","root":{"__id__":1},"asset":{"__uuid__":"92mS+PeVxCq5xcex0Ghlmk"},"fileId":"cdFbm2QmNGJq80y0kp08nD"},"_contentSize":{"__type__":"cc.Size","width":661,"height":699},"_position":{"__type__":"cc.Vec3","y":48},"_scale":{"__type__":"cc.Vec3","x":1,"y":1,"z":1}},{"__type__":"cc.Node","_name":"Label_NeedGold1","_parent":{"__id__":4},"_components":[{"__type__":"cc.Label","node":{"__id__":5},"_useOriginalSize":false,"_string":"999.9K","_N$string":"999.9K","_fontSize":30,"_lineHeight":30,"_N$file":{"__uuid__":"a8AMqLPN5L1r6hCzor5gub"},"_isSystemFontUsed":false,"_spacingX":-9,"_N$horizontalAlign":1,"_N$verticalAlign":1}],"_prefab":{"__type__":"cc.PrefabInfo","root":{"__id__":1},"asset":{"__uuid__":"92mS+PeVxCq5xcex0Ghlmk"},"fileId":"dd/VlxAvxBcbqheHY59aNC"},"_contentSize":{"__type__":"cc.Size","width":123.75,"height":28.13},"_position":{"__type__":"cc.Vec3","x":-191,"y":70},"_scale":{"__type__":"cc.Vec3","x":1.5,"y":1.5,"z":1}},{"__type__":"cc.Node","_name":"Label_NeedGold2","_parent":{"__id__":4},"_components":[{"__type__":"cc.Label","node":{"__id__":6},"_useOriginalSize":false,"_string":"999.9K","_N$string":"999.9K","_fontSize":30,"_lineHeight":30,"_N$file":{"__uuid__":"a8AMqLPN5L1r6hCzor5gub"},"_isSystemFontUsed":false,"_spacingX":-9,"_N$horizontalAlign":1,"_N$verticalAlign":1}],"_prefab":{"__type__":"cc.PrefabInfo","root":{"__id__":1},"asset":{"__uuid__":"92mS+PeVxCq5xcex0Ghlmk"},"fileId":"84pyYN2K5BIo8b++rR5wnA"},"_contentSize":{"__type__":"cc.Size","width":123.75,"height":28.13},"_position":{"__type__":"cc.Vec3","x":-6,"y":70},"_scale":{"__type__":"cc.Vec3","x":1.5,"y":1.5,"z":1}},{"__type__":"cc.Node","_name":"Label_NeedGold3","_parent":{"__id__":4},"_components":[{"__type__":"cc.Label","node":{"__id__":7},"_useOriginalSize":false,"_string":"999.9K","_N$string":"999.9K","_fontSize":30,"_lineHeight":30,"_N$file":{"__uuid__":"a8AMqLPN5L1r6hCzor5gub"},"_isSystemFontUsed":false,"_spacingX":-10,"_N$horizontalAlign":1,"_N$verticalAlign":1}],"_prefab":{"__type__":"cc.PrefabInfo","root":{"__id__":1},"asset":{"__uuid__":"92mS+PeVxCq5xcex0Ghlmk"},"fileId":"109BWPzDdDp4Qlz8K+7DAd"},"_contentSize":{"__type__":"cc.Size","width":118.75,"height":28.13},"_position":{"__type__":"cc.Vec3","x":167,"y":70},"_scale":{"__type__":"cc.Vec3","x":1.5,"y":1.5,"z":1}},{"__type__":"cc.Node","_name":"Label_LackGold1","_parent":{"__id__":4},"_components":[{"__type__":"cc.Label","node":{"__id__":8},"_useOriginalSize":false,"_string":"999.9K","_N$string":"999.9K","_fontSize":30,"_lineHeight":30,"_N$file":{"__uuid__":"a8AMqLPN5L1r6hCzor5gub"},"_isSystemFontUsed":false,"_spacingX":-9,"_N$horizontalAlign":1,"_N$verticalAlign":1}],"_prefab":{"__type__":"cc.PrefabInfo","root":{"__id__":1},"asset":{"__uuid__":"92mS+PeVxCq5xcex0Ghlmk"},"fileId":"4d4oNoC7FHlY8V3+WNSn5S"},"_contentSize":{"__type__":"cc.Size","width":123.75,"height":28.13},"_position":{"__type__":"cc.Vec3","x":-191,"y":-184},"_scale":{"__type__":"cc.Vec3","x":1.5,"y":1.5,"z":1}},{"__type__":"cc.Node","_name":"Label_LackGold2","_parent":{"__id__":4},"_components":[{"__type__":"cc.Label","node":{"__id__":9},"_useOriginalSize":false,"_string":"999.9K","_N$string":"999.9K","_fontSize":30,"_lineHeight":30,"_N$file":{"__uuid__":"a8AMqLPN5L1r6hCzor5gub"},"_isSystemFontUsed":false,"_spacingX":-9,"_N$horizontalAlign":1,"_N$verticalAlign":1}],"_prefab":{"__type__":"cc.PrefabInfo","root":{"__id__":1},"asset":{"__uuid__":"92mS+PeVxCq5xcex0Ghlmk"},"fileId":"a07OTPPk9Cgp8s6MLZ8Ui6"},"_contentSize":{"__type__":"cc.Size","width":123.75,"height":28.13},"_position":{"__type__":"cc.Vec3","x":2,"y":-184},"_scale":{"__type__":"cc.Vec3","x":1.5,"y":1.5,"z":1}},{"__type__":"cc.Node","_name":"Label_LackGold3","_parent":{"__id__":4},"_components":[{"__type__":"cc.Label","node":{"__id__":10},"_useOriginalSize":false,"_string":"999.9K","_N$string":"999.9K","_fontSize":30,"_lineHeight":30,"_N$file":{"__uuid__":"a8AMqLPN5L1r6hCzor5gub"},"_isSystemFontUsed":false,"_spacingX":-9,"_N$horizontalAlign":1,"_N$verticalAlign":1}],"_prefab":{"__type__":"cc.PrefabInfo","root":{"__id__":1},"asset":{"__uuid__":"92mS+PeVxCq5xcex0Ghlmk"},"fileId":"0eOF6fNNVLnIp5rwiy4yO+"},"_contentSize":{"__type__":"cc.Size","width":123.75,"height":28.13},"_position":{"__type__":"cc.Vec3","x":185,"y":-184},"_scale":{"__type__":"cc.Vec3","x":1.5,"y":1.5,"z":1}},{"__type__":"cc.Node","_name":"GOU_1","_parent":{"__id__":4},"_components":[{"__type__":"cc.Sprite","node":{"__id__":11},"_spriteFrame":{"__uuid__":"a9L1e/+FhO/6RssfFwpEz2"}}],"_prefab":{"__type__":"cc.PrefabInfo","root":{"__id__":1},"asset":{"__uuid__":"92mS+PeVxCq5xcex0Ghlmk"},"fileId":"bcSjWTvy5HNIj+q4FZvru1"},"_contentSize":{"__type__":"cc.Size","width":34,"height":33},"_position":{"__type__":"cc.Vec3","x":-191,"y":22},"_scale":{"__type__":"cc.Vec3","x":1.5,"y":1.5,"z":1}},{"__type__":"cc.Node","_name":"GOU_2","_parent":{"__id__":4},"_components":[{"__type__":"cc.Sprite","node":{"__id__":12},"_spriteFrame":{"__uuid__":"a9L1e/+FhO/6RssfFwpEz2"}}],"_prefab":{"__type__":"cc.PrefabInfo","root":{"__id__":1},"asset":{"__uuid__":"92mS+PeVxCq5xcex0Ghlmk"},"fileId":"799y1/51ZAII2wl9Gh3Jvz"},"_contentSize":{"__type__":"cc.Size","width":34,"height":33},"_position":{"__type__":"cc.Vec3","x":-6,"y":22},"_scale":{"__type__":"cc.Vec3","x":1.5,"y":1.5,"z":1}},{"__type__":"cc.Node","_name":"GOU_3","_parent":{"__id__":4},"_components":[{"__type__":"cc.Sprite","node":{"__id__":13},"_spriteFrame":{"__uuid__":"a9L1e/+FhO/6RssfFwpEz2"}}],"_prefab":{"__type__":"cc.PrefabInfo","root":{"__id__":1},"asset":{"__uuid__":"92mS+PeVxCq5xcex0Ghlmk"},"fileId":"0956wrF/ZIdKG/rAGT0viD"},"_contentSize":{"__type__":"cc.Size","width":34,"height":33},"_position":{"__type__":"cc.Vec3","x":167,"y":22},"_scale":{"__type__":"cc.Vec3","x":1.5,"y":1.5,"z":1}},{"__type__":"cc.Node","_name":"cuo_1","_parent":{"__id__":4},"_components":[{"__type__":"cc.Sprite","node":{"__id__":14},"_spriteFrame":{"__uuid__":"c1/Brb9XtHx47/eWrWI79t"}}],"_prefab":{"__type__":"cc.PrefabInfo","root":{"__id__":1},"asset":{"__uuid__":"92mS+PeVxCq5xcex0Ghlmk"},"fileId":"afOiMReo9BOogCHhrzjlAh"},"_contentSize":{"__type__":"cc.Size","width":32,"height":27},"_position":{"__type__":"cc.Vec3","x":-191,"y":22},"_scale":{"__type__":"cc.Vec3","x":1.5,"y":1.5,"z":1}},{"__type__":"cc.Node","_name":"cuo_2","_parent":{"__id__":4},"_components":[{"__type__":"cc.Sprite","node":{"__id__":15},"_spriteFrame":{"__uuid__":"c1/Brb9XtHx47/eWrWI79t"}}],"_prefab":{"__type__":"cc.PrefabInfo","root":{"__id__":1},"asset":{"__uuid__":"92mS+PeVxCq5xcex0Ghlmk"},"fileId":"afKHdqmDpC2rtS9InTC1gV"},"_contentSize":{"__type__":"cc.Size","width":32,"height":27},"_position":{"__type__":"cc.Vec3","x":-6,"y":22},"_scale":{"__type__":"cc.Vec3","x":1.5,"y":1.5,"z":1}},{"__type__":"cc.Node","_name":"cuo_3","_parent":{"__id__":4},"_components":[{"__type__":"cc.Sprite","node":{"__id__":16},"_spriteFrame":{"__uuid__":"c1/Brb9XtHx47/eWrWI79t"}}],"_prefab":{"__type__":"cc.PrefabInfo","root":{"__id__":1},"asset":{"__uuid__":"92mS+PeVxCq5xcex0Ghlmk"},"fileId":"4cWKsA4iVCuoWKuXSobONz"},"_contentSize":{"__type__":"cc.Size","width":32,"height":27},"_position":{"__type__":"cc.Vec3","x":167,"y":22},"_scale":{"__type__":"cc.Vec3","x":1.5,"y":1.5,"z":1}},{"__type__":"cc.Node","_name":"Btn_MaterialReturn","_parent":{"__id__":3},"_children":[{"__id__":18}],"_components":[{"__type__":"cc.Sprite","node":{"__id__":17},"_spriteFrame":{"__uuid__":"24g8X3rmhGibsIQaSEWa8E"}},{"__type__":"cc.Button","node":{"__id__":17},"_N$target":{"__id__":17}}],"_prefab":{"__type__":"cc.PrefabInfo","root":{"__id__":1},"asset":{"__uuid__":"92mS+PeVxCq5xcex0Ghlmk"},"fileId":"7437m3mlZCArbrFDMr1vOj"},"_contentSize":{"__type__":"cc.Size","width":237,"height":53},"_position":{"__type__":"cc.Vec3","x":-176,"y":-374},"_scale":{"__type__":"cc.Vec3","x":1,"y":1,"z":1}},{"__type__":"cc.Node","_name":"tp_materialReturn","_parent":{"__id__":17},"_components":[{"__type__":"cc.Sprite","node":{"__id__":18},"_spriteFrame":{"__uuid__":"70sNS+EAhOwKOgGixi8uJb"}}],"_prefab":{"__type__":"cc.PrefabInfo","root":{"__id__":1},"asset":{"__uuid__":"92mS+PeVxCq5xcex0Ghlmk"},"fileId":"06K0q2/y1F3bB5He2VA0FE"},"_contentSize":{"__type__":"cc.Size","width":72,"height":25},"_scale":{"__type__":"cc.Vec3","x":1,"y":1,"z":1}},{"__type__":"cc.Node","_name":"Btn_MateriaADS","_parent":{"__id__":3},"_children":[{"__id__":20}],"_components":[{"__type__":"cc.Sprite","node":{"__id__":19},"_spriteFrame":{"__uuid__":"24g8X3rmhGibsIQaSEWa8E"}},{"__type__":"cc.Button","node":{"__id__":19}}],"_prefab":{"__type__":"cc.PrefabInfo","root":{"__id__":1},"asset":{"__uuid__":"92mS+PeVxCq5xcex0Ghlmk"},"fileId":"e0Oy5+eYxIkrrYY4vPAcXV"},"_contentSize":{"__type__":"cc.Size","width":237,"height":53},"_position":{"__type__":"cc.Vec3","x":178,"y":-374},"_scale":{"__type__":"cc.Vec3","x":1,"y":1,"z":1}},{"__type__":"cc.Node","_name":"Sprite_DoubleGet","_parent":{"__id__":19},"_level":1,"_components":[{"__type__":"cc.Sprite","node":{"__id__":20},"_spriteFrame":{"__uuid__":"3ftb3FtKVCvK3JsEDz1m/T"}}],"_prefab":{"__type__":"cc.PrefabInfo","root":{"__id__":1},"asset":{"__uuid__":"92mS+PeVxCq5xcex0Ghlmk"},"fileId":"6diyoKk/VJGbJ7UEqFJ9ZG"},"_contentSize":{"__type__":"cc.Size","width":205,"height":40},"_scale":{"__type__":"cc.Vec3","x":1,"y":1,"z":1}}],{"__type__":"cc.SpriteFrame","content":{"name":"GOU","texture":"dbmjk6s0JBqLhSHjpxnK6n","rect":[0,0,34,33],"offset":[0,0],"originalSize":[34,33],"capInsets":[0,0,0,0]}},{"__type__":"cc.SpriteFrame","content":{"name":"cuo","texture":"27gl+MWCNPuKGdnzc2nCCO","rect":[0,0,32,27],"offset":[0,0],"originalSize":[32,27],"capInsets":[0,0,0,0]}}]