[{"__type__":"cc.SpriteFrame","content":{"name":"04","texture":"cdQG6Y3ElBcL2exqMS+HwD","rect":[0,0,168,168],"offset":[0,0],"originalSize":[168,168],"capInsets":[0,0,0,0]}},{"__type__":"cc.SpriteFrame","content":{"name":"Sprite_FingerSlice","texture":"b2dqkt1oNKaJMxQkxGi9EK","rect":[0,0,113,81],"offset":[0,0],"originalSize":[113,81],"capInsets":[0,0,0,0]}},[{"__type__":"cc.Prefab","_name":"Click","data":{"__id__":1}},{"__type__":"cc.Node","_name":"Click","_children":[{"__id__":2},{"__id__":3}],"_level":1,"_components":[{"__type__":"cc.Animation","node":{"__id__":1},"_clips":[{"__uuid__":"94wJmGt+dPNpI06uhXwzCY"}]}],"_prefab":{"__type__":"cc.PrefabInfo","root":{"__id__":1},"asset":{"__id__":0},"fileId":"7b+1fiM2VEu5frDQkk0AyN"},"_scale":{"__type__":"cc.Vec3","x":1,"y":1,"z":1}},{"__type__":"cc.Node","_name":"04","_parent":{"__id__":1},"_level":2,"_components":[{"__type__":"cc.Sprite","node":{"__id__":2},"_spriteFrame":{"__uuid__":"4fqjHk5QpKXb5+6vNInJRZ"}}],"_prefab":{"__type__":"cc.PrefabInfo","root":{"__id__":1},"asset":{"__id__":0},"fileId":"f6V0eaz05I/YW2vWiFk+cj"},"_opacity":150,"_contentSize":{"__type__":"cc.Size","width":168,"height":168},"_position":{"__type__":"cc.Vec3","x":-52,"y":17},"_scale":{"__type__":"cc.Vec3","x":0.63,"y":0.63,"z":1}},{"__type__":"cc.Node","_name":"Sprite_FingerSlice","_parent":{"__id__":1},"_level":2,"_components":[{"__type__":"cc.Sprite","node":{"__id__":3},"_spriteFrame":{"__uuid__":"bfqMO7nwVGwrTL1zsPch6h"}}],"_prefab":{"__type__":"cc.PrefabInfo","root":{"__id__":1},"asset":{"__id__":0},"fileId":"46742nbHVPA6yU8os35Ggm"},"_contentSize":{"__type__":"cc.Size","width":113,"height":81},"_scale":{"__type__":"cc.Vec3","x":1,"y":1,"z":1}}]]