[{"__type__":"cc.SpriteFrame","content":{"name":"yz04_03","texture":"ddEU51RQ9N7JY1XdUBHewT","rect":[0,0,65,36],"offset":[0,0],"originalSize":[65,36],"capInsets":[0,0,0,0]}},{"__type__":"cc.SpriteFrame","content":{"name":"yz04_06","texture":"ac74iLjutOlZ54lQT8n2xp","rect":[0,0,53,49],"offset":[0,0],"originalSize":[53,49],"capInsets":[0,0,0,0]}},{"__type__":"cc.SpriteFrame","content":{"name":"yz05_02","texture":"90vs6leSRAoIyv41Dmyr7s","rect":[0,0,32,15],"offset":[0,0],"originalSize":[32,15],"capInsets":[0,0,0,0]}},{"__type__":"cc.SpriteFrame","content":{"name":"yz04_12","texture":"abPLhZDzFNVqa8z09CjdP0","rect":[0,0,8,18],"offset":[0,0],"originalSize":[8,18],"capInsets":[0,0,0,0]}},{"__type__":"cc.SpriteFrame","content":{"name":"yz04_11","texture":"8ez1spPFVFq6WcMERxw0bi","rect":[0,0,9,19],"offset":[0,0],"originalSize":[9,19],"capInsets":[0,0,0,0]}},{"__type__":"cc.SpriteFrame","content":{"name":"yz04_05","texture":"dczVzP4iNAnJjuibst/lXx","rect":[0,0,33,15],"offset":[0,0],"originalSize":[33,15],"capInsets":[0,0,0,0]}},{"__type__":"cc.SpriteFrame","content":{"name":"a","texture":"167cc1GfZOeYQjrmlSsHJ1","rect":[0,0,54,11],"offset":[0,0],"originalSize":[54,11],"capInsets":[0,0,0,0]}},{"__type__":"cc.SpriteFrame","content":{"name":"yz05_05","texture":"c9FvJGEYRCJZeAfvi+4T77","rect":[0,0,34,33],"offset":[0,0],"originalSize":[34,33],"capInsets":[0,0,0,0]}},{"__type__":"cc.SpriteFrame","content":{"name":"yz04_01","texture":"38D5kYH6dPeb3G9PMmJalG","rect":[0,0,15,14],"offset":[0,0],"originalSize":[15,14],"capInsets":[0,0,0,0]}},{"__type__":"cc.SpriteFrame","content":{"name":"yz05_03","texture":"07pav+/k9A76eqCwpLSikK","rect":[0,0,93,55],"offset":[0,0],"originalSize":[93,55],"capInsets":[0,0,0,0]}},{"__type__":"cc.SpriteFrame","content":{"name":"yz05_06","texture":"deeqs4gaFOiK3O5geGw2zQ","rect":[0,0,16,10],"offset":[0,0],"originalSize":[16,10],"capInsets":[0,0,0,0]}},[{"__type__":"cc.Prefab","_name":"100004","data":{"__id__":1}},{"__type__":"cc.Node","_name":"100004","_children":[{"__id__":2},{"__id__":3},{"__id__":4},{"__id__":20}],"_level":1,"_components":[{"__type__":"cc.Animation","node":{"__id__":1},"_clips":[{"__uuid__":"2csLjJNLxKS5KMGgE66yTm"},{"__uuid__":"69/7DKAJdIQ6IgsIegdqa2"},{"__uuid__":"bdMDmzJ6ZHYo1fLqIFtlCa"},{"__uuid__":"a9xAQ8yBBBd5vKGP06f/1F"}]},{"__type__":"4617f87H3dArpZLFLY7Qcdl","node":{"__id__":1},"m_HpNode":{"__id__":22},"m_HpBg":{"__id__":21},"Label_BeAtk":{"__id__":27},"Label_Name":{"__id__":26},"Label_Level":{"__id__":24},"m_Equipment":{"__uuid__":"69SlLHo5ZFgrwk5vfxrhy3"}}],"_prefab":{"__type__":"cc.PrefabInfo","root":{"__id__":1},"asset":{"__uuid__":"c4OueonYxKg7bbHNtSUDyu"},"fileId":"54BtYdcT5G2pn8NJx17x6J"},"_color":{"__type__":"cc.Color","r":250,"g":250,"b":250},"_position":{"__type__":"cc.Vec3","x":-50,"y":1023},"_scale":{"__type__":"cc.Vec3","x":1,"y":1,"z":1}},{"__type__":"cc.Node","_name":"a","_parent":{"__id__":1},"_active":false,"_components":[{"__type__":"cc.Sprite","node":{"__id__":2},"_spriteFrame":{"__uuid__":"5f7aAAVqFMraYmnnMbxHrz"}}],"_prefab":{"__type__":"cc.PrefabInfo","root":{"__id__":1},"asset":{"__uuid__":"c4OueonYxKg7bbHNtSUDyu"},"fileId":"bc5GhUE0dMTp3l8wzzRXlH"},"_contentSize":{"__type__":"cc.Size","width":54,"height":11},"_position":{"__type__":"cc.Vec3","y":-37},"_scale":{"__type__":"cc.Vec3","x":1,"y":1,"z":1}},{"__type__":"cc.Node","_name":"yz05_08","_parent":{"__id__":1},"_components":[{"__type__":"cc.Sprite","node":{"__id__":3},"_spriteFrame":{"__uuid__":"ca/mR8Wx1O0K5Mf5dgkDMf"}}],"_prefab":{"__type__":"cc.PrefabInfo","root":{"__id__":1},"asset":{"__uuid__":"c4OueonYxKg7bbHNtSUDyu"},"fileId":"2amcL6MP5Csb+BMKawaiZJ"},"_contentSize":{"__type__":"cc.Size","width":20,"height":17},"_position":{"__type__":"cc.Vec3","x":19.8,"y":6},"_scale":{"__type__":"cc.Vec3","x":1,"y":1,"z":1}},{"__type__":"cc.Node","_name":"yz04","_parent":{"__id__":1},"_children":[{"__id__":5},{"__id__":6},{"__id__":7},{"__id__":8},{"__id__":9},{"__id__":10},{"__id__":11},{"__id__":12},{"__id__":19}],"_prefab":{"__type__":"cc.PrefabInfo","root":{"__id__":1},"asset":{"__uuid__":"c4OueonYxKg7bbHNtSUDyu"},"fileId":"51/37ce9xCrp2OtMVvLSNf"},"_position":{"__type__":"cc.Vec3","x":2.5,"y":-33},"_scale":{"__type__":"cc.Vec3","x":1,"y":1,"z":1}},{"__type__":"cc.Node","_name":"yz04_13","_parent":{"__id__":4},"_components":[{"__type__":"cc.Sprite","node":{"__id__":5},"_spriteFrame":{"__uuid__":"d5qdMfSJBEMoZWNRNqQhP1"}}],"_prefab":{"__type__":"cc.PrefabInfo","root":{"__id__":1},"asset":{"__uuid__":"c4OueonYxKg7bbHNtSUDyu"},"fileId":"22aHz1aJZLX5HRqINJUh3v"},"_opacity":221.00000000000003,"_contentSize":{"__type__":"cc.Size","width":97,"height":70},"_anchorPoint":{"__type__":"cc.Vec2","x":0.8926560225407213,"y":0.8216896663508735},"_position":{"__type__":"cc.Vec3","x":25.2,"y":56.9},"_scale":{"__type__":"cc.Vec3","x":1,"y":1,"z":1}},{"__type__":"cc.Node","_name":"yz04_09","_parent":{"__id__":4},"_components":[{"__type__":"cc.Sprite","node":{"__id__":6},"_spriteFrame":{"__uuid__":"85XdkWluVPYb0hlldNSMqI"}}],"_prefab":{"__type__":"cc.PrefabInfo","root":{"__id__":1},"asset":{"__uuid__":"c4OueonYxKg7bbHNtSUDyu"},"fileId":"ddIMsytkxBpLneYgHBYOsJ"},"_contentSize":{"__type__":"cc.Size","width":16,"height":10},"_anchorPoint":{"__type__":"cc.Vec2","x":0.4125033893605845,"y":0.7677396285566123},"_position":{"__type__":"cc.Vec3","x":16.8,"y":48.5},"_scale":{"__type__":"cc.Vec3","x":1,"y":1,"z":1},"_rotationX":-44,"_rotationY":-44,"_quat":{"__type__":"cc.Quat","z":0.374606593415912,"w":0.9271838545667874}},{"__type__":"cc.Node","_name":"yz04_10","_parent":{"__id__":4},"_components":[{"__type__":"cc.Sprite","node":{"__id__":7},"_spriteFrame":{"__uuid__":"dbBoilQoVMmpVXqjrl3sqn"}}],"_prefab":{"__type__":"cc.PrefabInfo","root":{"__id__":1},"asset":{"__uuid__":"c4OueonYxKg7bbHNtSUDyu"},"fileId":"4fYueN61pJz5/SObaCtM8u"},"_contentSize":{"__type__":"cc.Size","width":72,"height":29},"_anchorPoint":{"__type__":"cc.Vec2","x":0.5306238137237956,"y":0.13070396061156897},"_position":{"__type__":"cc.Vec3","x":-3.4,"y":41.8},"_scale":{"__type__":"cc.Vec3","x":1,"y":1,"z":1}},{"__type__":"cc.Node","_name":"yz04_11","_parent":{"__id__":4},"_components":[{"__type__":"cc.Sprite","node":{"__id__":8},"_spriteFrame":{"__uuid__":"30wQEgxJRAa7qHSrG9p/Ys"}}],"_prefab":{"__type__":"cc.PrefabInfo","root":{"__id__":1},"asset":{"__uuid__":"c4OueonYxKg7bbHNtSUDyu"},"fileId":"b25Op2/k9IOolsd7xiFqFI"},"_contentSize":{"__type__":"cc.Size","width":9,"height":19},"_anchorPoint":{"__type__":"cc.Vec2","x":0.4999999999999994,"y":0.8678751446086339},"_position":{"__type__":"cc.Vec3","x":-9.9,"y":16.3},"_scale":{"__type__":"cc.Vec3","x":1,"y":1,"z":1}},{"__type__":"cc.Node","_name":"yz04_12","_parent":{"__id__":4},"_components":[{"__type__":"cc.Sprite","node":{"__id__":9},"_spriteFrame":{"__uuid__":"1aKZYSjOVIJo8ENYdkPCfc"}}],"_prefab":{"__type__":"cc.PrefabInfo","root":{"__id__":1},"asset":{"__uuid__":"c4OueonYxKg7bbHNtSUDyu"},"fileId":"a8FJVVC0dL5JS0XeWOr2e7"},"_contentSize":{"__type__":"cc.Size","width":8,"height":18},"_anchorPoint":{"__type__":"cc.Vec2","x":0.49999999999999933,"y":0.8883126526424466},"_position":{"__type__":"cc.Vec3","x":7.6,"y":22},"_scale":{"__type__":"cc.Vec3","x":1,"y":1,"z":1}},{"__type__":"cc.Node","_name":"yz04_08","_parent":{"__id__":4},"_components":[{"__type__":"cc.Sprite","node":{"__id__":10},"_spriteFrame":{"__uuid__":"649kpEg8BLrZc3M7JpB+xd"}}],"_prefab":{"__type__":"cc.PrefabInfo","root":{"__id__":1},"asset":{"__uuid__":"c4OueonYxKg7bbHNtSUDyu"},"fileId":"91qzif7FZJGr6G6MXiWGIH"},"_contentSize":{"__type__":"cc.Size","width":34,"height":33},"_anchorPoint":{"__type__":"cc.Vec2","x":0.544998256900271,"y":0.9104386462721694},"_position":{"__type__":"cc.Vec3","x":-1.1,"y":42.3},"_scale":{"__type__":"cc.Vec3","x":1,"y":1,"z":1}},{"__type__":"cc.Node","_name":"yz04_07","_parent":{"__id__":4},"_components":[{"__type__":"cc.Sprite","node":{"__id__":11},"_spriteFrame":{"__uuid__":"d6i7cZbANJLIzRFnerwTnY"}}],"_prefab":{"__type__":"cc.PrefabInfo","root":{"__id__":1},"asset":{"__uuid__":"c4OueonYxKg7bbHNtSUDyu"},"fileId":"a8XssxTqNFYKss8RGPcb/0"},"_contentSize":{"__type__":"cc.Size","width":18,"height":32},"_anchorPoint":{"__type__":"cc.Vec2","x":0.8286829199671966,"y":0.9124840215858173},"_position":{"__type__":"cc.Vec3","x":-14.5,"y":40.3},"_scale":{"__type__":"cc.Vec3","x":1,"y":1,"z":1}},{"__type__":"cc.Node","_name":"tou","_parent":{"__id__":4},"_children":[{"__id__":13},{"__id__":14},{"__id__":15},{"__id__":16},{"__id__":17},{"__id__":18}],"_prefab":{"__type__":"cc.PrefabInfo","root":{"__id__":1},"asset":{"__uuid__":"c4OueonYxKg7bbHNtSUDyu"},"fileId":"409gRv2i5MWqER6NSKtXOp"},"_anchorPoint":{"__type__":"cc.Vec2","x":0.5,"y":1},"_position":{"__type__":"cc.Vec3","y":39.8},"_scale":{"__type__":"cc.Vec3","x":1,"y":1,"z":1}},{"__type__":"cc.Node","_name":"yz04_06","_parent":{"__id__":12},"_components":[{"__type__":"cc.Sprite","node":{"__id__":13},"_spriteFrame":{"__uuid__":"03mX3e4N1FI7JVJgfRvBS7"}}],"_prefab":{"__type__":"cc.PrefabInfo","root":{"__id__":1},"asset":{"__uuid__":"c4OueonYxKg7bbHNtSUDyu"},"fileId":"c8RfNXKadIALpSQyOmHrgK"},"_contentSize":{"__type__":"cc.Size","width":53,"height":49},"_position":{"__type__":"cc.Vec3","x":-6,"y":25},"_scale":{"__type__":"cc.Vec3","x":1,"y":1,"z":1}},{"__type__":"cc.Node","_name":"yz04_03","_parent":{"__id__":12},"_components":[{"__type__":"cc.Sprite","node":{"__id__":14},"_spriteFrame":{"__uuid__":"00STrj3j5K6J/rpXZqhE6o"}}],"_prefab":{"__type__":"cc.PrefabInfo","root":{"__id__":1},"asset":{"__uuid__":"c4OueonYxKg7bbHNtSUDyu"},"fileId":"06MUsckSJDPqvmNRdiIL4H"},"_opacity":0,"_contentSize":{"__type__":"cc.Size","width":65,"height":36},"_anchorPoint":{"__type__":"cc.Vec2","x":0.5145378983831643,"y":0.8762354257494896},"_position":{"__type__":"cc.Vec3","x":-3.9,"y":35.9},"_scale":{"__type__":"cc.Vec3","x":1,"y":1,"z":1}},{"__type__":"cc.Node","_name":"yz04_02","_parent":{"__id__":12},"_components":[{"__type__":"cc.Sprite","node":{"__id__":15},"_spriteFrame":{"__uuid__":"7b4LZoyIVE3osiC2qvKiVL"}}],"_prefab":{"__type__":"cc.PrefabInfo","root":{"__id__":1},"asset":{"__uuid__":"c4OueonYxKg7bbHNtSUDyu"},"fileId":"0cptmZN0FEJrL/w2j4hsLQ"},"_contentSize":{"__type__":"cc.Size","width":93,"height":55},"_anchorPoint":{"__type__":"cc.Vec2","x":0.5237087590119707,"y":0.43127538946140426},"_position":{"__type__":"cc.Vec3","x":-17.5,"y":33.9},"_scale":{"__type__":"cc.Vec3","x":1,"y":1,"z":1}},{"__type__":"cc.Node","_name":"yz04_01","_parent":{"__id__":12},"_components":[{"__type__":"cc.Sprite","node":{"__id__":16},"_spriteFrame":{"__uuid__":"66+c/gkx5LD7HrCOmK6p3X"}}],"_prefab":{"__type__":"cc.PrefabInfo","root":{"__id__":1},"asset":{"__uuid__":"c4OueonYxKg7bbHNtSUDyu"},"fileId":"07yxviczNEKowbQQstN+d9"},"_contentSize":{"__type__":"cc.Size","width":15,"height":14},"_anchorPoint":{"__type__":"cc.Vec2","x":0.7939886117484374,"y":0.45500174309972863},"_position":{"__type__":"cc.Vec3","x":-31.7,"y":15.7},"_scale":{"__type__":"cc.Vec3","x":1,"y":1,"z":1}},{"__type__":"cc.Node","_name":"yz04_04","_parent":{"__id__":12},"_components":[{"__type__":"cc.Sprite","node":{"__id__":17},"_spriteFrame":{"__uuid__":"14jvm3CYRDcb3p7xXBlG2K"}}],"_prefab":{"__type__":"cc.PrefabInfo","root":{"__id__":1},"asset":{"__uuid__":"c4OueonYxKg7bbHNtSUDyu"},"fileId":"b4Ryx9FZZP459+6/w3GIF8"},"_contentSize":{"__type__":"cc.Size","width":32,"height":15},"_position":{"__type__":"cc.Vec3","y":18.1},"_scale":{"__type__":"cc.Vec3","x":1,"y":1,"z":1}},{"__type__":"cc.Node","_name":"yz05_01","_parent":{"__id__":12},"_components":[{"__type__":"cc.Sprite","node":{"__id__":18},"_spriteFrame":{"__uuid__":"faD6sKDR9ONo2buUwfAdQW"}}],"_prefab":{"__type__":"cc.PrefabInfo","root":{"__id__":1},"asset":{"__uuid__":"c4OueonYxKg7bbHNtSUDyu"},"fileId":"68UEd3LT5BX5yTDolSLbwh"},"_contentSize":{"__type__":"cc.Size","width":74,"height":67},"_position":{"__type__":"cc.Vec3","x":-5.5,"y":41.9},"_scale":{"__type__":"cc.Vec3","x":1,"y":1,"z":1}},{"__type__":"cc.Node","_name":"yz04_05","_parent":{"__id__":4},"_components":[{"__type__":"cc.Sprite","node":{"__id__":19},"_spriteFrame":{"__uuid__":"4fji2p1+FGlbY+/QGLUshA"}}],"_prefab":{"__type__":"cc.PrefabInfo","root":{"__id__":1},"asset":{"__uuid__":"c4OueonYxKg7bbHNtSUDyu"},"fileId":"46DJcNR9FOE6rgctSX7e/A"},"_contentSize":{"__type__":"cc.Size","width":33,"height":15},"_position":{"__type__":"cc.Vec3","x":-2.2,"y":37.7},"_scale":{"__type__":"cc.Vec3","x":1,"y":1,"z":1},"_rotationX":3.6000000000000014,"_rotationY":3.6000000000000014,"_quat":{"__type__":"cc.Quat","z":-0.0314107590781283,"w":0.9995065603657316}},{"__type__":"cc.Node","_name":"MonsterInfoShow","_parent":{"__id__":1},"_children":[{"__id__":21},{"__id__":22},{"__id__":23},{"__id__":25},{"__id__":27}],"_level":2,"_prefab":{"__type__":"cc.PrefabInfo","root":{"__id__":1},"asset":{"__uuid__":"c4OueonYxKg7bbHNtSUDyu"},"fileId":"388YtjHktMrb4MgAD0+GQa"},"_scale":{"__type__":"cc.Vec3","x":1,"y":1,"z":1}},{"__type__":"cc.Node","_name":"HpBg","_parent":{"__id__":20},"_components":[{"__type__":"cc.Sprite","node":{"__id__":21},"_spriteFrame":{"__uuid__":"f1NJNkWidMSotPy+CHF296"},"_sizeMode":0}],"_prefab":{"__type__":"cc.PrefabInfo","root":{"__id__":1},"asset":{"__uuid__":"c4OueonYxKg7bbHNtSUDyu"},"fileId":"d1L68S31NFMLT2XloD3wfx"},"_contentSize":{"__type__":"cc.Size","width":97,"height":10},"_anchorPoint":{"__type__":"cc.Vec2","y":0.5},"_position":{"__type__":"cc.Vec3","x":-48.9,"y":94},"_scale":{"__type__":"cc.Vec3","x":1,"y":1,"z":1}},{"__type__":"cc.Node","_name":"Hp","_parent":{"__id__":20},"_components":[{"__type__":"cc.Sprite","node":{"__id__":22},"_spriteFrame":{"__uuid__":"c4iQnAOfxI36ExvzHWBhV0"},"_sizeMode":0}],"_prefab":{"__type__":"cc.PrefabInfo","root":{"__id__":1},"asset":{"__uuid__":"c4OueonYxKg7bbHNtSUDyu"},"fileId":"5cqtieroJFeIs/zIxPokhg"},"_contentSize":{"__type__":"cc.Size","width":97,"height":8},"_anchorPoint":{"__type__":"cc.Vec2","y":0.5},"_position":{"__type__":"cc.Vec3","x":-48.9,"y":94},"_scale":{"__type__":"cc.Vec3","x":1,"y":1,"z":1}},{"__type__":"cc.Node","_name":"Label_Level","_parent":{"__id__":20},"_components":[{"__id__":24},{"__type__":"cc.LabelOutline","node":{"__id__":23},"_color":{"__type__":"cc.Color"},"_width":2}],"_prefab":{"__type__":"cc.PrefabInfo","root":{"__id__":1},"asset":{"__uuid__":"c4OueonYxKg7bbHNtSUDyu"},"fileId":"9bqT2fKxFEIJb81EGL4B4V"},"_contentSize":{"__type__":"cc.Size","width":40.11,"height":12},"_position":{"__type__":"cc.Vec3","y":131.1},"_scale":{"__type__":"cc.Vec3","x":1,"y":1,"z":1}},{"__type__":"cc.Label","node":{"__id__":23},"_srcBlendFactor":1,"_useOriginalSize":false,"_string":"Lv.999","_N$string":"Lv.999","_fontSize":12,"_lineHeight":12},{"__type__":"cc.Node","_name":"Label_Name","_parent":{"__id__":20},"_components":[{"__id__":26},{"__type__":"cc.LabelOutline","node":{"__id__":25},"_color":{"__type__":"cc.Color"},"_width":2}],"_prefab":{"__type__":"cc.PrefabInfo","root":{"__id__":1},"asset":{"__uuid__":"c4OueonYxKg7bbHNtSUDyu"},"fileId":"38PuwewRlECr/gCvWP9c77"},"_color":{"__type__":"cc.Color","r":30,"g":216,"b":47},"_contentSize":{"__type__":"cc.Size","width":130,"height":20},"_position":{"__type__":"cc.Vec3","y":111.5},"_scale":{"__type__":"cc.Vec3","x":1,"y":1,"z":1}},{"__type__":"cc.Label","node":{"__id__":25},"_srcBlendFactor":1,"_useOriginalSize":false,"_string":"最长的角色名称","_N$string":"最长的角色名称","_fontSize":18,"_lineHeight":20,"_N$horizontalAlign":1,"_N$verticalAlign":1},{"__type__":"cc.Node","_name":"Label_BeAtk","_parent":{"__id__":20},"_active":false,"_components":[{"__type__":"cc.Label","node":{"__id__":27},"_useOriginalSize":false,"_string":"-1299","_N$string":"-1299","_fontSize":31,"_lineHeight":31,"_N$file":{"__uuid__":"4dneJ3qepHxaVpN8l1oFJI"},"_isSystemFontUsed":false,"_spacingX":-30,"_N$horizontalAlign":1,"_N$verticalAlign":1}],"_prefab":{"__type__":"cc.PrefabInfo","root":{"__id__":1},"asset":{"__uuid__":"c4OueonYxKg7bbHNtSUDyu"},"fileId":"9eQSeYUpdLQrNhITanlEby"},"_color":{"__type__":"cc.Color","r":203,"g":14,"b":14},"_contentSize":{"__type__":"cc.Size","width":175.47,"height":30.03},"_position":{"__type__":"cc.Vec3","x":-1,"y":140},"_scale":{"__type__":"cc.Vec3","x":1,"y":1,"z":1}}],{"__type__":"cc.SpriteFrame","content":{"name":"Sprite_Hp","texture":"5eXTLZHLhCr4iL4/+bsvRK","rect":[2,3,101,8],"offset":[0,0],"originalSize":[105,14],"capInsets":[0,0,0,0]}},{"__type__":"cc.SpriteFrame","content":{"name":"yz05_08","texture":"54eKwSeW5BRqGZ6oVA05yb","rect":[0,0,20,17],"offset":[0,0],"originalSize":[20,17],"capInsets":[0,0,0,0]}},{"__type__":"cc.SpriteFrame","content":{"name":"yz05_07","texture":"5fv52WpzdApaBgS5YPO89a","rect":[0,0,97,70],"offset":[0,0],"originalSize":[97,70],"capInsets":[0,0,0,0]}},{"__type__":"cc.SpriteFrame","content":{"name":"yz05_04","texture":"caecltdvFJcZxT0bcDNSkw","rect":[0,0,18,32],"offset":[0,0],"originalSize":[18,32],"capInsets":[0,0,0,0]}},{"__type__":"cc.SpriteFrame","content":{"name":"yz04_10","texture":"b3FyACHPZCjJOAG19jQ7sr","rect":[0,0,72,29],"offset":[0,0],"originalSize":[72,29],"capInsets":[0,0,0,0]}},{"__type__":"cc.SpriteFrame","content":{"name":"Sprite_HpBg","texture":"d6spVuKEFNyYxHFhxkhRhq","rect":[0,0,105,14],"offset":[0,0],"originalSize":[105,14],"capInsets":[0,0,0,0]}},{"__type__":"cc.SpriteFrame","content":{"name":"yz05_01","texture":"4aEwHcAWZO/pUNhaO70Gzk","rect":[0,0,74,67],"offset":[0,0],"originalSize":[74,67],"capInsets":[0,0,0,0]}}]