[{"__type__":"cc.SpriteAtlas","_name":"Avator.plist","_spriteFrames":{"Btn_GameIDChang":{"__uuid__":"a8hDiGaqxDIKKlU7rPht3W"},"Sprite_AvatorBg":{"__uuid__":"b2TwmLjYBGBIytqT9h6/kf"},"Sprite_AvatorFrameBg":{"__uuid__":"b4Lm33mSBHrrPDn+aMJfRf"}}},{"__type__":"cc.SpriteFrame","content":{"name":"Btn_GameIDChang","texture":"edNLuVWwRM8K2iBmZ0MPpJ","rect":[0,0,207,73],"offset":[0,0],"originalSize":[207,73],"capInsets":[0,0,0,0]}},{"__type__":"cc.SpriteFrame","content":{"name":"Sprite_AvatorBg","texture":"edNLuVWwRM8K2iBmZ0MPpJ","rect":[207,0,149,149],"offset":[0,0],"originalSize":[149,149],"capInsets":[0,0,0,0]}},{"__type__":"cc.SpriteFrame","content":{"name":"Sprite_AvatorFrameBg","texture":"edNLuVWwRM8K2iBmZ0MPpJ","rect":[356,0,557,641],"offset":[0,0],"originalSize":[557,641],"capInsets":[0,0,0,0]}}]