[{"__type__":"cc.SpriteFrame","content":{"name":"monster01a_02","texture":"d8ObpYdfNOr5IEbKegNilj","rect":[23,10,53,48],"offset":[3.5,16],"originalSize":[92,100],"capInsets":[0,0,0,0]}},{"__type__":"cc.SpriteFrame","content":{"name":"monster01a_03","texture":"c5kQUMk91Ef7WxB+7W3Zk4","rect":[23,12,52,47],"offset":[3,14.5],"originalSize":[92,100],"capInsets":[0,0,0,0]}},{"__type__":"cc.AnimationClip","_name":"Run","_duration":0.6666666666666666,"sample":6,"speed":1.5,"wrapMode":"2","curveData":{"paths":{"monster01a_01":{"props":{"width":[{"frame":0,"value":92}],"height":[{"frame":0,"value":100}]},"comps":{"cc.Sprite":{"spriteFrame":[{"frame":0,"value":{"__uuid__":"e5dqwZ+iRAcr9hWXRjE7pz"}},{"frame":0.16666666666666666,"value":{"__uuid__":"3bnnL6+z9Nfa7PRxbnntIM"}},{"frame":0.3333333333333333,"value":{"__uuid__":"986RjlvelF16kSoIiz46jo"}},{"frame":0.5,"value":{"__uuid__":"3bnnL6+z9Nfa7PRxbnntIM"}}]}}}}}},{"__type__":"cc.SpriteFrame","content":{"name":"monster01a_01","texture":"e050iGZdRA6pX0MH6Ns7QH","rect":[23,8,53,49],"offset":[3.5,17.5],"originalSize":[92,100],"capInsets":[0,0,0,0]}}]