[{"__type__":"cc.SpriteFrame","content":{"name":"yz10_14","texture":"8atKh1GMBJZLwsxzIbCkuq","rect":[0,0,26,10],"offset":[0,0],"originalSize":[26,10],"capInsets":[0,0,0,0]}},{"__type__":"cc.SpriteFrame","content":{"name":"yz10_01","texture":"5drOQsNVZIFplzmyW5rj7F","rect":[0,0,12,6],"offset":[0,0],"originalSize":[12,6],"capInsets":[0,0,0,0]}},{"__type__":"cc.SpriteFrame","content":{"name":"yz10_16","texture":"8breXHz5xLOKtq/FrMvlQW","rect":[0,0,15,22],"offset":[0,0],"originalSize":[15,22],"capInsets":[0,0,0,0]}},{"__type__":"cc.SpriteFrame","content":{"name":"yz10_17","texture":"95/UGSzEtMb5r9XYa1W48N","rect":[0,0,14,21],"offset":[0,0],"originalSize":[14,21],"capInsets":[0,0,0,0]}},{"__type__":"cc.SpriteFrame","content":{"name":"yz10_08","texture":"fcTQOLtf5IUIPAS6yuQWyt","rect":[0,0,60,56],"offset":[0,0],"originalSize":[60,56],"capInsets":[0,0,0,0]}},{"__type__":"cc.SpriteFrame","content":{"name":"yz10_03","texture":"1eRjgERPJI9bDCXtPEhsNf","rect":[0,0,30,32],"offset":[0,0],"originalSize":[30,32],"capInsets":[0,0,0,0]}},{"__type__":"cc.SpriteFrame","content":{"name":"yz10_10","texture":"b4hsjZwY1BC7hMkmIyfo/r","rect":[0,0,68,28],"offset":[0,0],"originalSize":[68,28],"capInsets":[0,0,0,0]}},{"__type__":"cc.SpriteFrame","content":{"name":"a","texture":"167cc1GfZOeYQjrmlSsHJ1","rect":[0,0,54,11],"offset":[0,0],"originalSize":[54,11],"capInsets":[0,0,0,0]}},{"__type__":"cc.SpriteFrame","content":{"name":"yz10_06","texture":"284SqgFKtJ/rXp3DVyTwsT","rect":[0,0,57,47],"offset":[0,0],"originalSize":[57,47],"capInsets":[0,0,0,0]}},{"__type__":"cc.AnimationClip","_name":"100010Die","_duration":1,"wrapMode":"1","curveData":{"props":{"scale":[{"frame":0,"value":{"__type__":"cc.Vec2","x":1,"y":1}}],"rotation":[{"frame":0,"value":0}],"opacity":[{"frame":0,"value":255},{"frame":0.75,"value":255},{"frame":0.85,"value":0}]},"paths":{"a":{"props":{"scale":[{"frame":0,"value":{"__type__":"cc.Vec2","x":1,"y":1}},{"frame":0.25,"value":{"__type__":"cc.Vec2","x":0.88,"y":1}},{"frame":0.5,"value":{"__type__":"cc.Vec2","x":1.02,"y":1}}],"rotation":[{"frame":0,"value":0}],"opacity":[{"frame":0,"value":255}]}},"yz":{"props":{"scale":[{"frame":0,"value":{"__type__":"cc.Vec2","x":1,"y":1}},{"frame":0.25,"value":{"__type__":"cc.Vec2","x":1,"y":1.06}},{"frame":1,"value":{"__type__":"cc.Vec2","x":1,"y":1.06}}],"rotation":[{"frame":0,"value":0},{"frame":0.25,"value":-6},{"frame":0.5,"value":4},{"frame":1,"value":4}],"opacity":[{"frame":0,"value":255}],"position":[{"frame":0,"value":[0,-37.6]},{"frame":0.25,"value":[0.7,-36.7]},{"frame":0.5,"value":[5,-48.5]},{"frame":1,"value":[5,-48.5]}]}},"yz/s":{"props":{"scale":[{"frame":0,"value":{"__type__":"cc.Vec2","x":1,"y":1}}],"rotation":[{"frame":0,"value":0}],"opacity":[{"frame":0,"value":255}],"position":[{"frame":0,"value":[0,0]}]}},"yz/s/yz10_20":{"props":{"scale":[{"frame":0,"value":{"__type__":"cc.Vec2","x":1,"y":1}}],"rotation":[{"frame":0.25,"value":0},{"frame":0.5,"value":94}],"opacity":[{"frame":0,"value":255}],"position":[{"frame":0,"value":[-5.8,16.44]}]}},"yz/s/yz10_20a":{"props":{"scale":[{"frame":0,"value":{"__type__":"cc.Vec2","x":1,"y":1}}],"rotation":[{"frame":0,"value":0},{"frame":0.25,"value":-22},{"frame":0.5,"value":69},{"frame":0.7,"value":80}],"opacity":[{"frame":0,"value":255}],"position":[{"frame":0,"value":[6,18.3]}]}},"yz/s/yz10_19":{"props":{"scale":[{"frame":0,"value":{"__type__":"cc.Vec2","x":1,"y":1}},{"frame":0.7,"value":{"__type__":"cc.Vec2","x":1.08,"y":1}}],"rotation":[{"frame":0,"value":0}],"opacity":[{"frame":0,"value":255}],"position":[{"frame":0,"value":[1.6,19.4]}]}},"yz/s/yz10_21":{"props":{"scale":[{"frame":0,"value":{"__type__":"cc.Vec2","x":1,"y":1}}],"rotation":[{"frame":0,"value":0},{"frame":0.25,"value":-18},{"frame":0.5,"value":25}],"opacity":[{"frame":0,"value":255}],"position":[{"frame":0,"value":[9,39.8]},{"frame":0.25,"value":[9,39.8]},{"frame":0.5,"value":[10.4,36.7]},{"frame":0.7,"value":[12,36.8]}]}},"yz/s/yz10_18":{"props":{"scale":[{"frame":0,"value":{"__type__":"cc.Vec2","x":1,"y":1}},{"frame":0.7,"value":{"__type__":"cc.Vec2","x":1.11,"y":1}}],"rotation":[{"frame":0,"value":0}],"opacity":[{"frame":0,"value":255}],"position":[{"frame":0,"value":[-0.1,32.1]}]}},"yz/s/yz10_11":{"props":{"scale":[{"frame":0,"value":{"__type__":"cc.Vec2","x":1,"y":1}}],"rotation":[{"frame":0,"value":0},{"frame":0.25,"value":6},{"frame":0.5,"value":-18}],"opacity":[{"frame":0,"value":255}],"position":[{"frame":0,"value":[-8.7,42.9]},{"frame":0.7,"value":[-11.9,42.3]}]}},"yz/t":{"props":{"scale":[{"frame":0,"value":{"__type__":"cc.Vec2","x":1,"y":1}}],"rotation":[{"frame":0,"value":0},{"frame":0.25,"value":-24},{"frame":0.5,"value":14}],"opacity":[{"frame":0,"value":255}],"position":[{"frame":0,"value":[-0.9,40.7]},{"frame":0.25,"value":[1,36.8]},{"frame":0.5,"value":[0.3,28.8]},{"frame":0.7,"value":[4.7,26.3]}]}},"yz/t/yz10_08":{"props":{"scale":[{"frame":0,"value":{"__type__":"cc.Vec2","x":1,"y":1}}],"rotation":[{"frame":0,"value":0}],"opacity":[{"frame":0,"value":255}],"position":[{"frame":0,"value":[1.2,26.3]}]}},"yz/t/yz10_10":{"props":{"scale":[{"frame":0,"value":{"__type__":"cc.Vec2","x":1,"y":1}}],"rotation":[{"frame":0,"value":0}],"opacity":[{"frame":0,"value":255}],"position":[{"frame":0,"value":[-1.9,12.9]}]}},"yz/t/yz10_09":{"props":{"scale":[{"frame":0,"value":{"__type__":"cc.Vec2","x":1,"y":1}}],"rotation":[{"frame":0,"value":0}],"opacity":[{"frame":0,"value":255}],"position":[{"frame":0,"value":[7.8,16.2]},{"frame":0.25,"value":[7.8,17]},{"frame":0.5,"value":[7.7,12.5]}]}},"yz/t/yz10_08/yz10_07":{"props":{"opacity":[{"frame":0,"value":0}]}},"yz/s/yz10_18/yz10_13":{"props":{"opacity":[{"frame":0,"value":0}]}},"yz/s/yz10_11/yz10_12":{"props":{"opacity":[{"frame":0,"value":0}]}},"yz/s/yz10_18/yz10_16":{"props":{"opacity":[{"frame":0,"value":0}]}},"yz/t/yz10_08/yz10_06":{"props":{"opacity":[{"frame":0,"value":0}]}},"yz/s/yz10_18/yz10_14":{"props":{"opacity":[{"frame":0,"value":0}]}},"yz/s/yz10_11/yz10_17":{"props":{"opacity":[{"frame":0,"value":0}]}},"yz/t/yz10_03":{"props":{"opacity":[{"frame":0,"value":0}]}},"yz/t/yz10_08/yz10_02":{"props":{"opacity":[{"frame":0,"value":0}]}},"yz/s/yz10_18/yz10_15":{"props":{"opacity":[{"frame":0,"value":0}]}},"yz/s/yz10_04":{"props":{"opacity":[{"frame":0,"value":0}]}}}},"events":[{"frame":1,"func":"AfterMonsterDie","params":[]}]},{"__type__":"cc.SpriteFrame","content":{"name":"yz10_19","texture":"0110HzcK5P5aJ9For3XDQ5","rect":[0,0,24,9],"offset":[0,0],"originalSize":[24,9],"capInsets":[0,0,0,0]}},{"__type__":"cc.SpriteFrame","content":{"name":"yz10_22","texture":"62ihbC+N5IEYAh57nJNDq+","rect":[0,0,9,9],"offset":[0,0],"originalSize":[9,9],"capInsets":[0,0,0,0]}},[{"__type__":"cc.Prefab","_name":"100010","data":{"__id__":1}},{"__type__":"cc.Node","_name":"100010","_children":[{"__id__":2},{"__id__":3},{"__id__":28}],"_level":1,"_components":[{"__type__":"cc.Animation","node":{"__id__":1},"_clips":[{"__uuid__":"bapzKHr7BLkahX6anf47cr"},{"__uuid__":"81FhMLAzZNh42D/F5xgjsI"},{"__uuid__":"650I9KvEFHmJEprEjBD/uH"},{"__uuid__":"b3+rnojnRFtoQaZulT9dj1"},{"__uuid__":"c4TrH8PpJFRaRGtxNxcFu4"},{"__uuid__":"dcF1rHwzVFmpjK9fJMgXdb"},{"__uuid__":"e3Mlj/9btNHaVZOhC/bTPk"},{"__uuid__":"4bLnwoiOZHk7NMyVahRCSF"}]},{"__type__":"4617f87H3dArpZLFLY7Qcdl","node":{"__id__":1},"m_HpNode":{"__id__":30},"m_HpBg":{"__id__":29},"Label_BeAtk":{"__id__":35},"Label_Name":{"__id__":34},"Label_Level":{"__id__":32},"m_Equipment":{"__uuid__":"69SlLHo5ZFgrwk5vfxrhy3"}}],"_prefab":{"__type__":"cc.PrefabInfo","root":{"__id__":1},"asset":{"__uuid__":"9avqU8YlJNIK98ltgmMaEb"},"fileId":"2dlB4fQYNAcqqQkTL0MPPj"},"_position":{"__type__":"cc.Vec3","x":-50,"y":1023},"_scale":{"__type__":"cc.Vec3","x":1,"y":1,"z":1}},{"__type__":"cc.Node","_name":"a","_parent":{"__id__":1},"_components":[{"__type__":"cc.Sprite","node":{"__id__":2},"_spriteFrame":{"__uuid__":"5f7aAAVqFMraYmnnMbxHrz"}}],"_prefab":{"__type__":"cc.PrefabInfo","root":{"__id__":1},"asset":{"__uuid__":"9avqU8YlJNIK98ltgmMaEb"},"fileId":"b3DONthChBjojDVtJgICPT"},"_contentSize":{"__type__":"cc.Size","width":54,"height":11},"_position":{"__type__":"cc.Vec3","x":0.81,"y":-35.42},"_scale":{"__type__":"cc.Vec3","x":1,"y":1,"z":1}},{"__type__":"cc.Node","_name":"yz","_parent":{"__id__":1},"_children":[{"__id__":4},{"__id__":20}],"_prefab":{"__type__":"cc.PrefabInfo","root":{"__id__":1},"asset":{"__uuid__":"9avqU8YlJNIK98ltgmMaEb"},"fileId":"915KLpV1xKlZfz9CttRNDb"},"_position":{"__type__":"cc.Vec3","y":-37.6},"_scale":{"__type__":"cc.Vec3","x":1,"y":1,"z":1}},{"__type__":"cc.Node","_name":"s","_parent":{"__id__":3},"_children":[{"__id__":5},{"__id__":6},{"__id__":7},{"__id__":8},{"__id__":9},{"__id__":10},{"__id__":15}],"_prefab":{"__type__":"cc.PrefabInfo","root":{"__id__":1},"asset":{"__uuid__":"9avqU8YlJNIK98ltgmMaEb"},"fileId":"e5YXZDDF5MjI7tybscx98s"},"_scale":{"__type__":"cc.Vec3","x":1,"y":1,"z":1}},{"__type__":"cc.Node","_name":"yz10_04","_parent":{"__id__":4},"_components":[{"__type__":"cc.Sprite","node":{"__id__":5},"_spriteFrame":{"__uuid__":"e6zcfHPI9PxZpNmAzIZUlD"}}],"_prefab":{"__type__":"cc.PrefabInfo","root":{"__id__":1},"asset":{"__uuid__":"9avqU8YlJNIK98ltgmMaEb"},"fileId":"6d6qRZN81BJY8B4SpbFn69"},"_opacity":0,"_contentSize":{"__type__":"cc.Size","width":57,"height":47},"_position":{"__type__":"cc.Vec3","x":-10.5,"y":36.4},"_scale":{"__type__":"cc.Vec3","x":1,"y":1,"z":1}},{"__type__":"cc.Node","_name":"yz10_21","_parent":{"__id__":4},"_components":[{"__type__":"cc.Sprite","node":{"__id__":6},"_spriteFrame":{"__uuid__":"9bmOBCZ7lI6ri882o+kVEy"}}],"_prefab":{"__type__":"cc.PrefabInfo","root":{"__id__":1},"asset":{"__uuid__":"9avqU8YlJNIK98ltgmMaEb"},"fileId":"bfY1qDjCVFpL/Rh1Zh2P/d"},"_contentSize":{"__type__":"cc.Size","width":15,"height":25},"_anchorPoint":{"__type__":"cc.Vec2","x":0.1482927794663365,"y":0.9717014487157386},"_position":{"__type__":"cc.Vec3","x":9,"y":39.8},"_scale":{"__type__":"cc.Vec3","x":1,"y":1,"z":1},"_rotationX":-14,"_rotationY":-14,"_quat":{"__type__":"cc.Quat","z":0.12186934340514748,"w":0.992546151641322}},{"__type__":"cc.Node","_name":"yz10_20","_parent":{"__id__":4},"_components":[{"__type__":"cc.Sprite","node":{"__id__":7},"_spriteFrame":{"__uuid__":"desmQ20R9Nu5RcgGH+2/zi"}}],"_prefab":{"__type__":"cc.PrefabInfo","root":{"__id__":1},"asset":{"__uuid__":"9avqU8YlJNIK98ltgmMaEb"},"fileId":"94rBTVc71DnanrwlSSJJ3i"},"_contentSize":{"__type__":"cc.Size","width":8,"height":19},"_anchorPoint":{"__type__":"cc.Vec2","x":0.5775824751177219,"y":0.8266630531272423},"_position":{"__type__":"cc.Vec3","x":-5.8,"y":18.5},"_scale":{"__type__":"cc.Vec3","x":1,"y":1,"z":1}},{"__type__":"cc.Node","_name":"yz10_20a","_parent":{"__id__":4},"_components":[{"__type__":"cc.Sprite","node":{"__id__":8},"_spriteFrame":{"__uuid__":"desmQ20R9Nu5RcgGH+2/zi"}}],"_prefab":{"__type__":"cc.PrefabInfo","root":{"__id__":1},"asset":{"__uuid__":"9avqU8YlJNIK98ltgmMaEb"},"fileId":"80KP0DKvpAyYvH4EAUDO+1"},"_contentSize":{"__type__":"cc.Size","width":8,"height":19},"_anchorPoint":{"__type__":"cc.Vec2","x":0.5,"y":0.9246619690654159},"_position":{"__type__":"cc.Vec3","x":6,"y":18.3},"_scale":{"__type__":"cc.Vec3","x":1,"y":1,"z":1}},{"__type__":"cc.Node","_name":"yz10_19","_parent":{"__id__":4},"_components":[{"__type__":"cc.Sprite","node":{"__id__":9},"_spriteFrame":{"__uuid__":"89czUNCmNCKqneD1ftHJ73"}}],"_prefab":{"__type__":"cc.PrefabInfo","root":{"__id__":1},"asset":{"__uuid__":"9avqU8YlJNIK98ltgmMaEb"},"fileId":"37b2Q9oXFIw65a5QgKBwIZ"},"_contentSize":{"__type__":"cc.Size","width":24,"height":9},"_anchorPoint":{"__type__":"cc.Vec2","x":0.577582475117721,"y":0.5689622001046403},"_position":{"__type__":"cc.Vec3","x":1.6,"y":19.4},"_scale":{"__type__":"cc.Vec3","x":1,"y":1,"z":1}},{"__type__":"cc.Node","_name":"yz10_18","_parent":{"__id__":4},"_children":[{"__id__":11},{"__id__":12},{"__id__":13},{"__id__":14}],"_components":[{"__type__":"cc.Sprite","node":{"__id__":10},"_spriteFrame":{"__uuid__":"cb1kI/+tNO3I4e3VyipGlK"}}],"_prefab":{"__type__":"cc.PrefabInfo","root":{"__id__":1},"asset":{"__uuid__":"9avqU8YlJNIK98ltgmMaEb"},"fileId":"c02hUHo5pBy70r3LT0oMHb"},"_contentSize":{"__type__":"cc.Size","width":25,"height":22},"_position":{"__type__":"cc.Vec3","x":-0.1,"y":32.1},"_scale":{"__type__":"cc.Vec3","x":1,"y":1,"z":1}},{"__type__":"cc.Node","_name":"yz10_16","_parent":{"__id__":10},"_components":[{"__type__":"cc.Sprite","node":{"__id__":11},"_spriteFrame":{"__uuid__":"31uX/DOHpHJ7dlA66LLLLg"}}],"_prefab":{"__type__":"cc.PrefabInfo","root":{"__id__":1},"asset":{"__uuid__":"9avqU8YlJNIK98ltgmMaEb"},"fileId":"14HON7cDtPhq8E9Pv7bDXo"},"_opacity":0,"_contentSize":{"__type__":"cc.Size","width":15,"height":22},"_position":{"__type__":"cc.Vec3","x":3.4,"y":-1.1},"_scale":{"__type__":"cc.Vec3","x":1,"y":1,"z":1}},{"__type__":"cc.Node","_name":"yz10_13","_parent":{"__id__":10},"_components":[{"__type__":"cc.Sprite","node":{"__id__":12},"_spriteFrame":{"__uuid__":"faZ6MsHlhIKob4lW8r1mnY"}}],"_prefab":{"__type__":"cc.PrefabInfo","root":{"__id__":1},"asset":{"__uuid__":"9avqU8YlJNIK98ltgmMaEb"},"fileId":"d3aPbugD5JD6Y0m+ZWNpr0"},"_opacity":0,"_contentSize":{"__type__":"cc.Size","width":22,"height":8},"_position":{"__type__":"cc.Vec3","x":2.4,"y":7.7},"_scale":{"__type__":"cc.Vec3","x":1,"y":1,"z":1}},{"__type__":"cc.Node","_name":"yz10_14","_parent":{"__id__":10},"_components":[{"__type__":"cc.Sprite","node":{"__id__":13},"_spriteFrame":{"__uuid__":"128SU+EolHyYy1bPWqeLqO"}}],"_prefab":{"__type__":"cc.PrefabInfo","root":{"__id__":1},"asset":{"__uuid__":"9avqU8YlJNIK98ltgmMaEb"},"fileId":"f87fzr+P9PpqW9AsK3Pj10"},"_opacity":0,"_contentSize":{"__type__":"cc.Size","width":26,"height":10},"_position":{"__type__":"cc.Vec3","x":0.8,"y":-11.3},"_scale":{"__type__":"cc.Vec3","x":1,"y":1,"z":1}},{"__type__":"cc.Node","_name":"yz10_15","_parent":{"__id__":10},"_components":[{"__type__":"cc.Sprite","node":{"__id__":14},"_spriteFrame":{"__uuid__":"efQ4azgCVHyLPRXPa2T66k"}}],"_prefab":{"__type__":"cc.PrefabInfo","root":{"__id__":1},"asset":{"__uuid__":"9avqU8YlJNIK98ltgmMaEb"},"fileId":"03RiGB78NEm7K7mfFizL0N"},"_opacity":0,"_contentSize":{"__type__":"cc.Size","width":32,"height":23},"_position":{"__type__":"cc.Vec3","x":-3.4,"y":2.6},"_scale":{"__type__":"cc.Vec3","x":1,"y":1,"z":1}},{"__type__":"cc.Node","_name":"yz10_11","_parent":{"__id__":4},"_children":[{"__id__":16},{"__id__":18},{"__id__":19}],"_components":[{"__type__":"cc.Sprite","node":{"__id__":15},"_spriteFrame":{"__uuid__":"d6ilkAygtBtZZtbM6DBB4Y"}}],"_prefab":{"__type__":"cc.PrefabInfo","root":{"__id__":1},"asset":{"__uuid__":"9avqU8YlJNIK98ltgmMaEb"},"fileId":"47YpvrHLVDYadHFIJOw6st"},"_contentSize":{"__type__":"cc.Size","width":15,"height":30},"_anchorPoint":{"__type__":"cc.Vec2","x":0.8517072205336663,"y":1.006872170769104},"_position":{"__type__":"cc.Vec3","x":-8.7,"y":42.9},"_scale":{"__type__":"cc.Vec3","x":1,"y":1,"z":1},"_rotationX":15,"_rotationY":15,"_quat":{"__type__":"cc.Quat","z":-0.13052619222005157,"w":0.9914448613738104}},{"__type__":"cc.Node","_name":"yz10_12","_parent":{"__id__":15},"_children":[{"__id__":17}],"_components":[{"__type__":"cc.Sprite","node":{"__id__":16},"_spriteFrame":{"__uuid__":"fcL8FIVr1CuILkQvO9halM"}}],"_prefab":{"__type__":"cc.PrefabInfo","root":{"__id__":1},"asset":{"__uuid__":"9avqU8YlJNIK98ltgmMaEb"},"fileId":"dey/ZqIYNE4Il8Ss3BFhie"},"_opacity":0,"_contentSize":{"__type__":"cc.Size","width":92,"height":26},"_anchorPoint":{"__type__":"cc.Vec2","x":0.2863278315665648,"y":0.721606318805412},"_position":{"__type__":"cc.Vec3","x":-9.3,"y":-26.3},"_scale":{"__type__":"cc.Vec3","x":1,"y":1,"z":1}},{"__type__":"cc.Node","_name":"yz10_01","_parent":{"__id__":16},"_components":[{"__type__":"cc.Sprite","node":{"__id__":17},"_spriteFrame":{"__uuid__":"13X6n/mWlHYbJC2Sq4oBm7"}}],"_prefab":{"__type__":"cc.PrefabInfo","root":{"__id__":1},"asset":{"__uuid__":"9avqU8YlJNIK98ltgmMaEb"},"fileId":"37c95MjZ1Es7zJCRgZ2lSE"},"_contentSize":{"__type__":"cc.Size","width":12,"height":6},"_position":{"__type__":"cc.Vec3","x":18.95,"y":-2.32},"_scale":{"__type__":"cc.Vec3","x":1,"y":1,"z":1}},{"__type__":"cc.Node","_name":"yz10_22","_parent":{"__id__":15},"_components":[{"__type__":"cc.Sprite","node":{"__id__":18},"_spriteFrame":{"__uuid__":"8fQneofWVC24YxdGj/Bw11"}}],"_prefab":{"__type__":"cc.PrefabInfo","root":{"__id__":1},"asset":{"__uuid__":"9avqU8YlJNIK98ltgmMaEb"},"fileId":"c5tXmYgn9IZLo4YaBIYu/D"},"_contentSize":{"__type__":"cc.Size","width":9,"height":9},"_position":{"__type__":"cc.Vec3","x":-8.5,"y":-25.9},"_scale":{"__type__":"cc.Vec3","x":1,"y":1,"z":1}},{"__type__":"cc.Node","_name":"yz10_17","_parent":{"__id__":15},"_components":[{"__type__":"cc.Sprite","node":{"__id__":19},"_spriteFrame":{"__uuid__":"36eXMvgfZGyZD+XEqgGBMX"}}],"_prefab":{"__type__":"cc.PrefabInfo","root":{"__id__":1},"asset":{"__uuid__":"9avqU8YlJNIK98ltgmMaEb"},"fileId":"e7SYCT7JlC44F5evOmyMPb"},"_opacity":0,"_contentSize":{"__type__":"cc.Size","width":14,"height":21},"_position":{"__type__":"cc.Vec3","x":-6.4,"y":-20.3},"_scale":{"__type__":"cc.Vec3","x":1,"y":1,"z":1}},{"__type__":"cc.Node","_name":"t","_parent":{"__id__":3},"_children":[{"__id__":21},{"__id__":22},{"__id__":23},{"__id__":24}],"_prefab":{"__type__":"cc.PrefabInfo","root":{"__id__":1},"asset":{"__uuid__":"9avqU8YlJNIK98ltgmMaEb"},"fileId":"5bI4eWNptP/ICGlLibkg9m"},"_position":{"__type__":"cc.Vec3","x":-0.9,"y":40.7},"_scale":{"__type__":"cc.Vec3","x":1,"y":1,"z":1}},{"__type__":"cc.Node","_name":"yz10_03","_parent":{"__id__":20},"_components":[{"__type__":"cc.Sprite","node":{"__id__":21},"_spriteFrame":{"__uuid__":"5d5S79u/5LeK9mw+d+FSPL"}}],"_prefab":{"__type__":"cc.PrefabInfo","root":{"__id__":1},"asset":{"__uuid__":"9avqU8YlJNIK98ltgmMaEb"},"fileId":"75mP5TJhtPjoWIdXoeU2pE"},"_opacity":0,"_contentSize":{"__type__":"cc.Size","width":30,"height":32},"_anchorPoint":{"__type__":"cc.Vec2","x":0.7068866003139197,"y":0.015109530514249236},"_position":{"__type__":"cc.Vec3","x":-18.7,"y":74.6},"_scale":{"__type__":"cc.Vec3","x":1,"y":1,"z":1}},{"__type__":"cc.Node","_name":"yz10_10","_parent":{"__id__":20},"_components":[{"__type__":"cc.Sprite","node":{"__id__":22},"_spriteFrame":{"__uuid__":"5ejwjN/3NHtJz4lcBMtLRd"}}],"_prefab":{"__type__":"cc.PrefabInfo","root":{"__id__":1},"asset":{"__uuid__":"9avqU8YlJNIK98ltgmMaEb"},"fileId":"ec3s0DWAdEIbaNlxCMQO79"},"_contentSize":{"__type__":"cc.Size","width":68,"height":28},"_position":{"__type__":"cc.Vec3","x":-1.9,"y":12.9},"_scale":{"__type__":"cc.Vec3","x":1,"y":1,"z":1}},{"__type__":"cc.Node","_name":"yz10_09","_parent":{"__id__":20},"_components":[{"__type__":"cc.Sprite","node":{"__id__":23},"_spriteFrame":{"__uuid__":"d7Xh92kjxMhqwrKWQcl3b6"}}],"_prefab":{"__type__":"cc.PrefabInfo","root":{"__id__":1},"asset":{"__uuid__":"9avqU8YlJNIK98ltgmMaEb"},"fileId":"4bzHunTRBHpICIZPZFuw+0"},"_contentSize":{"__type__":"cc.Size","width":28,"height":15},"_position":{"__type__":"cc.Vec3","x":7.8,"y":16.2},"_scale":{"__type__":"cc.Vec3","x":1,"y":1,"z":1}},{"__type__":"cc.Node","_name":"yz10_08","_parent":{"__id__":20},"_children":[{"__id__":25},{"__id__":26},{"__id__":27}],"_components":[{"__type__":"cc.Sprite","node":{"__id__":24},"_spriteFrame":{"__uuid__":"3934jbnUZJwa05TU0RIrvV"}}],"_prefab":{"__type__":"cc.PrefabInfo","root":{"__id__":1},"asset":{"__uuid__":"9avqU8YlJNIK98ltgmMaEb"},"fileId":"86eOTE3Z1Ds4VjUIOw7xOk"},"_contentSize":{"__type__":"cc.Size","width":60,"height":56},"_anchorPoint":{"__type__":"cc.Vec2","x":0.5258608250392396,"y":0.056671570755885484},"_position":{"__type__":"cc.Vec3","x":1.2,"y":26.3},"_scale":{"__type__":"cc.Vec3","x":1,"y":1,"z":1}},{"__type__":"cc.Node","_name":"yz10_07","_parent":{"__id__":24},"_components":[{"__type__":"cc.Sprite","node":{"__id__":25},"_spriteFrame":{"__uuid__":"ae3rAQ2ThPkospIXJLIvi5"}}],"_prefab":{"__type__":"cc.PrefabInfo","root":{"__id__":1},"asset":{"__uuid__":"9avqU8YlJNIK98ltgmMaEb"},"fileId":"5bqY5Ghy9EXJnTWRQnFX0G"},"_opacity":0,"_contentSize":{"__type__":"cc.Size","width":73,"height":50},"_position":{"__type__":"cc.Vec3","x":4.9,"y":17.9},"_scale":{"__type__":"cc.Vec3","x":1,"y":1,"z":1}},{"__type__":"cc.Node","_name":"yz10_02","_parent":{"__id__":24},"_components":[{"__type__":"cc.Sprite","node":{"__id__":26},"_spriteFrame":{"__uuid__":"b0fiwpBqlFGKf6DxbJNIUh"}}],"_prefab":{"__type__":"cc.PrefabInfo","root":{"__id__":1},"asset":{"__uuid__":"9avqU8YlJNIK98ltgmMaEb"},"fileId":"bdr2xf49xEPZ27A3SstWIR"},"_opacity":0,"_contentSize":{"__type__":"cc.Size","width":55,"height":54},"_position":{"__type__":"cc.Vec3","x":5.2,"y":26.12},"_scale":{"__type__":"cc.Vec3","x":1,"y":1,"z":1}},{"__type__":"cc.Node","_name":"yz10_06","_parent":{"__id__":24},"_components":[{"__type__":"cc.Sprite","node":{"__id__":27},"_spriteFrame":{"__uuid__":"6dOC725INFX4KIHXr9QLvy"}}],"_prefab":{"__type__":"cc.PrefabInfo","root":{"__id__":1},"asset":{"__uuid__":"9avqU8YlJNIK98ltgmMaEb"},"fileId":"c2QRoBR+pJzrp+lXTVK4+m"},"_opacity":0,"_contentSize":{"__type__":"cc.Size","width":57,"height":47},"_position":{"__type__":"cc.Vec3","x":1.9,"y":17.4},"_scale":{"__type__":"cc.Vec3","x":1,"y":1,"z":1}},{"__type__":"cc.Node","_name":"MonsterInfoShow","_parent":{"__id__":1},"_children":[{"__id__":29},{"__id__":30},{"__id__":31},{"__id__":33},{"__id__":35}],"_level":2,"_prefab":{"__type__":"cc.PrefabInfo","root":{"__id__":1},"asset":{"__uuid__":"9avqU8YlJNIK98ltgmMaEb"},"fileId":"13NbG46rpE27Punt93qdP9"},"_scale":{"__type__":"cc.Vec3","x":1,"y":1,"z":1}},{"__type__":"cc.Node","_name":"HpBg","_parent":{"__id__":28},"_components":[{"__type__":"cc.Sprite","node":{"__id__":29},"_spriteFrame":{"__uuid__":"f1NJNkWidMSotPy+CHF296"},"_sizeMode":0}],"_prefab":{"__type__":"cc.PrefabInfo","root":{"__id__":1},"asset":{"__uuid__":"9avqU8YlJNIK98ltgmMaEb"},"fileId":"35fBmV8n1HW6Vr+oFZvY++"},"_contentSize":{"__type__":"cc.Size","width":97,"height":10},"_anchorPoint":{"__type__":"cc.Vec2","y":0.5},"_position":{"__type__":"cc.Vec3","x":-48.9,"y":94},"_scale":{"__type__":"cc.Vec3","x":1,"y":1,"z":1}},{"__type__":"cc.Node","_name":"Hp","_parent":{"__id__":28},"_components":[{"__type__":"cc.Sprite","node":{"__id__":30},"_spriteFrame":{"__uuid__":"c4iQnAOfxI36ExvzHWBhV0"},"_sizeMode":0}],"_prefab":{"__type__":"cc.PrefabInfo","root":{"__id__":1},"asset":{"__uuid__":"9avqU8YlJNIK98ltgmMaEb"},"fileId":"a38DEaJ1dCTJWTrwDLPeQe"},"_contentSize":{"__type__":"cc.Size","width":97,"height":8},"_anchorPoint":{"__type__":"cc.Vec2","y":0.5},"_position":{"__type__":"cc.Vec3","x":-48.9,"y":94},"_scale":{"__type__":"cc.Vec3","x":1,"y":1,"z":1}},{"__type__":"cc.Node","_name":"Label_Level","_parent":{"__id__":28},"_components":[{"__id__":32},{"__type__":"cc.LabelOutline","node":{"__id__":31},"_color":{"__type__":"cc.Color"},"_width":2}],"_prefab":{"__type__":"cc.PrefabInfo","root":{"__id__":1},"asset":{"__uuid__":"9avqU8YlJNIK98ltgmMaEb"},"fileId":"c6gF4wx4hHWZEltoNyP9U3"},"_contentSize":{"__type__":"cc.Size","width":40.11,"height":12},"_position":{"__type__":"cc.Vec3","y":131.1},"_scale":{"__type__":"cc.Vec3","x":1,"y":1,"z":1}},{"__type__":"cc.Label","node":{"__id__":31},"_srcBlendFactor":1,"_useOriginalSize":false,"_string":"Lv.999","_N$string":"Lv.999","_fontSize":12,"_lineHeight":12},{"__type__":"cc.Node","_name":"Label_Name","_parent":{"__id__":28},"_components":[{"__id__":34},{"__type__":"cc.LabelOutline","node":{"__id__":33},"_color":{"__type__":"cc.Color"},"_width":2}],"_prefab":{"__type__":"cc.PrefabInfo","root":{"__id__":1},"asset":{"__uuid__":"9avqU8YlJNIK98ltgmMaEb"},"fileId":"1dQMCLeldPt4QCGIDEvmhO"},"_color":{"__type__":"cc.Color","r":30,"g":216,"b":47},"_contentSize":{"__type__":"cc.Size","width":130,"height":20},"_position":{"__type__":"cc.Vec3","y":111.5},"_scale":{"__type__":"cc.Vec3","x":1,"y":1,"z":1}},{"__type__":"cc.Label","node":{"__id__":33},"_srcBlendFactor":1,"_useOriginalSize":false,"_string":"最长的角色名称","_N$string":"最长的角色名称","_fontSize":18,"_lineHeight":20,"_N$horizontalAlign":1,"_N$verticalAlign":1},{"__type__":"cc.Node","_name":"Label_BeAtk","_parent":{"__id__":28},"_active":false,"_components":[{"__type__":"cc.Label","node":{"__id__":35},"_useOriginalSize":false,"_string":"-1299","_N$string":"-1299","_fontSize":31,"_lineHeight":31,"_N$file":{"__uuid__":"4dneJ3qepHxaVpN8l1oFJI"},"_isSystemFontUsed":false,"_spacingX":-30,"_N$horizontalAlign":1,"_N$verticalAlign":1}],"_prefab":{"__type__":"cc.PrefabInfo","root":{"__id__":1},"asset":{"__uuid__":"9avqU8YlJNIK98ltgmMaEb"},"fileId":"f0TJk7H2RINqbLunmXiw6V"},"_color":{"__type__":"cc.Color","r":203,"g":14,"b":14},"_contentSize":{"__type__":"cc.Size","width":175.47,"height":30.03},"_position":{"__type__":"cc.Vec3","x":-1,"y":140},"_scale":{"__type__":"cc.Vec3","x":1,"y":1,"z":1}}],{"__type__":"cc.SpriteFrame","content":{"name":"yz10_21","texture":"4dHveJsadMhIRFpSQtJ9cX","rect":[0,0,15,25],"offset":[0,0],"originalSize":[15,25],"capInsets":[0,0,0,0]}},{"__type__":"cc.SpriteFrame","content":{"name":"yz10_07","texture":"08kny6M1NG+IGszvlXiNGc","rect":[0,0,73,50],"offset":[0,0],"originalSize":[73,50],"capInsets":[0,0,0,0]}},{"__type__":"cc.SpriteFrame","content":{"name":"yz10_02","texture":"36s1ZoAyxOMZRMHZ6adM9F","rect":[0,0,55,54],"offset":[0,0],"originalSize":[55,54],"capInsets":[0,0,0,0]}},{"__type__":"cc.AnimationClip","_name":"100010Run","_duration":0.5,"wrapMode":"2","curveData":{"props":{"scale":[{"frame":0,"value":{"__type__":"cc.Vec2","x":1,"y":1}}],"rotation":[{"frame":0,"value":0}],"opacity":[{"frame":0,"value":255}]},"paths":{"a":{"props":{"scale":[{"frame":0,"value":{"__type__":"cc.Vec2","x":1,"y":1}},{"frame":0.25,"value":{"__type__":"cc.Vec2","x":1.09,"y":1}},{"frame":0.5,"value":{"__type__":"cc.Vec2","x":1,"y":1}}],"rotation":[{"frame":0,"value":0},{"frame":0.5,"value":0}],"opacity":[{"frame":0,"value":255},{"frame":0.5,"value":255}]}},"yz":{"props":{"scale":[{"frame":0,"value":{"__type__":"cc.Vec2","x":1,"y":1}},{"frame":0.5,"value":{"__type__":"cc.Vec2","x":1,"y":1}}],"rotation":[{"frame":0,"value":0},{"frame":0.5,"value":0}],"opacity":[{"frame":0,"value":255},{"frame":0.5,"value":255}],"position":[{"frame":0,"value":[0,-37.6]},{"frame":0.5,"value":[0,-37.6]}]}},"yz/s":{"props":{"scale":[{"frame":0,"value":{"__type__":"cc.Vec2","x":1,"y":1}},{"frame":0.5,"value":{"__type__":"cc.Vec2","x":1,"y":1}}],"rotation":[{"frame":0,"value":0},{"frame":0.5,"value":0}],"opacity":[{"frame":0,"value":255},{"frame":0.5,"value":255}],"position":[{"frame":0,"value":[0,0]},{"frame":0.5,"value":[0,0]}]}},"yz/s/yz10_20":{"props":{"scale":[{"frame":0,"value":{"__type__":"cc.Vec2","x":1,"y":1}},{"frame":0.5,"value":{"__type__":"cc.Vec2","x":1,"y":1}}],"rotation":[{"frame":0,"value":0},{"frame":0.5,"value":0}],"opacity":[{"frame":0,"value":255},{"frame":0.5,"value":255}],"position":[{"frame":0,"value":[-5.8,18.5]},{"frame":0.25,"value":[-5.8,16.4]},{"frame":0.5,"value":[-5.8,18.5]}]}},"yz/s/yz10_20a":{"props":{"scale":[{"frame":0,"value":{"__type__":"cc.Vec2","x":1,"y":1}},{"frame":0.5,"value":{"__type__":"cc.Vec2","x":1,"y":1}}],"rotation":[{"frame":0,"value":0},{"frame":0.5,"value":0}],"opacity":[{"frame":0,"value":255},{"frame":0.5,"value":255}],"position":[{"frame":0,"value":[6,18.3]},{"frame":0.25,"value":[6,21.2]},{"frame":0.5,"value":[6,18.3]}]}},"yz/s/yz10_19":{"props":{"scale":[{"frame":0,"value":{"__type__":"cc.Vec2","x":1,"y":1}},{"frame":0.25,"value":{"__type__":"cc.Vec2","x":1.03,"y":1}},{"frame":0.5,"value":{"__type__":"cc.Vec2","x":1,"y":1}}],"rotation":[{"frame":0,"value":0},{"frame":0.5,"value":0}],"opacity":[{"frame":0,"value":255},{"frame":0.5,"value":255}],"position":[{"frame":0,"value":[1.6,19.4]},{"frame":0.25,"value":[1.6,19.9]},{"frame":0.5,"value":[1.6,19.4]}]}},"yz/s/yz10_21":{"props":{"scale":[{"frame":0,"value":{"__type__":"cc.Vec2","x":1,"y":1}},{"frame":0.5,"value":{"__type__":"cc.Vec2","x":1,"y":1}}],"rotation":[{"frame":0,"value":-14},{"frame":0.25,"value":20},{"frame":0.5,"value":-14}],"opacity":[{"frame":0,"value":255},{"frame":0.5,"value":255}],"position":[{"frame":0,"value":[9,39.8]},{"frame":0.5,"value":[9,39.8]}]}},"yz/s/yz10_18":{"props":{"scale":[{"frame":0,"value":{"__type__":"cc.Vec2","x":1,"y":1}},{"frame":0.25,"value":{"__type__":"cc.Vec2","x":1.05,"y":1}},{"frame":0.5,"value":{"__type__":"cc.Vec2","x":1,"y":1}}],"rotation":[{"frame":0,"value":0},{"frame":0.5,"value":0}],"opacity":[{"frame":0,"value":255},{"frame":0.5,"value":255}],"position":[{"frame":0,"value":[-0.1,32.1]},{"frame":0.5,"value":[-0.1,32.1]}]}},"yz/s/yz10_11":{"props":{"scale":[{"frame":0,"value":{"__type__":"cc.Vec2","x":1,"y":1}},{"frame":0.5,"value":{"__type__":"cc.Vec2","x":1,"y":1}}],"rotation":[{"frame":0,"value":15},{"frame":0.25,"value":-34},{"frame":0.5,"value":15}],"opacity":[{"frame":0,"value":255},{"frame":0.5,"value":255}],"position":[{"frame":0,"value":[-8.7,42.9]},{"frame":0.5,"value":[-8.7,42.9]}]}},"yz/t":{"props":{"scale":[{"frame":0,"value":{"__type__":"cc.Vec2","x":1,"y":1}},{"frame":0.5,"value":{"__type__":"cc.Vec2","x":1,"y":1}}],"rotation":[{"frame":0,"value":0},{"frame":0.5,"value":0}],"opacity":[{"frame":0,"value":255},{"frame":0.5,"value":255}],"position":[{"frame":0,"value":[-0.9,40.7]},{"frame":0.25,"value":[-0.9,39.4]},{"frame":0.5,"value":[-0.9,40.7]}]}},"yz/t/yz10_08":{"props":{"scale":[{"frame":0,"value":{"__type__":"cc.Vec2","x":1,"y":1}},{"frame":0.5,"value":{"__type__":"cc.Vec2","x":1,"y":1}}],"rotation":[{"frame":0,"value":0},{"frame":0.5,"value":0}],"opacity":[{"frame":0,"value":255},{"frame":0.5,"value":255}],"position":[{"frame":0,"value":[1.2,26.3]},{"frame":0.5,"value":[1.2,26.3]}]}},"yz/t/yz10_10":{"props":{"scale":[{"frame":0,"value":{"__type__":"cc.Vec2","x":1,"y":1}},{"frame":0.5,"value":{"__type__":"cc.Vec2","x":1,"y":1}}],"rotation":[{"frame":0,"value":0},{"frame":0.5,"value":0}],"opacity":[{"frame":0,"value":255},{"frame":0.5,"value":255}],"position":[{"frame":0,"value":[-1.9,12.9]},{"frame":0.5,"value":[-1.9,12.9]}]}},"yz/t/yz10_09":{"props":{"scale":[{"frame":0,"value":{"__type__":"cc.Vec2","x":1,"y":1}},{"frame":0.5,"value":{"__type__":"cc.Vec2","x":1,"y":1}}],"rotation":[{"frame":0,"value":0},{"frame":0.5,"value":0}],"opacity":[{"frame":0,"value":255},{"frame":0.5,"value":255}],"position":[{"frame":0,"value":[7.8,16.2]},{"frame":0.25,"value":[7.8,14.5]},{"frame":0.5,"value":[7.8,16.2]}]}},"yz/s/yz10_18/yz10_13":{"props":{"opacity":[{"frame":0,"value":0}]}},"yz/t/yz10_08/yz10_07":{"props":{"opacity":[{"frame":0,"value":0}]}},"yz/s/yz10_11/yz10_12":{"props":{"opacity":[{"frame":0,"value":0}]}},"yz/t/yz10_08/yz10_06":{"props":{"opacity":[{"frame":0,"value":0}]}},"yz/s/yz10_11/yz10_17":{"props":{"opacity":[{"frame":0,"value":0}]}},"yz/s/yz10_18/yz10_14":{"props":{"opacity":[{"frame":0,"value":0}]}},"yz/s/yz10_18/yz10_16":{"props":{"opacity":[{"frame":0,"value":0}]}},"yz/t/yz10_03":{"props":{"opacity":[{"frame":0,"value":0}]}},"yz/t/yz10_08/yz10_02":{"props":{"opacity":[{"frame":0,"value":0}]}},"yz/s/yz10_18/yz10_15":{"props":{"opacity":[{"frame":0,"value":0}]}},"yz/s/yz10_04":{"props":{"opacity":[{"frame":0,"value":0}]}}}}},{"__type__":"cc.SpriteFrame","content":{"name":"Sprite_Hp","texture":"5eXTLZHLhCr4iL4/+bsvRK","rect":[2,3,101,8],"offset":[0,0],"originalSize":[105,14],"capInsets":[0,0,0,0]}},{"__type__":"cc.SpriteFrame","content":{"name":"yz10_18","texture":"b11aZlNJpOIbdIFuLgIF1j","rect":[0,0,25,22],"offset":[0,0],"originalSize":[25,22],"capInsets":[0,0,0,0]}},{"__type__":"cc.SpriteFrame","content":{"name":"yz10_11","texture":"6dW9JLbxpMe612PM0rSQaB","rect":[0,0,15,30],"offset":[0,0],"originalSize":[15,30],"capInsets":[0,0,0,0]}},{"__type__":"cc.SpriteFrame","content":{"name":"yz10_09","texture":"3c6HzJvpFG+YrxtbcfKaTe","rect":[0,0,28,15],"offset":[0,0],"originalSize":[28,15],"capInsets":[0,0,0,0]}},{"__type__":"cc.SpriteFrame","content":{"name":"yz10_20","texture":"26ym/9FzRELrH7AcuS13U8","rect":[0,0,8,19],"offset":[0,0],"originalSize":[8,19],"capInsets":[0,0,0,0]}},{"__type__":"cc.SpriteFrame","content":{"name":"yz10_04","texture":"ed/jaIW15DvpdjI7xK9CKC","rect":[0,0,57,47],"offset":[0,0],"originalSize":[57,47],"capInsets":[0,0,0,0]}},{"__type__":"cc.SpriteFrame","content":{"name":"yz10_15","texture":"acZubWIbVKBprnb+ntsHSr","rect":[0,0,32,23],"offset":[0,0],"originalSize":[32,23],"capInsets":[0,0,0,0]}},{"__type__":"cc.SpriteFrame","content":{"name":"Sprite_HpBg","texture":"d6spVuKEFNyYxHFhxkhRhq","rect":[0,0,105,14],"offset":[0,0],"originalSize":[105,14],"capInsets":[0,0,0,0]}},{"__type__":"cc.SpriteFrame","content":{"name":"yz10_13","texture":"0152BsQftDfKC2WbJH5FIw","rect":[0,0,22,8],"offset":[0,0],"originalSize":[22,8],"capInsets":[0,0,0,0]}},{"__type__":"cc.SpriteFrame","content":{"name":"yz10_05","texture":"eeRhBBTRlFTb3DwZbBNxBU","rect":[0,0,92,26],"offset":[0,0],"originalSize":[92,26],"capInsets":[0,0,0,0]}}]