[{"__type__":"cc.AnimationClip","_name":"shi_wan","_duration":0.48333333333333334,"wrapMode":"2","curveData":{"paths":{"shi_wan":{"props":{"opacity":[{"frame":0,"value":0},{"frame":0.26666666666666666,"value":255},{"frame":0.48333333333333334,"value":0}]}}}}},[{"__type__":"cc.Prefab","_name":"TestPlay","data":{"__id__":1}},{"__type__":"cc.Node","_name":"TestPlay","_children":[{"__id__":2},{"__id__":3}],"_level":3,"_components":[{"__type__":"cc.Animation","node":{"__id__":1},"_clips":[{"__uuid__":"aeRwr0uetCfZLtu3czqu+5"}],"playOnLoad":true}],"_prefab":{"__type__":"cc.PrefabInfo","root":{"__id__":1},"asset":{"__id__":0},"fileId":"84PmBN9JtMnIN+3wYS6RhS"},"_scale":{"__type__":"cc.Vec3","x":1,"y":1,"z":1}},{"__type__":"cc.Node","_name":"shi_wan01","_parent":{"__id__":1},"_level":2,"_components":[{"__type__":"cc.Sprite","node":{"__id__":2}}],"_prefab":{"__type__":"cc.PrefabInfo","root":{"__id__":1},"asset":{"__id__":0},"fileId":"405MU7XrRFxpjeYhm5SmEY"},"_contentSize":{"__type__":"cc.Size","width":115,"height":139},"_anchorPoint":{"__type__":"cc.Vec2","x":0.5},"_scale":{"__type__":"cc.Vec3","x":1,"y":1,"z":1}},{"__type__":"cc.Node","_name":"shi_wan","_parent":{"__id__":1},"_level":2,"_components":[{"__type__":"cc.Sprite","node":{"__id__":3},"_dstBlendFactor":1}],"_prefab":{"__type__":"cc.PrefabInfo","root":{"__id__":1},"asset":{"__id__":0},"fileId":"80bDt0f/ZAObdVGiCUT6vu"},"_opacity":0,"_contentSize":{"__type__":"cc.Size","width":115,"height":139},"_anchorPoint":{"__type__":"cc.Vec2","x":0.5},"_scale":{"__type__":"cc.Vec3","x":1,"y":1,"z":1}}]]