[{"__type__":"cc.SpriteFrame","content":{"name":"monster05a_03","texture":"fb8Rxt9F9EMr4b0y5DjEve","rect":[12,8,107,96],"offset":[-4.5,4],"originalSize":[140,120],"capInsets":[0,0,0,0]}},{"__type__":"cc.SpriteFrame","content":{"name":"monster05a_02","texture":"71dcNZ1qlDH74TkfY7ywPt","rect":[13,7,108,98],"offset":[-3,4],"originalSize":[140,120],"capInsets":[0,0,0,0]}},{"__type__":"cc.SpriteFrame","content":{"name":"monster05a_01","texture":"06S4kLQxROvJKau+vJuD18","rect":[15,6,107,100],"offset":[-1.5,4],"originalSize":[140,120],"capInsets":[0,0,0,0]}},{"__type__":"cc.AnimationClip","_name":"Run","_duration":0.6666666666666666,"sample":6,"speed":1.5,"wrapMode":"2","curveData":{"paths":{"monster05a_01":{"props":{"width":[],"height":[]},"comps":{"cc.Sprite":{"spriteFrame":[{"frame":0,"value":{"__uuid__":"b8iHGMVOxBeJfoSZwuFbHr"}},{"frame":0.16666666666666666,"value":{"__uuid__":"41JuaOab1C0r9ox2T9u/B5"}},{"frame":0.3333333333333333,"value":{"__uuid__":"21c57TmBJJHqDt2ldXfSqE"}},{"frame":0.5,"value":{"__uuid__":"41JuaOab1C0r9ox2T9u/B5"}}]}}}}}}]