[{"__type__":"cc.SpriteFrame","content":{"name":"100008","texture":"57ITu3eIJILbs/szsCgzxD","rect":[0,0,248,259],"offset":[0,0],"originalSize":[248,259],"capInsets":[0,0,0,0]}},{"__type__":"cc.SpriteFrame","content":{"name":"tp_getTitle","texture":"97xLWc30BHWYdTsraCKZxe","rect":[0,1,103,30],"offset":[0,-0.5],"originalSize":[103,31],"capInsets":[0,0,0,0]}},{"__type__":"cc.SpriteFrame","content":{"name":"Btn_Close","texture":"04PZG4nVJAKIq2Yl3qCeDz","rect":[0,0,95,95],"offset":[0,0],"originalSize":[95,95],"capInsets":[0,0,0,0]}},{"__type__":"cc.SpriteFrame","content":{"name":"tp_PureColorBg","texture":"a8Anh32NZGRZegUtSgEj26","rect":[0,0,2,2],"offset":[0,0],"originalSize":[2,2],"capInsets":[0,0,0,0]}},{"__type__":"cc.SpriteFrame","content":{"name":"tp_btnBg","texture":"56yoLZHnVPQa814/Mpadn+","rect":[0,0,207,73],"offset":[0,0],"originalSize":[207,73],"capInsets":[0,0,0,0]}},{"__type__":"cc.SpriteFrame","content":{"name":"Sprite_CollectExplain","texture":"5bQSqGLsNDOp8RY/1fyB2H","rect":[1,0,556,557],"offset":[0.5,0],"originalSize":[557,557],"capInsets":[0,0,0,0]}},{"__type__":"cc.SpriteFrame","content":{"name":"Sprite_CollectReward","texture":"feQNXe3CxLbrdmTzqakrJ2","rect":[0,1,557,604],"offset":[0,-0.5],"originalSize":[557,605],"capInsets":[0,0,0,0]}},[{"__type__":"cc.Prefab","_name":"CollectPage","data":{"__id__":1}},{"__type__":"cc.Node","_name":"CollectPage","_children":[{"__id__":2},{"__id__":3},{"__id__":4},{"__id__":8}],"_level":1,"_components":[{"__type__":"5c42asYHSZOSa1rLI1p/aHc","node":{"__id__":1},"Node_Collect":{"__id__":3},"Node_RewardGet":{"__id__":4},"Btn_Close":{"__id__":8},"Btn_Get":{"__id__":6}}],"_prefab":{"__type__":"cc.PrefabInfo","root":{"__id__":1},"asset":{"__uuid__":"f9CzaLvsNAGZqlYR5aaPWQ"},"fileId":"148Cl1/H1IXbuDBGMzlvXw"},"_scale":{"__type__":"cc.Vec3","x":1,"y":1,"z":1}},{"__type__":"cc.Node","_name":"PureColorBg","_parent":{"__id__":1},"_level":2,"_components":[{"__type__":"cc.Sprite","node":{"__id__":2},"_spriteFrame":{"__uuid__":"41D7kWhyFGY7q4NDlzkazn"},"_sizeMode":0},{"__type__":"cc.BlockInputEvents","node":{"__id__":2}}],"_prefab":{"__type__":"cc.PrefabInfo","root":{"__id__":1},"asset":{"__uuid__":"f9CzaLvsNAGZqlYR5aaPWQ"},"fileId":"d0wxHHrEVKfaEs9Q602/BW"},"_opacity":200,"_color":{"__type__":"cc.Color"},"_contentSize":{"__type__":"cc.Size","width":750,"height":1100},"_position":{"__type__":"cc.Vec3","y":-40},"_scale":{"__type__":"cc.Vec3","x":1,"y":1,"z":1}},{"__type__":"cc.Node","_name":"Sprite_CollectExplain","_parent":{"__id__":1},"_level":2,"_components":[{"__type__":"cc.Sprite","node":{"__id__":3},"_spriteFrame":{"__uuid__":"68yguXKSdG9pn0zmGHx90I"}}],"_prefab":{"__type__":"cc.PrefabInfo","root":{"__id__":1},"asset":{"__uuid__":"f9CzaLvsNAGZqlYR5aaPWQ"},"fileId":"38llQQPjlD0qyX60UqMa1/"},"_contentSize":{"__type__":"cc.Size","width":556,"height":557},"_scale":{"__type__":"cc.Vec3","x":1,"y":1,"z":1}},{"__type__":"cc.Node","_name":"Sprite_CollectReward","_parent":{"__id__":1},"_children":[{"__id__":5},{"__id__":6}],"_level":2,"_components":[{"__type__":"cc.Sprite","node":{"__id__":4},"_spriteFrame":{"__uuid__":"e4iKIHAfxELJTYPOmpvGW2"}}],"_prefab":{"__type__":"cc.PrefabInfo","root":{"__id__":1},"asset":{"__uuid__":"f9CzaLvsNAGZqlYR5aaPWQ"},"fileId":"f9ySkyvEtEZLp6vwoZXQmj"},"_contentSize":{"__type__":"cc.Size","width":557,"height":604},"_position":{"__type__":"cc.Vec3","y":24},"_scale":{"__type__":"cc.Vec3","x":1,"y":1,"z":1}},{"__type__":"cc.Node","_name":"100008","_parent":{"__id__":4},"_level":3,"_components":[{"__type__":"cc.Sprite","node":{"__id__":5},"_spriteFrame":{"__uuid__":"1cSyiXVwNDYaMHAm7JJISi"}}],"_prefab":{"__type__":"cc.PrefabInfo","root":{"__id__":1},"asset":{"__uuid__":"f9CzaLvsNAGZqlYR5aaPWQ"},"fileId":"d2S6UEBkdEa5UNyDNRlvrL"},"_contentSize":{"__type__":"cc.Size","width":248,"height":259},"_scale":{"__type__":"cc.Vec3","x":1,"y":1,"z":1}},{"__type__":"cc.Node","_name":"Btn_Get","_parent":{"__id__":4},"_children":[{"__id__":7}],"_level":3,"_components":[{"__type__":"cc.Sprite","node":{"__id__":6},"_spriteFrame":{"__uuid__":"53TodyNLdBi6yVKIBDNVPw"}},{"__type__":"cc.Button","node":{"__id__":6}}],"_prefab":{"__type__":"cc.PrefabInfo","root":{"__id__":1},"asset":{"__uuid__":"f9CzaLvsNAGZqlYR5aaPWQ"},"fileId":"542znSG09ELL375NHeM1u/"},"_contentSize":{"__type__":"cc.Size","width":207,"height":73},"_position":{"__type__":"cc.Vec3","y":-235},"_scale":{"__type__":"cc.Vec3","x":1,"y":1,"z":1}},{"__type__":"cc.Node","_name":"tp_getTitle","_parent":{"__id__":6},"_level":4,"_components":[{"__type__":"cc.Sprite","node":{"__id__":7},"_spriteFrame":{"__uuid__":"2c3lnq8nBIV60xq0Id5igB"}}],"_prefab":{"__type__":"cc.PrefabInfo","root":{"__id__":1},"asset":{"__uuid__":"f9CzaLvsNAGZqlYR5aaPWQ"},"fileId":"2bnLysvaZF66DEJbO5UwTs"},"_contentSize":{"__type__":"cc.Size","width":103,"height":30},"_scale":{"__type__":"cc.Vec3","x":1,"y":1,"z":1}},{"__type__":"cc.Node","_name":"Btn_Close","_parent":{"__id__":1},"_level":2,"_components":[{"__type__":"cc.Sprite","node":{"__id__":8},"_spriteFrame":{"__uuid__":"39ask3LghPuavCbjPzhMKA"}},{"__type__":"cc.Button","node":{"__id__":8}}],"_prefab":{"__type__":"cc.PrefabInfo","root":{"__id__":1},"asset":{"__uuid__":"f9CzaLvsNAGZqlYR5aaPWQ"},"fileId":"83ZlF2IExKFLnma12av2PD"},"_contentSize":{"__type__":"cc.Size","width":95,"height":95},"_position":{"__type__":"cc.Vec3","x":237,"y":244},"_scale":{"__type__":"cc.Vec3","x":1,"y":1,"z":1}}]]