[{"__type__":"cc.SpriteFrame","content":{"name":"100006","texture":"054YRIJkFJEbVqdO6Loh/0","rect":[0,0,63,25],"offset":[0,0],"originalSize":[63,25],"capInsets":[0,0,0,0]}},[{"__type__":"cc.Prefab","_name":"100019","data":{"__id__":1}},{"__type__":"cc.Node","_name":"100006","_components":[{"__type__":"cc.Sprite","node":{"__id__":1},"_spriteFrame":{"__uuid__":"621RCPmRxNoLrr4LeCX6+R"}}],"_prefab":{"__type__":"cc.PrefabInfo","root":{"__id__":1},"asset":{"__uuid__":"728S88wEVI4aATaBaPC88i"},"fileId":"a3evgQOVZFMqQ+vYsEVK6i"},"_contentSize":{"__type__":"cc.Size","width":63,"height":25},"_scaleX":1,"_scaleY":1,"_scale":{"__type__":"cc.Vec3","x":1,"y":1,"z":1}}]]