[{"__type__":"cc.SpriteFrame","content":{"name":"果盘_菠萝","texture":"8bssBsrApCHZAyUv9PMht6","rect":[92,227,67,13],"offset":[0,0],"originalSize":[67,13],"capInsets":[0,0,0,0]}},{"__type__":"cc.SpriteFrame","content":{"name":"水果_柠檬","texture":"8bssBsrApCHZAyUv9PMht6","rect":[2,647,70,90],"offset":[0,0],"originalSize":[70,90],"capInsets":[0,0,0,0]}},{"__type__":"cc.SpriteFrame","content":{"name":"水果_橘子","texture":"8bssBsrApCHZAyUv9PMht6","rect":[2,358,91,92],"offset":[0,0],"originalSize":[91,92],"capInsets":[0,0,0,0]}},{"__type__":"cc.SpriteFrame","content":{"name":"水果_菠萝","texture":"8bssBsrApCHZAyUv9PMht6","rect":[2,2,82,133],"offset":[0,0],"originalSize":[82,133],"capInsets":[0,0,0,0]}},{"__type__":"cc.SpriteFrame","content":{"name":"果盘_奇异","texture":"8bssBsrApCHZAyUv9PMht6","rect":[160,120,67,13],"offset":[0,0],"originalSize":[67,13],"capInsets":[0,0,0,0]}},{"__type__":"cc.SpriteFrame","content":{"name":"果盘_柠檬","texture":"8bssBsrApCHZAyUv9PMht6","rect":[88,103,68,13],"offset":[0,0],"originalSize":[68,13],"capInsets":[0,0,0,0]}},{"__type__":"cc.SpriteFrame","content":{"name":"果盘_苹果","texture":"8bssBsrApCHZAyUv9PMht6","rect":[88,120,68,13],"offset":[0,0],"originalSize":[68,13],"capInsets":[0,0,0,0]}},{"__type__":"cc.SpriteFrame","content":{"name":"一半_苹果","texture":"8bssBsrApCHZAyUv9PMht6","rect":[290,2,80,87],"offset":[0,0],"originalSize":[80,87],"capInsets":[0,0,0,0]}},{"__type__":"cc.SpriteFrame","content":{"name":"一半_草莓","texture":"8bssBsrApCHZAyUv9PMht6","rect":[2,139,86,106],"offset":[-43,0],"originalSize":[87,106],"capInsets":[0,0,0,0]}},{"__type__":"cc.SpriteFrame","content":{"name":"一半_橘子","texture":"8bssBsrApCHZAyUv9PMht6","rect":[83,454,59,84],"offset":[-29,0],"originalSize":[60,84],"capInsets":[0,0,0,0]}},{"__type__":"cc.SpriteFrame","content":{"name":"一半_梨子","texture":"8bssBsrApCHZAyUv9PMht6","rect":[97,137,69,116],"offset":[0,0],"originalSize":[69,118],"rotated":1,"capInsets":[0,0,0,0]}},{"__type__":"cc.SpriteFrame","content":{"name":"水果_梨","texture":"8bssBsrApCHZAyUv9PMht6","rect":[185,2,76,101],"offset":[0,0],"originalSize":[76,101],"rotated":1,"capInsets":[0,0,0,0]}},{"__type__":"cc.SpriteFrame","content":{"name":"一半_西瓜","texture":"8bssBsrApCHZAyUv9PMht6","rect":[2,545,68,98],"offset":[-34,-49],"originalSize":[69,99],"capInsets":[0,0,0,0]}},{"__type__":"cc.SpriteFrame","content":{"name":"果盘_草莓","texture":"8bssBsrApCHZAyUv9PMht6","rect":[163,226,67,12],"offset":[0,0],"originalSize":[67,12],"capInsets":[0,0,0,0]}},{"__type__":"cc.SpriteFrame","content":{"name":"果盘_西瓜","texture":"8bssBsrApCHZAyUv9PMht6","rect":[160,103,68,13],"offset":[0,0],"originalSize":[68,13],"capInsets":[0,0,0,0]}},{"__type__":"cc.SpriteAtlas","_name":"1ba455f34.plist","_spriteFrames":{"一半_梨子":{"__uuid__":"6bfsbOkntPR4df5U4ab7zR"},"一半_奇异果":{"__uuid__":"e2WZXaX2xI85zCi7HhzD12"},"一半_橘子":{"__uuid__":"61R9p7nJFFUZsosoDI6eHj"},"一半_草莓":{"__uuid__":"51X/aP1dpL0K9bYZIRiSxz"},"一半_西瓜":{"__uuid__":"9adTQwzF9FBaXCXVAkggmp"},"一半_柠檬":{"__uuid__":"b0hk8sUAhBALrALd0ZdiDK"},"一半_菠萝":{"__uuid__":"fcCV/gTulIY6CQKpsrcH0J"},"果盘_草莓":{"__uuid__":"9cSh0K/eFPm5wn5nrNrL1u"},"水果_草莓":{"__uuid__":"fbGddw31pGNLNbuvU+ZTKY"},"水果_奇异":{"__uuid__":"fcLw20NT1MEZDv9C36l9Aj"},"果盘_苹果":{"__uuid__":"49GMt1wOpPIbIllSOFwWyX"},"果盘_奇异":{"__uuid__":"2egsxbvzJAp7UzVKxESpr7"},"水果_柠檬":{"__uuid__":"14xT7teUpEsoxwEHzFGbIc"},"水果_西瓜":{"__uuid__":"fb0qtqln1NJbAfar/lLTjA"},"果盘_橘子":{"__uuid__":"dcEHtG7s5GlIiBbuJfjyBY"},"果盘_菠萝":{"__uuid__":"07b7O7WYtH7oFhDz4NMqph"},"水果_苹果":{"__uuid__":"beOU2IQxRIMJoyxsuSgxlG"},"水果_梨":{"__uuid__":"76whQ/0CtKuK9nt9W8LbqA"},"水果_橘子":{"__uuid__":"1eSe4g3KdJmbG6knCTGMtK"},"水果_菠萝":{"__uuid__":"20/DJAbP1MYYL9zXALWkCF"},"果盘_梨":{"__uuid__":"f4F0vl5S5AAoZyEbXoDDEF"},"果盘_西瓜":{"__uuid__":"a1zFVrytJAUInKaH73TD65"},"果盘_柠檬":{"__uuid__":"36ISX7g9dKpZEamMA+ObMM"},"一半_苹果":{"__uuid__":"4fbY6Nm0ZBop3pSZtEmaSU"}}},{"__type__":"cc.SpriteFrame","content":{"name":"一半_柠檬","texture":"8bssBsrApCHZAyUv9PMht6","rect":[138,344,60,74],"offset":[0,-37],"originalSize":[60,75],"capInsets":[0,0,0,0]}},{"__type__":"cc.SpriteFrame","content":{"name":"水果_苹果","texture":"8bssBsrApCHZAyUv9PMht6","rect":[91,249,91,90],"offset":[0,0],"originalSize":[91,90],"rotated":1,"capInsets":[0,0,0,0]}},{"__type__":"cc.SpriteFrame","content":{"name":"果盘_橘子","texture":"8bssBsrApCHZAyUv9PMht6","rect":[92,210,67,13],"offset":[0,0],"originalSize":[67,13],"capInsets":[0,0,0,0]}},{"__type__":"cc.SpriteFrame","content":{"name":"一半_奇异果","texture":"8bssBsrApCHZAyUv9PMht6","rect":[74,545,60,86],"offset":[0,-43],"originalSize":[60,87],"capInsets":[0,0,0,0]}},{"__type__":"cc.SpriteFrame","content":{"name":"果盘_梨","texture":"8bssBsrApCHZAyUv9PMht6","rect":[163,210,67,12],"offset":[0,0],"originalSize":[67,12],"capInsets":[0,0,0,0]}},{"__type__":"cc.SpriteFrame","content":{"name":"水果_草莓","texture":"8bssBsrApCHZAyUv9PMht6","rect":[2,249,85,105],"offset":[0,0],"originalSize":[85,105],"capInsets":[0,0,0,0]}},{"__type__":"cc.SpriteFrame","content":{"name":"水果_西瓜","texture":"8bssBsrApCHZAyUv9PMht6","rect":[88,2,93,97],"offset":[0,0],"originalSize":[93,97],"capInsets":[0,0,0,0]}},{"__type__":"cc.SpriteFrame","content":{"name":"一半_菠萝","texture":"8bssBsrApCHZAyUv9PMht6","rect":[217,137,56,131],"offset":[0,0],"originalSize":[56,131],"rotated":1,"capInsets":[0,0,0,0]}},{"__type__":"cc.SpriteFrame","content":{"name":"水果_奇异","texture":"8bssBsrApCHZAyUv9PMht6","rect":[2,454,77,87],"offset":[0,0],"originalSize":[77,87],"capInsets":[0,0,0,0]}}]