{"__type__":"cc.SpriteAtlas","_spriteFrames":{"up":{"__uuid__":"6aCPwuRy5Ga5y+rX9klYYd"},"table":{"__uuid__":"ecVuCbVmlHSLDUaxmTeUBB"},"shengzi":{"__uuid__":"1aXpYp3XdIarATVwIlafaT"},"white":{"__uuid__":"a43/5RG7tIOaTzsP2SCm3A"},"btnThree":{"__uuid__":"c7QnsxmXBGMbhqFn3PMq0h"},"btnRank":{"__uuid__":"6d/f3bvN5D1IEZ0YRnK5r6"},"btnSign":{"__uuid__":"8cVwX+r/xCto0JckxvUTNh"},"btnWeap":{"__uuid__":"f0RSslod5N4ay+683PDVPS"},"btnSound":{"__uuid__":"25pBX3O1xLL4ijzwrHZSxU"},"btnShare":{"__uuid__":"b19IiMnPVB/5CfNXUTWdIF"},"panzi":{"__uuid__":"119S2UeSJLkbp4QVNFM+7J"},"btnSound1":{"__uuid__":"b6OACymfRCrJf5aTfU3/zu"},"libao":{"__uuid__":"09u88GC3xLXJJLTjOKUwdl"},"Điểm danh":{"__uuid__":"90aVRh/nZOaJXniesNS6KB"},"btnWeapLab":{"__uuid__":"f2gueqHtVFVrTyKyEdEe2o"},"Ranking":{"__uuid__":"61LOf8xu1AlLJgBb1JHg1X"},"Chia sẻ":{"__uuid__":"60UPKlwplN45ac+4nN5DRN"},"coin":{"__uuid__":"09URJUmz9CxZXNLivu3VIv"},"sound":{"__uuid__":"3533ULNSlK4buNueUzFwsq"}}}