[{"__type__":"cc.SpriteFrame","content":{"name":"monster08a_03","texture":"51KNsmC0VM64+G14OwgXCv","rect":[2,13,88,92],"offset":[-4,1],"originalSize":[100,120],"capInsets":[0,0,0,0]}},{"__type__":"cc.AnimationClip","_name":"Run","_duration":0.6666666666666666,"sample":6,"speed":1.5,"wrapMode":"2","curveData":{"paths":{"monster08a_01":{"props":{"width":[{"frame":0,"value":100}],"height":[{"frame":0,"value":120}]},"comps":{"cc.Sprite":{"spriteFrame":[{"frame":0,"value":{"__uuid__":"a01snn5TJBsZdU+aEWY6P2"}},{"frame":0.16666666666666666,"value":{"__uuid__":"9dMhdhFlFJ5J5fWuTaD5O6"}},{"frame":0.3333333333333333,"value":{"__uuid__":"51F6W7GnFB+7WLFWf6E8eg"}},{"frame":0.5,"value":{"__uuid__":"9dMhdhFlFJ5J5fWuTaD5O6"}}]}}}}}},{"__type__":"cc.SpriteFrame","content":{"name":"monster08a_02","texture":"265OB7j9pKraO3sP5/jAx+","rect":[2,12,87,93],"offset":[-4.5,1.5],"originalSize":[100,120],"capInsets":[0,0,0,0]}},{"__type__":"cc.SpriteFrame","content":{"name":"monster08a_01","texture":"bbS3VMt+9II7pNzGa8BkUp","rect":[3,11,85,94],"offset":[-4.5,2],"originalSize":[100,120],"capInsets":[0,0,0,0]}}]