[[{"__type__":"cc.Prefab","_name":"100013","data":{"__id__":1}},{"__type__":"cc.Node","_name":"100005","_components":[{"__type__":"cc.Sprite","node":{"__id__":1},"_spriteFrame":{"__uuid__":"dbwnvwQ6FFq5PPzpuQX/iO"}}],"_prefab":{"__type__":"cc.PrefabInfo","root":{"__id__":1},"asset":{"__uuid__":"9cZPZDgFpGKILYzNj/btut"},"fileId":"a6FosGERdLo5Qf6Ye8P/Gi"},"_contentSize":{"__type__":"cc.Size","width":66,"height":44},"_scaleX":1,"_scaleY":1,"_scale":{"__type__":"cc.Vec3","x":1,"y":1,"z":1}}],{"__type__":"cc.SpriteFrame","content":{"name":"100005","texture":"aa8OZ4sZZLXodLwdOu0KC3","rect":[0,0,66,44],"offset":[0,0],"originalSize":[66,44],"capInsets":[0,0,0,0]}}]