[{"__type__":"cc.AnimationClip","_name":"Run","_duration":0.6666666666666666,"sample":6,"speed":1.5,"wrapMode":"2","curveData":{"paths":{"monster15a_01":{"props":{"width":[{"frame":0,"value":180}],"height":[{"frame":0,"value":170}]},"comps":{"cc.Sprite":{"spriteFrame":[{"frame":0,"value":{"__uuid__":"c8tCBp+H9BRrOHbwq8+bTs"}},{"frame":0.16666666666666666,"value":{"__uuid__":"86lPVn7XZNt4TNCxMDWURI"}},{"frame":0.3333333333333333,"value":{"__uuid__":"fdHUtuN3JGaavN0t2SYaRj"}},{"frame":0.5,"value":{"__uuid__":"86lPVn7XZNt4TNCxMDWURI"}}]}}}}}},{"__type__":"cc.SpriteFrame","content":{"name":"monster15a_02","texture":"abhhBuBbBGuKVoVPm1Elzi","rect":[20,26,133,134],"offset":[-3.5,-8],"originalSize":[180,170],"capInsets":[0,0,0,0]}},{"__type__":"cc.SpriteFrame","content":{"name":"monster15a_03","texture":"2cEj9ola1CpKhCJWew+rnU","rect":[19,27,134,133],"offset":[-4,-8.5],"originalSize":[180,170],"capInsets":[0,0,0,0]}},{"__type__":"cc.SpriteFrame","content":{"name":"monster15a_01","texture":"86ofnXkslPs4FF5pQdLu+B","rect":[20,24,134,135],"offset":[-3,-6.5],"originalSize":[180,170],"capInsets":[0,0,0,0]}}]