[{"__type__":"cc.SpriteFrame","content":{"name":"fire01","texture":"02/XshEHVNXoya9R0il/Jq","rect":[16,44,82,78],"offset":[4.5,-20.5],"originalSize":[105,125],"capInsets":[0,0,0,0]}},{"__type__":"cc.SpriteFrame","content":{"name":"monster18b_03","texture":"18y7hD2xVIEL0EjLJgNVBD","rect":[23,44,118,75],"offset":[-18,-16.5],"originalSize":[200,130],"capInsets":[0,0,0,0]}},{"__type__":"cc.SpriteFrame","content":{"name":"monster18a_01","texture":"1eKd61frBG36jOSCtrBES0","rect":[32,25,122,89],"offset":[-7,-4.5],"originalSize":[200,130],"capInsets":[0,0,0,0]}},{"__type__":"cc.SpriteFrame","content":{"name":"fire04","texture":"f9QUIFjIFA3L7Z5lKwwtlw","rect":[19,13,85,108],"offset":[9,-4.5],"originalSize":[105,125],"capInsets":[0,0,0,0]}},{"__type__":"cc.SpriteFrame","content":{"name":"fire02","texture":"59JDUTk7hLKKL6C6nlaVdi","rect":[0,33,101,88],"offset":[-2,-14.5],"originalSize":[105,125],"capInsets":[0,0,0,0]}},{"__type__":"cc.SpriteFrame","content":{"name":"monster18b_04","texture":"d3Q2pnJ7hOyr7jW5c2rIbV","rect":[32,31,134,78],"offset":[-1,-5],"originalSize":[200,130],"capInsets":[0,0,0,0]}},{"__type__":"cc.AnimationClip","_name":"Atk","_duration":1,"sample":6,"speed":1.5,"wrapMode":"1","curveData":{"paths":{"monster18a_01":{"props":{"width":[],"height":[]},"comps":{"cc.Sprite":{"spriteFrame":[{"frame":0,"value":{"__uuid__":"6d4qUKy4RKgZsY1gcJdOPB"}},{"frame":0.16666666666666666,"value":{"__uuid__":"a9f7HhfrlHp5Gh5d0Efzcz"}},{"frame":0.3333333333333333,"value":{"__uuid__":"1b6iF6WrFP8YgxwPtXwqiA"}},{"frame":0.5,"value":{"__uuid__":"98n2NZEL1IMK6+SyV09lE5"}},{"frame":0.6666666666666666,"value":{"__uuid__":"d35s0kFkNH8KwZn5truxY/"}},{"frame":0.8333333333333334,"value":{"__uuid__":"bbAViCeBZOlortwz4+jgpp"}}]}}},"fire01":{"comps":{"cc.Sprite":{"spriteFrame":[{"frame":0,"value":{"__uuid__":"12b5pkA1xNUJAxY2xQ9ob8"}},{"frame":0.16666666666666666,"value":{"__uuid__":"90zzHUDLdL8b5HFafIf0jG"}},{"frame":0.3333333333333333,"value":{"__uuid__":"cd9b0ZKq1Il5MCMJf+J2b5"}},{"frame":0.5,"value":{"__uuid__":"86Ktf/GfpA+ZSR9ldIPH5M"}},{"frame":0.6666666666666666,"value":{"__uuid__":"f2P8JWBfdFYqhfhilh9jmH"}},{"frame":0.8333333333333334,"value":{"__uuid__":"90zzHUDLdL8b5HFafIf0jG"}}]}},"props":{"opacity":[{"frame":0,"value":200}]}}}},"events":[{"frame":1,"func":"AfterAtk","params":[]}]},{"__type__":"cc.SpriteFrame","content":{"name":"monster18b_02","texture":"08jT77eQxKGb1UDt8stdoD","rect":[27,40,123,74],"offset":[-11.5,-12],"originalSize":[200,130],"capInsets":[0,0,0,0]}},{"__type__":"cc.SpriteFrame","content":{"name":"monster18b_06","texture":"2c6NerwBBBjbfIo4xgDwCf","rect":[27,22,144,88],"offset":[-1,-1],"originalSize":[200,130],"capInsets":[0,0,0,0]}},{"__type__":"cc.SpriteFrame","content":{"name":"fire03","texture":"afRUE2PpZK8qiGF9xrSJld","rect":[12,23,92,102],"offset":[5.5,-11.5],"originalSize":[105,125],"capInsets":[0,0,0,0]}},{"__type__":"cc.SpriteFrame","content":{"name":"monster18b_05","texture":"9dPac0v7VHx7X48pnoIUuo","rect":[22,13,172,92],"offset":[8,6],"originalSize":[200,130],"capInsets":[0,0,0,0]}},{"__type__":"cc.SpriteFrame","content":{"name":"fire05","texture":"b3f70J5RJJJ4A0J0zKl2h9","rect":[20,0,79,122],"offset":[7,1.5],"originalSize":[105,125],"capInsets":[0,0,0,0]}}]