[{"__type__":"cc.SpriteFrame","content":{"name":"fire01","texture":"02/XshEHVNXoya9R0il/Jq","rect":[16,44,82,78],"offset":[4.5,-20.5],"originalSize":[105,125],"capInsets":[0,0,0,0]}},{"__type__":"cc.SpriteFrame","content":{"name":"monster17b_06","texture":"5coOPvAkpIEbq11U+rUjZW","rect":[24,29,137,70],"offset":[2.5,1],"originalSize":[180,130],"capInsets":[0,0,0,0]}},{"__type__":"cc.SpriteFrame","content":{"name":"monster17b_05","texture":"89idA/E89J6K+oAgfS6mc3","rect":[21,31,154,64],"offset":[8,2],"originalSize":[180,130],"capInsets":[0,0,0,0]}},{"__type__":"cc.SpriteFrame","content":{"name":"monster17b_04","texture":"5fP26WkZhBuaiiDRoy7vo+","rect":[28,37,130,62],"offset":[3,-3],"originalSize":[180,130],"capInsets":[0,0,0,0]}},{"__type__":"cc.SpriteFrame","content":{"name":"monster17b_02","texture":"40xsNFKrVGa4AMMbVi8IeU","rect":[28,40,121,62],"offset":[-1.5,-6],"originalSize":[180,130],"capInsets":[0,0,0,0]}},{"__type__":"cc.SpriteFrame","content":{"name":"fire04","texture":"f9QUIFjIFA3L7Z5lKwwtlw","rect":[19,13,85,108],"offset":[9,-4.5],"originalSize":[105,125],"capInsets":[0,0,0,0]}},{"__type__":"cc.SpriteFrame","content":{"name":"fire02","texture":"59JDUTk7hLKKL6C6nlaVdi","rect":[0,33,101,88],"offset":[-2,-14.5],"originalSize":[105,125],"capInsets":[0,0,0,0]}},{"__type__":"cc.SpriteFrame","content":{"name":"monster17b_03","texture":"7eQhFHsbZKubyV2nD/G5sI","rect":[32,43,98,56],"offset":[-9,-6],"originalSize":[180,130],"capInsets":[0,0,0,0]}},{"__type__":"cc.SpriteFrame","content":{"name":"fire03","texture":"afRUE2PpZK8qiGF9xrSJld","rect":[12,23,92,102],"offset":[5.5,-11.5],"originalSize":[105,125],"capInsets":[0,0,0,0]}},{"__type__":"cc.SpriteFrame","content":{"name":"monster17a_01","texture":"69ls5KBoRArb0mdwFf/7xx","rect":[27,25,112,77],"offset":[-7,1.5],"originalSize":[180,130],"capInsets":[0,0,0,0]}},{"__type__":"cc.SpriteFrame","content":{"name":"fire05","texture":"b3f70J5RJJJ4A0J0zKl2h9","rect":[20,0,79,122],"offset":[7,1.5],"originalSize":[105,125],"capInsets":[0,0,0,0]}},{"__type__":"cc.AnimationClip","_name":"Atk","_duration":1,"sample":6,"speed":1.5,"wrapMode":"1","curveData":{"paths":{"monster17a_01":{"props":{"width":[{"frame":0,"value":180}],"height":[{"frame":0,"value":130}]},"comps":{"cc.Sprite":{"spriteFrame":[{"frame":0,"value":{"__uuid__":"e2MkPhr4RC4Z7SDyxcHed4"}},{"frame":0.16666666666666666,"value":{"__uuid__":"833HhO0i9I6rhlUQM3Q+Be"}},{"frame":0.3333333333333333,"value":{"__uuid__":"c40FBskElEnL+8bvpQO15O"}},{"frame":0.5,"value":{"__uuid__":"25JAiSww9FWYqJ+gFa024m"}},{"frame":0.6666666666666666,"value":{"__uuid__":"22VoateDtO5ICZnaLseuFU"}},{"frame":0.8333333333333334,"value":{"__uuid__":"12cjTb4RpNqoJSCGVoz/Fm"}}]}}},"fire01":{"comps":{"cc.Sprite":{"spriteFrame":[{"frame":0,"value":{"__uuid__":"12b5pkA1xNUJAxY2xQ9ob8"}},{"frame":0.16666666666666666,"value":{"__uuid__":"90zzHUDLdL8b5HFafIf0jG"}},{"frame":0.3333333333333333,"value":{"__uuid__":"cd9b0ZKq1Il5MCMJf+J2b5"}},{"frame":0.5,"value":{"__uuid__":"86Ktf/GfpA+ZSR9ldIPH5M"}},{"frame":0.6666666666666666,"value":{"__uuid__":"f2P8JWBfdFYqhfhilh9jmH"}},{"frame":0.8333333333333334,"value":{"__uuid__":"cd9b0ZKq1Il5MCMJf+J2b5"}}]}},"props":{"opacity":[{"frame":0,"value":200}]}}}},"events":[{"frame":1,"func":"AfterAtk","params":[]}]}]