[[{"__type__":"cc.Prefab","_name":"100012","data":{"__id__":1}},{"__type__":"cc.Node","_name":"100012","_objFlags":512,"_children":[{"__id__":2},{"__type__":"cc.Node","_name":"a","_parent":{"__id__":1},"_prefab":{"__type__":"cc.PrefabInfo","root":{"__id__":1},"asset":{"__uuid__":"00tqwW5Q1IDr3aWHh+fEt3"},"fileId":"ccHxgXRClOlbJZVgO+Hjdm"},"_scale":{"__type__":"cc.Vec3","x":1,"y":1,"z":1}},{"__id__":4},{"__id__":5},{"__id__":6}],"_level":1,"_components":[{"__type__":"cc.Animation","node":{"__id__":1},"_clips":[{"__uuid__":"bdySKGDW5B14v1J3jndUS2"},{"__uuid__":"a43MWOuUhO0IaNNJdnOFCL"}]},{"__type__":"056443TVNdNE5utvzC0JgXI","node":{"__id__":1},"m_Bullet":{"__uuid__":"2aicFdYcVJ57Dp+F5TeX4/"}}],"_prefab":{"__type__":"cc.PrefabInfo","root":{"__id__":1},"asset":{"__uuid__":"00tqwW5Q1IDr3aWHh+fEt3"},"fileId":"358DzYXmtBNZbt2K02Nqqe"},"_position":{"__type__":"cc.Vec3","y":-60},"_scale":{"__type__":"cc.Vec3","x":1,"y":1,"z":1}},{"__type__":"cc.Node","_name":"gong","_parent":{"__id__":1},"_children":[{"__id__":3}],"_active":false,"_level":2,"_components":[{"__type__":"cc.Animation","node":{"__id__":2},"_clips":[{"__uuid__":"e8zYxSi8hGmrwbhw/JkTnj"}]}],"_prefab":{"__type__":"cc.PrefabInfo","root":{"__id__":1},"asset":{"__uuid__":"00tqwW5Q1IDr3aWHh+fEt3"},"fileId":"c8AzCPLvJAiLLfZwGd8ENu"},"_position":{"__type__":"cc.Vec3","y":124},"_scale":{"__type__":"cc.Vec3","x":1,"y":1,"z":1}},{"__type__":"cc.Node","_name":"gong_01","_parent":{"__id__":2},"_level":3,"_components":[{"__type__":"cc.Sprite","node":{"__id__":3},"_dstBlendFactor":770,"_spriteFrame":{"__uuid__":"3bS/RbrQtP6YqrL+Uk683g"},"_isTrimmedMode":false}],"_prefab":{"__type__":"cc.PrefabInfo","root":{"__id__":1},"asset":{"__uuid__":"00tqwW5Q1IDr3aWHh+fEt3"},"fileId":"36EjSvBJhIFo/SQNh/CzJo"},"_opacity":250,"_contentSize":{"__type__":"cc.Size","width":183,"height":356},"_scale":{"__type__":"cc.Vec3","x":1,"y":1,"z":1}},{"__type__":"cc.Node","_name":"monster12a_01","_parent":{"__id__":1},"_components":[{"__type__":"cc.Sprite","node":{"__id__":4},"_spriteFrame":{"__uuid__":"6aU38R4c9JN7gVK2KtK1wZ"},"_sizeMode":0,"_isTrimmedMode":false}],"_prefab":{"__type__":"cc.PrefabInfo","root":{"__id__":1},"asset":{"__uuid__":"00tqwW5Q1IDr3aWHh+fEt3"},"fileId":"c9ScIdXftNDY4+2i2wbhqj"},"_contentSize":{"__type__":"cc.Size","width":140,"height":140},"_anchorPoint":{"__type__":"cc.Vec2","x":0.5},"_scale":{"__type__":"cc.Vec3","x":1,"y":1,"z":1}},{"__type__":"cc.Node","_name":"Sprite_ComposeTip","_parent":{"__id__":1},"_level":2,"_components":[{"__type__":"cc.Sprite","node":{"__id__":5},"_spriteFrame":{"__uuid__":"0fCg3ssHRPY7HtK9XbaKBP"}},{"__type__":"cc.Animation","node":{"__id__":5},"_clips":[{"__uuid__":"32CGtg5LRFRLGhywg4W/jn"}]}],"_prefab":{"__type__":"cc.PrefabInfo","root":{"__id__":1},"asset":{"__uuid__":"00tqwW5Q1IDr3aWHh+fEt3"},"fileId":"60UojCiwhGx4TqZJb/FH4I"},"_contentSize":{"__type__":"cc.Size","width":36,"height":62},"_scale":{"__type__":"cc.Vec3","x":1,"y":1,"z":1}},{"__type__":"cc.Node","_name":"sudu","_parent":{"__id__":1},"_children":[{"__id__":7}],"_active":false,"_level":2,"_components":[{"__type__":"cc.Animation","node":{"__id__":6},"_clips":[{"__uuid__":"870zAbGWNPipnzaxSB2dhj"}]}],"_prefab":{"__type__":"cc.PrefabInfo","root":{"__id__":1},"asset":{"__uuid__":"00tqwW5Q1IDr3aWHh+fEt3"},"fileId":"f9d/JnZYlD9JkxxEl1DgiR"},"_position":{"__type__":"cc.Vec3","y":100},"_scale":{"__type__":"cc.Vec3","x":1,"y":1,"z":1}},{"__type__":"cc.Node","_name":"sudu_01","_parent":{"__id__":6},"_level":3,"_components":[{"__type__":"cc.Sprite","node":{"__id__":7},"_dstBlendFactor":770,"_spriteFrame":{"__uuid__":"f9YjgVsotHnoVcPZoDLPIs"}}],"_prefab":{"__type__":"cc.PrefabInfo","root":{"__id__":1},"asset":{"__uuid__":"00tqwW5Q1IDr3aWHh+fEt3"},"fileId":"0aQ8IeigdGKr6XiNuQaWky"},"_contentSize":{"__type__":"cc.Size","width":214,"height":327},"_scale":{"__type__":"cc.Vec3","x":1,"y":1,"z":1}}],{"__type__":"cc.SpriteFrame","content":{"name":"Sprite_ComposeTip","texture":"14Itnvh5dOUKkXLKwcFkP7","rect":[0,0,36,62],"offset":[0,0],"originalSize":[36,62],"capInsets":[0,0,0,0]}},{"__type__":"cc.SpriteFrame","content":{"name":"gong_01","texture":"00fbDTWC1CSZrbNWFC+ed/","rect":[0,0,183,356],"offset":[0,0],"originalSize":[183,356],"capInsets":[0,0,0,0]}},{"__type__":"cc.SpriteFrame","content":{"name":"monster12a_01","texture":"9ekpGRIihGort8JT+88FkI","rect":[18,25,113,96],"offset":[4.5,-3],"originalSize":[140,140],"capInsets":[0,0,0,0]}},{"__type__":"cc.SpriteFrame","content":{"name":"sudu_01","texture":"8cIMH0t59NBJCFKKT857yc","rect":[0,0,214,327],"offset":[0,0],"originalSize":[214,327],"capInsets":[0,0,0,0]}}]