[{"__type__":"cc.SpriteFrame","content":{"name":"monster04a_03","texture":"54fDPzJ6tAkokcwhHn0Dg2","rect":[17,6,102,98],"offset":[0,5],"originalSize":[136,120],"capInsets":[0,0,0,0]}},{"__type__":"cc.SpriteFrame","content":{"name":"monster04a_02","texture":"cfZFyuWCxN8otY2NpiVhx8","rect":[19,5,101,99],"offset":[1.5,5.5],"originalSize":[136,120],"capInsets":[0,0,0,0]}},{"__type__":"cc.AnimationClip","_name":"Run","_duration":0.6666666666666666,"sample":6,"speed":1.5,"wrapMode":"2","curveData":{"paths":{"monster04a_01":{"comps":{"cc.Sprite":{"spriteFrame":[{"frame":0,"value":{"__uuid__":"6bpCND5k5BkZemrEsCbjHm"}},{"frame":0.16666666666666666,"value":{"__uuid__":"613u6URT9Pmb6hBmzamxLb"}},{"frame":0.3333333333333333,"value":{"__uuid__":"0232khMXNL5pMRiMUnMbxg"}},{"frame":0.5,"value":{"__uuid__":"613u6URT9Pmb6hBmzamxLb"}}]}}}}}},{"__type__":"cc.SpriteFrame","content":{"name":"monster04a_01","texture":"60xJ3uxl1AIIuGbfLRXcoi","rect":[20,4,99,100],"offset":[1.5,6],"originalSize":[136,120],"capInsets":[0,0,0,0]}}]