[{"__type__":"cc.SpriteFrame","content":{"name":"monster13a_02","texture":"0cbVOs7MNImJHk6g4xbdp0","rect":[5,14,123,111],"offset":[-3.5,0.5],"originalSize":[140,140],"capInsets":[0,0,0,0]}},{"__type__":"cc.SpriteFrame","content":{"name":"monster13a_01","texture":"adhja2lnhPYpX297Gy7jZ/","rect":[5,13,122,112],"offset":[-4,1],"originalSize":[140,140],"capInsets":[0,0,0,0]}},{"__type__":"cc.SpriteFrame","content":{"name":"monster13a_03","texture":"3bjMwVtshOMJrFDRUBAaTS","rect":[5,15,124,110],"offset":[-3,0],"originalSize":[140,140],"capInsets":[0,0,0,0]}},{"__type__":"cc.AnimationClip","_name":"Run","_duration":0.6666666666666666,"sample":6,"speed":1.5,"wrapMode":"2","curveData":{"paths":{"monster13a_01":{"props":{"width":[{"frame":0,"value":140}],"height":[{"frame":0,"value":140}]},"comps":{"cc.Sprite":{"spriteFrame":[{"frame":0,"value":{"__uuid__":"bdjYmk7AtGir7IDMrQm310"}},{"frame":0.16666666666666666,"value":{"__uuid__":"261LxUb5dEYqsTNCld3mNb"}},{"frame":0.3333333333333333,"value":{"__uuid__":"d5CtMv+wZH+Jo591+PUY2W"}},{"frame":0.5,"value":{"__uuid__":"261LxUb5dEYqsTNCld3mNb"}}]}}}}}}]