[{"__type__":"cc.SpriteFrame","content":{"name":"monster03b_03","texture":"adg+2AuPdABYfoVFhAAp+n","rect":[12,4,61,94],"offset":[-10.5,6.5],"originalSize":[106,115],"capInsets":[0,0,0,0]}},{"__type__":"cc.SpriteFrame","content":{"name":"monster03a_01","texture":"fa2xuyftZE7ay+tWyuSBM2","rect":[14,3,78,95],"offset":[0,7],"originalSize":[106,115],"capInsets":[0,0,0,0]}},{"__type__":"cc.SpriteFrame","content":{"name":"monster03b_02","texture":"betxJ4l8tFTZSY7Fo3Mv+i","rect":[12,4,65,94],"offset":[-8.5,6.5],"originalSize":[106,115],"capInsets":[0,0,0,0]}},{"__type__":"cc.AnimationClip","_name":"Atk","_duration":1,"sample":6,"speed":1.5,"wrapMode":"1","curveData":{"paths":{"monster03a_01":{"props":{"width":[{"frame":0,"value":106}],"height":[{"frame":0,"value":115}]},"comps":{"cc.Sprite":{"spriteFrame":[{"frame":0,"value":{"__uuid__":"7fnrMl1z9E0o2b/aQJueeG"}},{"frame":0.16666666666666666,"value":{"__uuid__":"8apbWO1vlLXoqQdprMph6r"}},{"frame":0.3333333333333333,"value":{"__uuid__":"51Me3gQzdNDrI6Iz4nWC8G"}},{"frame":0.5,"value":{"__uuid__":"c6rmutOMpIZqvZGhDL+lQ2"}},{"frame":0.6666666666666666,"value":{"__uuid__":"d26BPABjRPdaz3zEpNE2Kz"}},{"frame":0.8333333333333334,"value":{"__uuid__":"fcn/9sk2FKkoQrKOO+cu4d"}}]}}}}},"events":[{"frame":1,"func":"AfterAtk","params":[]}]},{"__type__":"cc.SpriteFrame","content":{"name":"monster03b_04","texture":"cbl9Y2H/FAg5CsHRgtBmrX","rect":[10,5,79,93],"offset":[-3.5,6],"originalSize":[106,115],"capInsets":[0,0,0,0]}},{"__type__":"cc.SpriteFrame","content":{"name":"monster03b_05","texture":"67BlhPkYhDT6/n0un4Rokk","rect":[5,6,94,92],"offset":[-1,5.5],"originalSize":[106,115],"capInsets":[0,0,0,0]}},{"__type__":"cc.SpriteFrame","content":{"name":"monster03b_06","texture":"db4uSHgVtCl5fwZse33Cwr","rect":[9,5,92,93],"offset":[2,6],"originalSize":[106,115],"capInsets":[0,0,0,0]}}]