[{"__type__":"cc.SpriteFrame","content":{"name":"yz06_02","texture":"146FM3M2FPyIB8rP2Bfod/","rect":[0,0,30,48],"offset":[0,0],"originalSize":[30,48],"capInsets":[0,0,0,0]}},{"__type__":"cc.AnimationClip","_name":"100009Die","_duration":1,"wrapMode":"1","curveData":{"paths":{"yz":{"props":{"scale":[{"frame":0,"value":{"__type__":"cc.Vec2","x":1,"y":1}},{"frame":0.25,"value":{"__type__":"cc.Vec2","x":1,"y":1.04}}],"rotation":[{"frame":0,"value":0},{"frame":0.25,"value":-3},{"frame":0.45,"value":7}],"opacity":[{"frame":0,"value":255}],"position":[{"frame":0.25,"value":[-2.5,-35.6]},{"frame":0.45,"value":[-1,-46.3]}]}},"yz/s":{"props":{"scale":[{"frame":0,"value":{"__type__":"cc.Vec2","x":1,"y":1}}],"rotation":[{"frame":0,"value":0}],"opacity":[{"frame":0,"value":255}],"position":[{"frame":0,"value":[0,0]}]}},"yz/s/yz06_24":{"props":{"scale":[{"frame":0,"value":{"__type__":"cc.Vec2","x":1,"y":1}}],"rotation":[{"frame":0,"value":0},{"frame":0.25,"value":0},{"frame":0.45,"value":62}],"opacity":[{"frame":0,"value":255}],"position":[{"frame":0,"value":[-1.5,19.3]}]}},"yz/s/yz06_25":{"props":{"scale":[{"frame":0,"value":{"__type__":"cc.Vec2","x":1,"y":1}}],"rotation":[{"frame":0,"value":0},{"frame":0.25,"value":-27},{"frame":0.45,"value":41}],"opacity":[{"frame":0,"value":255}],"position":[{"frame":0,"value":[13,17.4]},{"frame":0.25,"value":[12.6,20.7]},{"frame":0.45,"value":[18,21.7]}]},"comps":{"cc.Sprite":{"spriteFrame":[{"frame":0,"value":{"__uuid__":"e7OsTI2jBLGZ4RMByixi1p"}}]}}},"yz/s/yz06_23":{"props":{"scale":[{"frame":0,"value":{"__type__":"cc.Vec2","x":1,"y":1}}],"rotation":[{"frame":0,"value":0},{"frame":0.25,"value":-58},{"frame":0.45,"value":-8}],"opacity":[{"frame":0,"value":255}],"position":[{"frame":0,"value":[21.7,44.5]},{"frame":0.45,"value":[18.2,42.7]},{"frame":0.6666666666666666,"value":[20,42.9]}]},"comps":{"cc.Sprite":{"spriteFrame":[{"frame":0,"value":{"__uuid__":"61g6EYDItF/Yl++gxMZCvS"}}]}}},"yz/s/yz06_22":{"props":{"scale":[{"frame":0,"value":{"__type__":"cc.Vec2","x":1,"y":1}},{"frame":0.25,"value":{"__type__":"cc.Vec2","x":1,"y":1}},{"frame":0.45,"value":{"__type__":"cc.Vec2","x":1.16,"y":1}}],"rotation":[{"frame":0,"value":0}],"opacity":[{"frame":0,"value":255}],"position":[{"frame":0,"value":[7.3,15.1]}]}},"yz/s/yz06_18":{"props":{"scale":[{"frame":0,"value":{"__type__":"cc.Vec2","x":1,"y":1}}],"rotation":[{"frame":0,"value":0},{"frame":0.25,"value":-37}],"opacity":[{"frame":0,"value":255}],"position":[{"frame":0,"value":[-7.5,49.9]},{"frame":0.45,"value":[-8.6,46.5]},{"frame":0.6666666666666666,"value":[-9.7,45.8]}]}},"yz/t":{"props":{"scale":[{"frame":0,"value":{"__type__":"cc.Vec2","x":1,"y":1}},{"frame":0.25,"value":{"__type__":"cc.Vec2","x":1,"y":1}}],"rotation":[{"frame":0,"value":0},{"frame":0.25,"value":-21},{"frame":0.45,"value":6}],"opacity":[{"frame":0,"value":255}],"position":[{"frame":0,"value":[1,44.9]},{"frame":0.45,"value":[7.3,36]},{"frame":0.6666666666666666,"value":[11,29.7]},{"frame":1,"value":[11,29.7]}]}},"yz/t/yz06_17":{"props":{"scale":[{"frame":0,"value":{"__type__":"cc.Vec2","x":1,"y":1}}],"rotation":[{"frame":0,"value":0}],"opacity":[{"frame":0,"value":255}],"position":[{"frame":0,"value":[33,25.2]}]}},"yz/t/yz06_16":{"props":{"scale":[{"frame":0,"value":{"__type__":"cc.Vec2","x":1,"y":1}}],"rotation":[{"frame":0,"value":0}],"opacity":[{"frame":0,"value":255}],"position":[{"frame":0,"value":[4.4,19.5]}]}},"yz/t/yz06_13":{"props":{"scale":[{"frame":0,"value":{"__type__":"cc.Vec2","x":1,"y":1}},{"frame":0.25,"value":{"__type__":"cc.Vec2","x":1,"y":1}}],"rotation":[{"frame":0,"value":0},{"frame":0.25,"value":0}],"opacity":[{"frame":0,"value":255},{"frame":0.25,"value":255}],"position":[{"frame":0,"value":[3.9,45.5]},{"frame":0.25,"value":[3.9,45.5]},{"frame":0.45,"value":[3.9,45.5]}]},"comps":{"cc.Sprite":{"spriteFrame":[{"frame":0,"value":{"__uuid__":"c2ZWCRlotI45dK2Gf5WNgO"}}]}}},"yz/t/yz06_14":{"props":{"scale":[{"frame":0,"value":{"__type__":"cc.Vec2","x":1,"y":1}}],"rotation":[{"frame":0,"value":0}],"opacity":[{"frame":0,"value":255}],"position":[{"frame":0,"value":[10.3,17.3]},{"frame":0.25,"value":[10.3,19.1]},{"frame":0.45,"value":[10.3,13.8]}]}},"yz/t/yz06_15":{"props":{"scale":[{"frame":0,"value":{"__type__":"cc.Vec2","x":1,"y":1}}],"rotation":[{"frame":0,"value":0}],"opacity":[{"frame":0,"value":255}],"position":[{"frame":0,"value":[-12.1,23.9]}]}},"a":{"props":{"scale":[{"frame":0,"value":{"__type__":"cc.Vec2","x":1,"y":1}},{"frame":0.25,"value":{"__type__":"cc.Vec2","x":0.89,"y":1}},{"frame":0.45,"value":{"__type__":"cc.Vec2","x":1.13,"y":1}}],"rotation":[{"frame":0,"value":0}],"opacity":[{"frame":0,"value":255}],"position":[{"frame":0,"value":[0.81,-35.42]}]}},"yz/s/yz06_23/yz06_19":{"props":{"opacity":[{"frame":0,"value":0}],"rotation":[{"frame":0,"value":13},{"frame":0.25,"value":-2},{"frame":0.45,"value":46}]},"comps":{"cc.Sprite":{"spriteFrame":[{"frame":0,"value":{"__uuid__":"adDZjg9itDV7NZIJZ2+ZFg"}}]}}},"yz/s/yz06_07":{"props":{"opacity":[{"frame":0,"value":255}],"rotation":[{"frame":0,"value":0},{"frame":0.25,"value":-47},{"frame":0.45,"value":12}]}},"yz/s/yz06_22/yz06_06":{"props":{"opacity":[{"frame":0,"value":255}]}},"yz/s/yz06_18/yz06_11":{"props":{"opacity":[{"frame":0,"value":255}]},"comps":{"cc.Sprite":{"spriteFrame":[{"frame":0,"value":{"__uuid__":"a0Ba1+B8FBEKwlksM5FOWq"}}]}}},"yz/t/yz06_08":{"props":{"opacity":[{"frame":0,"value":255}],"rotation":[{"frame":0,"value":0},{"frame":0.25,"value":29},{"frame":0.45,"value":-6}]}},"yz/t/yz06_13/yz06_09":{"props":{"opacity":[{"frame":0,"value":0}]}},"yz/t/yz06_13/yz06_05":{"props":{"opacity":[{"frame":0,"value":255}]}},"yz/t/yz06_14/yz06_04":{"props":{"opacity":[{"frame":0,"value":255}]}},"yz/s/yz06_22/yz06_21":{"props":{"opacity":[{"frame":0,"value":255}]}}},"props":{"opacity":[{"frame":0.75,"value":255},{"frame":0.8333333333333334,"value":0}]}},"events":[{"frame":1,"func":"AfterMonsterDie","params":[]}]},{"__type__":"cc.SpriteFrame","content":{"name":"yz06_03","texture":"55CsVIjuFMRZdykvyc4ML3","rect":[0,0,40,58],"offset":[0,0],"originalSize":[40,58],"capInsets":[0,0,0,0]}},{"__type__":"cc.SpriteFrame","content":{"name":"yz06_10","texture":"681c62wMJIM6iuj+VcI/UG","rect":[0,0,40,43],"offset":[0,0],"originalSize":[40,43],"capInsets":[0,0,0,0]}},{"__type__":"cc.SpriteFrame","content":{"name":"yz06_12","texture":"f5EMbFgeRHyaOJ6AkwsdJ2","rect":[0,0,82,74],"offset":[0,0],"originalSize":[82,74],"capInsets":[0,0,0,0]}},{"__type__":"cc.SpriteFrame","content":{"name":"yz06_25","texture":"93DtBnR/FHu73m9LqZN+RJ","rect":[0,0,12,20],"offset":[0,0],"originalSize":[12,20],"capInsets":[0,0,0,0]}}]