[{"__type__":"cc.AnimationClip","_name":"100019Run","_duration":0.5,"wrapMode":"2","curveData":{"paths":{"a":{"props":{"scale":[{"frame":0,"value":{"__type__":"cc.Vec2","x":1,"y":1}},{"frame":0.25,"value":{"__type__":"cc.Vec2","x":1.06,"y":1}},{"frame":0.5,"value":{"__type__":"cc.Vec2","x":1,"y":1}}]}},"yz":{"props":{"scale":[{"frame":0,"value":{"__type__":"cc.Vec2","x":1,"y":1}}],"rotation":[{"frame":0,"value":0}],"opacity":[{"frame":0,"value":255}],"position":[{"frame":0,"value":[-6,-36.4]}]}},"yz/s":{"props":{"scale":[{"frame":0,"value":{"__type__":"cc.Vec2","x":1,"y":1}}],"rotation":[{"frame":0,"value":0}],"opacity":[{"frame":0,"value":255}],"position":[{"frame":0,"value":[-0.6,0]}]}},"yz/s/yz18_16":{"props":{"scale":[{"frame":0,"value":{"__type__":"cc.Vec2","x":1,"y":1}}],"rotation":[{"frame":0,"value":0}],"opacity":[{"frame":0,"value":255}],"position":[{"frame":0,"value":[-2.9,21.8]},{"frame":0.25,"value":[-2.9,26.1]},{"frame":0.5,"value":[-2.9,21.8]}]}},"yz/s/yz18_16a":{"props":{"scale":[{"frame":0,"value":{"__type__":"cc.Vec2","x":1,"y":1}}],"rotation":[{"frame":0,"value":0}],"opacity":[{"frame":0,"value":255}],"position":[{"frame":0,"value":[14,26.1]},{"frame":0.25,"value":[14,21.9]},{"frame":0.5,"value":[14,26.1]}]}},"yz/s/yz18_17":{"props":{"scale":[{"frame":0,"value":{"__type__":"cc.Vec2","x":1,"y":1}}],"rotation":[{"frame":0,"value":0},{"frame":0.25,"value":26},{"frame":0.5,"value":0}],"opacity":[{"frame":0,"value":255}],"position":[{"frame":0,"value":[17.4,49.2]}]}},"yz/s/yz18_15":{"props":{"scale":[{"frame":0,"value":{"__type__":"cc.Vec2","x":1,"y":1}},{"frame":0.25,"value":{"__type__":"cc.Vec2","x":1.04,"y":1}},{"frame":0.5,"value":{"__type__":"cc.Vec2","x":1,"y":1}}],"rotation":[{"frame":0,"value":0},{"frame":0.5,"value":0}],"opacity":[{"frame":0,"value":255},{"frame":0.5,"value":255}],"position":[{"frame":0,"value":[5.3,38.7]}]}},"yz/s/yz18_14":{"props":{"scale":[{"frame":0,"value":{"__type__":"cc.Vec2","x":1,"y":1}},{"frame":0.5,"value":{"__type__":"cc.Vec2","x":1,"y":1}}],"rotation":[{"frame":0,"value":0},{"frame":0.25,"value":-29},{"frame":0.5,"value":0}],"opacity":[{"frame":0,"value":255},{"frame":0.5,"value":255}],"position":[{"frame":0,"value":[-7.2,54]},{"frame":0.5,"value":[-7.2,54]}]}},"yz/s/yz18_13":{"props":{"scale":[{"frame":0,"value":{"__type__":"cc.Vec2","x":1,"y":1}},{"frame":0.25,"value":{"__type__":"cc.Vec2","x":1.05,"y":1}},{"frame":0.5,"value":{"__type__":"cc.Vec2","x":1,"y":1}}],"rotation":[{"frame":0,"value":0}],"opacity":[{"frame":0,"value":255}],"position":[{"frame":0,"value":[5.3,52.7]}]}},"yz/s/yz18_12":{"props":{"scale":[{"frame":0,"value":{"__type__":"cc.Vec2","x":1,"y":1}}],"rotation":[{"frame":0,"value":0},{"frame":0.25,"value":-4},{"frame":0.5,"value":0}],"opacity":[{"frame":0,"value":255}],"position":[{"frame":0,"value":[15.6,44.8]}]}},"yz/s/yz18_11":{"props":{"scale":[{"frame":0,"value":{"__type__":"cc.Vec2","x":1,"y":1}}],"rotation":[{"frame":0,"value":0}],"opacity":[{"frame":0,"value":255}],"position":[{"frame":0,"value":[13,46.8]}]}},"yz/s/yz18_10":{"props":{"scale":[{"frame":0,"value":{"__type__":"cc.Vec2","x":1,"y":1}}],"rotation":[{"frame":0,"value":0},{"frame":0.25,"value":4},{"frame":0.5,"value":0}],"opacity":[{"frame":0,"value":255}],"position":[{"frame":0,"value":[7.8,45.5]}]}},"yz/t":{"props":{"scale":[{"frame":0,"value":{"__type__":"cc.Vec2","x":1,"y":1}},{"frame":0.5,"value":{"__type__":"cc.Vec2","x":1,"y":1}}],"rotation":[{"frame":0,"value":0},{"frame":0.5,"value":0}],"opacity":[{"frame":0,"value":255},{"frame":0.5,"value":255}],"position":[{"frame":0,"value":[5.4,57.6]},{"frame":0.25,"value":[5.4,55.2]},{"frame":0.5,"value":[5.4,57.6]}]}},"yz/t/yz18_03":{"props":{"scale":[{"frame":0,"value":{"__type__":"cc.Vec2","x":1,"y":1}}],"rotation":[{"frame":0,"value":0}],"opacity":[{"frame":0,"value":255}],"position":[{"frame":0,"value":[-1.5,31.3]}]}},"yz/t/yz18_02":{"props":{"scale":[{"frame":0,"value":{"__type__":"cc.Vec2","x":1,"y":1}}],"rotation":[{"frame":0,"value":0}],"opacity":[{"frame":0,"value":255}],"position":[{"frame":0,"value":[7.1,23.6]}]}},"yz/t/yz18_01":{"props":{"scale":[{"frame":0,"value":{"__type__":"cc.Vec2","x":1,"y":1}}],"rotation":[{"frame":0,"value":0}],"opacity":[{"frame":0,"value":255}],"position":[{"frame":0,"value":[14.7,28.6]},{"frame":0.25,"value":[14.7,26.7]},{"frame":0.5,"value":[14.7,28.6]}]}},"yz/s/yz18_14/yz18_07":{"props":{"opacity":[{"frame":0,"value":255}]},"comps":{"cc.Sprite":{"spriteFrame":[{"frame":0,"value":{"__uuid__":"3fwX4eDRpNyqyGRbvXpOV/"}}]}}},"yz/s/yz18_08":{"props":{"opacity":[{"frame":0,"value":255}],"position":[{"frame":0,"value":[36,24]},{"frame":0.25,"value":[32.2,27.5]},{"frame":0.5,"value":[36,24]}]},"comps":{"cc.Sprite":{"spriteFrame":[{"frame":0,"value":{"__uuid__":"6ejC0EehtGG6Ob4kokwSqn"}}]}}},"yz/t/yz18_03/yz18_06":{"props":{"opacity":[{"frame":0,"value":0}]}}},"props":{"opacity":[{"frame":0,"value":255}]}}},{"__type__":"cc.SpriteFrame","content":{"name":"yz18_07","texture":"3dKljNeiRHdYdqReg7yz8V","rect":[0,0,53,31],"offset":[0,0],"originalSize":[53,31],"capInsets":[0,0,0,0]}},{"__type__":"cc.SpriteFrame","content":{"name":"yz18_08","texture":"8a3UPZOz9LWI2Nm1l4BNNF","rect":[0,0,36,42],"offset":[0,0],"originalSize":[36,42],"capInsets":[0,0,0,0]}}]