[{"__type__":"cc.SpriteFrame","content":{"name":"yz05_02","texture":"90vs6leSRAoIyv41Dmyr7s","rect":[0,0,32,15],"offset":[0,0],"originalSize":[32,15],"capInsets":[0,0,0,0]}},{"__type__":"cc.SpriteFrame","content":{"name":"yz05_05","texture":"c9FvJGEYRCJZeAfvi+4T77","rect":[0,0,34,33],"offset":[0,0],"originalSize":[34,33],"capInsets":[0,0,0,0]}},{"__type__":"cc.SpriteFrame","content":{"name":"yz05_03","texture":"07pav+/k9A76eqCwpLSikK","rect":[0,0,93,55],"offset":[0,0],"originalSize":[93,55],"capInsets":[0,0,0,0]}},{"__type__":"cc.SpriteFrame","content":{"name":"yz05_06","texture":"deeqs4gaFOiK3O5geGw2zQ","rect":[0,0,16,10],"offset":[0,0],"originalSize":[16,10],"capInsets":[0,0,0,0]}},{"__type__":"cc.AnimationClip","_name":"100005Run","_duration":0.5,"wrapMode":"2","curveData":{"paths":{"yz04/yz04_12":{"props":{"position":[{"frame":0,"value":[7.6,22]},{"frame":0.25,"value":[7.6,16.4]},{"frame":0.5,"value":[7.6,22]}],"rotation":[{"frame":0,"value":0},{"frame":0.5,"value":0}],"opacity":[{"frame":0,"value":255}]}},"yz04":{"props":{"scale":[{"frame":0,"value":{"__type__":"cc.Vec2","x":1,"y":1}},{"frame":0.25,"value":{"__type__":"cc.Vec2","x":1,"y":1.01}},{"frame":0.5,"value":{"__type__":"cc.Vec2","x":1,"y":1}}],"position":[{"frame":0,"value":[2.5,-32.7]}],"rotation":[{"frame":0,"value":0},{"frame":0.5,"value":0}],"y":[{"frame":0,"value":-32.7}]}},"yz04/tou":{"props":{"rotation":[{"frame":0,"value":0},{"frame":0.25,"value":-1},{"frame":0.5,"value":0}],"position":[{"frame":0,"value":[0,39.8]}],"opacity":[{"frame":0,"value":255}]}},"yz04/yz04_13":{"props":{"rotation":[{"frame":0,"value":0},{"frame":0.25,"value":4},{"frame":0.5,"value":0}],"position":[{"frame":0,"value":[25.2,56.9]},{"frame":0.25,"value":[25.2,56.9]},{"frame":0.5,"value":[25.2,56.9]}],"opacity":[{"frame":0,"value":221.00000000000003}]},"comps":{"cc.Sprite":{"spriteFrame":[{"frame":0,"value":{"__uuid__":"d5qdMfSJBEMoZWNRNqQhP1"}}]}}},"yz04/yz04_07":{"props":{"rotation":[{"frame":0,"value":0},{"frame":0.25,"value":6},{"frame":0.5,"value":0}],"position":[{"frame":0,"value":[-14.5,40.3]}],"opacity":[{"frame":0,"value":255}]},"comps":{"cc.Sprite":{"spriteFrame":[{"frame":0,"value":{"__uuid__":"d6i7cZbANJLIzRFnerwTnY"}}]}}},"yz04/yz04_09":{"props":{"position":[{"frame":0,"value":[16.8,48.5]},{"frame":0.25,"value":[18.5,48]},{"frame":0.5,"value":[16.8,48.5]}],"opacity":[{"frame":0,"value":255}],"rotation":[{"frame":0,"value":-44}]},"comps":{"cc.Sprite":{"spriteFrame":[{"frame":0,"value":{"__uuid__":"85XdkWluVPYb0hlldNSMqI"}}]}}},"yz04/tou/yz04_04":{"props":{"position":[{"frame":0,"value":[0,18.1]},{"frame":0.25,"value":[0,18.9]},{"frame":0.5,"value":[0,18.1]}]},"comps":{"cc.Sprite":{"spriteFrame":[{"frame":0,"value":{"__uuid__":"14jvm3CYRDcb3p7xXBlG2K"}}]}}},"yz04/yz04_10":{"props":{"position":[{"frame":0,"value":[-3.4,41.8]},{"frame":0.25,"value":[-3.4,42.6]},{"frame":0.5,"value":[-3.4,41.8]}],"rotation":[{"frame":0,"value":0}],"opacity":[{"frame":0,"value":255}]}},"yz04/yz04_05":{"props":{"position":[{"frame":0,"value":[-2.2,37.7]}],"rotation":[{"frame":0,"value":3.6000000000000014}],"scale":[{"frame":0,"value":{"__type__":"cc.Vec2","x":1,"y":1}}],"opacity":[{"frame":0,"value":255}]}},"yz04/yz04_08":{"props":{"rotation":[{"frame":0,"value":0},{"frame":0.5,"value":0}],"scale":[{"frame":0,"value":{"__type__":"cc.Vec2","x":1,"y":1}},{"frame":0.25,"value":{"__type__":"cc.Vec2","x":1.03,"y":1}},{"frame":0.5,"value":{"__type__":"cc.Vec2","x":1,"y":1}}],"opacity":[{"frame":0,"value":255}]},"comps":{"cc.Sprite":{"spriteFrame":[{"frame":0,"value":{"__uuid__":"649kpEg8BLrZc3M7JpB+xd"}}]}}},"yz04/yz04_11":{"props":{"rotation":[{"frame":0,"value":0}],"position":[{"frame":0,"value":[-9.9,16.3]},{"frame":0.25,"value":[-9.9,20.5]},{"frame":0.5,"value":[-9.9,16.3]}],"opacity":[{"frame":0,"value":255}]}},"yz04/tou/yz04_06":{"props":{"position":[{"frame":0,"value":[-6,25]}]}},"yz04/tou/yz04_02":{"props":{"position":[{"frame":0,"value":[-17.5,33.9]},{"frame":0.25,"value":[-17.5,34.4]},{"frame":0.5,"value":[-17.5,33.9]}]},"comps":{"cc.Sprite":{"spriteFrame":[{"frame":0,"value":{"__uuid__":"7b4LZoyIVE3osiC2qvKiVL"}}]}}},"yz04/tou/yz04_03":{"props":{"position":[{"frame":0,"value":[-3.9,35.9]},{"frame":0.25,"value":[-3.9,36.7]},{"frame":0.5,"value":[-3.9,35.9]}],"opacity":[{"frame":0,"value":0}]}},"yz04/tou/yz04_01":{"props":{"position":[{"frame":0,"value":[-31.7,15.7]}]}},"a":{"props":{"scale":[{"frame":0,"value":{"__type__":"cc.Vec2","x":1,"y":1}},{"frame":0.25,"value":{"__type__":"cc.Vec2","x":1.1,"y":1}},{"frame":0.5,"value":{"__type__":"cc.Vec2","x":1,"y":1}}],"opacity":[{"frame":0,"value":255}]}},"yz04/tou/yz05_01":{"props":{"opacity":[{"frame":0,"value":255}],"position":[{"frame":0,"value":[-5.5,41.9]},{"frame":0.25,"value":[-5.5,43.1]},{"frame":0.5,"value":[-5.5,41.9]}]}},"yz05_08":{"props":{"opacity":[{"frame":0,"value":255}],"position":[{"frame":0,"value":[19.8,15.4]},{"frame":0.25,"value":[21.9,57.1]},{"frame":0.5,"value":[19.8,56.3]}],"y":[{"frame":0,"value":15.4}]}},"New Node":{"props":{"color":[{"frame":0.21666666666666667,"value":{"__type__":"cc.Color","r":255}}],"opacity":[{"frame":0.21666666666666667,"value":0},{"frame":0.25,"value":255},{"frame":0.4,"value":0}]}}},"comps":{},"props":{"rotation":[]}}},{"__type__":"cc.SpriteFrame","content":{"name":"yz05_07","texture":"5fv52WpzdApaBgS5YPO89a","rect":[0,0,97,70],"offset":[0,0],"originalSize":[97,70],"capInsets":[0,0,0,0]}},{"__type__":"cc.SpriteFrame","content":{"name":"yz05_04","texture":"caecltdvFJcZxT0bcDNSkw","rect":[0,0,18,32],"offset":[0,0],"originalSize":[18,32],"capInsets":[0,0,0,0]}}]