[{"__type__":"cc.SpriteFrame","content":{"name":"yz04_04","texture":"3cygbTyVhDR504rfbcWtb7","rect":[0,0,35,5],"offset":[0,0],"originalSize":[35,5],"capInsets":[0,0,0,0]}},{"__type__":"cc.AnimationClip","_name":"100004Run","_duration":0.5,"wrapMode":"2","curveData":{"paths":{"yz04/yz04_12":{"props":{"position":[{"frame":0,"value":[7.6,22]},{"frame":0.25,"value":[7.6,16.4]},{"frame":0.5,"value":[7.6,22]}],"rotation":[{"frame":0,"value":0},{"frame":0.5,"value":0}],"opacity":[{"frame":0,"value":255}]}},"yz04":{"props":{"scale":[{"frame":0,"value":{"__type__":"cc.Vec2","x":1,"y":1}},{"frame":0.25,"value":{"__type__":"cc.Vec2","x":1,"y":1.01}},{"frame":0.5,"value":{"__type__":"cc.Vec2","x":1,"y":1}}],"position":[{"frame":0,"value":[2.5,-32.3]}],"rotation":[{"frame":0,"value":0},{"frame":0.5,"value":0}],"y":[{"frame":0,"value":-32.3}]}},"yz04/tou":{"props":{"rotation":[{"frame":0,"value":0},{"frame":0.25,"value":-1},{"frame":0.5,"value":0}],"position":[{"frame":0,"value":[0,39.8]}],"opacity":[{"frame":0,"value":255}]}},"yz04/yz04_13":{"props":{"rotation":[{"frame":0,"value":0},{"frame":0.25,"value":4},{"frame":0.5,"value":0}],"position":[{"frame":0,"value":[19.9,41.9]},{"frame":0.25,"value":[19.9,43.2]},{"frame":0.5,"value":[19.9,41.9]}],"opacity":[{"frame":0,"value":221.00000000000003}]},"comps":{"cc.Sprite":{"spriteFrame":[{"frame":0,"value":{"__uuid__":"34aOUpr8dNc4Q9qtCstzSF"}}]}}},"yz04/yz04_07":{"props":{"rotation":[{"frame":0,"value":0},{"frame":0.25,"value":6},{"frame":0.5,"value":0}],"position":[{"frame":0,"value":[-14.5,40.3]}],"opacity":[{"frame":0,"value":255}]},"comps":{"cc.Sprite":{"spriteFrame":[{"frame":0,"value":{"__uuid__":"fdsmxW/whIM7CVa1iqE2KU"}}]}}},"yz04/yz04_09":{"props":{"position":[{"frame":0,"value":[16.6,42.6]},{"frame":0.25,"value":[17.4,42.9]},{"frame":0.5,"value":[16.6,42.6]}],"opacity":[{"frame":0,"value":255}],"rotation":[{"frame":0,"value":-3}]},"comps":{"cc.Sprite":{"spriteFrame":[{"frame":0,"value":{"__uuid__":"72ctcfrjtMTpf8/bGv3U3o"}}]}}},"yz04/tou/yz04_04":{"props":{"position":[{"frame":0,"value":[0,18.1]},{"frame":0.25,"value":[0,18.9]},{"frame":0.5,"value":[0,18.1]}]},"comps":{"cc.Sprite":{"spriteFrame":[{"frame":0,"value":{"__uuid__":"04Aikd5+5KF66IjFbKnp6q"}}]}}},"yz04/yz04_10":{"props":{"position":[{"frame":0,"value":[-3.4,41.8]},{"frame":0.25,"value":[-3.4,42.6]},{"frame":0.5,"value":[-3.4,41.8]}],"rotation":[{"frame":0,"value":0}],"opacity":[{"frame":0,"value":255}]}},"yz04/yz04_05":{"props":{"position":[{"frame":0,"value":[-2.2,37.7]}],"rotation":[{"frame":0,"value":0}],"scale":[{"frame":0,"value":{"__type__":"cc.Vec2","x":1,"y":1}}],"opacity":[{"frame":0,"value":255}]}},"yz04/yz04_08":{"props":{"rotation":[{"frame":0,"value":0},{"frame":0.5,"value":0}],"scale":[{"frame":0,"value":{"__type__":"cc.Vec2","x":1,"y":1}},{"frame":0.25,"value":{"__type__":"cc.Vec2","x":1.03,"y":1}},{"frame":0.5,"value":{"__type__":"cc.Vec2","x":1,"y":1}}],"opacity":[{"frame":0,"value":255}]},"comps":{"cc.Sprite":{"spriteFrame":[{"frame":0,"value":{"__uuid__":"5cGnom4glOoqygsy6GVoon"}}]}}},"yz04/yz04_11":{"props":{"rotation":[{"frame":0,"value":0}],"position":[{"frame":0,"value":[-9.9,16.3]},{"frame":0.25,"value":[-9.9,20.5]},{"frame":0.5,"value":[-9.9,16.3]}],"opacity":[{"frame":0,"value":255}]}},"yz04/tou/yz04_06":{"props":{"position":[{"frame":0,"value":[-6,25]}]}},"yz04/tou/yz04_02":{"props":{"position":[{"frame":0,"value":[-17.5,33.9]},{"frame":0.25,"value":[-17.5,34.4]},{"frame":0.5,"value":[-17.5,33.9]}]},"comps":{"cc.Sprite":{"spriteFrame":[{"frame":0,"value":{"__uuid__":"c82jw7ovZAtphMSwVzI3Fl"}}]}}},"yz04/tou/yz04_03":{"props":{"position":[{"frame":0,"value":[-3.9,35.9]},{"frame":0.25,"value":[-3.9,36.7]},{"frame":0.5,"value":[-3.9,35.9]}],"opacity":[{"frame":0,"value":255}]}},"yz04/tou/yz04_01":{"props":{"position":[{"frame":0,"value":[-31.7,15.7]}]}},"a":{"props":{"scale":[{"frame":0,"value":{"__type__":"cc.Vec2","x":1,"y":1}},{"frame":0.25,"value":{"__type__":"cc.Vec2","x":1.1,"y":1}},{"frame":0.5,"value":{"__type__":"cc.Vec2","x":1,"y":1}}],"opacity":[{"frame":0,"value":255}]}},"yz04/tou/yz05_01":{"props":{"opacity":[{"frame":0,"value":0}]}},"yz05_08":{"props":{"opacity":[{"frame":0,"value":0}],"y":[{"frame":0,"value":-4}]}},"New Node":{"props":{"color":[{"frame":0.21666666666666667,"value":{"__type__":"cc.Color","r":255}}],"opacity":[{"frame":0.21666666666666667,"value":0},{"frame":0.25,"value":255},{"frame":0.4,"value":0}]}}},"comps":{},"props":{"rotation":[]}}},{"__type__":"cc.SpriteFrame","content":{"name":"yz04_13","texture":"5c7sOikfdIEbcaYOrdN+56","rect":[0,0,73,47],"offset":[0,0],"originalSize":[73,47],"capInsets":[0,0,0,0]}},{"__type__":"cc.SpriteFrame","content":{"name":"yz04_08","texture":"20F5SYA2VEu7+dBS8WlHCY","rect":[0,0,35,33],"offset":[0,0],"originalSize":[35,33],"capInsets":[0,0,0,0]}},{"__type__":"cc.SpriteFrame","content":{"name":"yz04_09","texture":"95bX6tBIpBj667fcgkRluE","rect":[0,0,18,20],"offset":[0,0],"originalSize":[18,20],"capInsets":[0,0,0,0]}},{"__type__":"cc.SpriteFrame","content":{"name":"yz04_02","texture":"82MfqTIblD97E91WJDBe8b","rect":[0,0,93,55],"offset":[0,0],"originalSize":[93,55],"capInsets":[0,0,0,0]}},{"__type__":"cc.SpriteFrame","content":{"name":"yz04_07","texture":"00XPO0pt1BlLOUJdv280wi","rect":[0,0,23,42],"offset":[0,0],"originalSize":[23,42],"capInsets":[0,0,0,0]}}]