[{"__type__":"cc.SpriteFrame","content":{"name":"Btn_Close","texture":"04PZG4nVJAKIq2Yl3qCeDz","rect":[0,0,95,95],"offset":[0,0],"originalSize":[95,95],"capInsets":[0,0,0,0]}},{"__type__":"cc.SpriteFrame","content":{"name":"tp_PureColorBg","texture":"a8Anh32NZGRZegUtSgEj26","rect":[0,0,2,2],"offset":[0,0],"originalSize":[2,2],"capInsets":[0,0,0,0]}},{"__type__":"cc.SpriteFrame","content":{"name":"Btn_FoundTowrGet","texture":"7a5udOicNFdLlJ9L575tca","rect":[0,0,207,73],"offset":[0,0],"originalSize":[207,73],"capInsets":[0,0,0,0]}},{"__type__":"cc.SpriteFrame","content":{"name":"Sprite_FoundTowerFrame","texture":"14JI5STSNBv4FlCAm5HZ4w","rect":[0,0,750,826],"offset":[0,0],"originalSize":[750,826],"capInsets":[0,0,0,0]}},[{"__type__":"cc.Prefab","_name":"FoundTowerPage","data":{"__id__":1}},{"__type__":"cc.Node","_name":"FoundTowerPage","_children":[{"__id__":2},{"__id__":3},{"__id__":4},{"__id__":5},{"__id__":7},{"__id__":8},{"__id__":9}],"_level":1,"_components":[{"__type__":"ce156fqEkBLQaYaGrsbeskg","node":{"__id__":1},"Sprite_Tower":{"__id__":6},"Btn_FoundTowerGet":{"__id__":4},"Btn_FoundTowerShareGet":{"__id__":7},"Btn_Close":{"__id__":8},"Btn_Banner":{"__id__":9}}],"_prefab":{"__type__":"cc.PrefabInfo","root":{"__id__":1},"asset":{"__uuid__":"843yDo0PVAh56rFxLDA2aa"},"fileId":"deh1JYw31JF53+Gmb1usmE"},"_scale":{"__type__":"cc.Vec3","x":1,"y":1,"z":1}},{"__type__":"cc.Node","_name":"PureColorBg","_parent":{"__id__":1},"_level":2,"_components":[{"__type__":"cc.Sprite","node":{"__id__":2},"_spriteFrame":{"__uuid__":"41D7kWhyFGY7q4NDlzkazn"},"_sizeMode":0},{"__type__":"cc.BlockInputEvents","node":{"__id__":2}}],"_prefab":{"__type__":"cc.PrefabInfo","root":{"__id__":1},"asset":{"__uuid__":"843yDo0PVAh56rFxLDA2aa"},"fileId":"2ciZdmQ01Cq7OLaeiabVW8"},"_opacity":200,"_color":{"__type__":"cc.Color"},"_contentSize":{"__type__":"cc.Size","width":750,"height":1100},"_position":{"__type__":"cc.Vec3","y":-40},"_scale":{"__type__":"cc.Vec3","x":1,"y":1,"z":1}},{"__type__":"cc.Node","_name":"Sprite_FoundTowerFrame","_parent":{"__id__":1},"_level":2,"_components":[{"__type__":"cc.Sprite","node":{"__id__":3},"_spriteFrame":{"__uuid__":"73a8psBe5Oop8QXeJ5H/35"}}],"_prefab":{"__type__":"cc.PrefabInfo","root":{"__id__":1},"asset":{"__uuid__":"843yDo0PVAh56rFxLDA2aa"},"fileId":"b8fT0aCf1ITKOmF08Rce9q"},"_contentSize":{"__type__":"cc.Size","width":750,"height":826},"_scale":{"__type__":"cc.Vec3","x":1,"y":1,"z":1}},{"__type__":"cc.Node","_name":"Btn_FoundTowrGet","_parent":{"__id__":1},"_level":2,"_components":[{"__type__":"cc.Sprite","node":{"__id__":4},"_spriteFrame":{"__uuid__":"4fMfpKcnxNP5DGYYxgwT3B"}},{"__type__":"cc.Button","node":{"__id__":4}}],"_prefab":{"__type__":"cc.PrefabInfo","root":{"__id__":1},"asset":{"__uuid__":"843yDo0PVAh56rFxLDA2aa"},"fileId":"eby1TUMlVA57wLlnXn5M38"},"_contentSize":{"__type__":"cc.Size","width":207,"height":73},"_position":{"__type__":"cc.Vec3","y":-225},"_scale":{"__type__":"cc.Vec3","x":1,"y":1,"z":1}},{"__type__":"cc.Node","_name":"Sprite_Tower","_parent":{"__id__":1},"_level":2,"_components":[{"__id__":6}],"_prefab":{"__type__":"cc.PrefabInfo","root":{"__id__":1},"asset":{"__uuid__":"843yDo0PVAh56rFxLDA2aa"},"fileId":"40VqsiG0hMtLBcIsGj7PSx"},"_contentSize":{"__type__":"cc.Size","width":297,"height":316},"_position":{"__type__":"cc.Vec3","x":25,"y":66},"_scale":{"__type__":"cc.Vec3","x":1,"y":1,"z":1}},{"__type__":"cc.Sprite","node":{"__id__":5},"_spriteFrame":{"__uuid__":"a7GmnNatpOUYdCJNfEjbLZ"}},{"__type__":"cc.Node","_name":"Btn_ShareGet","_parent":{"__id__":1},"_level":2,"_components":[{"__type__":"cc.Sprite","node":{"__id__":7},"_spriteFrame":{"__uuid__":"9fdvf9e5ZDbLJcty12+mpx"}},{"__type__":"cc.Button","node":{"__id__":7}}],"_prefab":{"__type__":"cc.PrefabInfo","root":{"__id__":1},"asset":{"__uuid__":"843yDo0PVAh56rFxLDA2aa"},"fileId":"2eVVvxnEpKf5zcw7EsiaDD"},"_contentSize":{"__type__":"cc.Size","width":207,"height":73},"_position":{"__type__":"cc.Vec3","y":-227},"_scale":{"__type__":"cc.Vec3","x":1,"y":1,"z":1}},{"__type__":"cc.Node","_name":"Btn_Close","_parent":{"__id__":1},"_level":2,"_components":[{"__type__":"cc.Sprite","node":{"__id__":8},"_spriteFrame":{"__uuid__":"39ask3LghPuavCbjPzhMKA"}},{"__type__":"cc.Button","node":{"__id__":8}}],"_prefab":{"__type__":"cc.PrefabInfo","root":{"__id__":1},"asset":{"__uuid__":"843yDo0PVAh56rFxLDA2aa"},"fileId":"2awtkcmoFLE4rn9Zm2+kew"},"_contentSize":{"__type__":"cc.Size","width":95,"height":95},"_position":{"__type__":"cc.Vec3","x":250,"y":296},"_scale":{"__type__":"cc.Vec3","x":1,"y":1,"z":1}},{"__type__":"cc.Node","_name":"Banner","_parent":{"__id__":1},"_level":2,"_components":[{"__type__":"cc.Sprite","node":{"__id__":9},"_spriteFrame":{"__uuid__":"41D7kWhyFGY7q4NDlzkazn"},"_sizeMode":0},{"__type__":"cc.Button","node":{"__id__":9}}],"_prefab":{"__type__":"cc.PrefabInfo","root":{"__id__":1},"asset":{"__uuid__":"843yDo0PVAh56rFxLDA2aa"},"fileId":"8cLbg28/NDfp47bh1MpTw8"},"_contentSize":{"__type__":"cc.Size","width":750,"height":334},"_position":{"__type__":"cc.Vec3","y":-429},"_scale":{"__type__":"cc.Vec3","x":1,"y":1,"z":1}}],{"__type__":"cc.SpriteFrame","content":{"name":"Btn_ShareGet","texture":"bdspWmLflLbIcwmXbdg9ag","rect":[0,0,207,73],"offset":[0,0],"originalSize":[207,73],"capInsets":[0,0,0,0]}},{"__type__":"cc.SpriteFrame","content":{"name":"100015","texture":"0eJSlAV5NO0LOXxEHBWvlV","rect":[0,0,297,316],"offset":[0,0],"originalSize":[297,316],"capInsets":[0,0,0,0]}}]