[{"__type__":"cc.SpriteFrame","content":{"name":"Label_SkillUp","texture":"80//679Z9AW6HZHGsjapzu","rect":[0,1,212,41],"offset":[-3,2],"originalSize":[218,47],"capInsets":[0,0,0,0]}},{"__type__":"cc.SpriteFrame","content":{"name":"Sprite_SkillUpTip","texture":"c2LolsACJDGo/ldhp8Bnga","rect":[0,0,26,28],"offset":[0,0],"originalSize":[26,28],"capInsets":[0,0,0,0]}},{"__type__":"cc.SpriteFrame","content":{"name":"tp_PureColorBg","texture":"a8Anh32NZGRZegUtSgEj26","rect":[0,0,2,2],"offset":[0,0],"originalSize":[2,2],"capInsets":[0,0,0,0]}},{"__type__":"cc.SpriteFrame","content":{"name":"Spirte_NotBtnFrame","texture":"7d7lqrFFZCDIkIGnooAg+I","rect":[1,0,736,1010],"offset":[0,0],"originalSize":[738,1010],"capInsets":[0,155,0,207]}},{"__type__":"cc.SpriteFrame","content":{"name":"Sprite_PhysicsAtk","texture":"f6mUM2wHxPxY+2Iyg05zkZ","rect":[0,0,104,105],"offset":[0,0.5],"originalSize":[104,106],"capInsets":[0,0,0,0]}},{"__type__":"cc.SpriteFrame","content":{"name":"Sprite_PhysicalPenetration","texture":"43lvLcYAZGsajb6nVKF7Sk","rect":[0,0,104,106],"offset":[0,0],"originalSize":[104,106],"capInsets":[0,0,0,0]}},{"__type__":"cc.SpriteFrame","content":{"name":"default_scrollbar_vertical","texture":"d608qFRoFHwbXd0Dap056i","rect":[0,0,15,30],"offset":[0,0],"originalSize":[15,30],"capInsets":[4,10,4,10]}},{"__type__":"cc.SpriteFrame","content":{"name":"default_scrollbar_vertical_bg","texture":"61cyPdEfRN047sDK9rO0W5","rect":[0,0,15,30],"offset":[0,0],"originalSize":[15,30],"capInsets":[4,10,4,10]}},{"__type__":"cc.SpriteFrame","content":{"name":"Btn_LevelUp","texture":"8anHXAZQpK2Ly7WTuzGj+L","rect":[0,0,119,54],"offset":[0,0],"originalSize":[119,54],"capInsets":[0,0,0,0]}},{"__type__":"cc.SpriteFrame","content":{"name":"Sprite_AtkSpeed","texture":"35Et+Kn7ZJBrLhh6U4N7kh","rect":[0,0,104,106],"offset":[0,0],"originalSize":[104,106],"capInsets":[0,0,0,0]}},{"__type__":"cc.SpriteFrame","content":{"name":"Btn_Close2","texture":"22HhsVVUpFfJHscC11ZmYv","rect":[0,0,81,84],"offset":[0,0],"originalSize":[81,84],"capInsets":[0,0,0,0]}},{"__type__":"cc.SpriteFrame","content":{"name":"Sprite_MagicAtk","texture":"59hK1Hi31GDrgvxjRsvHsw","rect":[0,0,104,106],"offset":[0,0],"originalSize":[104,106],"capInsets":[0,0,0,0]}},{"__type__":"cc.SpriteFrame","content":{"name":"Sprite_MagicPenetration","texture":"d75YSnzZdGlLWt/Xwvp2yp","rect":[0,0,104,106],"offset":[0,0],"originalSize":[104,106],"capInsets":[0,0,0,0]}},[{"__type__":"cc.Prefab","_name":"SkillPage","data":{"__id__":1}},{"__type__":"cc.Node","_name":"SkillPage","_children":[{"__id__":2},{"__id__":3}],"_level":1,"_components":[{"__type__":"75c3e1s0xdGKrVyJsvtlQL8","node":{"__id__":1},"m_SkillNode":[{"__id__":45},{"__id__":55},{"__id__":64},{"__id__":73},{"__id__":82},{"__id__":91},{"__id__":100}],"Btn_LevelUp":[{"__id__":29},{"__id__":30},{"__id__":31},{"__id__":32},{"__id__":33},{"__id__":34},{"__id__":35}],"m_SkillUpTipIcon":[{"__id__":21},{"__id__":22},{"__id__":23},{"__id__":24},{"__id__":25},{"__id__":26},{"__id__":27}],"Btn_Close":{"__id__":109}}],"_prefab":{"__type__":"cc.PrefabInfo","root":{"__id__":1},"asset":{"__uuid__":"e4UhyzG7dJBpqNVEYyzgDR"},"fileId":"04OhcZu/NOsaR+grr1953Z"},"_scale":{"__type__":"cc.Vec3","x":1,"y":1,"z":1}},{"__type__":"cc.Node","_name":"PureColorBg","_parent":{"__id__":1},"_components":[{"__type__":"cc.Sprite","node":{"__id__":2},"_spriteFrame":{"__uuid__":"41D7kWhyFGY7q4NDlzkazn"},"_sizeMode":0}],"_prefab":{"__type__":"cc.PrefabInfo","root":{"__id__":1},"asset":{"__uuid__":"e4UhyzG7dJBpqNVEYyzgDR"},"fileId":"79oelx8tJKt7THzjTKnf7Y"},"_opacity":200,"_color":{"__type__":"cc.Color"},"_contentSize":{"__type__":"cc.Size","width":750,"height":1050},"_position":{"__type__":"cc.Vec3","y":-40},"_scale":{"__type__":"cc.Vec3","x":1,"y":1,"z":1}},{"__type__":"cc.Node","_name":"SkillFrame","_parent":{"__id__":1},"_children":[{"__id__":4},{"__id__":5},{"__id__":109}],"_components":[{"__type__":"cc.Sprite","node":{"__id__":3},"_spriteFrame":{"__uuid__":"53OH00Bi5L6pmvWSqD3jqq"}}],"_prefab":{"__type__":"cc.PrefabInfo","root":{"__id__":1},"asset":{"__uuid__":"e4UhyzG7dJBpqNVEYyzgDR"},"fileId":"dbmIirwE9HM4pbNk/4Pkw+"},"_contentSize":{"__type__":"cc.Size","width":736,"height":1010},"_position":{"__type__":"cc.Vec3","y":-7},"_scale":{"__type__":"cc.Vec3","x":1,"y":1,"z":1}},{"__type__":"cc.Node","_name":"FrameName","_parent":{"__id__":3},"_components":[{"__type__":"cc.Sprite","node":{"__id__":4},"_spriteFrame":{"__uuid__":"0ekszVnOJGyJp6oycPYcO2"}}],"_prefab":{"__type__":"cc.PrefabInfo","root":{"__id__":1},"asset":{"__uuid__":"e4UhyzG7dJBpqNVEYyzgDR"},"fileId":"1fjKz6Wm1NWJVgKtggPub/"},"_contentSize":{"__type__":"cc.Size","width":218,"height":47},"_position":{"__type__":"cc.Vec3","y":455},"_scale":{"__type__":"cc.Vec3","x":1,"y":1,"z":1}},{"__type__":"cc.Node","_name":"New ScrollView","_parent":{"__id__":3},"_children":[{"__id__":6},{"__id__":12}],"_level":1,"_components":[{"__type__":"cc.Sprite","node":{"__id__":5},"_type":1,"_sizeMode":0},{"__id__":10}],"_prefab":{"__type__":"cc.PrefabInfo","root":{"__id__":1},"asset":{"__uuid__":"e4UhyzG7dJBpqNVEYyzgDR"},"fileId":"cdtxGM9ipLz7D4NF3csmpz"},"_contentSize":{"__type__":"cc.Size","width":640,"height":800},"_position":{"__type__":"cc.Vec3","y":-20},"_scale":{"__type__":"cc.Vec3","x":1,"y":1,"z":1}},{"__type__":"cc.Node","_name":"scrollBar","_parent":{"__id__":5},"_children":[{"__id__":7}],"_active":false,"_components":[{"__id__":9},{"__type__":"cc.Widget","node":{"__id__":6},"alignMode":0,"_alignFlags":37,"_left":350.07654921020657,"_originalHeight":237},{"__type__":"cc.Sprite","node":{"__id__":6},"_spriteFrame":{"__uuid__":"5f5dyqtRNNxaFmVzYns6FZ"},"_type":1,"_sizeMode":0}],"_prefab":{"__type__":"cc.PrefabInfo","root":{"__id__":1},"asset":{"__uuid__":"e4UhyzG7dJBpqNVEYyzgDR"},"fileId":"abeecq3RZMAqSov9P8byq6"},"_contentSize":{"__type__":"cc.Size","width":12,"height":800},"_anchorPoint":{"__type__":"cc.Vec2","x":1,"y":0.5},"_position":{"__type__":"cc.Vec3","x":320},"_scale":{"__type__":"cc.Vec3","x":1,"y":1,"z":1}},{"__type__":"cc.Node","_name":"bar","_parent":{"__id__":6},"_components":[{"__id__":8}],"_prefab":{"__type__":"cc.PrefabInfo","root":{"__id__":1},"asset":{"__uuid__":"e4UhyzG7dJBpqNVEYyzgDR"},"fileId":"cblEpQoPFKb4oPvSum5nnl"},"_contentSize":{"__type__":"cc.Size","width":10,"height":30},"_anchorPoint":{"__type__":"cc.Vec2","x":1},"_position":{"__type__":"cc.Vec3","x":-1},"_scale":{"__type__":"cc.Vec3","x":1,"y":1,"z":1}},{"__type__":"cc.Sprite","node":{"__id__":7},"_spriteFrame":{"__uuid__":"5cO7kybDxGj4ipyMYdRYZB"},"_type":1,"_sizeMode":0},{"__type__":"cc.Scrollbar","node":{"__id__":6},"_scrollView":{"__id__":10},"_N$handle":{"__id__":8},"_N$direction":1},{"__type__":"cc.ScrollView","node":{"__id__":5},"horizontal":false,"brake":0.75,"bounceDuration":0.23,"_N$content":{"__id__":11},"content":{"__id__":11},"_N$horizontalScrollBar":null,"_N$verticalScrollBar":{"__id__":9}},{"__type__":"cc.Node","_name":"content","_parent":{"__id__":12},"_children":[{"__id__":13},{"__id__":14},{"__id__":15},{"__id__":16},{"__id__":17},{"__id__":18},{"__id__":19},{"__id__":20},{"__id__":28},{"__id__":36},{"__id__":44}],"_prefab":{"__type__":"cc.PrefabInfo","root":{"__id__":1},"asset":{"__uuid__":"e4UhyzG7dJBpqNVEYyzgDR"},"fileId":"bdXzU7RQFAwIVUQgjrCD2O"},"_contentSize":{"__type__":"cc.Size","width":220,"height":1300},"_anchorPoint":{"__type__":"cc.Vec2","x":0.5,"y":1},"_position":{"__type__":"cc.Vec3","y":400},"_scale":{"__type__":"cc.Vec3","x":1,"y":1,"z":1}},{"__type__":"cc.Node","_name":"view","_parent":{"__id__":5},"_children":[{"__id__":11}],"_components":[{"__type__":"cc.Mask","node":{"__id__":12}}],"_prefab":{"__type__":"cc.PrefabInfo","root":{"__id__":1},"asset":{"__uuid__":"e4UhyzG7dJBpqNVEYyzgDR"},"fileId":"284pgqHK5LHrYnptpglewC"},"_contentSize":{"__type__":"cc.Size","width":640,"height":800},"_scale":{"__type__":"cc.Vec3","x":1,"y":1,"z":1}},{"__type__":"cc.Node","_name":"ItemBg","_parent":{"__id__":11},"_level":1,"_components":[{"__type__":"cc.Sprite","node":{"__id__":13},"_spriteFrame":{"__uuid__":"ecgZtik2tF9bzzdB/3Phcn"}}],"_prefab":{"__type__":"cc.PrefabInfo","root":{"__id__":1},"asset":{"__uuid__":"e4UhyzG7dJBpqNVEYyzgDR"},"fileId":"976xuaXBdPB5QHwCy6AjOQ"},"_contentSize":{"__type__":"cc.Size","width":622,"height":177},"_position":{"__type__":"cc.Vec3","y":-93},"_scale":{"__type__":"cc.Vec3","x":1,"y":1,"z":1}},{"__type__":"cc.Node","_name":"ItemBg","_parent":{"__id__":11},"_level":1,"_components":[{"__type__":"cc.Sprite","node":{"__id__":14},"_spriteFrame":{"__uuid__":"ecgZtik2tF9bzzdB/3Phcn"}}],"_prefab":{"__type__":"cc.PrefabInfo","root":{"__id__":1},"asset":{"__uuid__":"e4UhyzG7dJBpqNVEYyzgDR"},"fileId":"afy55FBLlEP6MJmZyWJynA"},"_contentSize":{"__type__":"cc.Size","width":622,"height":177},"_position":{"__type__":"cc.Vec3","y":-280},"_scale":{"__type__":"cc.Vec3","x":1,"y":1,"z":1}},{"__type__":"cc.Node","_name":"ItemBg","_parent":{"__id__":11},"_level":1,"_components":[{"__type__":"cc.Sprite","node":{"__id__":15},"_spriteFrame":{"__uuid__":"ecgZtik2tF9bzzdB/3Phcn"}}],"_prefab":{"__type__":"cc.PrefabInfo","root":{"__id__":1},"asset":{"__uuid__":"e4UhyzG7dJBpqNVEYyzgDR"},"fileId":"49ymJ5s5BBbr9ObVVlUBQG"},"_contentSize":{"__type__":"cc.Size","width":622,"height":177},"_position":{"__type__":"cc.Vec3","y":-467},"_scale":{"__type__":"cc.Vec3","x":1,"y":1,"z":1}},{"__type__":"cc.Node","_name":"ItemBg","_parent":{"__id__":11},"_level":1,"_components":[{"__type__":"cc.Sprite","node":{"__id__":16},"_spriteFrame":{"__uuid__":"ecgZtik2tF9bzzdB/3Phcn"}}],"_prefab":{"__type__":"cc.PrefabInfo","root":{"__id__":1},"asset":{"__uuid__":"e4UhyzG7dJBpqNVEYyzgDR"},"fileId":"e8Cv73dYxA6KSejKS1zvVi"},"_contentSize":{"__type__":"cc.Size","width":622,"height":177},"_position":{"__type__":"cc.Vec3","y":-654},"_scale":{"__type__":"cc.Vec3","x":1,"y":1,"z":1}},{"__type__":"cc.Node","_name":"ItemBg","_parent":{"__id__":11},"_level":1,"_components":[{"__type__":"cc.Sprite","node":{"__id__":17},"_spriteFrame":{"__uuid__":"ecgZtik2tF9bzzdB/3Phcn"}}],"_prefab":{"__type__":"cc.PrefabInfo","root":{"__id__":1},"asset":{"__uuid__":"e4UhyzG7dJBpqNVEYyzgDR"},"fileId":"93elTJhAdO7rhnNOC2/XRh"},"_contentSize":{"__type__":"cc.Size","width":622,"height":177},"_position":{"__type__":"cc.Vec3","y":-841},"_scale":{"__type__":"cc.Vec3","x":1,"y":1,"z":1}},{"__type__":"cc.Node","_name":"ItemBg","_parent":{"__id__":11},"_level":1,"_components":[{"__type__":"cc.Sprite","node":{"__id__":18},"_spriteFrame":{"__uuid__":"ecgZtik2tF9bzzdB/3Phcn"}}],"_prefab":{"__type__":"cc.PrefabInfo","root":{"__id__":1},"asset":{"__uuid__":"e4UhyzG7dJBpqNVEYyzgDR"},"fileId":"8880gByK9NnZBcGVrYCn/9"},"_contentSize":{"__type__":"cc.Size","width":622,"height":177},"_position":{"__type__":"cc.Vec3","y":-1028},"_scale":{"__type__":"cc.Vec3","x":1,"y":1,"z":1}},{"__type__":"cc.Node","_name":"ItemBg","_parent":{"__id__":11},"_level":1,"_components":[{"__type__":"cc.Sprite","node":{"__id__":19},"_spriteFrame":{"__uuid__":"ecgZtik2tF9bzzdB/3Phcn"}}],"_prefab":{"__type__":"cc.PrefabInfo","root":{"__id__":1},"asset":{"__uuid__":"e4UhyzG7dJBpqNVEYyzgDR"},"fileId":"2e4Kcj6ylPwrC2ch/VRTn9"},"_contentSize":{"__type__":"cc.Size","width":622,"height":177},"_position":{"__type__":"cc.Vec3","y":-1215},"_scale":{"__type__":"cc.Vec3","x":1,"y":1,"z":1}},{"__type__":"cc.Node","_name":"LevelUpTipIcon","_parent":{"__id__":11},"_children":[{"__id__":21},{"__id__":22},{"__id__":23},{"__id__":24},{"__id__":25},{"__id__":26},{"__id__":27}],"_level":1,"_prefab":{"__type__":"cc.PrefabInfo","root":{"__id__":1},"asset":{"__uuid__":"e4UhyzG7dJBpqNVEYyzgDR"},"fileId":"58sTldWARABZzKaDqznYyJ"},"_scale":{"__type__":"cc.Vec3","x":1,"y":1,"z":1}},{"__type__":"cc.Node","_name":"0","_parent":{"__id__":20},"_level":2,"_components":[{"__type__":"cc.Sprite","node":{"__id__":21},"_spriteFrame":{"__uuid__":"173iYMiE5GIbBImSEM5ELf"}}],"_prefab":{"__type__":"cc.PrefabInfo","root":{"__id__":1},"asset":{"__uuid__":"e4UhyzG7dJBpqNVEYyzgDR"},"fileId":"d9N8364VVIQoXBV3sYh/sJ"},"_contentSize":{"__type__":"cc.Size","width":26,"height":28},"_position":{"__type__":"cc.Vec3","x":242,"y":-25},"_scale":{"__type__":"cc.Vec3","x":1,"y":1,"z":1}},{"__type__":"cc.Node","_name":"1","_parent":{"__id__":20},"_level":2,"_components":[{"__type__":"cc.Sprite","node":{"__id__":22},"_spriteFrame":{"__uuid__":"173iYMiE5GIbBImSEM5ELf"}}],"_prefab":{"__type__":"cc.PrefabInfo","root":{"__id__":1},"asset":{"__uuid__":"e4UhyzG7dJBpqNVEYyzgDR"},"fileId":"09G3OuXBNI5q0fn54bshbn"},"_contentSize":{"__type__":"cc.Size","width":26,"height":28},"_position":{"__type__":"cc.Vec3","x":242,"y":-212},"_scale":{"__type__":"cc.Vec3","x":1,"y":1,"z":1}},{"__type__":"cc.Node","_name":"2","_parent":{"__id__":20},"_level":2,"_components":[{"__type__":"cc.Sprite","node":{"__id__":23},"_spriteFrame":{"__uuid__":"173iYMiE5GIbBImSEM5ELf"}}],"_prefab":{"__type__":"cc.PrefabInfo","root":{"__id__":1},"asset":{"__uuid__":"e4UhyzG7dJBpqNVEYyzgDR"},"fileId":"4ao4NiLINJ0YnwXy4271xp"},"_contentSize":{"__type__":"cc.Size","width":26,"height":28},"_position":{"__type__":"cc.Vec3","x":242,"y":-399},"_scale":{"__type__":"cc.Vec3","x":1,"y":1,"z":1}},{"__type__":"cc.Node","_name":"3","_parent":{"__id__":20},"_level":2,"_components":[{"__type__":"cc.Sprite","node":{"__id__":24},"_spriteFrame":{"__uuid__":"173iYMiE5GIbBImSEM5ELf"}}],"_prefab":{"__type__":"cc.PrefabInfo","root":{"__id__":1},"asset":{"__uuid__":"e4UhyzG7dJBpqNVEYyzgDR"},"fileId":"948QYEHA9AHKaZnaPncAmm"},"_contentSize":{"__type__":"cc.Size","width":26,"height":28},"_position":{"__type__":"cc.Vec3","x":242,"y":-586},"_scale":{"__type__":"cc.Vec3","x":1,"y":1,"z":1}},{"__type__":"cc.Node","_name":"4","_parent":{"__id__":20},"_level":2,"_components":[{"__type__":"cc.Sprite","node":{"__id__":25},"_spriteFrame":{"__uuid__":"173iYMiE5GIbBImSEM5ELf"}}],"_prefab":{"__type__":"cc.PrefabInfo","root":{"__id__":1},"asset":{"__uuid__":"e4UhyzG7dJBpqNVEYyzgDR"},"fileId":"bdIwggtglN6Yd4f/R4IYKN"},"_contentSize":{"__type__":"cc.Size","width":26,"height":28},"_position":{"__type__":"cc.Vec3","x":242,"y":-773},"_scale":{"__type__":"cc.Vec3","x":1,"y":1,"z":1}},{"__type__":"cc.Node","_name":"5","_parent":{"__id__":20},"_level":2,"_components":[{"__type__":"cc.Sprite","node":{"__id__":26},"_spriteFrame":{"__uuid__":"173iYMiE5GIbBImSEM5ELf"}}],"_prefab":{"__type__":"cc.PrefabInfo","root":{"__id__":1},"asset":{"__uuid__":"e4UhyzG7dJBpqNVEYyzgDR"},"fileId":"78E7PjkIFEXJ5r1SR8IfDC"},"_contentSize":{"__type__":"cc.Size","width":26,"height":28},"_position":{"__type__":"cc.Vec3","x":242,"y":-960},"_scale":{"__type__":"cc.Vec3","x":1,"y":1,"z":1}},{"__type__":"cc.Node","_name":"6","_parent":{"__id__":20},"_level":2,"_components":[{"__type__":"cc.Sprite","node":{"__id__":27},"_spriteFrame":{"__uuid__":"173iYMiE5GIbBImSEM5ELf"}}],"_prefab":{"__type__":"cc.PrefabInfo","root":{"__id__":1},"asset":{"__uuid__":"e4UhyzG7dJBpqNVEYyzgDR"},"fileId":"89HPilOp9DfKvn+isZU8ZH"},"_contentSize":{"__type__":"cc.Size","width":26,"height":28},"_position":{"__type__":"cc.Vec3","x":242,"y":-1147},"_scale":{"__type__":"cc.Vec3","x":1,"y":1,"z":1}},{"__type__":"cc.Node","_name":"BtnLevelUp","_parent":{"__id__":11},"_children":[{"__id__":29},{"__id__":30},{"__id__":31},{"__id__":32},{"__id__":33},{"__id__":34},{"__id__":35}],"_level":1,"_prefab":{"__type__":"cc.PrefabInfo","root":{"__id__":1},"asset":{"__uuid__":"e4UhyzG7dJBpqNVEYyzgDR"},"fileId":"a9n8nTQE9PdKCKncFdY8q7"},"_scale":{"__type__":"cc.Vec3","x":1,"y":1,"z":1}},{"__type__":"cc.Node","_name":"0","_parent":{"__id__":28},"_level":2,"_components":[{"__type__":"cc.Sprite","node":{"__id__":29},"_spriteFrame":{"__uuid__":"bdqW/pR9FCZJ6/TXGvA973"}},{"__type__":"cc.Button","node":{"__id__":29},"_N$target":{"__id__":29}}],"_prefab":{"__type__":"cc.PrefabInfo","root":{"__id__":1},"asset":{"__uuid__":"e4UhyzG7dJBpqNVEYyzgDR"},"fileId":"e36L4taDlFzYhA385Z0qmo"},"_contentSize":{"__type__":"cc.Size","width":119,"height":54},"_position":{"__type__":"cc.Vec3","x":243.2,"y":-68},"_scale":{"__type__":"cc.Vec3","x":1,"y":1,"z":1}},{"__type__":"cc.Node","_name":"1","_parent":{"__id__":28},"_level":2,"_components":[{"__type__":"cc.Sprite","node":{"__id__":30},"_spriteFrame":{"__uuid__":"bdqW/pR9FCZJ6/TXGvA973"}},{"__type__":"cc.Button","node":{"__id__":30},"_N$target":{"__id__":30}}],"_prefab":{"__type__":"cc.PrefabInfo","root":{"__id__":1},"asset":{"__uuid__":"e4UhyzG7dJBpqNVEYyzgDR"},"fileId":"4bsyVcZRxMYZHNcrcngWKz"},"_contentSize":{"__type__":"cc.Size","width":119,"height":54},"_position":{"__type__":"cc.Vec3","x":243.2,"y":-255},"_scale":{"__type__":"cc.Vec3","x":1,"y":1,"z":1}},{"__type__":"cc.Node","_name":"2","_parent":{"__id__":28},"_level":2,"_components":[{"__type__":"cc.Sprite","node":{"__id__":31},"_spriteFrame":{"__uuid__":"bdqW/pR9FCZJ6/TXGvA973"}},{"__type__":"cc.Button","node":{"__id__":31},"_N$target":{"__id__":31}}],"_prefab":{"__type__":"cc.PrefabInfo","root":{"__id__":1},"asset":{"__uuid__":"e4UhyzG7dJBpqNVEYyzgDR"},"fileId":"a8298WfZ9JA5i9NesIT4HC"},"_contentSize":{"__type__":"cc.Size","width":119,"height":54},"_position":{"__type__":"cc.Vec3","x":243.2,"y":-442},"_scale":{"__type__":"cc.Vec3","x":1,"y":1,"z":1}},{"__type__":"cc.Node","_name":"3","_parent":{"__id__":28},"_level":2,"_components":[{"__type__":"cc.Sprite","node":{"__id__":32},"_spriteFrame":{"__uuid__":"bdqW/pR9FCZJ6/TXGvA973"}},{"__type__":"cc.Button","node":{"__id__":32},"_N$target":{"__id__":32}}],"_prefab":{"__type__":"cc.PrefabInfo","root":{"__id__":1},"asset":{"__uuid__":"e4UhyzG7dJBpqNVEYyzgDR"},"fileId":"ecJIOwdQdBV60N4d94PQ8x"},"_contentSize":{"__type__":"cc.Size","width":119,"height":54},"_position":{"__type__":"cc.Vec3","x":243.2,"y":-629},"_scale":{"__type__":"cc.Vec3","x":1,"y":1,"z":1}},{"__type__":"cc.Node","_name":"4","_parent":{"__id__":28},"_level":2,"_components":[{"__type__":"cc.Sprite","node":{"__id__":33},"_spriteFrame":{"__uuid__":"bdqW/pR9FCZJ6/TXGvA973"}},{"__type__":"cc.Button","node":{"__id__":33},"_N$target":{"__id__":33}}],"_prefab":{"__type__":"cc.PrefabInfo","root":{"__id__":1},"asset":{"__uuid__":"e4UhyzG7dJBpqNVEYyzgDR"},"fileId":"8aqRnRzjBB+ItnYNEo3wIw"},"_contentSize":{"__type__":"cc.Size","width":119,"height":54},"_position":{"__type__":"cc.Vec3","x":243.2,"y":-816},"_scale":{"__type__":"cc.Vec3","x":1,"y":1,"z":1}},{"__type__":"cc.Node","_name":"5","_parent":{"__id__":28},"_level":2,"_components":[{"__type__":"cc.Sprite","node":{"__id__":34},"_spriteFrame":{"__uuid__":"bdqW/pR9FCZJ6/TXGvA973"}},{"__type__":"cc.Button","node":{"__id__":34},"_N$target":{"__id__":34}}],"_prefab":{"__type__":"cc.PrefabInfo","root":{"__id__":1},"asset":{"__uuid__":"e4UhyzG7dJBpqNVEYyzgDR"},"fileId":"66wPU5CVNKgpfwDvoCGFeR"},"_contentSize":{"__type__":"cc.Size","width":119,"height":54},"_position":{"__type__":"cc.Vec3","x":243.2,"y":-1003},"_scale":{"__type__":"cc.Vec3","x":1,"y":1,"z":1}},{"__type__":"cc.Node","_name":"6","_parent":{"__id__":28},"_level":2,"_components":[{"__type__":"cc.Sprite","node":{"__id__":35},"_spriteFrame":{"__uuid__":"bdqW/pR9FCZJ6/TXGvA973"}},{"__type__":"cc.Button","node":{"__id__":35},"_N$target":{"__id__":35}}],"_prefab":{"__type__":"cc.PrefabInfo","root":{"__id__":1},"asset":{"__uuid__":"e4UhyzG7dJBpqNVEYyzgDR"},"fileId":"ee06iYJbdI0IQ7CJI8QVTc"},"_contentSize":{"__type__":"cc.Size","width":119,"height":54},"_position":{"__type__":"cc.Vec3","x":243.2,"y":-1190},"_scale":{"__type__":"cc.Vec3","x":1,"y":1,"z":1}},{"__type__":"cc.Node","_name":"ItemAvator","_parent":{"__id__":11},"_children":[{"__id__":37},{"__id__":38},{"__id__":39},{"__id__":40},{"__id__":41},{"__id__":42},{"__id__":43}],"_level":1,"_prefab":{"__type__":"cc.PrefabInfo","root":{"__id__":1},"asset":{"__uuid__":"e4UhyzG7dJBpqNVEYyzgDR"},"fileId":"a0/eObScZHPIcK495japj4"},"_scale":{"__type__":"cc.Vec3","x":1,"y":1,"z":1}},{"__type__":"cc.Node","_name":"0","_parent":{"__id__":36},"_level":2,"_components":[{"__type__":"cc.Sprite","node":{"__id__":37},"_spriteFrame":{"__uuid__":"ecuG3Se49GRIi5f8BI2tGQ"}}],"_prefab":{"__type__":"cc.PrefabInfo","root":{"__id__":1},"asset":{"__uuid__":"e4UhyzG7dJBpqNVEYyzgDR"},"fileId":"77cWcsCd5EUqc7JC+wRlP3"},"_contentSize":{"__type__":"cc.Size","width":103,"height":104},"_position":{"__type__":"cc.Vec3","x":-245,"y":-68},"_scale":{"__type__":"cc.Vec3","x":1,"y":1,"z":1}},{"__type__":"cc.Node","_name":"1","_parent":{"__id__":36},"_level":2,"_components":[{"__type__":"cc.Sprite","node":{"__id__":38},"_spriteFrame":{"__uuid__":"56mww0f3lAI5jVfO3yFLjX"}}],"_prefab":{"__type__":"cc.PrefabInfo","root":{"__id__":1},"asset":{"__uuid__":"e4UhyzG7dJBpqNVEYyzgDR"},"fileId":"3dWXZ4KidEwqMIlyvcEPM9"},"_contentSize":{"__type__":"cc.Size","width":104,"height":105},"_position":{"__type__":"cc.Vec3","x":-245,"y":-255},"_scale":{"__type__":"cc.Vec3","x":1,"y":1,"z":1}},{"__type__":"cc.Node","_name":"2","_parent":{"__id__":36},"_level":2,"_components":[{"__type__":"cc.Sprite","node":{"__id__":39},"_spriteFrame":{"__uuid__":"d1D76CbmRCvL3xQb/23JpD"}}],"_prefab":{"__type__":"cc.PrefabInfo","root":{"__id__":1},"asset":{"__uuid__":"e4UhyzG7dJBpqNVEYyzgDR"},"fileId":"88Fyd1ViVP5KrNY1Sbl/iU"},"_contentSize":{"__type__":"cc.Size","width":104,"height":106},"_position":{"__type__":"cc.Vec3","x":-245,"y":-442},"_scale":{"__type__":"cc.Vec3","x":1,"y":1,"z":1}},{"__type__":"cc.Node","_name":"3","_parent":{"__id__":36},"_level":2,"_components":[{"__type__":"cc.Sprite","node":{"__id__":40},"_spriteFrame":{"__uuid__":"58iDn73bJHeLVUWk3+8V/F"}}],"_prefab":{"__type__":"cc.PrefabInfo","root":{"__id__":1},"asset":{"__uuid__":"e4UhyzG7dJBpqNVEYyzgDR"},"fileId":"2c/qGo8oZCOrezyPDOoUnX"},"_contentSize":{"__type__":"cc.Size","width":104,"height":106},"_position":{"__type__":"cc.Vec3","x":-245,"y":-629},"_scale":{"__type__":"cc.Vec3","x":1,"y":1,"z":1}},{"__type__":"cc.Node","_name":"4","_parent":{"__id__":36},"_level":2,"_components":[{"__type__":"cc.Sprite","node":{"__id__":41},"_spriteFrame":{"__uuid__":"d2Fe+Quk9PkrixgUr4A8Yk"}}],"_prefab":{"__type__":"cc.PrefabInfo","root":{"__id__":1},"asset":{"__uuid__":"e4UhyzG7dJBpqNVEYyzgDR"},"fileId":"c5hfFo659HT4GIpguOj+4Z"},"_contentSize":{"__type__":"cc.Size","width":104,"height":106},"_position":{"__type__":"cc.Vec3","x":-245,"y":-816},"_scale":{"__type__":"cc.Vec3","x":1,"y":1,"z":1}},{"__type__":"cc.Node","_name":"5","_parent":{"__id__":36},"_level":2,"_components":[{"__type__":"cc.Sprite","node":{"__id__":42},"_spriteFrame":{"__uuid__":"c00Hfpn6lDop26u94Cma7/"}}],"_prefab":{"__type__":"cc.PrefabInfo","root":{"__id__":1},"asset":{"__uuid__":"e4UhyzG7dJBpqNVEYyzgDR"},"fileId":"4d8XtUdepDlLR7PdCvUx1E"},"_contentSize":{"__type__":"cc.Size","width":104,"height":106},"_position":{"__type__":"cc.Vec3","x":-245,"y":-1003},"_scale":{"__type__":"cc.Vec3","x":1,"y":1,"z":1}},{"__type__":"cc.Node","_name":"6","_parent":{"__id__":36},"_level":2,"_components":[{"__type__":"cc.Sprite","node":{"__id__":43},"_spriteFrame":{"__uuid__":"ebvuxfACRH65j22aokg2d9"}}],"_prefab":{"__type__":"cc.PrefabInfo","root":{"__id__":1},"asset":{"__uuid__":"e4UhyzG7dJBpqNVEYyzgDR"},"fileId":"c66feWV4dChbfdFvrTobdf"},"_contentSize":{"__type__":"cc.Size","width":104,"height":106},"_position":{"__type__":"cc.Vec3","x":-245,"y":-1190},"_scale":{"__type__":"cc.Vec3","x":1,"y":1,"z":1}},{"__type__":"cc.Node","_name":"LabelAll","_parent":{"__id__":11},"_children":[{"__id__":45},{"__id__":55},{"__id__":64},{"__id__":73},{"__id__":82},{"__id__":91},{"__id__":100}],"_level":1,"_prefab":{"__type__":"cc.PrefabInfo","root":{"__id__":1},"asset":{"__uuid__":"e4UhyzG7dJBpqNVEYyzgDR"},"fileId":"a5enlGc2BOkK9BhatORpHs"},"_scale":{"__type__":"cc.Vec3","x":1,"y":1,"z":1}},{"__type__":"cc.Node","_name":"0","_parent":{"__id__":44},"_children":[{"__id__":46},{"__id__":47},{"__id__":48},{"__id__":51},{"__id__":52},{"__id__":53},{"__id__":54}],"_level":2,"_prefab":{"__type__":"cc.PrefabInfo","root":{"__id__":1},"asset":{"__uuid__":"e4UhyzG7dJBpqNVEYyzgDR"},"fileId":"d3dlSyGspORoVqieY/V9v9"},"_contentSize":{"__type__":"cc.Size","width":622,"height":177},"_position":{"__type__":"cc.Vec3","y":-93},"_scale":{"__type__":"cc.Vec3","x":1,"y":1,"z":1}},{"__type__":"cc.Node","_name":"SkillName","_parent":{"__id__":45},"_level":3,"_components":[{"__type__":"cc.Label","node":{"__id__":46},"_srcBlendFactor":1,"_useOriginalSize":false,"_string":"最长的属性名字","_N$string":"最长的属性名字","_fontSize":25,"_lineHeight":29,"_N$horizontalAlign":1,"_N$verticalAlign":1}],"_prefab":{"__type__":"cc.PrefabInfo","root":{"__id__":1},"asset":{"__uuid__":"e4UhyzG7dJBpqNVEYyzgDR"},"fileId":"deajOlOdtNloFBmCSR9qIS"},"_color":{"__type__":"cc.Color","r":251,"g":242,"b":229},"_contentSize":{"__type__":"cc.Size","width":175,"height":29},"_anchorPoint":{"__type__":"cc.Vec2","y":0.5},"_position":{"__type__":"cc.Vec3","x":-175,"y":57},"_scale":{"__type__":"cc.Vec3","x":1,"y":1,"z":1}},{"__type__":"cc.Node","_name":"SkillLevel","_parent":{"__id__":45},"_components":[{"__type__":"cc.Label","node":{"__id__":47},"_srcBlendFactor":1,"_useOriginalSize":false,"_string":"LV.999","_N$string":"LV.999","_fontSize":19,"_lineHeight":19},{"__type__":"cc.LabelOutline","node":{"__id__":47},"_color":{"__type__":"cc.Color","r":27,"g":13,"b":39},"_width":2}],"_prefab":{"__type__":"cc.PrefabInfo","root":{"__id__":1},"asset":{"__uuid__":"e4UhyzG7dJBpqNVEYyzgDR"},"fileId":"6azJHWZ3dAIqqjRBm1U0LM"},"_color":{"__type__":"cc.Color","r":244,"g":220,"b":160},"_contentSize":{"__type__":"cc.Size","width":61.06,"height":19},"_anchorPoint":{"__type__":"cc.Vec2","y":0.5},"_position":{"__type__":"cc.Vec3","x":120,"y":-20},"_scale":{"__type__":"cc.Vec3","x":1,"y":1,"z":1}},{"__type__":"cc.Node","_name":"SkillExplain","_parent":{"__id__":45},"_children":[{"__id__":49},{"__id__":50}],"_components":[{"__type__":"cc.RichText","node":{"__id__":48},"_N$string":"độ sát thương vật lí của ác ma tăng theo tỉ lệ","_N$fontSize":21,"_N$maxWidth":350,"_N$lineHeight":25}],"_prefab":{"__type__":"cc.PrefabInfo","root":{"__id__":1},"asset":{"__uuid__":"e4UhyzG7dJBpqNVEYyzgDR"},"fileId":"06sMZPh/1D0qroO+VWJpoZ"},"_color":{"__type__":"cc.Color","r":234,"g":207,"b":173},"_contentSize":{"__type__":"cc.Size","width":350,"height":50},"_anchorPoint":{"__type__":"cc.Vec2","y":0.5},"_position":{"__type__":"cc.Vec3","x":-174,"y":15},"_scale":{"__type__":"cc.Vec3","x":1,"y":1,"z":1}},{"__type__":"cc.PrivateNode","_name":"RICHTEXT_CHILD","_parent":{"__id__":48},"_level":1,"_components":[{"__type__":"cc.Label","node":{"__id__":49},"_srcBlendFactor":1,"_string":"độ sát thương vật lí của ác ma tăng ","_N$string":"độ sát thương vật lí của ác ma tăng ","_fontSize":21,"_lineHeight":25,"_N$verticalAlign":1}],"_prefab":{"__type__":"cc.PrefabInfo","root":{"__id__":1},"asset":{"__uuid__":"e4UhyzG7dJBpqNVEYyzgDR"},"fileId":"4fZ9mv48dMpIbej5+VvCoB"},"_color":{"__type__":"cc.Color","r":234,"g":207,"b":173},"_contentSize":{"__type__":"cc.Size","width":337.18,"height":25},"_anchorPoint":{"__type__":"cc.Vec2"},"_scale":{"__type__":"cc.Vec3","x":1,"y":1,"z":1},"_zIndex":-32768},{"__type__":"cc.PrivateNode","_name":"RICHTEXT_CHILD","_parent":{"__id__":48},"_level":1,"_components":[{"__type__":"cc.Label","node":{"__id__":50},"_srcBlendFactor":1,"_string":"theo tỉ lệ","_N$string":"theo tỉ lệ","_fontSize":21,"_lineHeight":25,"_N$verticalAlign":1}],"_prefab":{"__type__":"cc.PrefabInfo","root":{"__id__":1},"asset":{"__uuid__":"e4UhyzG7dJBpqNVEYyzgDR"},"fileId":"c9E5wfUKxMm4mEI7onn9EH"},"_color":{"__type__":"cc.Color","r":234,"g":207,"b":173},"_contentSize":{"__type__":"cc.Size","width":79.39,"height":25},"_anchorPoint":{"__type__":"cc.Vec2"},"_position":{"__type__":"cc.Vec3","y":-25},"_scale":{"__type__":"cc.Vec3","x":1,"y":1,"z":1},"_zIndex":-32768},{"__type__":"cc.Node","_name":"SkillUpNum","_parent":{"__id__":45},"_components":[{"__type__":"cc.Label","node":{"__id__":51},"_srcBlendFactor":1,"_useOriginalSize":false,"_string":"提升：99.99%","_N$string":"提升：99.99%","_fontSize":20,"_lineHeight":29,"_N$horizontalAlign":1,"_N$verticalAlign":1}],"_prefab":{"__type__":"cc.PrefabInfo","root":{"__id__":1},"asset":{"__uuid__":"e4UhyzG7dJBpqNVEYyzgDR"},"fileId":"b8fBiW1GdBU5aFN5wx9qTU"},"_color":{"__type__":"cc.Color","r":231,"g":154,"b":78},"_contentSize":{"__type__":"cc.Size","width":127.83,"height":29},"_anchorPoint":{"__type__":"cc.Vec2","y":0.5},"_position":{"__type__":"cc.Vec3","x":-174,"y":-20},"_scale":{"__type__":"cc.Vec3","x":1,"y":1,"z":1}},{"__type__":"cc.Node","_name":"NeedGold1","_parent":{"__id__":45},"_components":[{"__type__":"cc.Label","node":{"__id__":52},"_srcBlendFactor":1,"_useOriginalSize":false,"_string":"999K","_N$string":"999K","_fontSize":25,"_lineHeight":25,"_N$horizontalAlign":1,"_N$verticalAlign":1}],"_prefab":{"__type__":"cc.PrefabInfo","root":{"__id__":1},"asset":{"__uuid__":"e4UhyzG7dJBpqNVEYyzgDR"},"fileId":"14q+ozpERB9ps2PdKM0ps1"},"_color":{"__type__":"cc.Color","r":34,"g":154,"b":172},"_contentSize":{"__type__":"cc.Size","width":58.39,"height":25},"_anchorPoint":{"__type__":"cc.Vec2","y":0.5},"_position":{"__type__":"cc.Vec3","x":-236,"y":-55},"_scale":{"__type__":"cc.Vec3","x":1,"y":1,"z":1}},{"__type__":"cc.Node","_name":"NeedGold2","_parent":{"__id__":45},"_components":[{"__type__":"cc.Label","node":{"__id__":53},"_srcBlendFactor":1,"_useOriginalSize":false,"_string":"999K","_N$string":"999K","_fontSize":25,"_lineHeight":25,"_N$horizontalAlign":1,"_N$verticalAlign":1}],"_prefab":{"__type__":"cc.PrefabInfo","root":{"__id__":1},"asset":{"__uuid__":"e4UhyzG7dJBpqNVEYyzgDR"},"fileId":"d2Ivh5BJRD25q+sm1pO0Lh"},"_color":{"__type__":"cc.Color","r":34,"g":154,"b":172},"_contentSize":{"__type__":"cc.Size","width":58.39,"height":25},"_anchorPoint":{"__type__":"cc.Vec2","y":0.5},"_position":{"__type__":"cc.Vec3","x":-16,"y":-55},"_scale":{"__type__":"cc.Vec3","x":1,"y":1,"z":1}},{"__type__":"cc.Node","_name":"NeedGold3","_parent":{"__id__":45},"_components":[{"__type__":"cc.Label","node":{"__id__":54},"_srcBlendFactor":1,"_useOriginalSize":false,"_string":"999K","_N$string":"999K","_fontSize":25,"_lineHeight":25,"_N$horizontalAlign":1,"_N$verticalAlign":1}],"_prefab":{"__type__":"cc.PrefabInfo","root":{"__id__":1},"asset":{"__uuid__":"e4UhyzG7dJBpqNVEYyzgDR"},"fileId":"cbu6NA4BdLHb8eFVCvEAvS"},"_color":{"__type__":"cc.Color","r":34,"g":154,"b":172},"_contentSize":{"__type__":"cc.Size","width":58.39,"height":25},"_anchorPoint":{"__type__":"cc.Vec2","y":0.5},"_position":{"__type__":"cc.Vec3","x":212,"y":-55},"_scale":{"__type__":"cc.Vec3","x":1,"y":1,"z":1}},{"__type__":"cc.Node","_name":"1","_parent":{"__id__":44},"_children":[{"__id__":56},{"__id__":57},{"__id__":58},{"__id__":60},{"__id__":61},{"__id__":62},{"__id__":63}],"_level":2,"_prefab":{"__type__":"cc.PrefabInfo","root":{"__id__":1},"asset":{"__uuid__":"e4UhyzG7dJBpqNVEYyzgDR"},"fileId":"59RoyBgbBI2Z9lIwDwDA/B"},"_contentSize":{"__type__":"cc.Size","width":622,"height":177},"_position":{"__type__":"cc.Vec3","y":-280},"_scale":{"__type__":"cc.Vec3","x":1,"y":1,"z":1}},{"__type__":"cc.Node","_name":"SkillName","_parent":{"__id__":55},"_level":3,"_components":[{"__type__":"cc.Label","node":{"__id__":56},"_srcBlendFactor":1,"_useOriginalSize":false,"_string":"最长的属性名字","_N$string":"最长的属性名字","_fontSize":25,"_lineHeight":29,"_N$horizontalAlign":1,"_N$verticalAlign":1}],"_prefab":{"__type__":"cc.PrefabInfo","root":{"__id__":1},"asset":{"__uuid__":"e4UhyzG7dJBpqNVEYyzgDR"},"fileId":"67UWetXkdLFZBSixMRHKLY"},"_color":{"__type__":"cc.Color","r":251,"g":242,"b":229},"_contentSize":{"__type__":"cc.Size","width":175,"height":29},"_anchorPoint":{"__type__":"cc.Vec2","y":0.5},"_position":{"__type__":"cc.Vec3","x":-175,"y":57.00000000000023},"_scale":{"__type__":"cc.Vec3","x":1,"y":1,"z":1}},{"__type__":"cc.Node","_name":"SkillLevel","_parent":{"__id__":55},"_components":[{"__type__":"cc.Label","node":{"__id__":57},"_srcBlendFactor":1,"_useOriginalSize":false,"_string":"LV.999","_N$string":"LV.999","_fontSize":19,"_lineHeight":19},{"__type__":"cc.LabelOutline","node":{"__id__":57},"_color":{"__type__":"cc.Color","r":27,"g":13,"b":39},"_width":2}],"_prefab":{"__type__":"cc.PrefabInfo","root":{"__id__":1},"asset":{"__uuid__":"e4UhyzG7dJBpqNVEYyzgDR"},"fileId":"34fO0y5dBHYKd86QDN1m/B"},"_color":{"__type__":"cc.Color","r":244,"g":220,"b":160},"_contentSize":{"__type__":"cc.Size","width":61.06,"height":19},"_anchorPoint":{"__type__":"cc.Vec2","y":0.5},"_position":{"__type__":"cc.Vec3","x":120,"y":-20},"_scale":{"__type__":"cc.Vec3","x":1,"y":1,"z":1}},{"__type__":"cc.Node","_name":"SkillExplain","_parent":{"__id__":55},"_children":[{"__id__":59}],"_components":[{"__type__":"cc.RichText","node":{"__id__":58},"_N$string":"最长的技能说明最长的技能说明最长","_N$fontSize":21,"_N$maxWidth":350,"_N$lineHeight":25}],"_prefab":{"__type__":"cc.PrefabInfo","root":{"__id__":1},"asset":{"__uuid__":"e4UhyzG7dJBpqNVEYyzgDR"},"fileId":"85EKRwdTtMXL8C8/Ct22ca"},"_color":{"__type__":"cc.Color","r":234,"g":207,"b":173},"_contentSize":{"__type__":"cc.Size","width":350,"height":25},"_anchorPoint":{"__type__":"cc.Vec2","y":0.5},"_position":{"__type__":"cc.Vec3","x":-174,"y":15},"_scale":{"__type__":"cc.Vec3","x":1,"y":1,"z":1}},{"__type__":"cc.PrivateNode","_name":"RICHTEXT_CHILD","_parent":{"__id__":58},"_level":1,"_components":[{"__type__":"cc.Label","node":{"__id__":59},"_srcBlendFactor":1,"_string":"最长的技能说明最长的技能说明最长","_N$string":"最长的技能说明最长的技能说明最长","_fontSize":21,"_lineHeight":25,"_N$verticalAlign":1}],"_prefab":{"__type__":"cc.PrefabInfo","root":{"__id__":1},"asset":{"__uuid__":"e4UhyzG7dJBpqNVEYyzgDR"},"fileId":"8bcudmR5dOY7qSsrih14jv"},"_color":{"__type__":"cc.Color","r":234,"g":207,"b":173},"_contentSize":{"__type__":"cc.Size","width":336,"height":25},"_anchorPoint":{"__type__":"cc.Vec2"},"_position":{"__type__":"cc.Vec3","y":-12.5},"_scale":{"__type__":"cc.Vec3","x":1,"y":1,"z":1},"_zIndex":-32768},{"__type__":"cc.Node","_name":"SkillUpNum","_parent":{"__id__":55},"_components":[{"__type__":"cc.Label","node":{"__id__":60},"_srcBlendFactor":1,"_useOriginalSize":false,"_string":"提升：99.99%","_N$string":"提升：99.99%","_fontSize":20,"_lineHeight":29,"_N$horizontalAlign":1,"_N$verticalAlign":1}],"_prefab":{"__type__":"cc.PrefabInfo","root":{"__id__":1},"asset":{"__uuid__":"e4UhyzG7dJBpqNVEYyzgDR"},"fileId":"8bTI4SPpZLnbMlyx95YPKC"},"_color":{"__type__":"cc.Color","r":231,"g":154,"b":78},"_contentSize":{"__type__":"cc.Size","width":127.83,"height":29},"_anchorPoint":{"__type__":"cc.Vec2","y":0.5},"_position":{"__type__":"cc.Vec3","x":-174,"y":-20},"_scale":{"__type__":"cc.Vec3","x":1,"y":1,"z":1}},{"__type__":"cc.Node","_name":"NeedGold1","_parent":{"__id__":55},"_components":[{"__type__":"cc.Label","node":{"__id__":61},"_srcBlendFactor":1,"_useOriginalSize":false,"_string":"999K","_N$string":"999K","_fontSize":25,"_lineHeight":25,"_N$horizontalAlign":1,"_N$verticalAlign":1}],"_prefab":{"__type__":"cc.PrefabInfo","root":{"__id__":1},"asset":{"__uuid__":"e4UhyzG7dJBpqNVEYyzgDR"},"fileId":"e11UL9yNxF0o3bJdeLQON9"},"_color":{"__type__":"cc.Color","r":34,"g":154,"b":172},"_contentSize":{"__type__":"cc.Size","width":58.39,"height":25},"_anchorPoint":{"__type__":"cc.Vec2","y":0.5},"_position":{"__type__":"cc.Vec3","x":-236,"y":-55},"_scale":{"__type__":"cc.Vec3","x":1,"y":1,"z":1}},{"__type__":"cc.Node","_name":"NeedGold2","_parent":{"__id__":55},"_components":[{"__type__":"cc.Label","node":{"__id__":62},"_srcBlendFactor":1,"_useOriginalSize":false,"_string":"999K","_N$string":"999K","_fontSize":25,"_lineHeight":25,"_N$horizontalAlign":1,"_N$verticalAlign":1}],"_prefab":{"__type__":"cc.PrefabInfo","root":{"__id__":1},"asset":{"__uuid__":"e4UhyzG7dJBpqNVEYyzgDR"},"fileId":"feSnzF2V1AdJoXbAToMJPx"},"_color":{"__type__":"cc.Color","r":34,"g":154,"b":172},"_contentSize":{"__type__":"cc.Size","width":58.39,"height":25},"_anchorPoint":{"__type__":"cc.Vec2","y":0.5},"_position":{"__type__":"cc.Vec3","x":-16,"y":-55},"_scale":{"__type__":"cc.Vec3","x":1,"y":1,"z":1}},{"__type__":"cc.Node","_name":"NeedGold3","_parent":{"__id__":55},"_components":[{"__type__":"cc.Label","node":{"__id__":63},"_srcBlendFactor":1,"_useOriginalSize":false,"_string":"999K","_N$string":"999K","_fontSize":25,"_lineHeight":25,"_N$horizontalAlign":1,"_N$verticalAlign":1}],"_prefab":{"__type__":"cc.PrefabInfo","root":{"__id__":1},"asset":{"__uuid__":"e4UhyzG7dJBpqNVEYyzgDR"},"fileId":"ceNer0qqFJM4+ajNCrL1O5"},"_color":{"__type__":"cc.Color","r":34,"g":154,"b":172},"_contentSize":{"__type__":"cc.Size","width":58.39,"height":25},"_anchorPoint":{"__type__":"cc.Vec2","y":0.5},"_position":{"__type__":"cc.Vec3","x":212,"y":-55},"_scale":{"__type__":"cc.Vec3","x":1,"y":1,"z":1}},{"__type__":"cc.Node","_name":"2","_parent":{"__id__":44},"_children":[{"__id__":65},{"__id__":66},{"__id__":67},{"__id__":69},{"__id__":70},{"__id__":71},{"__id__":72}],"_level":2,"_prefab":{"__type__":"cc.PrefabInfo","root":{"__id__":1},"asset":{"__uuid__":"e4UhyzG7dJBpqNVEYyzgDR"},"fileId":"79Dr4c9k1FjowFSbgIFkM0"},"_contentSize":{"__type__":"cc.Size","width":622,"height":177},"_position":{"__type__":"cc.Vec3","y":-467},"_scale":{"__type__":"cc.Vec3","x":1,"y":1,"z":1}},{"__type__":"cc.Node","_name":"SkillName","_parent":{"__id__":64},"_level":3,"_components":[{"__type__":"cc.Label","node":{"__id__":65},"_srcBlendFactor":1,"_useOriginalSize":false,"_string":"最长的属性名字","_N$string":"最长的属性名字","_fontSize":25,"_lineHeight":29,"_N$horizontalAlign":1,"_N$verticalAlign":1}],"_prefab":{"__type__":"cc.PrefabInfo","root":{"__id__":1},"asset":{"__uuid__":"e4UhyzG7dJBpqNVEYyzgDR"},"fileId":"d4yF2zzWdKw74g/DYcAcTi"},"_color":{"__type__":"cc.Color","r":251,"g":242,"b":229},"_contentSize":{"__type__":"cc.Size","width":175,"height":29},"_anchorPoint":{"__type__":"cc.Vec2","y":0.5},"_position":{"__type__":"cc.Vec3","x":-175,"y":57},"_scale":{"__type__":"cc.Vec3","x":1,"y":1,"z":1}},{"__type__":"cc.Node","_name":"SkillLevel","_parent":{"__id__":64},"_components":[{"__type__":"cc.Label","node":{"__id__":66},"_srcBlendFactor":1,"_useOriginalSize":false,"_string":"LV.999","_N$string":"LV.999","_fontSize":19,"_lineHeight":19},{"__type__":"cc.LabelOutline","node":{"__id__":66},"_color":{"__type__":"cc.Color","r":27,"g":13,"b":39},"_width":2}],"_prefab":{"__type__":"cc.PrefabInfo","root":{"__id__":1},"asset":{"__uuid__":"e4UhyzG7dJBpqNVEYyzgDR"},"fileId":"39ydXJnBxClJFbmK+ZsZCn"},"_color":{"__type__":"cc.Color","r":244,"g":220,"b":160},"_contentSize":{"__type__":"cc.Size","width":61.06,"height":19},"_anchorPoint":{"__type__":"cc.Vec2","y":0.5},"_position":{"__type__":"cc.Vec3","x":120,"y":-20},"_scale":{"__type__":"cc.Vec3","x":1,"y":1,"z":1}},{"__type__":"cc.Node","_name":"SkillExplain","_parent":{"__id__":64},"_children":[{"__id__":68}],"_components":[{"__type__":"cc.RichText","node":{"__id__":67},"_N$string":"最长的技能说明最长的技能说明最长","_N$fontSize":21,"_N$maxWidth":350,"_N$lineHeight":25}],"_prefab":{"__type__":"cc.PrefabInfo","root":{"__id__":1},"asset":{"__uuid__":"e4UhyzG7dJBpqNVEYyzgDR"},"fileId":"12Cjyz+EBO3o7MxYfJcnVD"},"_color":{"__type__":"cc.Color","r":234,"g":207,"b":173},"_contentSize":{"__type__":"cc.Size","width":350,"height":25},"_anchorPoint":{"__type__":"cc.Vec2","y":0.5},"_position":{"__type__":"cc.Vec3","x":-174,"y":15},"_scale":{"__type__":"cc.Vec3","x":1,"y":1,"z":1}},{"__type__":"cc.PrivateNode","_name":"RICHTEXT_CHILD","_parent":{"__id__":67},"_level":1,"_components":[{"__type__":"cc.Label","node":{"__id__":68},"_srcBlendFactor":1,"_string":"最长的技能说明最长的技能说明最长","_N$string":"最长的技能说明最长的技能说明最长","_fontSize":21,"_lineHeight":25,"_N$verticalAlign":1}],"_prefab":{"__type__":"cc.PrefabInfo","root":{"__id__":1},"asset":{"__uuid__":"e4UhyzG7dJBpqNVEYyzgDR"},"fileId":"fd/PTDw39Hy6xP4thb2c0v"},"_color":{"__type__":"cc.Color","r":234,"g":207,"b":173},"_contentSize":{"__type__":"cc.Size","width":336,"height":25},"_anchorPoint":{"__type__":"cc.Vec2"},"_position":{"__type__":"cc.Vec3","y":-12.5},"_scale":{"__type__":"cc.Vec3","x":1,"y":1,"z":1},"_zIndex":-32768},{"__type__":"cc.Node","_name":"SkillUpNum","_parent":{"__id__":64},"_components":[{"__type__":"cc.Label","node":{"__id__":69},"_srcBlendFactor":1,"_useOriginalSize":false,"_string":"提升：99.99%","_N$string":"提升：99.99%","_fontSize":20,"_lineHeight":29,"_N$horizontalAlign":1,"_N$verticalAlign":1}],"_prefab":{"__type__":"cc.PrefabInfo","root":{"__id__":1},"asset":{"__uuid__":"e4UhyzG7dJBpqNVEYyzgDR"},"fileId":"c8fZuEcXhFqqgag0Y5manG"},"_color":{"__type__":"cc.Color","r":231,"g":154,"b":78},"_contentSize":{"__type__":"cc.Size","width":127.83,"height":29},"_anchorPoint":{"__type__":"cc.Vec2","y":0.5},"_position":{"__type__":"cc.Vec3","x":-174,"y":-20},"_scale":{"__type__":"cc.Vec3","x":1,"y":1,"z":1}},{"__type__":"cc.Node","_name":"NeedGold1","_parent":{"__id__":64},"_components":[{"__type__":"cc.Label","node":{"__id__":70},"_srcBlendFactor":1,"_useOriginalSize":false,"_string":"999K","_N$string":"999K","_fontSize":25,"_lineHeight":25,"_N$horizontalAlign":1,"_N$verticalAlign":1}],"_prefab":{"__type__":"cc.PrefabInfo","root":{"__id__":1},"asset":{"__uuid__":"e4UhyzG7dJBpqNVEYyzgDR"},"fileId":"4fRyhMrx1PK56A6OYviZuc"},"_color":{"__type__":"cc.Color","r":34,"g":154,"b":172},"_contentSize":{"__type__":"cc.Size","width":58.39,"height":25},"_anchorPoint":{"__type__":"cc.Vec2","y":0.5},"_position":{"__type__":"cc.Vec3","x":-236,"y":-55},"_scale":{"__type__":"cc.Vec3","x":1,"y":1,"z":1}},{"__type__":"cc.Node","_name":"NeedGold2","_parent":{"__id__":64},"_components":[{"__type__":"cc.Label","node":{"__id__":71},"_srcBlendFactor":1,"_useOriginalSize":false,"_string":"999K","_N$string":"999K","_fontSize":25,"_lineHeight":25,"_N$horizontalAlign":1,"_N$verticalAlign":1}],"_prefab":{"__type__":"cc.PrefabInfo","root":{"__id__":1},"asset":{"__uuid__":"e4UhyzG7dJBpqNVEYyzgDR"},"fileId":"87mXSzXEBGoaLypWw47ROF"},"_color":{"__type__":"cc.Color","r":34,"g":154,"b":172},"_contentSize":{"__type__":"cc.Size","width":58.39,"height":25},"_anchorPoint":{"__type__":"cc.Vec2","y":0.5},"_position":{"__type__":"cc.Vec3","x":-16,"y":-55},"_scale":{"__type__":"cc.Vec3","x":1,"y":1,"z":1}},{"__type__":"cc.Node","_name":"NeedGold3","_parent":{"__id__":64},"_components":[{"__type__":"cc.Label","node":{"__id__":72},"_srcBlendFactor":1,"_useOriginalSize":false,"_string":"999K","_N$string":"999K","_fontSize":25,"_lineHeight":25,"_N$horizontalAlign":1,"_N$verticalAlign":1}],"_prefab":{"__type__":"cc.PrefabInfo","root":{"__id__":1},"asset":{"__uuid__":"e4UhyzG7dJBpqNVEYyzgDR"},"fileId":"44bEzCRRVCE5vRFpobO7tR"},"_color":{"__type__":"cc.Color","r":34,"g":154,"b":172},"_contentSize":{"__type__":"cc.Size","width":58.39,"height":25},"_anchorPoint":{"__type__":"cc.Vec2","y":0.5},"_position":{"__type__":"cc.Vec3","x":212,"y":-55},"_scale":{"__type__":"cc.Vec3","x":1,"y":1,"z":1}},{"__type__":"cc.Node","_name":"3","_parent":{"__id__":44},"_children":[{"__id__":74},{"__id__":75},{"__id__":76},{"__id__":78},{"__id__":79},{"__id__":80},{"__id__":81}],"_level":2,"_prefab":{"__type__":"cc.PrefabInfo","root":{"__id__":1},"asset":{"__uuid__":"e4UhyzG7dJBpqNVEYyzgDR"},"fileId":"86nkpegbtH36vWyK7QpWum"},"_contentSize":{"__type__":"cc.Size","width":622,"height":177},"_position":{"__type__":"cc.Vec3","y":-654},"_scale":{"__type__":"cc.Vec3","x":1,"y":1,"z":1}},{"__type__":"cc.Node","_name":"SkillName","_parent":{"__id__":73},"_level":3,"_components":[{"__type__":"cc.Label","node":{"__id__":74},"_srcBlendFactor":1,"_useOriginalSize":false,"_string":"最长的属性名字","_N$string":"最长的属性名字","_fontSize":25,"_lineHeight":29,"_N$horizontalAlign":1,"_N$verticalAlign":1}],"_prefab":{"__type__":"cc.PrefabInfo","root":{"__id__":1},"asset":{"__uuid__":"e4UhyzG7dJBpqNVEYyzgDR"},"fileId":"ddPK4yM95AZrpPXpfCL/iG"},"_color":{"__type__":"cc.Color","r":251,"g":242,"b":229},"_contentSize":{"__type__":"cc.Size","width":175,"height":29},"_anchorPoint":{"__type__":"cc.Vec2","y":0.5},"_position":{"__type__":"cc.Vec3","x":-175,"y":57},"_scale":{"__type__":"cc.Vec3","x":1,"y":1,"z":1}},{"__type__":"cc.Node","_name":"SkillLevel","_parent":{"__id__":73},"_components":[{"__type__":"cc.Label","node":{"__id__":75},"_srcBlendFactor":1,"_useOriginalSize":false,"_string":"LV.999","_N$string":"LV.999","_fontSize":19,"_lineHeight":19},{"__type__":"cc.LabelOutline","node":{"__id__":75},"_color":{"__type__":"cc.Color","r":27,"g":13,"b":39},"_width":2}],"_prefab":{"__type__":"cc.PrefabInfo","root":{"__id__":1},"asset":{"__uuid__":"e4UhyzG7dJBpqNVEYyzgDR"},"fileId":"0ch4SAiRhDTrVMUVncJCL+"},"_color":{"__type__":"cc.Color","r":244,"g":220,"b":160},"_contentSize":{"__type__":"cc.Size","width":61.06,"height":19},"_anchorPoint":{"__type__":"cc.Vec2","y":0.5},"_position":{"__type__":"cc.Vec3","x":120,"y":-20},"_scale":{"__type__":"cc.Vec3","x":1,"y":1,"z":1}},{"__type__":"cc.Node","_name":"SkillExplain","_parent":{"__id__":73},"_children":[{"__id__":77}],"_components":[{"__type__":"cc.RichText","node":{"__id__":76},"_N$string":"最长的技能说明最长的技能说明最长","_N$fontSize":21,"_N$maxWidth":350,"_N$lineHeight":25}],"_prefab":{"__type__":"cc.PrefabInfo","root":{"__id__":1},"asset":{"__uuid__":"e4UhyzG7dJBpqNVEYyzgDR"},"fileId":"9fQlrMgcZBtIKpJBgBUXEB"},"_color":{"__type__":"cc.Color","r":234,"g":207,"b":173},"_contentSize":{"__type__":"cc.Size","width":350,"height":25},"_anchorPoint":{"__type__":"cc.Vec2","y":0.5},"_position":{"__type__":"cc.Vec3","x":-174,"y":15},"_scale":{"__type__":"cc.Vec3","x":1,"y":1,"z":1}},{"__type__":"cc.PrivateNode","_name":"RICHTEXT_CHILD","_parent":{"__id__":76},"_level":1,"_components":[{"__type__":"cc.Label","node":{"__id__":77},"_srcBlendFactor":1,"_string":"最长的技能说明最长的技能说明最长","_N$string":"最长的技能说明最长的技能说明最长","_fontSize":21,"_lineHeight":25,"_N$verticalAlign":1}],"_prefab":{"__type__":"cc.PrefabInfo","root":{"__id__":1},"asset":{"__uuid__":"e4UhyzG7dJBpqNVEYyzgDR"},"fileId":"63SOiDcJFOFble+XNFB5FU"},"_color":{"__type__":"cc.Color","r":234,"g":207,"b":173},"_contentSize":{"__type__":"cc.Size","width":336,"height":25},"_anchorPoint":{"__type__":"cc.Vec2"},"_position":{"__type__":"cc.Vec3","y":-12.5},"_scale":{"__type__":"cc.Vec3","x":1,"y":1,"z":1},"_zIndex":-32768},{"__type__":"cc.Node","_name":"SkillUpNum","_parent":{"__id__":73},"_components":[{"__type__":"cc.Label","node":{"__id__":78},"_srcBlendFactor":1,"_useOriginalSize":false,"_string":"提升：99.99%","_N$string":"提升：99.99%","_fontSize":20,"_lineHeight":29,"_N$horizontalAlign":1,"_N$verticalAlign":1}],"_prefab":{"__type__":"cc.PrefabInfo","root":{"__id__":1},"asset":{"__uuid__":"e4UhyzG7dJBpqNVEYyzgDR"},"fileId":"b6kmEksd1DqLMuBsNC3Tof"},"_color":{"__type__":"cc.Color","r":231,"g":154,"b":78},"_contentSize":{"__type__":"cc.Size","width":127.83,"height":29},"_anchorPoint":{"__type__":"cc.Vec2","y":0.5},"_position":{"__type__":"cc.Vec3","x":-174,"y":-20},"_scale":{"__type__":"cc.Vec3","x":1,"y":1,"z":1}},{"__type__":"cc.Node","_name":"NeedGold1","_parent":{"__id__":73},"_components":[{"__type__":"cc.Label","node":{"__id__":79},"_srcBlendFactor":1,"_useOriginalSize":false,"_string":"999K","_N$string":"999K","_fontSize":25,"_lineHeight":25,"_N$horizontalAlign":1,"_N$verticalAlign":1}],"_prefab":{"__type__":"cc.PrefabInfo","root":{"__id__":1},"asset":{"__uuid__":"e4UhyzG7dJBpqNVEYyzgDR"},"fileId":"055RJjE5hMM7p3mf66Sygc"},"_color":{"__type__":"cc.Color","r":34,"g":154,"b":172},"_contentSize":{"__type__":"cc.Size","width":58.39,"height":25},"_anchorPoint":{"__type__":"cc.Vec2","y":0.5},"_position":{"__type__":"cc.Vec3","x":-236,"y":-55},"_scale":{"__type__":"cc.Vec3","x":1,"y":1,"z":1}},{"__type__":"cc.Node","_name":"NeedGold2","_parent":{"__id__":73},"_components":[{"__type__":"cc.Label","node":{"__id__":80},"_srcBlendFactor":1,"_useOriginalSize":false,"_string":"999K","_N$string":"999K","_fontSize":25,"_lineHeight":25,"_N$horizontalAlign":1,"_N$verticalAlign":1}],"_prefab":{"__type__":"cc.PrefabInfo","root":{"__id__":1},"asset":{"__uuid__":"e4UhyzG7dJBpqNVEYyzgDR"},"fileId":"5baMs63y9CWoNwMU+fhPGc"},"_color":{"__type__":"cc.Color","r":34,"g":154,"b":172},"_contentSize":{"__type__":"cc.Size","width":58.39,"height":25},"_anchorPoint":{"__type__":"cc.Vec2","y":0.5},"_position":{"__type__":"cc.Vec3","x":-16,"y":-55},"_scale":{"__type__":"cc.Vec3","x":1,"y":1,"z":1}},{"__type__":"cc.Node","_name":"NeedGold3","_parent":{"__id__":73},"_components":[{"__type__":"cc.Label","node":{"__id__":81},"_srcBlendFactor":1,"_useOriginalSize":false,"_string":"999K","_N$string":"999K","_fontSize":25,"_lineHeight":25,"_N$horizontalAlign":1,"_N$verticalAlign":1}],"_prefab":{"__type__":"cc.PrefabInfo","root":{"__id__":1},"asset":{"__uuid__":"e4UhyzG7dJBpqNVEYyzgDR"},"fileId":"0eDL0yPcNDooRo2hLfKg2u"},"_color":{"__type__":"cc.Color","r":34,"g":154,"b":172},"_contentSize":{"__type__":"cc.Size","width":58.39,"height":25},"_anchorPoint":{"__type__":"cc.Vec2","y":0.5},"_position":{"__type__":"cc.Vec3","x":212,"y":-55},"_scale":{"__type__":"cc.Vec3","x":1,"y":1,"z":1}},{"__type__":"cc.Node","_name":"4","_parent":{"__id__":44},"_children":[{"__id__":83},{"__id__":84},{"__id__":85},{"__id__":87},{"__id__":88},{"__id__":89},{"__id__":90}],"_level":2,"_prefab":{"__type__":"cc.PrefabInfo","root":{"__id__":1},"asset":{"__uuid__":"e4UhyzG7dJBpqNVEYyzgDR"},"fileId":"73W4uktOlC5qfJ1zKwhbXR"},"_contentSize":{"__type__":"cc.Size","width":622,"height":177},"_position":{"__type__":"cc.Vec3","y":-841},"_scale":{"__type__":"cc.Vec3","x":1,"y":1,"z":1}},{"__type__":"cc.Node","_name":"SkillName","_parent":{"__id__":82},"_level":3,"_components":[{"__type__":"cc.Label","node":{"__id__":83},"_srcBlendFactor":1,"_useOriginalSize":false,"_string":"最长的属性名字","_N$string":"最长的属性名字","_fontSize":25,"_lineHeight":29,"_N$horizontalAlign":1,"_N$verticalAlign":1}],"_prefab":{"__type__":"cc.PrefabInfo","root":{"__id__":1},"asset":{"__uuid__":"e4UhyzG7dJBpqNVEYyzgDR"},"fileId":"8cyMh82npJKZqCeQMJCm+T"},"_color":{"__type__":"cc.Color","r":251,"g":242,"b":229},"_contentSize":{"__type__":"cc.Size","width":175,"height":29},"_anchorPoint":{"__type__":"cc.Vec2","y":0.5},"_position":{"__type__":"cc.Vec3","x":-175,"y":56.99999999999994},"_scale":{"__type__":"cc.Vec3","x":1,"y":1,"z":1}},{"__type__":"cc.Node","_name":"SkillLevel","_parent":{"__id__":82},"_components":[{"__type__":"cc.Label","node":{"__id__":84},"_srcBlendFactor":1,"_useOriginalSize":false,"_string":"LV.999","_N$string":"LV.999","_fontSize":19,"_lineHeight":19},{"__type__":"cc.LabelOutline","node":{"__id__":84},"_color":{"__type__":"cc.Color","r":27,"g":13,"b":39},"_width":2}],"_prefab":{"__type__":"cc.PrefabInfo","root":{"__id__":1},"asset":{"__uuid__":"e4UhyzG7dJBpqNVEYyzgDR"},"fileId":"31IsrGUnNGUpu5agVxhqLL"},"_color":{"__type__":"cc.Color","r":244,"g":220,"b":160},"_contentSize":{"__type__":"cc.Size","width":61.06,"height":19},"_anchorPoint":{"__type__":"cc.Vec2","y":0.5},"_position":{"__type__":"cc.Vec3","x":120,"y":-20},"_scale":{"__type__":"cc.Vec3","x":1,"y":1,"z":1}},{"__type__":"cc.Node","_name":"SkillExplain","_parent":{"__id__":82},"_children":[{"__id__":86}],"_components":[{"__type__":"cc.RichText","node":{"__id__":85},"_N$string":"最长的技能说明最长的技能说明最长","_N$fontSize":21,"_N$maxWidth":350,"_N$lineHeight":25}],"_prefab":{"__type__":"cc.PrefabInfo","root":{"__id__":1},"asset":{"__uuid__":"e4UhyzG7dJBpqNVEYyzgDR"},"fileId":"2bw39REclCw6SZ2aVKBdfP"},"_color":{"__type__":"cc.Color","r":234,"g":207,"b":173},"_contentSize":{"__type__":"cc.Size","width":350,"height":25},"_anchorPoint":{"__type__":"cc.Vec2","y":0.5},"_position":{"__type__":"cc.Vec3","x":-174,"y":15},"_scale":{"__type__":"cc.Vec3","x":1,"y":1,"z":1}},{"__type__":"cc.PrivateNode","_name":"RICHTEXT_CHILD","_parent":{"__id__":85},"_level":1,"_components":[{"__type__":"cc.Label","node":{"__id__":86},"_srcBlendFactor":1,"_string":"最长的技能说明最长的技能说明最长","_N$string":"最长的技能说明最长的技能说明最长","_fontSize":21,"_lineHeight":25,"_N$verticalAlign":1}],"_prefab":{"__type__":"cc.PrefabInfo","root":{"__id__":1},"asset":{"__uuid__":"e4UhyzG7dJBpqNVEYyzgDR"},"fileId":"bfS0HoM/lEDorXZ6PBlnyH"},"_color":{"__type__":"cc.Color","r":234,"g":207,"b":173},"_contentSize":{"__type__":"cc.Size","width":336,"height":25},"_anchorPoint":{"__type__":"cc.Vec2"},"_position":{"__type__":"cc.Vec3","y":-12.5},"_scale":{"__type__":"cc.Vec3","x":1,"y":1,"z":1},"_zIndex":-32768},{"__type__":"cc.Node","_name":"SkillUpNum","_parent":{"__id__":82},"_components":[{"__type__":"cc.Label","node":{"__id__":87},"_srcBlendFactor":1,"_useOriginalSize":false,"_string":"提升：99.99%","_N$string":"提升：99.99%","_fontSize":20,"_lineHeight":29,"_N$horizontalAlign":1,"_N$verticalAlign":1}],"_prefab":{"__type__":"cc.PrefabInfo","root":{"__id__":1},"asset":{"__uuid__":"e4UhyzG7dJBpqNVEYyzgDR"},"fileId":"9efZzylrNHKJoPUPRNyJW2"},"_color":{"__type__":"cc.Color","r":231,"g":154,"b":78},"_contentSize":{"__type__":"cc.Size","width":127.83,"height":29},"_anchorPoint":{"__type__":"cc.Vec2","y":0.5},"_position":{"__type__":"cc.Vec3","x":-174,"y":-20},"_scale":{"__type__":"cc.Vec3","x":1,"y":1,"z":1}},{"__type__":"cc.Node","_name":"NeedGold1","_parent":{"__id__":82},"_components":[{"__type__":"cc.Label","node":{"__id__":88},"_srcBlendFactor":1,"_useOriginalSize":false,"_string":"999K","_N$string":"999K","_fontSize":25,"_lineHeight":25,"_N$horizontalAlign":1,"_N$verticalAlign":1}],"_prefab":{"__type__":"cc.PrefabInfo","root":{"__id__":1},"asset":{"__uuid__":"e4UhyzG7dJBpqNVEYyzgDR"},"fileId":"dcruVC2axJmJL5unjWt9qk"},"_color":{"__type__":"cc.Color","r":34,"g":154,"b":172},"_contentSize":{"__type__":"cc.Size","width":58.39,"height":25},"_anchorPoint":{"__type__":"cc.Vec2","y":0.5},"_position":{"__type__":"cc.Vec3","x":-236,"y":-55},"_scale":{"__type__":"cc.Vec3","x":1,"y":1,"z":1}},{"__type__":"cc.Node","_name":"NeedGold2","_parent":{"__id__":82},"_components":[{"__type__":"cc.Label","node":{"__id__":89},"_srcBlendFactor":1,"_useOriginalSize":false,"_string":"999K","_N$string":"999K","_fontSize":25,"_lineHeight":25,"_N$horizontalAlign":1,"_N$verticalAlign":1}],"_prefab":{"__type__":"cc.PrefabInfo","root":{"__id__":1},"asset":{"__uuid__":"e4UhyzG7dJBpqNVEYyzgDR"},"fileId":"99hxWcJGpI4KbmTLMIBRaM"},"_color":{"__type__":"cc.Color","r":34,"g":154,"b":172},"_contentSize":{"__type__":"cc.Size","width":58.39,"height":25},"_anchorPoint":{"__type__":"cc.Vec2","y":0.5},"_position":{"__type__":"cc.Vec3","x":-16,"y":-55},"_scale":{"__type__":"cc.Vec3","x":1,"y":1,"z":1}},{"__type__":"cc.Node","_name":"NeedGold3","_parent":{"__id__":82},"_components":[{"__type__":"cc.Label","node":{"__id__":90},"_srcBlendFactor":1,"_useOriginalSize":false,"_string":"999K","_N$string":"999K","_fontSize":25,"_lineHeight":25,"_N$horizontalAlign":1,"_N$verticalAlign":1}],"_prefab":{"__type__":"cc.PrefabInfo","root":{"__id__":1},"asset":{"__uuid__":"e4UhyzG7dJBpqNVEYyzgDR"},"fileId":"08JS+plPVGiZHqWBVqxEld"},"_color":{"__type__":"cc.Color","r":34,"g":154,"b":172},"_contentSize":{"__type__":"cc.Size","width":58.39,"height":25},"_anchorPoint":{"__type__":"cc.Vec2","y":0.5},"_position":{"__type__":"cc.Vec3","x":212,"y":-55},"_scale":{"__type__":"cc.Vec3","x":1,"y":1,"z":1}},{"__type__":"cc.Node","_name":"5","_parent":{"__id__":44},"_children":[{"__id__":92},{"__id__":93},{"__id__":94},{"__id__":96},{"__id__":97},{"__id__":98},{"__id__":99}],"_level":2,"_prefab":{"__type__":"cc.PrefabInfo","root":{"__id__":1},"asset":{"__uuid__":"e4UhyzG7dJBpqNVEYyzgDR"},"fileId":"23MlzTBo9OY5onTyOv9zoZ"},"_contentSize":{"__type__":"cc.Size","width":622,"height":177},"_position":{"__type__":"cc.Vec3","y":-1028},"_scale":{"__type__":"cc.Vec3","x":1,"y":1,"z":1}},{"__type__":"cc.Node","_name":"SkillName","_parent":{"__id__":91},"_level":3,"_components":[{"__type__":"cc.Label","node":{"__id__":92},"_srcBlendFactor":1,"_useOriginalSize":false,"_string":"最长的属性名字","_N$string":"最长的属性名字","_fontSize":25,"_lineHeight":29,"_N$horizontalAlign":1,"_N$verticalAlign":1}],"_prefab":{"__type__":"cc.PrefabInfo","root":{"__id__":1},"asset":{"__uuid__":"e4UhyzG7dJBpqNVEYyzgDR"},"fileId":"b37mxv1tdAnpTbVfLz7al2"},"_color":{"__type__":"cc.Color","r":251,"g":242,"b":229},"_contentSize":{"__type__":"cc.Size","width":175,"height":29},"_anchorPoint":{"__type__":"cc.Vec2","y":0.5},"_position":{"__type__":"cc.Vec3","x":-175,"y":57.00000000000007},"_scale":{"__type__":"cc.Vec3","x":1,"y":1,"z":1}},{"__type__":"cc.Node","_name":"SkillLevel","_parent":{"__id__":91},"_components":[{"__type__":"cc.Label","node":{"__id__":93},"_srcBlendFactor":1,"_useOriginalSize":false,"_string":"LV.999","_N$string":"LV.999","_fontSize":19,"_lineHeight":19},{"__type__":"cc.LabelOutline","node":{"__id__":93},"_color":{"__type__":"cc.Color","r":27,"g":13,"b":39},"_width":2}],"_prefab":{"__type__":"cc.PrefabInfo","root":{"__id__":1},"asset":{"__uuid__":"e4UhyzG7dJBpqNVEYyzgDR"},"fileId":"9aiL0drbtO3L7SsatWZW9+"},"_color":{"__type__":"cc.Color","r":244,"g":220,"b":160},"_contentSize":{"__type__":"cc.Size","width":61.06,"height":19},"_anchorPoint":{"__type__":"cc.Vec2","y":0.5},"_position":{"__type__":"cc.Vec3","x":120,"y":-20},"_scale":{"__type__":"cc.Vec3","x":1,"y":1,"z":1}},{"__type__":"cc.Node","_name":"SkillExplain","_parent":{"__id__":91},"_children":[{"__id__":95}],"_components":[{"__type__":"cc.RichText","node":{"__id__":94},"_N$string":"最长的技能说明最长的技能说明最长","_N$fontSize":21,"_N$maxWidth":350,"_N$lineHeight":25}],"_prefab":{"__type__":"cc.PrefabInfo","root":{"__id__":1},"asset":{"__uuid__":"e4UhyzG7dJBpqNVEYyzgDR"},"fileId":"02I9GkYb1MLZ14i3t9cJD8"},"_color":{"__type__":"cc.Color","r":234,"g":207,"b":173},"_contentSize":{"__type__":"cc.Size","width":350,"height":25},"_anchorPoint":{"__type__":"cc.Vec2","y":0.5},"_position":{"__type__":"cc.Vec3","x":-174,"y":15},"_scale":{"__type__":"cc.Vec3","x":1,"y":1,"z":1}},{"__type__":"cc.PrivateNode","_name":"RICHTEXT_CHILD","_parent":{"__id__":94},"_level":1,"_components":[{"__type__":"cc.Label","node":{"__id__":95},"_srcBlendFactor":1,"_string":"最长的技能说明最长的技能说明最长","_N$string":"最长的技能说明最长的技能说明最长","_fontSize":21,"_lineHeight":25,"_N$verticalAlign":1}],"_prefab":{"__type__":"cc.PrefabInfo","root":{"__id__":1},"asset":{"__uuid__":"e4UhyzG7dJBpqNVEYyzgDR"},"fileId":"b7kTNVRiZARZGbV9ut60+R"},"_color":{"__type__":"cc.Color","r":234,"g":207,"b":173},"_contentSize":{"__type__":"cc.Size","width":336,"height":25},"_anchorPoint":{"__type__":"cc.Vec2"},"_position":{"__type__":"cc.Vec3","y":-12.5},"_scale":{"__type__":"cc.Vec3","x":1,"y":1,"z":1},"_zIndex":-32768},{"__type__":"cc.Node","_name":"SkillUpNum","_parent":{"__id__":91},"_components":[{"__type__":"cc.Label","node":{"__id__":96},"_srcBlendFactor":1,"_useOriginalSize":false,"_string":"提升：99.99%","_N$string":"提升：99.99%","_fontSize":20,"_lineHeight":29,"_N$horizontalAlign":1,"_N$verticalAlign":1}],"_prefab":{"__type__":"cc.PrefabInfo","root":{"__id__":1},"asset":{"__uuid__":"e4UhyzG7dJBpqNVEYyzgDR"},"fileId":"27L5r3PtRBipUtZOcwm+eX"},"_color":{"__type__":"cc.Color","r":231,"g":154,"b":78},"_contentSize":{"__type__":"cc.Size","width":127.83,"height":29},"_anchorPoint":{"__type__":"cc.Vec2","y":0.5},"_position":{"__type__":"cc.Vec3","x":-174,"y":-20},"_scale":{"__type__":"cc.Vec3","x":1,"y":1,"z":1}},{"__type__":"cc.Node","_name":"NeedGold1","_parent":{"__id__":91},"_components":[{"__type__":"cc.Label","node":{"__id__":97},"_srcBlendFactor":1,"_useOriginalSize":false,"_string":"999K","_N$string":"999K","_fontSize":25,"_lineHeight":25,"_N$horizontalAlign":1,"_N$verticalAlign":1}],"_prefab":{"__type__":"cc.PrefabInfo","root":{"__id__":1},"asset":{"__uuid__":"e4UhyzG7dJBpqNVEYyzgDR"},"fileId":"7egLGA0DlJhIhp+SJGu1ro"},"_color":{"__type__":"cc.Color","r":34,"g":154,"b":172},"_contentSize":{"__type__":"cc.Size","width":58.39,"height":25},"_anchorPoint":{"__type__":"cc.Vec2","y":0.5},"_position":{"__type__":"cc.Vec3","x":-236,"y":-55},"_scale":{"__type__":"cc.Vec3","x":1,"y":1,"z":1}},{"__type__":"cc.Node","_name":"NeedGold2","_parent":{"__id__":91},"_components":[{"__type__":"cc.Label","node":{"__id__":98},"_srcBlendFactor":1,"_useOriginalSize":false,"_string":"999K","_N$string":"999K","_fontSize":25,"_lineHeight":25,"_N$horizontalAlign":1,"_N$verticalAlign":1}],"_prefab":{"__type__":"cc.PrefabInfo","root":{"__id__":1},"asset":{"__uuid__":"e4UhyzG7dJBpqNVEYyzgDR"},"fileId":"e7rfPqPLpGxpyO8Z1FW5pi"},"_color":{"__type__":"cc.Color","r":34,"g":154,"b":172},"_contentSize":{"__type__":"cc.Size","width":58.39,"height":25},"_anchorPoint":{"__type__":"cc.Vec2","y":0.5},"_position":{"__type__":"cc.Vec3","x":-16,"y":-55},"_scale":{"__type__":"cc.Vec3","x":1,"y":1,"z":1}},{"__type__":"cc.Node","_name":"NeedGold3","_parent":{"__id__":91},"_components":[{"__type__":"cc.Label","node":{"__id__":99},"_srcBlendFactor":1,"_useOriginalSize":false,"_string":"999K","_N$string":"999K","_fontSize":25,"_lineHeight":25,"_N$horizontalAlign":1,"_N$verticalAlign":1}],"_prefab":{"__type__":"cc.PrefabInfo","root":{"__id__":1},"asset":{"__uuid__":"e4UhyzG7dJBpqNVEYyzgDR"},"fileId":"e0qcSxWVtIYaKNcvRcuNsQ"},"_color":{"__type__":"cc.Color","r":34,"g":154,"b":172},"_contentSize":{"__type__":"cc.Size","width":58.39,"height":25},"_anchorPoint":{"__type__":"cc.Vec2","y":0.5},"_position":{"__type__":"cc.Vec3","x":212,"y":-55},"_scale":{"__type__":"cc.Vec3","x":1,"y":1,"z":1}},{"__type__":"cc.Node","_name":"6","_parent":{"__id__":44},"_children":[{"__id__":101},{"__id__":102},{"__id__":103},{"__id__":105},{"__id__":106},{"__id__":107},{"__id__":108}],"_level":2,"_prefab":{"__type__":"cc.PrefabInfo","root":{"__id__":1},"asset":{"__uuid__":"e4UhyzG7dJBpqNVEYyzgDR"},"fileId":"16wuxGKRFNAquGWzMr5ypg"},"_contentSize":{"__type__":"cc.Size","width":622,"height":177},"_position":{"__type__":"cc.Vec3","y":-1215},"_scale":{"__type__":"cc.Vec3","x":1,"y":1,"z":1}},{"__type__":"cc.Node","_name":"SkillName","_parent":{"__id__":100},"_level":3,"_components":[{"__type__":"cc.Label","node":{"__id__":101},"_srcBlendFactor":1,"_useOriginalSize":false,"_string":"最长的属性名字","_N$string":"最长的属性名字","_fontSize":25,"_lineHeight":29,"_N$horizontalAlign":1,"_N$verticalAlign":1}],"_prefab":{"__type__":"cc.PrefabInfo","root":{"__id__":1},"asset":{"__uuid__":"e4UhyzG7dJBpqNVEYyzgDR"},"fileId":"526Fl9QXtMpaTl9kYvjwsV"},"_color":{"__type__":"cc.Color","r":251,"g":242,"b":229},"_contentSize":{"__type__":"cc.Size","width":175,"height":29},"_anchorPoint":{"__type__":"cc.Vec2","y":0.5},"_position":{"__type__":"cc.Vec3","x":-175,"y":56.99999999999993},"_scale":{"__type__":"cc.Vec3","x":1,"y":1,"z":1}},{"__type__":"cc.Node","_name":"SkillLevel","_parent":{"__id__":100},"_components":[{"__type__":"cc.Label","node":{"__id__":102},"_srcBlendFactor":1,"_useOriginalSize":false,"_string":"LV.999","_N$string":"LV.999","_fontSize":19,"_lineHeight":19},{"__type__":"cc.LabelOutline","node":{"__id__":102},"_color":{"__type__":"cc.Color","r":27,"g":13,"b":39},"_width":2}],"_prefab":{"__type__":"cc.PrefabInfo","root":{"__id__":1},"asset":{"__uuid__":"e4UhyzG7dJBpqNVEYyzgDR"},"fileId":"6f7BFemd5EyKgISoLEHlT4"},"_color":{"__type__":"cc.Color","r":244,"g":220,"b":160},"_contentSize":{"__type__":"cc.Size","width":61.06,"height":19},"_anchorPoint":{"__type__":"cc.Vec2","y":0.5},"_position":{"__type__":"cc.Vec3","x":120,"y":-20},"_scale":{"__type__":"cc.Vec3","x":1,"y":1,"z":1}},{"__type__":"cc.Node","_name":"SkillExplain","_parent":{"__id__":100},"_children":[{"__id__":104}],"_components":[{"__type__":"cc.RichText","node":{"__id__":103},"_N$string":"最长的技能说明最长的技能说明最长","_N$fontSize":21,"_N$maxWidth":350,"_N$lineHeight":25}],"_prefab":{"__type__":"cc.PrefabInfo","root":{"__id__":1},"asset":{"__uuid__":"e4UhyzG7dJBpqNVEYyzgDR"},"fileId":"adRXiwuJdM6LJDCvOILIRd"},"_color":{"__type__":"cc.Color","r":234,"g":207,"b":173},"_contentSize":{"__type__":"cc.Size","width":350,"height":25},"_anchorPoint":{"__type__":"cc.Vec2","y":0.5},"_position":{"__type__":"cc.Vec3","x":-174,"y":15},"_scale":{"__type__":"cc.Vec3","x":1,"y":1,"z":1}},{"__type__":"cc.PrivateNode","_name":"RICHTEXT_CHILD","_parent":{"__id__":103},"_level":1,"_components":[{"__type__":"cc.Label","node":{"__id__":104},"_srcBlendFactor":1,"_string":"最长的技能说明最长的技能说明最长","_N$string":"最长的技能说明最长的技能说明最长","_fontSize":21,"_lineHeight":25,"_N$verticalAlign":1}],"_prefab":{"__type__":"cc.PrefabInfo","root":{"__id__":1},"asset":{"__uuid__":"e4UhyzG7dJBpqNVEYyzgDR"},"fileId":"34/oiFRyVJtLzfIXd6bXI5"},"_color":{"__type__":"cc.Color","r":234,"g":207,"b":173},"_contentSize":{"__type__":"cc.Size","width":336,"height":25},"_anchorPoint":{"__type__":"cc.Vec2"},"_position":{"__type__":"cc.Vec3","y":-12.5},"_scale":{"__type__":"cc.Vec3","x":1,"y":1,"z":1},"_zIndex":-32768},{"__type__":"cc.Node","_name":"SkillUpNum","_parent":{"__id__":100},"_components":[{"__type__":"cc.Label","node":{"__id__":105},"_srcBlendFactor":1,"_useOriginalSize":false,"_string":"提升：99.99%","_N$string":"提升：99.99%","_fontSize":20,"_lineHeight":29,"_N$horizontalAlign":1,"_N$verticalAlign":1}],"_prefab":{"__type__":"cc.PrefabInfo","root":{"__id__":1},"asset":{"__uuid__":"e4UhyzG7dJBpqNVEYyzgDR"},"fileId":"8aqS/YBVJNj6DrgvQFZFcm"},"_color":{"__type__":"cc.Color","r":231,"g":154,"b":78},"_contentSize":{"__type__":"cc.Size","width":127.83,"height":29},"_anchorPoint":{"__type__":"cc.Vec2","y":0.5},"_position":{"__type__":"cc.Vec3","x":-174,"y":-20},"_scale":{"__type__":"cc.Vec3","x":1,"y":1,"z":1}},{"__type__":"cc.Node","_name":"NeedGold1","_parent":{"__id__":100},"_components":[{"__type__":"cc.Label","node":{"__id__":106},"_srcBlendFactor":1,"_useOriginalSize":false,"_string":"999K","_N$string":"999K","_fontSize":25,"_lineHeight":25,"_N$horizontalAlign":1,"_N$verticalAlign":1}],"_prefab":{"__type__":"cc.PrefabInfo","root":{"__id__":1},"asset":{"__uuid__":"e4UhyzG7dJBpqNVEYyzgDR"},"fileId":"5b3tfjzVNEI5pR8GUqU2b9"},"_color":{"__type__":"cc.Color","r":34,"g":154,"b":172},"_contentSize":{"__type__":"cc.Size","width":58.39,"height":25},"_anchorPoint":{"__type__":"cc.Vec2","y":0.5},"_position":{"__type__":"cc.Vec3","x":-236,"y":-55},"_scale":{"__type__":"cc.Vec3","x":1,"y":1,"z":1}},{"__type__":"cc.Node","_name":"NeedGold2","_parent":{"__id__":100},"_components":[{"__type__":"cc.Label","node":{"__id__":107},"_srcBlendFactor":1,"_useOriginalSize":false,"_string":"999K","_N$string":"999K","_fontSize":25,"_lineHeight":25,"_N$horizontalAlign":1,"_N$verticalAlign":1}],"_prefab":{"__type__":"cc.PrefabInfo","root":{"__id__":1},"asset":{"__uuid__":"e4UhyzG7dJBpqNVEYyzgDR"},"fileId":"53213oGExP1K6vt1Jxv9PD"},"_color":{"__type__":"cc.Color","r":34,"g":154,"b":172},"_contentSize":{"__type__":"cc.Size","width":58.39,"height":25},"_anchorPoint":{"__type__":"cc.Vec2","y":0.5},"_position":{"__type__":"cc.Vec3","x":-16,"y":-55},"_scale":{"__type__":"cc.Vec3","x":1,"y":1,"z":1}},{"__type__":"cc.Node","_name":"NeedGold3","_parent":{"__id__":100},"_components":[{"__type__":"cc.Label","node":{"__id__":108},"_srcBlendFactor":1,"_useOriginalSize":false,"_string":"999K","_N$string":"999K","_fontSize":25,"_lineHeight":25,"_N$horizontalAlign":1,"_N$verticalAlign":1}],"_prefab":{"__type__":"cc.PrefabInfo","root":{"__id__":1},"asset":{"__uuid__":"e4UhyzG7dJBpqNVEYyzgDR"},"fileId":"38J+u29d9JybJzrjYE89Ha"},"_color":{"__type__":"cc.Color","r":34,"g":154,"b":172},"_contentSize":{"__type__":"cc.Size","width":58.39,"height":25},"_anchorPoint":{"__type__":"cc.Vec2","y":0.5},"_position":{"__type__":"cc.Vec3","x":212,"y":-55},"_scale":{"__type__":"cc.Vec3","x":1,"y":1,"z":1}},{"__type__":"cc.Node","_name":"Btn_Close2","_parent":{"__id__":3},"_level":1,"_components":[{"__type__":"cc.Sprite","node":{"__id__":109},"_spriteFrame":{"__uuid__":"c4QQuuPrpNY5hP3VMzenBR"}},{"__type__":"cc.Button","node":{"__id__":109}}],"_prefab":{"__type__":"cc.PrefabInfo","root":{"__id__":1},"asset":{"__uuid__":"e4UhyzG7dJBpqNVEYyzgDR"},"fileId":"72MIZ/wIZLsb94dyBIHcKJ"},"_contentSize":{"__type__":"cc.Size","width":81,"height":84},"_position":{"__type__":"cc.Vec3","x":333,"y":418},"_scale":{"__type__":"cc.Vec3","x":1,"y":1,"z":1}}],{"__type__":"cc.SpriteFrame","content":{"name":"Sprite_CreateTower","texture":"79u1MWxr5KuJuQruSRZUs/","rect":[0,0,104,106],"offset":[0,0],"originalSize":[104,106],"capInsets":[0,0,0,0]}},{"__type__":"cc.SpriteFrame","content":{"name":"Sprite_SkillBg","texture":"b48N97O8tC84zaN9w677ZS","rect":[0,0,622,177],"offset":[0,0],"originalSize":[622,177],"capInsets":[0,0,0,0]}},{"__type__":"cc.SpriteFrame","content":{"name":"Sprite_VideoReward","texture":"e72ZI9owpHiolNTEhu1d9e","rect":[0,2,103,104],"offset":[-0.5,-1],"originalSize":[104,106],"capInsets":[0,0,0,0]}}]