[{"__type__":"cc.SpriteFrame","content":{"name":"6","texture":"7d2elI3INOE6YTXTCn3rfK","rect":[0,0,127,156],"offset":[0,0],"originalSize":[127,156],"capInsets":[0,0,0,0]}},{"__type__":"cc.SpriteFrame","content":{"name":"tp_EquipmentBg","texture":"9daJKZSjhMVJGIxcGjbAag","rect":[1,0,556,641],"offset":[0.5,0],"originalSize":[557,641],"capInsets":[0,0,0,0]}},{"__type__":"cc.SpriteFrame","content":{"name":"tp_getTitle","texture":"97xLWc30BHWYdTsraCKZxe","rect":[0,1,103,30],"offset":[0,-0.5],"originalSize":[103,31],"capInsets":[0,0,0,0]}},{"__type__":"cc.SpriteFrame","content":{"name":"5","texture":"8aMyH7lydKcqZzSy9ypnog","rect":[0,0,127,156],"offset":[0,0],"originalSize":[127,156],"capInsets":[0,0,0,0]}},{"__type__":"cc.SpriteFrame","content":{"name":"Btn_Close","texture":"04PZG4nVJAKIq2Yl3qCeDz","rect":[0,0,95,95],"offset":[0,0],"originalSize":[95,95],"capInsets":[0,0,0,0]}},{"__type__":"cc.SpriteFrame","content":{"name":"Sprite_GetGold","texture":"9bsDWFS/BC7KBpoAO3FrVD","rect":[0,0,750,577],"offset":[0,0],"originalSize":[750,577],"capInsets":[0,0,0,0]}},{"__type__":"cc.SpriteFrame","content":{"name":"tp_PureColorBg","texture":"a8Anh32NZGRZegUtSgEj26","rect":[0,0,2,2],"offset":[0,0],"originalSize":[2,2],"capInsets":[0,0,0,0]}},[{"__type__":"cc.Prefab","_name":"SignInPage","data":{"__id__":1}},{"__type__":"cc.Node","_name":"SignInPage","_children":[{"__id__":2},{"__id__":3},{"__id__":4},{"__id__":24}],"_level":1,"_components":[{"__type__":"b04595WbFZJd4IEn0UJ9KT2","node":{"__id__":1},"Btn_OffLineGet":{"__id__":12},"Btn_DoubleADS":{"__id__":13},"Btn_DaySignIn":{"__id__":43},"Btn_CloseDay":{"__id__":44},"Btn_DoubleADS_Surprise":{"__id__":16},"Btn_ShareGet_Surprise":{"__id__":18},"Btn_OffLineClose":{"__id__":10},"Btn_SecondFrameGet":{"__id__":22},"Btn_Cancel":{"__id__":23},"Btn_DoubleSignlnGet":{"__id__":42},"m_SurpriseNode":{"__id__":15},"m_SecondFrame":{"__id__":19},"m_DayInfo":[{"__id__":28},{"__id__":29},{"__id__":30},{"__id__":31},{"__id__":32},{"__id__":33},{"__id__":34}],"m_SignlnBgNode":{"__id__":27},"m_OffLineNode":{"__id__":4},"m_DayNode":{"__id__":24}}],"_prefab":{"__type__":"cc.PrefabInfo","root":{"__id__":1},"asset":{"__uuid__":"42MHcQ2aZOmqo/rwQdxv/Z"},"fileId":"537st56bBDzb8mFi6aClwI"},"_scale":{"__type__":"cc.Vec3","x":1,"y":1,"z":1}},{"__type__":"cc.Node","_name":"PureColorBg","_parent":{"__id__":1},"_components":[{"__type__":"cc.Sprite","node":{"__id__":2},"_spriteFrame":{"__uuid__":"41D7kWhyFGY7q4NDlzkazn"},"_sizeMode":0},{"__type__":"cc.BlockInputEvents","node":{"__id__":2}}],"_prefab":{"__type__":"cc.PrefabInfo","root":{"__id__":1},"asset":{"__uuid__":"42MHcQ2aZOmqo/rwQdxv/Z"},"fileId":"99KJzFcI9J2q6PckTix5Pg"},"_opacity":200,"_color":{"__type__":"cc.Color"},"_contentSize":{"__type__":"cc.Size","width":750,"height":1155},"_position":{"__type__":"cc.Vec3","y":-90},"_scale":{"__type__":"cc.Vec3","x":1,"y":1,"z":1}},{"__type__":"cc.Node","_name":"FrameBg","_parent":{"__id__":1},"_components":[{"__type__":"cc.Sprite","node":{"__id__":3},"_spriteFrame":{"__uuid__":"23urbw4pxNXJVeNxmNlCqx"}}],"_prefab":{"__type__":"cc.PrefabInfo","root":{"__id__":1},"asset":{"__uuid__":"42MHcQ2aZOmqo/rwQdxv/Z"},"fileId":"c7UvF1UK1GQ6bDyqSqVdKP"},"_contentSize":{"__type__":"cc.Size","width":556,"height":641},"_position":{"__type__":"cc.Vec3","y":57},"_scale":{"__type__":"cc.Vec3","x":1,"y":1,"z":1}},{"__type__":"cc.Node","_name":"OffLineNode","_parent":{"__id__":1},"_children":[{"__id__":5},{"__id__":6},{"__id__":7},{"__id__":8},{"__id__":9},{"__id__":10},{"__id__":11},{"__id__":15},{"__id__":19}],"_components":[{"__type__":"cc.Sprite","node":{"__id__":4},"_spriteFrame":{"__uuid__":"3ezNeIT5NH0LGWRSI42Crv"}}],"_prefab":{"__type__":"cc.PrefabInfo","root":{"__id__":1},"asset":{"__uuid__":"42MHcQ2aZOmqo/rwQdxv/Z"},"fileId":"demZGdBLtMX4ETe04/GH2N"},"_contentSize":{"__type__":"cc.Size","width":750,"height":577},"_position":{"__type__":"cc.Vec3","x":15,"y":183},"_scale":{"__type__":"cc.Vec3","x":1,"y":1,"z":1}},{"__type__":"cc.Node","_name":"Label_GetGold1","_parent":{"__id__":4},"_components":[{"__type__":"cc.Label","node":{"__id__":5},"_useOriginalSize":false,"_string":"999.9K","_N$string":"999.9K","_fontSize":32,"_lineHeight":32,"_N$file":{"__uuid__":"a8AMqLPN5L1r6hCzor5gub"},"_isSystemFontUsed":false,"_spacingX":-9,"_N$horizontalAlign":1,"_N$verticalAlign":1}],"_prefab":{"__type__":"cc.PrefabInfo","root":{"__id__":1},"asset":{"__uuid__":"42MHcQ2aZOmqo/rwQdxv/Z"},"fileId":"57lp1XfVdGdrPE6IciXCRS"},"_contentSize":{"__type__":"cc.Size","width":135,"height":32},"_position":{"__type__":"cc.Vec3","x":-173.8,"y":-31},"_scale":{"__type__":"cc.Vec3","x":1.2,"y":1.2,"z":1}},{"__type__":"cc.Node","_name":"Label_GetGold2","_parent":{"__id__":4},"_components":[{"__type__":"cc.Label","node":{"__id__":6},"_useOriginalSize":false,"_string":"999.9K","_N$string":"999.9K","_fontSize":32,"_lineHeight":32,"_N$file":{"__uuid__":"a8AMqLPN5L1r6hCzor5gub"},"_isSystemFontUsed":false,"_spacingX":-9,"_N$horizontalAlign":1,"_N$verticalAlign":1}],"_prefab":{"__type__":"cc.PrefabInfo","root":{"__id__":1},"asset":{"__uuid__":"42MHcQ2aZOmqo/rwQdxv/Z"},"fileId":"8cW+ZrguNBtoXECC7xEkMi"},"_contentSize":{"__type__":"cc.Size","width":135,"height":32},"_position":{"__type__":"cc.Vec3","x":7.7,"y":-31},"_scale":{"__type__":"cc.Vec3","x":1.2,"y":1.2,"z":1}},{"__type__":"cc.Node","_name":"Label_GetGold3","_parent":{"__id__":4},"_components":[{"__type__":"cc.Label","node":{"__id__":7},"_useOriginalSize":false,"_string":"999.9K","_N$string":"999.9K","_fontSize":32,"_lineHeight":32,"_N$file":{"__uuid__":"a8AMqLPN5L1r6hCzor5gub"},"_isSystemFontUsed":false,"_spacingX":-9,"_N$horizontalAlign":1,"_N$verticalAlign":1}],"_prefab":{"__type__":"cc.PrefabInfo","root":{"__id__":1},"asset":{"__uuid__":"42MHcQ2aZOmqo/rwQdxv/Z"},"fileId":"fceI6grrlHLKweMkBGnAhq"},"_contentSize":{"__type__":"cc.Size","width":135,"height":32},"_position":{"__type__":"cc.Vec3","x":180,"y":-31},"_scale":{"__type__":"cc.Vec3","x":1.2,"y":1.2,"z":1}},{"__type__":"cc.Node","_name":"FrameOffLineName","_parent":{"__id__":4},"_components":[{"__type__":"cc.Sprite","node":{"__id__":8},"_spriteFrame":{"__uuid__":"e7968vk6NGsoYZlwQlFcaz"}}],"_prefab":{"__type__":"cc.PrefabInfo","root":{"__id__":1},"asset":{"__uuid__":"42MHcQ2aZOmqo/rwQdxv/Z"},"fileId":"9aWwYvcDFE6ady5A0FT3xS"},"_contentSize":{"__type__":"cc.Size","width":295,"height":59},"_position":{"__type__":"cc.Vec3","y":253},"_scale":{"__type__":"cc.Vec3","x":1,"y":1,"z":1}},{"__type__":"cc.Node","_name":"FrameGetName","_parent":{"__id__":4},"_components":[{"__type__":"cc.Sprite","node":{"__id__":9},"_spriteFrame":{"__uuid__":"5fEtvtW3lGAIk1Yw6w1n1Y"}}],"_prefab":{"__type__":"cc.PrefabInfo","root":{"__id__":1},"asset":{"__uuid__":"42MHcQ2aZOmqo/rwQdxv/Z"},"fileId":"f7b03BPmVJtaMEwnV2ZMPM"},"_contentSize":{"__type__":"cc.Size","width":289,"height":53},"_position":{"__type__":"cc.Vec3","x":2,"y":254},"_scale":{"__type__":"cc.Vec3","x":1,"y":1,"z":1}},{"__type__":"cc.Node","_name":"Btn_Close","_parent":{"__id__":4},"_level":1,"_components":[{"__type__":"cc.Sprite","node":{"__id__":10},"_spriteFrame":{"__uuid__":"39ask3LghPuavCbjPzhMKA"}},{"__type__":"cc.Button","node":{"__id__":10}}],"_prefab":{"__type__":"cc.PrefabInfo","root":{"__id__":1},"asset":{"__uuid__":"42MHcQ2aZOmqo/rwQdxv/Z"},"fileId":"ecayqU5OtMaahwTwl5zHp2"},"_contentSize":{"__type__":"cc.Size","width":95,"height":95},"_position":{"__type__":"cc.Vec3","x":229,"y":165},"_scale":{"__type__":"cc.Vec3","x":1,"y":1,"z":1}},{"__type__":"cc.Node","_name":"BtnNode","_parent":{"__id__":4},"_children":[{"__id__":12},{"__id__":13},{"__id__":14}],"_prefab":{"__type__":"cc.PrefabInfo","root":{"__id__":1},"asset":{"__uuid__":"42MHcQ2aZOmqo/rwQdxv/Z"},"fileId":"99Dmi/Tp5BzokNCWV8EKyb"},"_position":{"__type__":"cc.Vec3","y":-122},"_scale":{"__type__":"cc.Vec3","x":1,"y":1,"z":1}},{"__type__":"cc.Node","_name":"Btn_OffLineGet","_parent":{"__id__":11},"_components":[{"__type__":"cc.Sprite","node":{"__id__":12},"_spriteFrame":{"__uuid__":"53TodyNLdBi6yVKIBDNVPw"}},{"__type__":"cc.Button","node":{"__id__":12},"_N$target":{"__id__":12}}],"_prefab":{"__type__":"cc.PrefabInfo","root":{"__id__":1},"asset":{"__uuid__":"42MHcQ2aZOmqo/rwQdxv/Z"},"fileId":"23ne5mQCVErqaUks8uZhVT"},"_contentSize":{"__type__":"cc.Size","width":207,"height":73},"_position":{"__type__":"cc.Vec3","x":-140,"y":-230},"_scale":{"__type__":"cc.Vec3","x":1,"y":1,"z":1}},{"__type__":"cc.Node","_name":"Btn_DoubleADS","_parent":{"__id__":11},"_components":[{"__type__":"cc.Sprite","node":{"__id__":13},"_spriteFrame":{"__uuid__":"f1DTNLJt1P66/L9dlTZ9St"}},{"__type__":"cc.Button","node":{"__id__":13},"_N$target":{"__id__":13}}],"_prefab":{"__type__":"cc.PrefabInfo","root":{"__id__":1},"asset":{"__uuid__":"42MHcQ2aZOmqo/rwQdxv/Z"},"fileId":"34w8lXvg1HT5wkCDzpgvI8"},"_contentSize":{"__type__":"cc.Size","width":207,"height":73},"_position":{"__type__":"cc.Vec3","x":129,"y":-230},"_scale":{"__type__":"cc.Vec3","x":1,"y":1,"z":1}},{"__type__":"cc.Node","_name":"Btn_Label","_parent":{"__id__":11},"_components":[{"__type__":"cc.Sprite","node":{"__id__":14},"_spriteFrame":{"__uuid__":"2c3lnq8nBIV60xq0Id5igB"}}],"_prefab":{"__type__":"cc.PrefabInfo","root":{"__id__":1},"asset":{"__uuid__":"42MHcQ2aZOmqo/rwQdxv/Z"},"fileId":"1aRlTUUO9E5L6rC5iptYwb"},"_contentSize":{"__type__":"cc.Size","width":103,"height":30},"_position":{"__type__":"cc.Vec3","x":-140,"y":-230},"_scale":{"__type__":"cc.Vec3","x":1,"y":1,"z":1}},{"__type__":"cc.Node","_name":"SurpriseNode","_parent":{"__id__":4},"_children":[{"__id__":16},{"__id__":18}],"_level":1,"_prefab":{"__type__":"cc.PrefabInfo","root":{"__id__":1},"asset":{"__uuid__":"42MHcQ2aZOmqo/rwQdxv/Z"},"fileId":"d6RtyjZQ1ECoDYUtzxLdHp"},"_scale":{"__type__":"cc.Vec3","x":1,"y":1,"z":1}},{"__type__":"cc.Node","_name":"Btn_DoubleADS_Surprise","_parent":{"__id__":15},"_children":[{"__id__":17}],"_level":2,"_components":[{"__type__":"cc.Sprite","node":{"__id__":16},"_spriteFrame":{"__uuid__":"53TodyNLdBi6yVKIBDNVPw"}},{"__type__":"cc.Button","node":{"__id__":16},"_N$target":{"__id__":16}}],"_prefab":{"__type__":"cc.PrefabInfo","root":{"__id__":1},"asset":{"__uuid__":"42MHcQ2aZOmqo/rwQdxv/Z"},"fileId":"38la6LmPBMw7rtpDa+05KK"},"_contentSize":{"__type__":"cc.Size","width":207,"height":73},"_position":{"__type__":"cc.Vec3","x":-16,"y":-352},"_scale":{"__type__":"cc.Vec3","x":1,"y":1,"z":1}},{"__type__":"cc.Node","_name":"Btn_Label","_parent":{"__id__":16},"_level":2,"_components":[{"__type__":"cc.Sprite","node":{"__id__":17},"_spriteFrame":{"__uuid__":"53EEDFbddEyJiJ0IBICThr"}}],"_prefab":{"__type__":"cc.PrefabInfo","root":{"__id__":1},"asset":{"__uuid__":"42MHcQ2aZOmqo/rwQdxv/Z"},"fileId":"13hegp+sdMtYpdQrNWvUEj"},"_contentSize":{"__type__":"cc.Size","width":180,"height":40},"_scale":{"__type__":"cc.Vec3","x":1,"y":1,"z":1}},{"__type__":"cc.Node","_name":"Btn_ShareGet","_parent":{"__id__":15},"_level":2,"_components":[{"__type__":"cc.Sprite","node":{"__id__":18},"_spriteFrame":{"__uuid__":"9fdvf9e5ZDbLJcty12+mpx"}},{"__type__":"cc.Button","node":{"__id__":18}}],"_prefab":{"__type__":"cc.PrefabInfo","root":{"__id__":1},"asset":{"__uuid__":"42MHcQ2aZOmqo/rwQdxv/Z"},"fileId":"1fl+u5rtFA0onO9hINEtiX"},"_contentSize":{"__type__":"cc.Size","width":207,"height":73},"_position":{"__type__":"cc.Vec3","x":-21,"y":-351},"_scale":{"__type__":"cc.Vec3","x":1,"y":1,"z":1}},{"__type__":"cc.Node","_name":"SecondFrame","_parent":{"__id__":4},"_children":[{"__id__":20},{"__id__":21}],"_level":1,"_prefab":{"__type__":"cc.PrefabInfo","root":{"__id__":1},"asset":{"__uuid__":"42MHcQ2aZOmqo/rwQdxv/Z"},"fileId":"6cz/xdN8RMJ6Rlp/gEz9DR"},"_scale":{"__type__":"cc.Vec3","x":1,"y":1,"z":1}},{"__type__":"cc.Node","_name":"PureColorBg","_parent":{"__id__":19},"_level":2,"_components":[{"__type__":"cc.Sprite","node":{"__id__":20},"_spriteFrame":{"__uuid__":"41D7kWhyFGY7q4NDlzkazn"},"_sizeMode":0},{"__type__":"cc.BlockInputEvents","node":{"__id__":20}}],"_prefab":{"__type__":"cc.PrefabInfo","root":{"__id__":1},"asset":{"__uuid__":"42MHcQ2aZOmqo/rwQdxv/Z"},"fileId":"684S0y9fNMwo5l5syr4M3x"},"_opacity":150,"_color":{"__type__":"cc.Color"},"_contentSize":{"__type__":"cc.Size","width":750,"height":1100},"_position":{"__type__":"cc.Vec3","x":-17,"y":-200},"_scale":{"__type__":"cc.Vec3","x":1,"y":1,"z":1}},{"__type__":"cc.Node","_name":"Sprite_SecondFrame","_parent":{"__id__":19},"_children":[{"__id__":22},{"__id__":23}],"_level":2,"_components":[{"__type__":"cc.Sprite","node":{"__id__":21},"_spriteFrame":{"__uuid__":"e1MfJE5+JFNo3jmN0h37Sy"}}],"_prefab":{"__type__":"cc.PrefabInfo","root":{"__id__":1},"asset":{"__uuid__":"42MHcQ2aZOmqo/rwQdxv/Z"},"fileId":"08IGF4N+RCOYA+nJps0dHM"},"_contentSize":{"__type__":"cc.Size","width":532,"height":261},"_position":{"__type__":"cc.Vec3","y":-77},"_scale":{"__type__":"cc.Vec3","x":1,"y":1,"z":1}},{"__type__":"cc.Node","_name":"Btn_Get","_parent":{"__id__":21},"_level":3,"_components":[{"__type__":"cc.Sprite","node":{"__id__":22},"_spriteFrame":{"__uuid__":"7fOs297iZJjoYKhc1vDc6Y"}},{"__type__":"cc.Button","node":{"__id__":22}}],"_prefab":{"__type__":"cc.PrefabInfo","root":{"__id__":1},"asset":{"__uuid__":"42MHcQ2aZOmqo/rwQdxv/Z"},"fileId":"afAntcMv9I/b1KiqlRx3vu"},"_contentSize":{"__type__":"cc.Size","width":207,"height":73},"_position":{"__type__":"cc.Vec3","x":-109,"y":-60},"_scale":{"__type__":"cc.Vec3","x":1,"y":1,"z":1}},{"__type__":"cc.Node","_name":"Btn_Cancel","_parent":{"__id__":21},"_level":3,"_components":[{"__type__":"cc.Sprite","node":{"__id__":23},"_spriteFrame":{"__uuid__":"c4JhBvKktAcJ8GlIlmyd0h"}},{"__type__":"cc.Button","node":{"__id__":23}}],"_prefab":{"__type__":"cc.PrefabInfo","root":{"__id__":1},"asset":{"__uuid__":"42MHcQ2aZOmqo/rwQdxv/Z"},"fileId":"e5kuzJM0FHjYHlqfuUAnDk"},"_contentSize":{"__type__":"cc.Size","width":207,"height":73},"_position":{"__type__":"cc.Vec3","x":122,"y":-60},"_scale":{"__type__":"cc.Vec3","x":1,"y":1,"z":1}},{"__type__":"cc.Node","_name":"DayNode","_parent":{"__id__":1},"_children":[{"__id__":25},{"__id__":27},{"__id__":42},{"__id__":43},{"__id__":44}],"_prefab":{"__type__":"cc.PrefabInfo","root":{"__id__":1},"asset":{"__uuid__":"42MHcQ2aZOmqo/rwQdxv/Z"},"fileId":"59Oij7KQVP7pn/NBunfwC7"},"_position":{"__type__":"cc.Vec3","y":12},"_scale":{"__type__":"cc.Vec3","x":1,"y":1,"z":1}},{"__type__":"cc.Node","_name":"FrameNameBg","_parent":{"__id__":24},"_children":[{"__id__":26}],"_components":[{"__type__":"cc.Sprite","node":{"__id__":25},"_spriteFrame":{"__uuid__":"93Yljrpk5GQZTAqPciGcHl"}}],"_prefab":{"__type__":"cc.PrefabInfo","root":{"__id__":1},"asset":{"__uuid__":"42MHcQ2aZOmqo/rwQdxv/Z"},"fileId":"6dOhJSUdBE3ZdV82o4eL/q"},"_contentSize":{"__type__":"cc.Size","width":593,"height":128},"_position":{"__type__":"cc.Vec3","x":11,"y":398},"_scale":{"__type__":"cc.Vec3","x":1,"y":1,"z":1}},{"__type__":"cc.Node","_name":"FrameName","_parent":{"__id__":25},"_components":[{"__type__":"cc.Sprite","node":{"__id__":26},"_spriteFrame":{"__uuid__":"7e28S7UCFENpnlswdyr9mw"}}],"_prefab":{"__type__":"cc.PrefabInfo","root":{"__id__":1},"asset":{"__uuid__":"42MHcQ2aZOmqo/rwQdxv/Z"},"fileId":"89Anh1HWpLCYH2d6dXy/0e"},"_contentSize":{"__type__":"cc.Size","width":298,"height":83},"_position":{"__type__":"cc.Vec3","y":30},"_scale":{"__type__":"cc.Vec3","x":1,"y":1,"z":1}},{"__type__":"cc.Node","_name":"SignInBg","_parent":{"__id__":24},"_children":[{"__id__":28},{"__id__":29},{"__id__":30},{"__id__":31},{"__id__":32},{"__id__":33},{"__id__":34},{"__id__":35},{"__id__":36},{"__id__":37},{"__id__":38},{"__id__":39},{"__id__":40},{"__id__":41}],"_components":[{"__type__":"cc.Sprite","node":{"__id__":27},"_spriteFrame":{"__uuid__":"e0JEKpzflKXZoEHAleIQhK"},"_type":1,"_sizeMode":0}],"_prefab":{"__type__":"cc.PrefabInfo","root":{"__id__":1},"asset":{"__uuid__":"42MHcQ2aZOmqo/rwQdxv/Z"},"fileId":"d3cbxZix1GmYedG4fmWTkY"},"_contentSize":{"__type__":"cc.Size","width":450,"height":520},"_position":{"__type__":"cc.Vec3","x":14,"y":49},"_scale":{"__type__":"cc.Vec3","x":1,"y":1,"z":1}},{"__type__":"cc.Node","_name":"7","_parent":{"__id__":27},"_components":[{"__type__":"cc.Sprite","node":{"__id__":28},"_spriteFrame":{"__uuid__":"4fi2/zvM5D17cTHIIj5eN8"}},{"__type__":"cc.Button","node":{"__id__":28},"_N$interactable":false,"_N$target":{"__id__":28}}],"_prefab":{"__type__":"cc.PrefabInfo","root":{"__id__":1},"asset":{"__uuid__":"42MHcQ2aZOmqo/rwQdxv/Z"},"fileId":"e64SECL4xAaZZygchQ8hkS"},"_contentSize":{"__type__":"cc.Size","width":427,"height":166},"_position":{"__type__":"cc.Vec3","x":-1,"y":-168},"_scale":{"__type__":"cc.Vec3","x":1,"y":1,"z":1}},{"__type__":"cc.Node","_name":"1","_parent":{"__id__":27},"_components":[{"__type__":"cc.Sprite","node":{"__id__":29},"_spriteFrame":{"__uuid__":"c51wBJ8RBNKK0/hjbdMsAA"}},{"__type__":"cc.Button","node":{"__id__":29},"_N$interactable":false,"_N$target":{"__id__":29}}],"_prefab":{"__type__":"cc.PrefabInfo","root":{"__id__":1},"asset":{"__uuid__":"42MHcQ2aZOmqo/rwQdxv/Z"},"fileId":"c2LimoqAFDibA+TQA7tHbY"},"_contentSize":{"__type__":"cc.Size","width":127,"height":156},"_position":{"__type__":"cc.Vec3","x":-144,"y":173},"_scale":{"__type__":"cc.Vec3","x":1,"y":1,"z":1}},{"__type__":"cc.Node","_name":"2","_parent":{"__id__":27},"_components":[{"__type__":"cc.Sprite","node":{"__id__":30},"_spriteFrame":{"__uuid__":"7cCx3oJP9L8YkhxLyLp58l"}},{"__type__":"cc.Button","node":{"__id__":30},"_N$interactable":false,"_N$target":{"__id__":30}}],"_prefab":{"__type__":"cc.PrefabInfo","root":{"__id__":1},"asset":{"__uuid__":"42MHcQ2aZOmqo/rwQdxv/Z"},"fileId":"8f7k2S7DRLR75jmsN2L1lS"},"_contentSize":{"__type__":"cc.Size","width":127,"height":156},"_position":{"__type__":"cc.Vec3","x":-2,"y":173},"_scale":{"__type__":"cc.Vec3","x":1,"y":1,"z":1}},{"__type__":"cc.Node","_name":"3","_parent":{"__id__":27},"_components":[{"__type__":"cc.Sprite","node":{"__id__":31},"_spriteFrame":{"__uuid__":"b4Tppm9C5DErqmryAMEVVo"}},{"__type__":"cc.Button","node":{"__id__":31},"_N$interactable":false,"_N$target":{"__id__":31}}],"_prefab":{"__type__":"cc.PrefabInfo","root":{"__id__":1},"asset":{"__uuid__":"42MHcQ2aZOmqo/rwQdxv/Z"},"fileId":"41NBOTRCFEn7IXmDmH61tu"},"_contentSize":{"__type__":"cc.Size","width":127,"height":156},"_position":{"__type__":"cc.Vec3","x":140,"y":173},"_scale":{"__type__":"cc.Vec3","x":1,"y":1,"z":1}},{"__type__":"cc.Node","_name":"4","_parent":{"__id__":27},"_components":[{"__type__":"cc.Sprite","node":{"__id__":32},"_spriteFrame":{"__uuid__":"4cSCghBQFNXpMi2QT9nqI1"}},{"__type__":"cc.Button","node":{"__id__":32},"_N$interactable":false,"_N$target":{"__id__":32}}],"_prefab":{"__type__":"cc.PrefabInfo","root":{"__id__":1},"asset":{"__uuid__":"42MHcQ2aZOmqo/rwQdxv/Z"},"fileId":"bbcUu8U5tFfqjJ9tlWWWeI"},"_contentSize":{"__type__":"cc.Size","width":127,"height":156},"_position":{"__type__":"cc.Vec3","x":-144,"y":2},"_scale":{"__type__":"cc.Vec3","x":1,"y":1,"z":1}},{"__type__":"cc.Node","_name":"5","_parent":{"__id__":27},"_components":[{"__type__":"cc.Sprite","node":{"__id__":33},"_spriteFrame":{"__uuid__":"30uIMWiiZGGo6JWqu8qNOR"}},{"__type__":"cc.Button","node":{"__id__":33},"_N$interactable":false,"_N$target":{"__id__":33}}],"_prefab":{"__type__":"cc.PrefabInfo","root":{"__id__":1},"asset":{"__uuid__":"42MHcQ2aZOmqo/rwQdxv/Z"},"fileId":"7bsh4cnHlB+JxB9h+vxIfD"},"_contentSize":{"__type__":"cc.Size","width":127,"height":156},"_position":{"__type__":"cc.Vec3","x":-2,"y":2},"_scale":{"__type__":"cc.Vec3","x":1,"y":1,"z":1}},{"__type__":"cc.Node","_name":"6","_parent":{"__id__":27},"_components":[{"__type__":"cc.Sprite","node":{"__id__":34},"_spriteFrame":{"__uuid__":"16sdpH9QVJf5IAsh0y/xwz"}},{"__type__":"cc.Button","node":{"__id__":34},"_N$interactable":false,"_N$target":{"__id__":34}}],"_prefab":{"__type__":"cc.PrefabInfo","root":{"__id__":1},"asset":{"__uuid__":"42MHcQ2aZOmqo/rwQdxv/Z"},"fileId":"81MCTiAw9LKImK2Zgzvosl"},"_contentSize":{"__type__":"cc.Size","width":127,"height":156},"_position":{"__type__":"cc.Vec3","x":140,"y":2},"_scale":{"__type__":"cc.Vec3","x":1,"y":1,"z":1}},{"__type__":"cc.Node","_name":"Sprite_GetTip1","_parent":{"__id__":27},"_components":[{"__type__":"cc.Sprite","node":{"__id__":35},"_spriteFrame":{"__uuid__":"908OVnM0pJw7VmNra6ZUq8"}}],"_prefab":{"__type__":"cc.PrefabInfo","root":{"__id__":1},"asset":{"__uuid__":"42MHcQ2aZOmqo/rwQdxv/Z"},"fileId":"e2W3q9GahN8YjRUufA1fyJ"},"_contentSize":{"__type__":"cc.Size","width":85,"height":86},"_position":{"__type__":"cc.Vec3","x":-390,"y":-735},"_scale":{"__type__":"cc.Vec3","x":1,"y":1,"z":1}},{"__type__":"cc.Node","_name":"Sprite_GetTip2","_parent":{"__id__":27},"_components":[{"__type__":"cc.Sprite","node":{"__id__":36},"_spriteFrame":{"__uuid__":"908OVnM0pJw7VmNra6ZUq8"}}],"_prefab":{"__type__":"cc.PrefabInfo","root":{"__id__":1},"asset":{"__uuid__":"42MHcQ2aZOmqo/rwQdxv/Z"},"fileId":"c1BsiJS6hODJk171pra/Sc"},"_contentSize":{"__type__":"cc.Size","width":85,"height":86},"_position":{"__type__":"cc.Vec3","x":-390,"y":-735},"_scale":{"__type__":"cc.Vec3","x":1,"y":1,"z":1}},{"__type__":"cc.Node","_name":"Sprite_GetTip3","_parent":{"__id__":27},"_components":[{"__type__":"cc.Sprite","node":{"__id__":37},"_spriteFrame":{"__uuid__":"908OVnM0pJw7VmNra6ZUq8"}}],"_prefab":{"__type__":"cc.PrefabInfo","root":{"__id__":1},"asset":{"__uuid__":"42MHcQ2aZOmqo/rwQdxv/Z"},"fileId":"65uT2C6nFGh78Gl4jZrcw0"},"_contentSize":{"__type__":"cc.Size","width":85,"height":86},"_position":{"__type__":"cc.Vec3","x":-390,"y":-735},"_scale":{"__type__":"cc.Vec3","x":1,"y":1,"z":1}},{"__type__":"cc.Node","_name":"Sprite_GetTip4","_parent":{"__id__":27},"_components":[{"__type__":"cc.Sprite","node":{"__id__":38},"_spriteFrame":{"__uuid__":"908OVnM0pJw7VmNra6ZUq8"}}],"_prefab":{"__type__":"cc.PrefabInfo","root":{"__id__":1},"asset":{"__uuid__":"42MHcQ2aZOmqo/rwQdxv/Z"},"fileId":"beKxGkbklPS6Y4C5xpYi5+"},"_contentSize":{"__type__":"cc.Size","width":85,"height":86},"_position":{"__type__":"cc.Vec3","x":-390,"y":-735},"_scale":{"__type__":"cc.Vec3","x":1,"y":1,"z":1}},{"__type__":"cc.Node","_name":"Sprite_GetTip5","_parent":{"__id__":27},"_components":[{"__type__":"cc.Sprite","node":{"__id__":39},"_spriteFrame":{"__uuid__":"908OVnM0pJw7VmNra6ZUq8"}}],"_prefab":{"__type__":"cc.PrefabInfo","root":{"__id__":1},"asset":{"__uuid__":"42MHcQ2aZOmqo/rwQdxv/Z"},"fileId":"15u3y2NVRIqpmV0Log8LL1"},"_contentSize":{"__type__":"cc.Size","width":85,"height":86},"_position":{"__type__":"cc.Vec3","x":-390,"y":-735},"_scale":{"__type__":"cc.Vec3","x":1,"y":1,"z":1}},{"__type__":"cc.Node","_name":"Sprite_GetTip6","_parent":{"__id__":27},"_components":[{"__type__":"cc.Sprite","node":{"__id__":40},"_spriteFrame":{"__uuid__":"908OVnM0pJw7VmNra6ZUq8"}}],"_prefab":{"__type__":"cc.PrefabInfo","root":{"__id__":1},"asset":{"__uuid__":"42MHcQ2aZOmqo/rwQdxv/Z"},"fileId":"b9Aj6T39FIV4YOQ0VEVbUb"},"_contentSize":{"__type__":"cc.Size","width":85,"height":86},"_position":{"__type__":"cc.Vec3","x":-390,"y":-735},"_scale":{"__type__":"cc.Vec3","x":1,"y":1,"z":1}},{"__type__":"cc.Node","_name":"Sprite_GetTip7","_parent":{"__id__":27},"_components":[{"__type__":"cc.Sprite","node":{"__id__":41},"_spriteFrame":{"__uuid__":"908OVnM0pJw7VmNra6ZUq8"}}],"_prefab":{"__type__":"cc.PrefabInfo","root":{"__id__":1},"asset":{"__uuid__":"42MHcQ2aZOmqo/rwQdxv/Z"},"fileId":"a8q0OKOU9OjL/3t8vS6ZIN"},"_contentSize":{"__type__":"cc.Size","width":85,"height":86},"_position":{"__type__":"cc.Vec3","x":-390,"y":-735},"_scale":{"__type__":"cc.Vec3","x":1,"y":1,"z":1}},{"__type__":"cc.Node","_name":"Btn_DoubleGet","_parent":{"__id__":24},"_level":1,"_components":[{"__type__":"cc.Sprite","node":{"__id__":42},"_spriteFrame":{"__uuid__":"f1DTNLJt1P66/L9dlTZ9St"}},{"__type__":"cc.Button","node":{"__id__":42}}],"_prefab":{"__type__":"cc.PrefabInfo","root":{"__id__":1},"asset":{"__uuid__":"42MHcQ2aZOmqo/rwQdxv/Z"},"fileId":"0c/+qRE21Je5Q5g1k60PPA"},"_contentSize":{"__type__":"cc.Size","width":207,"height":73},"_position":{"__type__":"cc.Vec3","x":-119,"y":-377},"_scale":{"__type__":"cc.Vec3","x":1,"y":1,"z":1}},{"__type__":"cc.Node","_name":"Btn_DaySignln","_parent":{"__id__":24},"_level":1,"_components":[{"__type__":"cc.Sprite","node":{"__id__":43},"_spriteFrame":{"__uuid__":"54HIdtiqdCYqYfrCeFL3pT"}},{"__type__":"cc.Button","node":{"__id__":43}}],"_prefab":{"__type__":"cc.PrefabInfo","root":{"__id__":1},"asset":{"__uuid__":"42MHcQ2aZOmqo/rwQdxv/Z"},"fileId":"f5LIFoVKNGXJiVD1lN5zuT"},"_contentSize":{"__type__":"cc.Size","width":156,"height":39},"_position":{"__type__":"cc.Vec3","x":163,"y":-377},"_scale":{"__type__":"cc.Vec3","x":1.5,"y":1,"z":1}},{"__type__":"cc.Node","_name":"Btn_Close","_parent":{"__id__":24},"_components":[{"__type__":"cc.Sprite","node":{"__id__":44},"_spriteFrame":{"__uuid__":"fcx5ZXQZlPX4bC5Gg0zRGW"}},{"__type__":"cc.Button","node":{"__id__":44},"_N$target":{"__id__":44}}],"_prefab":{"__type__":"cc.PrefabInfo","root":{"__id__":1},"asset":{"__uuid__":"42MHcQ2aZOmqo/rwQdxv/Z"},"fileId":"18CxWM0zxONp65I9ILQA67"},"_contentSize":{"__type__":"cc.Size","width":95,"height":95},"_position":{"__type__":"cc.Vec3","x":253,"y":354},"_scale":{"__type__":"cc.Vec3","x":1,"y":1,"z":1}}],{"__type__":"cc.SpriteFrame","content":{"name":"4","texture":"6bgB2wTJlB1o9+qbJnobeo","rect":[0,0,127,156],"offset":[0,0],"originalSize":[127,156],"capInsets":[0,0,0,0]}},{"__type__":"cc.SpriteFrame","content":{"name":"7","texture":"68hy1xcD1DG5eeSMYz2xL8","rect":[0,0,427,166],"offset":[0,0],"originalSize":[427,166],"capInsets":[0,0,0,0]}},{"__type__":"cc.SpriteFrame","content":{"name":"tp_doubleADSTitle","texture":"c0QCFH3BxOBbXscom/ZJtX","rect":[0,0,180,40],"offset":[0,0],"originalSize":[180,40],"capInsets":[0,0,0,0]}},{"__type__":"cc.SpriteFrame","content":{"name":"tp_btnBg","texture":"56yoLZHnVPQa814/Mpadn+","rect":[0,0,207,73],"offset":[0,0],"originalSize":[207,73],"capInsets":[0,0,0,0]}},{"__type__":"cc.SpriteFrame","content":{"name":"Btn_DaySignln","texture":"e5hvLLWQ1M1aVWaGw00XH2","rect":[0,0,156,39],"offset":[0,0],"originalSize":[156,39],"capInsets":[0,0,0,0]}},{"__type__":"cc.SpriteFrame","content":{"name":"tp_offLineGet","texture":"81QPG82FNIPYpDkgPlafw8","rect":[5,17,289,53],"offset":[-0.5,-1.5],"originalSize":[300,84],"capInsets":[0,0,0,0]}},{"__type__":"cc.SpriteFrame","content":{"name":"2","texture":"16BjkwL+dLl7TA6UKlRFA9","rect":[0,0,127,156],"offset":[0,0],"originalSize":[127,156],"capInsets":[0,0,0,0]}},{"__type__":"cc.SpriteFrame","content":{"name":"tp_daySignIn","texture":"54B6f2/qtGeIJ1KDb785qT","rect":[1,9,297,62],"offset":[0.5,1.5],"originalSize":[298,83],"capInsets":[0,0,0,0]}},{"__type__":"cc.SpriteFrame","content":{"name":"Btn_Get","texture":"03jv9tPmFB9Zfj7jkBvLDK","rect":[0,0,207,73],"offset":[0,0],"originalSize":[207,73],"capInsets":[0,0,0,0]}},{"__type__":"cc.SpriteFrame","content":{"name":"tp_getTip","texture":"40kC+LWy9A7ZSyelv6XV3n","rect":[0,0,85,86],"offset":[0,0],"originalSize":[85,86],"capInsets":[0,0,0,0]}},{"__type__":"cc.SpriteFrame","content":{"name":"Sprite_FrameBg","texture":"c60bzbuZ1BM6hUQt089KS/","rect":[0,0,593,128],"offset":[0,0],"originalSize":[593,128],"capInsets":[0,0,0,0]}},{"__type__":"cc.SpriteFrame","content":{"name":"Btn_ShareGet","texture":"bdspWmLflLbIcwmXbdg9ag","rect":[0,0,207,73],"offset":[0,0],"originalSize":[207,73],"capInsets":[0,0,0,0]}},{"__type__":"cc.SpriteFrame","content":{"name":"3","texture":"6ee75wISRHDb4+05cy9XTA","rect":[0,0,127,156],"offset":[0,0],"originalSize":[127,156],"capInsets":[0,0,0,0]}},{"__type__":"cc.SpriteFrame","content":{"name":"Btn_Exit","texture":"4fuFxJbrdHgIbfDyeAPvrP","rect":[0,0,207,73],"offset":[0,0],"originalSize":[207,73],"capInsets":[0,0,0,0]}},{"__type__":"cc.SpriteFrame","content":{"name":"1","texture":"186cmiRBBLo4B+mGbNb4rq","rect":[0,0,127,156],"offset":[0,0],"originalSize":[127,156],"capInsets":[0,0,0,0]}},{"__type__":"cc.SpriteFrame","content":{"name":"tp_signInBg","texture":"c33F1+QUVFlaO5OHCf0taB","rect":[0,0,65,65],"offset":[0,0],"originalSize":[65,65],"capInsets":[15,12,17,16]}},{"__type__":"cc.SpriteFrame","content":{"name":"Sprite_SecondFrame","texture":"82DFqWalNPPbBUn7EdEIx0","rect":[0,0,532,261],"offset":[0,0],"originalSize":[532,261],"capInsets":[0,0,0,0]}},{"__type__":"cc.SpriteFrame","content":{"name":"tp_offLineTitle","texture":"0ecFpPlQJAk5dazbxmkfwR","rect":[4,15,295,59],"offset":[1,-2.5],"originalSize":[301,84],"capInsets":[0,0,0,0]}},{"__type__":"cc.SpriteFrame","content":{"name":"Btn_DoubleGet","texture":"b3nqE4D3JBU7HFm7MZ3mC/","rect":[0,0,207,73],"offset":[0,0],"originalSize":[207,73],"capInsets":[0,0,0,0]}},{"__type__":"cc.SpriteFrame","content":{"name":"tp_btnClose","texture":"2aWaf5769Mu4doykKv4XYv","rect":[0,0,95,95],"offset":[0,0],"originalSize":[95,95],"capInsets":[0,0,0,0]}}]