[{"__type__":"cc.SpriteFrame","content":{"name":"monster21a_04","texture":"7eRsHbbTVPhq+EwPeVQSPm","rect":[3,9,118,112],"offset":[-8,0],"originalSize":[140,130],"capInsets":[0,0,0,0]}},{"__type__":"cc.AnimationClip","_name":"Run","_duration":0.6666666666666666,"sample":6,"speed":1.5,"wrapMode":"2","curveData":{"paths":{"monster21a_01":{"comps":{"cc.Sprite":{"spriteFrame":[{"frame":0,"value":{"__uuid__":"5dfW+10RxCeopTXhTZ9t9D"}},{"frame":0.16666666666666666,"value":{"__uuid__":"85Upv44RRJ+Iqmhq4VHryq"}},{"frame":0.3333333333333333,"value":{"__uuid__":"e56C2SQBtL5LTwtv2R8oFC"}},{"frame":0.5,"value":{"__uuid__":"145Ul8wFZOxo5A5fnPb+Go"}}]}}}}}},{"__type__":"cc.SpriteFrame","content":{"name":"monster21a_01","texture":"d3U3p1WhJGiZJxHECDhFD/","rect":[7,10,114,114],"offset":[-6,-2],"originalSize":[140,130],"capInsets":[0,0,0,0]}},{"__type__":"cc.SpriteFrame","content":{"name":"monster21a_02","texture":"3fq6KBgg5PT4YaywwF5v6Z","rect":[3,9,118,112],"offset":[-8,0],"originalSize":[140,130],"capInsets":[0,0,0,0]}},{"__type__":"cc.SpriteFrame","content":{"name":"monster21a_03","texture":"c2wpmz9AJCOabJNcr8enub","rect":[6,9,114,111],"offset":[-7,0.5],"originalSize":[140,130],"capInsets":[0,0,0,0]}}]