[{"__type__":"cc.SpriteFrame","content":{"name":"Sprite_ComposeTip","texture":"14Itnvh5dOUKkXLKwcFkP7","rect":[0,0,36,62],"offset":[0,0],"originalSize":[36,62],"capInsets":[0,0,0,0]}},{"__type__":"cc.SpriteFrame","content":{"name":"gong_01","texture":"00fbDTWC1CSZrbNWFC+ed/","rect":[0,0,183,356],"offset":[0,0],"originalSize":[183,356],"capInsets":[0,0,0,0]}},[{"__type__":"cc.Prefab","_name":"100023","data":{"__id__":1}},{"__type__":"cc.Node","_name":"100023","_objFlags":512,"_children":[{"__id__":2},{"__type__":"cc.Node","_name":"a","_parent":{"__id__":1},"_level":4,"_prefab":{"__type__":"cc.PrefabInfo","root":{"__id__":1},"asset":{"__uuid__":"3cbXTH7s5PVa6dNLzsea3D"},"fileId":"a7tSK9N+5G+b/Y6mDEeLNe"},"_scale":{"__type__":"cc.Vec3","x":1,"y":1,"z":1}},{"__id__":4},{"__id__":5},{"__id__":6}],"_level":1,"_components":[{"__type__":"cc.Animation","node":{"__id__":1},"_clips":[{"__uuid__":"e33ke5d6BFBZslxlwfjgfM"},{"__uuid__":"a0YnzoI/VFy7jMt/qMG6By"}]},{"__type__":"056443TVNdNE5utvzC0JgXI","node":{"__id__":1},"m_Bullet":{"__uuid__":"38UcDSdgdL1of0T6rYU3nb"}}],"_prefab":{"__type__":"cc.PrefabInfo","root":{"__id__":1},"asset":{"__uuid__":"3cbXTH7s5PVa6dNLzsea3D"},"fileId":"74XM+FcSxKZKzLrHPSXyyy"},"_position":{"__type__":"cc.Vec3","x":10,"y":-50},"_scale":{"__type__":"cc.Vec3","x":1,"y":1,"z":1}},{"__type__":"cc.Node","_name":"gong","_parent":{"__id__":1},"_children":[{"__id__":3}],"_active":false,"_level":4,"_components":[{"__type__":"cc.Animation","node":{"__id__":2},"_clips":[{"__uuid__":"e8zYxSi8hGmrwbhw/JkTnj"}]}],"_prefab":{"__type__":"cc.PrefabInfo","root":{"__id__":1},"asset":{"__uuid__":"3cbXTH7s5PVa6dNLzsea3D"},"fileId":"fel9Ep2tZKKoWYZrbk2MQl"},"_position":{"__type__":"cc.Vec3","y":124},"_scale":{"__type__":"cc.Vec3","x":1,"y":1,"z":1}},{"__type__":"cc.Node","_name":"gong_01","_parent":{"__id__":2},"_level":3,"_components":[{"__type__":"cc.Sprite","node":{"__id__":3},"_dstBlendFactor":770,"_spriteFrame":{"__uuid__":"3bS/RbrQtP6YqrL+Uk683g"},"_isTrimmedMode":false}],"_prefab":{"__type__":"cc.PrefabInfo","root":{"__id__":1},"asset":{"__uuid__":"3cbXTH7s5PVa6dNLzsea3D"},"fileId":"39vmLJy4RNcZW5v4UvvOs4"},"_opacity":250,"_contentSize":{"__type__":"cc.Size","width":183,"height":356},"_scale":{"__type__":"cc.Vec3","x":1,"y":1,"z":1}},{"__type__":"cc.Node","_name":"monster23a_01","_parent":{"__id__":1},"_level":4,"_components":[{"__type__":"cc.Sprite","node":{"__id__":4},"_spriteFrame":{"__uuid__":"7aw8OpcUVLPoUmpqta/Bfy"},"_sizeMode":0,"_isTrimmedMode":false}],"_prefab":{"__type__":"cc.PrefabInfo","root":{"__id__":1},"asset":{"__uuid__":"3cbXTH7s5PVa6dNLzsea3D"},"fileId":"5fN3lwHntMm4x8n23qXQil"},"_contentSize":{"__type__":"cc.Size","width":175,"height":160},"_anchorPoint":{"__type__":"cc.Vec2","x":0.5},"_scale":{"__type__":"cc.Vec3","x":1,"y":1,"z":1}},{"__type__":"cc.Node","_name":"Sprite_ComposeTip","_parent":{"__id__":1},"_level":2,"_components":[{"__type__":"cc.Sprite","node":{"__id__":5},"_spriteFrame":{"__uuid__":"0fCg3ssHRPY7HtK9XbaKBP"}},{"__type__":"cc.Animation","node":{"__id__":5},"_clips":[{"__uuid__":"32CGtg5LRFRLGhywg4W/jn"}]}],"_prefab":{"__type__":"cc.PrefabInfo","root":{"__id__":1},"asset":{"__uuid__":"3cbXTH7s5PVa6dNLzsea3D"},"fileId":"2ejJzaoUFH7aaVAftsesv6"},"_contentSize":{"__type__":"cc.Size","width":36,"height":62},"_scale":{"__type__":"cc.Vec3","x":1,"y":1,"z":1}},{"__type__":"cc.Node","_name":"sudu","_parent":{"__id__":1},"_children":[{"__id__":7}],"_active":false,"_level":4,"_components":[{"__type__":"cc.Animation","node":{"__id__":6},"_clips":[{"__uuid__":"870zAbGWNPipnzaxSB2dhj"}]}],"_prefab":{"__type__":"cc.PrefabInfo","root":{"__id__":1},"asset":{"__uuid__":"3cbXTH7s5PVa6dNLzsea3D"},"fileId":"88644SETNBKbnFI7MqCY4c"},"_position":{"__type__":"cc.Vec3","y":100},"_scale":{"__type__":"cc.Vec3","x":1,"y":1,"z":1}},{"__type__":"cc.Node","_name":"sudu_01","_parent":{"__id__":6},"_level":3,"_components":[{"__type__":"cc.Sprite","node":{"__id__":7},"_dstBlendFactor":770,"_spriteFrame":{"__uuid__":"f9YjgVsotHnoVcPZoDLPIs"}}],"_prefab":{"__type__":"cc.PrefabInfo","root":{"__id__":1},"asset":{"__uuid__":"3cbXTH7s5PVa6dNLzsea3D"},"fileId":"06nbrt76ZPfYkPsM2OZg1h"},"_contentSize":{"__type__":"cc.Size","width":214,"height":327},"_scale":{"__type__":"cc.Vec3","x":1,"y":1,"z":1}}],{"__type__":"cc.SpriteFrame","content":{"name":"monster23a_01","texture":"b12kjHoNJEDZzLRcr0fcOr","rect":[16,17,141,138],"offset":[-1,-6],"originalSize":[175,160],"capInsets":[0,0,0,0]}},{"__type__":"cc.SpriteFrame","content":{"name":"sudu_01","texture":"8cIMH0t59NBJCFKKT857yc","rect":[0,0,214,327],"offset":[0,0],"originalSize":[214,327],"capInsets":[0,0,0,0]}}]