[{"__type__":"cc.AnimationClip","_name":"100012Die","_duration":1,"wrapMode":"1","curveData":{"props":{"scale":[{"frame":0,"value":{"__type__":"cc.Vec2","x":1,"y":1}}],"rotation":[{"frame":0,"value":0}],"opacity":[{"frame":0,"value":255},{"frame":0.75,"value":255},{"frame":0.85,"value":0}]},"paths":{"a":{"props":{"scale":[{"frame":0,"value":{"__type__":"cc.Vec2","x":1,"y":1}},{"frame":0.25,"value":{"__type__":"cc.Vec2","x":0.88,"y":1}},{"frame":0.5,"value":{"__type__":"cc.Vec2","x":1.02,"y":1}}],"rotation":[{"frame":0,"value":0}],"opacity":[{"frame":0,"value":255}]}},"yz":{"props":{"scale":[{"frame":0,"value":{"__type__":"cc.Vec2","x":1,"y":1}},{"frame":0.25,"value":{"__type__":"cc.Vec2","x":1,"y":1.06}},{"frame":1,"value":{"__type__":"cc.Vec2","x":1,"y":1.06}}],"rotation":[{"frame":0,"value":0},{"frame":0.25,"value":-6},{"frame":0.5,"value":4},{"frame":1,"value":4}],"opacity":[{"frame":0,"value":255}],"position":[{"frame":0,"value":[0,-37.6]},{"frame":0.25,"value":[0.7,-36.7]},{"frame":0.5,"value":[5,-48.5]},{"frame":1,"value":[5,-48.5]}]}},"yz/s":{"props":{"scale":[{"frame":0,"value":{"__type__":"cc.Vec2","x":1,"y":1}}],"rotation":[{"frame":0,"value":0}],"opacity":[{"frame":0,"value":255}],"position":[{"frame":0,"value":[0,0]}]}},"yz/s/yz10_20":{"props":{"scale":[{"frame":0,"value":{"__type__":"cc.Vec2","x":1,"y":1}}],"rotation":[{"frame":0.25,"value":0},{"frame":0.5,"value":94}],"opacity":[{"frame":0,"value":255}],"position":[{"frame":0,"value":[-5.8,16.44]}]}},"yz/s/yz10_20a":{"props":{"scale":[{"frame":0,"value":{"__type__":"cc.Vec2","x":1,"y":1}}],"rotation":[{"frame":0,"value":0},{"frame":0.25,"value":-22},{"frame":0.5,"value":69},{"frame":0.7,"value":80}],"opacity":[{"frame":0,"value":255}],"position":[{"frame":0,"value":[6,18.3]}]}},"yz/s/yz10_19":{"props":{"scale":[{"frame":0,"value":{"__type__":"cc.Vec2","x":1,"y":1}},{"frame":0.7,"value":{"__type__":"cc.Vec2","x":1.08,"y":1}}],"rotation":[{"frame":0,"value":0}],"opacity":[{"frame":0,"value":255}],"position":[{"frame":0,"value":[1.6,19.4]}]}},"yz/s/yz10_21":{"props":{"scale":[{"frame":0,"value":{"__type__":"cc.Vec2","x":1,"y":1}}],"rotation":[{"frame":0,"value":0},{"frame":0.25,"value":-18},{"frame":0.5,"value":25}],"opacity":[{"frame":0,"value":255}],"position":[{"frame":0,"value":[9,39.8]},{"frame":0.25,"value":[9,39.8]},{"frame":0.5,"value":[10.4,36.7]},{"frame":0.7,"value":[12,36.8]}]}},"yz/s/yz10_18":{"props":{"scale":[{"frame":0,"value":{"__type__":"cc.Vec2","x":1,"y":1}},{"frame":0.7,"value":{"__type__":"cc.Vec2","x":1.11,"y":1}}],"rotation":[{"frame":0,"value":0}],"opacity":[{"frame":0,"value":255}],"position":[{"frame":0,"value":[-0.1,32.1]}]}},"yz/s/yz10_11":{"props":{"scale":[{"frame":0,"value":{"__type__":"cc.Vec2","x":1,"y":1}}],"rotation":[{"frame":0,"value":0},{"frame":0.25,"value":6},{"frame":0.5,"value":-18}],"opacity":[{"frame":0,"value":255}],"position":[{"frame":0,"value":[-8.7,42.9]},{"frame":0.7,"value":[-11.9,42.3]}]}},"yz/t":{"props":{"scale":[{"frame":0,"value":{"__type__":"cc.Vec2","x":1,"y":1}}],"rotation":[{"frame":0,"value":0},{"frame":0.25,"value":-24},{"frame":0.5,"value":14}],"opacity":[{"frame":0,"value":255}],"position":[{"frame":0,"value":[-0.9,40.7]},{"frame":0.25,"value":[1.8,37.8]},{"frame":0.5,"value":[0.3,28.8]},{"frame":0.7,"value":[4.7,26.3]}]}},"yz/t/yz10_08":{"props":{"scale":[{"frame":0,"value":{"__type__":"cc.Vec2","x":1,"y":1}}],"rotation":[{"frame":0,"value":0}],"opacity":[{"frame":0,"value":255}],"position":[{"frame":0,"value":[1.2,26.3]}]}},"yz/t/yz10_10":{"props":{"scale":[{"frame":0,"value":{"__type__":"cc.Vec2","x":1,"y":1}}],"rotation":[{"frame":0,"value":0}],"opacity":[{"frame":0,"value":255}],"position":[{"frame":0,"value":[-1.9,12.9]}]}},"yz/t/yz10_09":{"props":{"scale":[{"frame":0,"value":{"__type__":"cc.Vec2","x":1,"y":1}}],"rotation":[{"frame":0,"value":0}],"opacity":[{"frame":0,"value":255}],"position":[{"frame":0,"value":[7.8,16.2]},{"frame":0.25,"value":[7.8,17]},{"frame":0.5,"value":[7.7,12.5]}]}},"yz/t/yz10_08/yz10_07":{"props":{"opacity":[{"frame":0,"value":255}]}},"yz/s/yz10_18/yz10_13":{"props":{"opacity":[{"frame":0,"value":255}]}},"yz/s/yz10_11/yz10_12":{"props":{"opacity":[{"frame":0,"value":255}],"rotation":[{"frame":0,"value":0},{"frame":0.25,"value":-29},{"frame":0.5,"value":23}]},"comps":{"cc.Sprite":{"spriteFrame":[{"frame":0,"value":{"__uuid__":"fcL8FIVr1CuILkQvO9halM"}}]}}},"yz/t/yz10_08/yz10_06":{"props":{"opacity":[{"frame":0,"value":255}]}},"yz/s/yz10_11/yz10_17":{"props":{"opacity":[{"frame":0,"value":255}]}},"yz/s/yz10_18/yz10_14":{"props":{"opacity":[{"frame":0,"value":255}]}},"yz/s/yz10_18/yz10_16":{"props":{"opacity":[{"frame":0,"value":255}]}},"yz/t/yz10_03":{"props":{"opacity":[{"frame":0,"value":0}]}},"yz/t/yz10_08/yz10_02":{"props":{"opacity":[{"frame":0,"value":0}]}},"yz/s/yz10_18/yz10_15":{"props":{"opacity":[{"frame":0,"value":0}]}},"yz/s/yz10_04":{"props":{"opacity":[{"frame":0,"value":0}]}},"yz/s/yz10_11/yz10_12/yz10_01":{"props":{"opacity":[{"frame":0,"value":0}]}}}},"events":[{"frame":1,"func":"AfterMonsterDie","params":[]}]},{"__type__":"cc.SpriteFrame","content":{"name":"yz10_05","texture":"eeRhBBTRlFTb3DwZbBNxBU","rect":[0,0,92,26],"offset":[0,0],"originalSize":[92,26],"capInsets":[0,0,0,0]}}]