[{"__type__":"cc.SpriteFrame","content":{"name":"monster12a_03","texture":"d81P7Ay5RCiJLGyKr6h60p","rect":[14,27,116,94],"offset":[2,-4],"originalSize":[140,140],"capInsets":[0,0,0,0]}},{"__type__":"cc.SpriteFrame","content":{"name":"monster12a_01","texture":"9ekpGRIihGort8JT+88FkI","rect":[18,25,113,96],"offset":[4.5,-3],"originalSize":[140,140],"capInsets":[0,0,0,0]}},{"__type__":"cc.AnimationClip","_name":"Run","_duration":0.6666666666666666,"sample":6,"speed":1.5,"wrapMode":"2","curveData":{"paths":{"monster12a_01":{"props":{"width":[{"frame":0,"value":140}],"height":[{"frame":0,"value":140}]},"comps":{"cc.Sprite":{"spriteFrame":[{"frame":0,"value":{"__uuid__":"6aU38R4c9JN7gVK2KtK1wZ"}},{"frame":0.16666666666666666,"value":{"__uuid__":"f4ChCrdY5NDJq9JSM+6voP"}},{"frame":0.3333333333333333,"value":{"__uuid__":"0fZ4NaKsZHYqrZpA4/tY1a"}},{"frame":0.5,"value":{"__uuid__":"f4ChCrdY5NDJq9JSM+6voP"}}]}}}}}},{"__type__":"cc.SpriteFrame","content":{"name":"monster12a_02","texture":"41gubOC71CWYTQtZKHmz/f","rect":[15,26,116,95],"offset":[3,-3.5],"originalSize":[140,140],"capInsets":[0,0,0,0]}}]