[{"__type__":"cc.SpriteFrame","content":{"name":"yz06_16","texture":"b5LSzoznVJBKUO7bQ6x72f","rect":[0,0,55,38],"offset":[0,0],"originalSize":[55,38],"capInsets":[0,0,0,0]}},{"__type__":"cc.SpriteFrame","content":{"name":"yz06_09","texture":"e2JvTq9IpObLVclnYv2q6F","rect":[0,0,67,36],"offset":[0,0],"originalSize":[67,36],"capInsets":[0,0,0,0]}},{"__type__":"cc.SpriteFrame","content":{"name":"yz06_05","texture":"0cDGbAXYJIj6RIOaLCYrKL","rect":[0,0,85,55],"offset":[0,0],"originalSize":[85,55],"capInsets":[0,0,0,0]}},{"__type__":"cc.SpriteFrame","content":{"name":"a","texture":"167cc1GfZOeYQjrmlSsHJ1","rect":[0,0,54,11],"offset":[0,0],"originalSize":[54,11],"capInsets":[0,0,0,0]}},{"__type__":"cc.SpriteFrame","content":{"name":"yz06_02","texture":"146FM3M2FPyIB8rP2Bfod/","rect":[0,0,30,48],"offset":[0,0],"originalSize":[30,48],"capInsets":[0,0,0,0]}},{"__type__":"cc.SpriteFrame","content":{"name":"yz06_07","texture":"a1dO7WA91BrJnoPMJaO1qf","rect":[0,0,19,17],"offset":[0,0],"originalSize":[19,17],"capInsets":[0,0,0,0]}},[{"__type__":"cc.Prefab","_name":"100006","data":{"__id__":1}},{"__type__":"cc.Node","_name":"100006","_children":[{"__id__":2},{"__id__":3},{"__id__":25}],"_level":1,"_components":[{"__type__":"cc.Animation","node":{"__id__":1},"_clips":[{"__uuid__":"86Q3rTF65I+K6UFr3m0bNL"},{"__uuid__":"14VOIO581KzolyTToE6FNV"},{"__uuid__":"1cs0mks/xC/a3gjwUu+5RL"},{"__uuid__":"6dlS3ydoZJ/a/VeAu/N8N/"},{"__uuid__":"40QjwJm0VHwZXiknr4lBo9"},{"__uuid__":"85O0HgYstFtaDPXFAxWegl"},{"__uuid__":"64sydkNCRDG4C8vUK2XZ5+"},{"__uuid__":"9edfavxZRHFJablL631/y0"}],"playOnLoad":true},{"__type__":"4617f87H3dArpZLFLY7Qcdl","node":{"__id__":1},"m_HpNode":{"__id__":27},"m_HpBg":{"__id__":26},"Label_BeAtk":{"__id__":32},"Label_Name":{"__id__":31},"Label_Level":{"__id__":29},"m_Equipment":{"__uuid__":"69SlLHo5ZFgrwk5vfxrhy3"}}],"_prefab":{"__type__":"cc.PrefabInfo","root":{"__id__":1},"asset":{"__uuid__":"935ff6iz9JVpUKuTNFMRq3"},"fileId":"20iGdIw9NL6IaGV7AbNsW7"},"_position":{"__type__":"cc.Vec3","x":-50,"y":1023},"_scale":{"__type__":"cc.Vec3","x":1,"y":1,"z":1}},{"__type__":"cc.Node","_name":"a","_parent":{"__id__":1},"_components":[{"__type__":"cc.Sprite","node":{"__id__":2},"_spriteFrame":{"__uuid__":"5f7aAAVqFMraYmnnMbxHrz"}}],"_prefab":{"__type__":"cc.PrefabInfo","root":{"__id__":1},"asset":{"__uuid__":"935ff6iz9JVpUKuTNFMRq3"},"fileId":"95KA6OO55JTLp4/p2UzYvn"},"_contentSize":{"__type__":"cc.Size","width":54,"height":11},"_position":{"__type__":"cc.Vec3","x":0.81,"y":-35.42},"_scale":{"__type__":"cc.Vec3","x":1,"y":1,"z":1}},{"__type__":"cc.Node","_name":"yz","_parent":{"__id__":1},"_children":[{"__id__":4},{"__id__":15}],"_prefab":{"__type__":"cc.PrefabInfo","root":{"__id__":1},"asset":{"__uuid__":"935ff6iz9JVpUKuTNFMRq3"},"fileId":"78PmDtTx1DwJmgUBIUnVx3"},"_position":{"__type__":"cc.Vec3","x":-2.5,"y":-35.6},"_scale":{"__type__":"cc.Vec3","x":1,"y":1,"z":1}},{"__type__":"cc.Node","_name":"s","_parent":{"__id__":3},"_children":[{"__id__":5},{"__id__":6},{"__id__":7},{"__id__":9},{"__id__":12},{"__id__":13}],"_prefab":{"__type__":"cc.PrefabInfo","root":{"__id__":1},"asset":{"__uuid__":"935ff6iz9JVpUKuTNFMRq3"},"fileId":"8a5+Kpr8dCQYO0WohP1grG"},"_scale":{"__type__":"cc.Vec3","x":1,"y":1,"z":1}},{"__type__":"cc.Node","_name":"yz06_24","_parent":{"__id__":4},"_components":[{"__type__":"cc.Sprite","node":{"__id__":5},"_spriteFrame":{"__uuid__":"f6iJtA44hF7YUFbLc2pXT/"}}],"_prefab":{"__type__":"cc.PrefabInfo","root":{"__id__":1},"asset":{"__uuid__":"935ff6iz9JVpUKuTNFMRq3"},"fileId":"4cmvmHuZ5G8J84kjxyVTQX"},"_contentSize":{"__type__":"cc.Size","width":11,"height":22},"_anchorPoint":{"__type__":"cc.Vec2","x":0.5479560449296497,"y":0.8956373706696007},"_position":{"__type__":"cc.Vec3","x":-1.5,"y":19.3},"_scale":{"__type__":"cc.Vec3","x":1,"y":1,"z":1}},{"__type__":"cc.Node","_name":"yz06_25","_parent":{"__id__":4},"_components":[{"__type__":"cc.Sprite","node":{"__id__":6},"_spriteFrame":{"__uuid__":"e7OsTI2jBLGZ4RMByixi1p"}}],"_prefab":{"__type__":"cc.PrefabInfo","root":{"__id__":1},"asset":{"__uuid__":"935ff6iz9JVpUKuTNFMRq3"},"fileId":"c9mXLN0q1K7pL0YT/DU182"},"_contentSize":{"__type__":"cc.Size","width":12,"height":20},"_anchorPoint":{"__type__":"cc.Vec2","x":0.5439597078521791,"y":0.8956373706696013},"_position":{"__type__":"cc.Vec3","x":13,"y":17.4},"_scale":{"__type__":"cc.Vec3","x":1,"y":1,"z":1}},{"__type__":"cc.Node","_name":"yz06_23","_parent":{"__id__":4},"_children":[{"__id__":8}],"_components":[{"__type__":"cc.Sprite","node":{"__id__":7},"_spriteFrame":{"__uuid__":"61g6EYDItF/Yl++gxMZCvS"}}],"_prefab":{"__type__":"cc.PrefabInfo","root":{"__id__":1},"asset":{"__uuid__":"935ff6iz9JVpUKuTNFMRq3"},"fileId":"d2UeW6KGxK/pmo4oAd0Z5K"},"_contentSize":{"__type__":"cc.Size","width":30,"height":48},"_anchorPoint":{"__type__":"cc.Vec2","x":0.38894389595239387,"y":0.861725596040778},"_position":{"__type__":"cc.Vec3","x":21.7,"y":44.5},"_scale":{"__type__":"cc.Vec3","x":1,"y":1,"z":1}},{"__type__":"cc.Node","_name":"yz06_19","_parent":{"__id__":7},"_components":[{"__type__":"cc.Sprite","node":{"__id__":8},"_spriteFrame":{"__uuid__":"adDZjg9itDV7NZIJZ2+ZFg"}}],"_prefab":{"__type__":"cc.PrefabInfo","root":{"__id__":1},"asset":{"__uuid__":"935ff6iz9JVpUKuTNFMRq3"},"fileId":"012qjrv05ArICu2P/fh1aB"},"_opacity":0,"_contentSize":{"__type__":"cc.Size","width":40,"height":43},"_anchorPoint":{"__type__":"cc.Vec2","x":0.17512084592434823,"y":0.15960422961028686},"_position":{"__type__":"cc.Vec3","x":5.9,"y":-21.9},"_scale":{"__type__":"cc.Vec3","x":1,"y":1,"z":1},"_rotationX":13,"_rotationY":13,"_quat":{"__type__":"cc.Quat","z":-0.11320321376790672,"w":0.9935718556765875}},{"__type__":"cc.Node","_name":"yz06_22","_parent":{"__id__":4},"_children":[{"__id__":10},{"__id__":11}],"_components":[{"__type__":"cc.Sprite","node":{"__id__":9},"_spriteFrame":{"__uuid__":"db0oXiNqhGSJTOaWDqDuoG"}}],"_prefab":{"__type__":"cc.PrefabInfo","root":{"__id__":1},"asset":{"__uuid__":"935ff6iz9JVpUKuTNFMRq3"},"fileId":"6bGWsbB7tIAYBrFiAarPj8"},"_contentSize":{"__type__":"cc.Size","width":36,"height":39},"_anchorPoint":{"__type__":"cc.Vec2","x":0.543959707852178,"y":0.033350793569189144},"_position":{"__type__":"cc.Vec3","x":7.3,"y":15.1},"_scale":{"__type__":"cc.Vec3","x":1,"y":1,"z":1}},{"__type__":"cc.Node","_name":"yz06_06","_parent":{"__id__":9},"_components":[{"__type__":"cc.Sprite","node":{"__id__":10},"_spriteFrame":{"__uuid__":"ec3rYqbtVCzbs5lzqaJZqG"}}],"_prefab":{"__type__":"cc.PrefabInfo","root":{"__id__":1},"asset":{"__uuid__":"935ff6iz9JVpUKuTNFMRq3"},"fileId":"a9flWNtZ5NrYyQUUAq+EDn"},"_contentSize":{"__type__":"cc.Size","width":26,"height":7},"_position":{"__type__":"cc.Vec3","x":-0.4,"y":29.4},"_scale":{"__type__":"cc.Vec3","x":1,"y":1,"z":1}},{"__type__":"cc.Node","_name":"yz06_21","_parent":{"__id__":9},"_components":[{"__type__":"cc.Sprite","node":{"__id__":11},"_spriteFrame":{"__uuid__":"d1XESt+zBGiqccSngg/1uN"}}],"_prefab":{"__type__":"cc.PrefabInfo","root":{"__id__":1},"asset":{"__uuid__":"935ff6iz9JVpUKuTNFMRq3"},"fileId":"b8ALBRwghO7bTfXWZy894c"},"_contentSize":{"__type__":"cc.Size","width":8,"height":8},"_position":{"__type__":"cc.Vec3","x":6.3,"y":6.8},"_scale":{"__type__":"cc.Vec3","x":1,"y":1,"z":1}},{"__type__":"cc.Node","_name":"yz06_07","_parent":{"__id__":4},"_components":[{"__type__":"cc.Sprite","node":{"__id__":12},"_spriteFrame":{"__uuid__":"7a/Kzz6tBAe73WKhua4pPk"}}],"_prefab":{"__type__":"cc.PrefabInfo","root":{"__id__":1},"asset":{"__uuid__":"935ff6iz9JVpUKuTNFMRq3"},"fileId":"b1SYGSvBlL1ZBCnZFBRloi"},"_contentSize":{"__type__":"cc.Size","width":19,"height":17},"_anchorPoint":{"__type__":"cc.Vec2","x":0.5199061854029079,"y":0.9783339257110352},"_position":{"__type__":"cc.Vec3","x":12.5,"y":44},"_scale":{"__type__":"cc.Vec3","x":1,"y":1,"z":1}},{"__type__":"cc.Node","_name":"yz06_18","_parent":{"__id__":4},"_children":[{"__id__":14}],"_components":[{"__type__":"cc.Sprite","node":{"__id__":13},"_spriteFrame":{"__uuid__":"e6oBoLlKFGsIkOHnFbXSJY"}}],"_prefab":{"__type__":"cc.PrefabInfo","root":{"__id__":1},"asset":{"__uuid__":"935ff6iz9JVpUKuTNFMRq3"},"fileId":"fdsgelDIpFaKfty6C4LrOY"},"_contentSize":{"__type__":"cc.Size","width":24,"height":41},"_anchorPoint":{"__type__":"cc.Vec2","x":0.7967280280022009,"y":0.9052870626371523},"_position":{"__type__":"cc.Vec3","x":-7.5,"y":49.9},"_scale":{"__type__":"cc.Vec3","x":1,"y":1,"z":1}},{"__type__":"cc.Node","_name":"yz06_11","_parent":{"__id__":13},"_components":[{"__type__":"cc.Sprite","node":{"__id__":14},"_spriteFrame":{"__uuid__":"a0Ba1+B8FBEKwlksM5FOWq"}}],"_prefab":{"__type__":"cc.PrefabInfo","root":{"__id__":1},"asset":{"__uuid__":"935ff6iz9JVpUKuTNFMRq3"},"fileId":"b1dLGvrRFIxbU2xZcE18sI"},"_contentSize":{"__type__":"cc.Size","width":40,"height":58},"_position":{"__type__":"cc.Vec3","x":-17.5,"y":-23.6},"_scale":{"__type__":"cc.Vec3","x":1,"y":1,"z":1},"_rotationX":9,"_rotationY":9,"_quat":{"__type__":"cc.Quat","z":-0.07845909572784494,"w":0.996917333733128}},{"__type__":"cc.Node","_name":"t","_parent":{"__id__":3},"_children":[{"__id__":16},{"__id__":17},{"__id__":18},{"__id__":19},{"__id__":22},{"__id__":24}],"_prefab":{"__type__":"cc.PrefabInfo","root":{"__id__":1},"asset":{"__uuid__":"935ff6iz9JVpUKuTNFMRq3"},"fileId":"6fwMDZLz9El4Tk3p2FmZPJ"},"_position":{"__type__":"cc.Vec3","x":1,"y":44.9},"_scale":{"__type__":"cc.Vec3","x":1,"y":1,"z":1}},{"__type__":"cc.Node","_name":"yz06_08","_parent":{"__id__":15},"_components":[{"__type__":"cc.Sprite","node":{"__id__":16},"_spriteFrame":{"__uuid__":"d8brUQd0tONrqdN11U0bPo"}}],"_prefab":{"__type__":"cc.PrefabInfo","root":{"__id__":1},"asset":{"__uuid__":"935ff6iz9JVpUKuTNFMRq3"},"fileId":"d3SGffpBFHbasHjUqgzAKg"},"_contentSize":{"__type__":"cc.Size","width":21,"height":24},"_anchorPoint":{"__type__":"cc.Vec2","x":0.8708292312286291,"y":0.6427692540230217},"_position":{"__type__":"cc.Vec3","x":-34.2,"y":44.1},"_scale":{"__type__":"cc.Vec3","x":1,"y":1,"z":1}},{"__type__":"cc.Node","_name":"yz06_17","_parent":{"__id__":15},"_components":[{"__type__":"cc.Sprite","node":{"__id__":17},"_spriteFrame":{"__uuid__":"c7KlOkjidKGI1VX2vwYp54"}}],"_prefab":{"__type__":"cc.PrefabInfo","root":{"__id__":1},"asset":{"__uuid__":"935ff6iz9JVpUKuTNFMRq3"},"fileId":"8fAmGFYO1Ji5YNrZrQH6/0"},"_contentSize":{"__type__":"cc.Size","width":13,"height":28},"_anchorPoint":{"__type__":"cc.Vec2","x":0.5000000000000022,"y":0.9144772454633906},"_position":{"__type__":"cc.Vec3","x":33,"y":25.2},"_scale":{"__type__":"cc.Vec3","x":1,"y":1,"z":1}},{"__type__":"cc.Node","_name":"yz06_16","_parent":{"__id__":15},"_components":[{"__type__":"cc.Sprite","node":{"__id__":18},"_spriteFrame":{"__uuid__":"234q+32Y9Jc649vji7ibae"}}],"_prefab":{"__type__":"cc.PrefabInfo","root":{"__id__":1},"asset":{"__uuid__":"935ff6iz9JVpUKuTNFMRq3"},"fileId":"36YXzPDn1MOrup/VERthQ0"},"_contentSize":{"__type__":"cc.Size","width":55,"height":38},"_position":{"__type__":"cc.Vec3","x":4.4,"y":19.5},"_scale":{"__type__":"cc.Vec3","x":1,"y":1,"z":1}},{"__type__":"cc.Node","_name":"yz06_13","_parent":{"__id__":15},"_children":[{"__id__":20},{"__id__":21}],"_components":[{"__type__":"cc.Sprite","node":{"__id__":19},"_spriteFrame":{"__uuid__":"c2ZWCRlotI45dK2Gf5WNgO"},"_isTrimmedMode":false}],"_prefab":{"__type__":"cc.PrefabInfo","root":{"__id__":1},"asset":{"__uuid__":"935ff6iz9JVpUKuTNFMRq3"},"fileId":"eew00+dxRAmbi/umgjQQAt"},"_contentSize":{"__type__":"cc.Size","width":82,"height":74},"_position":{"__type__":"cc.Vec3","x":3.9,"y":45.5},"_scale":{"__type__":"cc.Vec3","x":1,"y":1,"z":1}},{"__type__":"cc.Node","_name":"yz06_09","_parent":{"__id__":19},"_components":[{"__type__":"cc.Sprite","node":{"__id__":20},"_spriteFrame":{"__uuid__":"36imZiT5BPI5NZQS5hoNVg"}}],"_prefab":{"__type__":"cc.PrefabInfo","root":{"__id__":1},"asset":{"__uuid__":"935ff6iz9JVpUKuTNFMRq3"},"fileId":"88PcCzerVFHbv3tpdTuJYX"},"_opacity":0,"_contentSize":{"__type__":"cc.Size","width":67,"height":36},"_position":{"__type__":"cc.Vec3","x":-5.4,"y":17.5},"_scale":{"__type__":"cc.Vec3","x":1,"y":1,"z":1}},{"__type__":"cc.Node","_name":"yz06_05","_parent":{"__id__":19},"_components":[{"__type__":"cc.Sprite","node":{"__id__":21},"_spriteFrame":{"__uuid__":"4f4dFpAlNCTJpi0CyaD5GS"}}],"_prefab":{"__type__":"cc.PrefabInfo","root":{"__id__":1},"asset":{"__uuid__":"935ff6iz9JVpUKuTNFMRq3"},"fileId":"071hrjNi9HWLZbL5f17tYD"},"_contentSize":{"__type__":"cc.Size","width":85,"height":55},"_position":{"__type__":"cc.Vec3","x":-2.6,"y":23.1},"_scale":{"__type__":"cc.Vec3","x":1,"y":1,"z":1}},{"__type__":"cc.Node","_name":"yz06_14","_parent":{"__id__":15},"_children":[{"__id__":23}],"_components":[{"__type__":"cc.Sprite","node":{"__id__":22},"_spriteFrame":{"__uuid__":"daVnZ/5E1JRpGmh7zyAih+"}}],"_prefab":{"__type__":"cc.PrefabInfo","root":{"__id__":1},"asset":{"__uuid__":"935ff6iz9JVpUKuTNFMRq3"},"fileId":"c50NDmQQ5FSId7SZFogqMu"},"_contentSize":{"__type__":"cc.Size","width":35,"height":16},"_position":{"__type__":"cc.Vec3","x":10.3,"y":17.3},"_scale":{"__type__":"cc.Vec3","x":1,"y":1,"z":1}},{"__type__":"cc.Node","_name":"yz06_04","_parent":{"__id__":22},"_components":[{"__type__":"cc.Sprite","node":{"__id__":23},"_spriteFrame":{"__uuid__":"a3lpQCl+hAmL+PYEISS4SD"}}],"_prefab":{"__type__":"cc.PrefabInfo","root":{"__id__":1},"asset":{"__uuid__":"935ff6iz9JVpUKuTNFMRq3"},"fileId":"293tEGXMxLtpLC/TUXdVdM"},"_contentSize":{"__type__":"cc.Size","width":39,"height":25},"_position":{"__type__":"cc.Vec3","x":-1.7,"y":3.5},"_scale":{"__type__":"cc.Vec3","x":1,"y":1,"z":1}},{"__type__":"cc.Node","_name":"yz06_15","_parent":{"__id__":15},"_components":[{"__type__":"cc.Sprite","node":{"__id__":24},"_spriteFrame":{"__uuid__":"a4ka5i3YdETagG+3x1TSXQ"}}],"_prefab":{"__type__":"cc.PrefabInfo","root":{"__id__":1},"asset":{"__uuid__":"935ff6iz9JVpUKuTNFMRq3"},"fileId":"487++onjBKPrFpvPRfiPgn"},"_contentSize":{"__type__":"cc.Size","width":18,"height":29},"_anchorPoint":{"__type__":"cc.Vec2","x":0.4560402921478236,"y":0.9456604865013887},"_position":{"__type__":"cc.Vec3","x":-12.1,"y":23.9},"_scale":{"__type__":"cc.Vec3","x":1,"y":1,"z":1}},{"__type__":"cc.Node","_name":"MonsterInfoShow","_parent":{"__id__":1},"_children":[{"__id__":26},{"__id__":27},{"__id__":28},{"__id__":30},{"__id__":32}],"_level":2,"_prefab":{"__type__":"cc.PrefabInfo","root":{"__id__":1},"asset":{"__uuid__":"935ff6iz9JVpUKuTNFMRq3"},"fileId":"d3JfYlJnBJOqGViZSopLEV"},"_position":{"__type__":"cc.Vec3","y":20},"_scale":{"__type__":"cc.Vec3","x":1,"y":1,"z":1}},{"__type__":"cc.Node","_name":"HpBg","_parent":{"__id__":25},"_components":[{"__type__":"cc.Sprite","node":{"__id__":26},"_spriteFrame":{"__uuid__":"f1NJNkWidMSotPy+CHF296"},"_sizeMode":0}],"_prefab":{"__type__":"cc.PrefabInfo","root":{"__id__":1},"asset":{"__uuid__":"935ff6iz9JVpUKuTNFMRq3"},"fileId":"e9JGaEuwpALKg6LLUJe1YF"},"_contentSize":{"__type__":"cc.Size","width":97,"height":10},"_anchorPoint":{"__type__":"cc.Vec2","y":0.5},"_position":{"__type__":"cc.Vec3","x":-48.9,"y":94},"_scale":{"__type__":"cc.Vec3","x":1,"y":1,"z":1}},{"__type__":"cc.Node","_name":"Hp","_parent":{"__id__":25},"_components":[{"__type__":"cc.Sprite","node":{"__id__":27},"_spriteFrame":{"__uuid__":"c4iQnAOfxI36ExvzHWBhV0"},"_sizeMode":0}],"_prefab":{"__type__":"cc.PrefabInfo","root":{"__id__":1},"asset":{"__uuid__":"935ff6iz9JVpUKuTNFMRq3"},"fileId":"15laE0GY5KlbfDj273/3ep"},"_contentSize":{"__type__":"cc.Size","width":97,"height":8},"_anchorPoint":{"__type__":"cc.Vec2","y":0.5},"_position":{"__type__":"cc.Vec3","x":-48.9,"y":94},"_scale":{"__type__":"cc.Vec3","x":1,"y":1,"z":1}},{"__type__":"cc.Node","_name":"Label_Level","_parent":{"__id__":25},"_components":[{"__id__":29},{"__type__":"cc.LabelOutline","node":{"__id__":28},"_color":{"__type__":"cc.Color"},"_width":2}],"_prefab":{"__type__":"cc.PrefabInfo","root":{"__id__":1},"asset":{"__uuid__":"935ff6iz9JVpUKuTNFMRq3"},"fileId":"ddrf5U2TBEpaSn3zs7sBKZ"},"_contentSize":{"__type__":"cc.Size","width":40.11,"height":12},"_position":{"__type__":"cc.Vec3","y":131.1},"_scale":{"__type__":"cc.Vec3","x":1,"y":1,"z":1}},{"__type__":"cc.Label","node":{"__id__":28},"_srcBlendFactor":1,"_useOriginalSize":false,"_string":"Lv.999","_N$string":"Lv.999","_fontSize":12,"_lineHeight":12},{"__type__":"cc.Node","_name":"Label_Name","_parent":{"__id__":25},"_components":[{"__id__":31},{"__type__":"cc.LabelOutline","node":{"__id__":30},"_color":{"__type__":"cc.Color"},"_width":2}],"_prefab":{"__type__":"cc.PrefabInfo","root":{"__id__":1},"asset":{"__uuid__":"935ff6iz9JVpUKuTNFMRq3"},"fileId":"bcUpaEsFlGpoLrO11u8BLt"},"_color":{"__type__":"cc.Color","r":30,"g":216,"b":47},"_contentSize":{"__type__":"cc.Size","width":130,"height":20},"_position":{"__type__":"cc.Vec3","y":111.5},"_scale":{"__type__":"cc.Vec3","x":1,"y":1,"z":1}},{"__type__":"cc.Label","node":{"__id__":30},"_srcBlendFactor":1,"_useOriginalSize":false,"_string":"最长的角色名称","_N$string":"最长的角色名称","_fontSize":18,"_lineHeight":20,"_N$horizontalAlign":1,"_N$verticalAlign":1},{"__type__":"cc.Node","_name":"Label_BeAtk","_parent":{"__id__":25},"_active":false,"_components":[{"__type__":"cc.Label","node":{"__id__":32},"_useOriginalSize":false,"_string":"-1299","_N$string":"-1299","_fontSize":31,"_lineHeight":31,"_N$file":{"__uuid__":"4dneJ3qepHxaVpN8l1oFJI"},"_isSystemFontUsed":false,"_spacingX":-30,"_N$horizontalAlign":1,"_N$verticalAlign":1}],"_prefab":{"__type__":"cc.PrefabInfo","root":{"__id__":1},"asset":{"__uuid__":"935ff6iz9JVpUKuTNFMRq3"},"fileId":"2a3M52/tdJ3YV9/x2LUQxq"},"_color":{"__type__":"cc.Color","r":203,"g":14,"b":14},"_contentSize":{"__type__":"cc.Size","width":175.47,"height":30.03},"_position":{"__type__":"cc.Vec3","x":-1,"y":140},"_scale":{"__type__":"cc.Vec3","x":1,"y":1,"z":1}}],{"__type__":"cc.SpriteFrame","content":{"name":"yz06_03","texture":"55CsVIjuFMRZdykvyc4ML3","rect":[0,0,40,58],"offset":[0,0],"originalSize":[40,58],"capInsets":[0,0,0,0]}},{"__type__":"cc.SpriteFrame","content":{"name":"yz06_04","texture":"50MWarem9KpqdkfzHGC0Ce","rect":[0,0,39,25],"offset":[0,0],"originalSize":[39,25],"capInsets":[0,0,0,0]}},{"__type__":"cc.SpriteFrame","content":{"name":"yz06_15","texture":"2dYVIFT+ZN6Lmzwl4X71i5","rect":[0,0,18,29],"offset":[0,0],"originalSize":[18,29],"capInsets":[0,0,0,0]}},{"__type__":"cc.SpriteFrame","content":{"name":"yz06_10","texture":"681c62wMJIM6iuj+VcI/UG","rect":[0,0,40,43],"offset":[0,0],"originalSize":[40,43],"capInsets":[0,0,0,0]}},{"__type__":"cc.SpriteFrame","content":{"name":"yz06_12","texture":"f5EMbFgeRHyaOJ6AkwsdJ2","rect":[0,0,82,74],"offset":[0,0],"originalSize":[82,74],"capInsets":[0,0,0,0]}},{"__type__":"cc.SpriteFrame","content":{"name":"Sprite_Hp","texture":"5eXTLZHLhCr4iL4/+bsvRK","rect":[2,3,101,8],"offset":[0,0],"originalSize":[105,14],"capInsets":[0,0,0,0]}},{"__type__":"cc.SpriteFrame","content":{"name":"yz06_17","texture":"92awAEaJdDv5e/4Dy7chCQ","rect":[0,0,13,28],"offset":[0,0],"originalSize":[13,28],"capInsets":[0,0,0,0]}},{"__type__":"cc.SpriteFrame","content":{"name":"yz06_21","texture":"6av25WaP5OppatQ3IrjR9U","rect":[0,0,8,8],"offset":[0,0],"originalSize":[8,8],"capInsets":[0,0,0,0]}},{"__type__":"cc.SpriteFrame","content":{"name":"yz06_08","texture":"2bwQa9eYVC+q5pHeJxhzAS","rect":[0,0,21,24],"offset":[0,0],"originalSize":[21,24],"capInsets":[0,0,0,0]}},{"__type__":"cc.SpriteFrame","content":{"name":"yz06_14","texture":"e8qjdICmhBVaSxHodAK1YV","rect":[0,0,35,16],"offset":[0,0],"originalSize":[35,16],"capInsets":[0,0,0,0]}},{"__type__":"cc.SpriteFrame","content":{"name":"yz06_22","texture":"9dgPiSM6xM5LptPqgvM4Mj","rect":[0,0,36,39],"offset":[0,0],"originalSize":[36,39],"capInsets":[0,0,0,0]}},{"__type__":"cc.SpriteFrame","content":{"name":"yz06_18","texture":"7eHuerzE1I7qmU8mDL7tn8","rect":[0,0,24,41],"offset":[0,0],"originalSize":[24,41],"capInsets":[0,0,0,0]}},{"__type__":"cc.SpriteFrame","content":{"name":"yz06_25","texture":"93DtBnR/FHu73m9LqZN+RJ","rect":[0,0,12,20],"offset":[0,0],"originalSize":[12,20],"capInsets":[0,0,0,0]}},{"__type__":"cc.SpriteFrame","content":{"name":"yz06_06","texture":"eagPWQaLxKZrVYlrD5YUp4","rect":[0,0,26,7],"offset":[0,0],"originalSize":[26,7],"capInsets":[0,0,0,0]}},{"__type__":"cc.SpriteFrame","content":{"name":"Sprite_HpBg","texture":"d6spVuKEFNyYxHFhxkhRhq","rect":[0,0,105,14],"offset":[0,0],"originalSize":[105,14],"capInsets":[0,0,0,0]}},{"__type__":"cc.SpriteFrame","content":{"name":"yz06_24","texture":"d2PJlrFu9GLLEeVro1xfJ2","rect":[0,0,11,22],"offset":[0,0],"originalSize":[11,22],"capInsets":[0,0,0,0]}}]