[[{"__type__":"cc.Prefab","_name":"100001","data":{"__id__":1}},{"__type__":"cc.Node","_name":"100001","_components":[{"__type__":"cc.Sprite","node":{"__id__":1},"_spriteFrame":{"__uuid__":"76XRaf3UNBXakIawG83LRw"}}],"_prefab":{"__type__":"cc.PrefabInfo","root":{"__id__":1},"asset":{"__id__":0},"fileId":"fdjiU8hMRCY4JVToe9+K7b"},"_contentSize":{"__type__":"cc.Size","width":24,"height":25},"_scaleX":1,"_scaleY":1,"_scale":{"__type__":"cc.Vec3","x":1,"y":1,"z":1}}],{"__type__":"cc.SpriteFrame","content":{"name":"100001","texture":"76Jd/uUEhPyJTeBOmtrt9E","rect":[0,0,24,25],"offset":[0,0],"originalSize":[24,25],"capInsets":[0,0,0,0]}}]