[{"__type__":"cc.AnimationClip","_name":"Atk","_duration":1,"sample":6,"speed":1.5,"wrapMode":"1","curveData":{"paths":{"monster14a_01":{"props":{"width":[{"frame":0,"value":150}],"height":[{"frame":0,"value":140}]},"comps":{"cc.Sprite":{"spriteFrame":[{"frame":0,"value":{"__uuid__":"a5pP7ePY5N56kyvRRY4u7A"}},{"frame":0.16666666666666666,"value":{"__uuid__":"99PuDbcFhMD5QRDhBDK9bU"}},{"frame":0.3333333333333333,"value":{"__uuid__":"22J2uktipPK6tZal24wr12"}},{"frame":0.5,"value":{"__uuid__":"dfp/GQxK5A4rF2eArbLgtr"}},{"frame":0.6666666666666666,"value":{"__uuid__":"9akvlpPIBBdJlLnHpBKyzP"}},{"frame":0.8333333333333334,"value":{"__uuid__":"89hsEKC7hP1rQEe5jmhuWS"}}]}}}}},"events":[{"frame":1,"func":"AfterAtk","params":[]}]},{"__type__":"cc.SpriteFrame","content":{"name":"monster14b_03","texture":"45zxST5SJCPIgzaGgeu1AO","rect":[3,2,101,123],"offset":[-21.5,6.5],"originalSize":[150,140],"capInsets":[0,0,0,0]}},{"__type__":"cc.SpriteFrame","content":{"name":"monster14b_06","texture":"b6aM4agyJCeLp55w+CaHT+","rect":[5,13,141,112],"offset":[0.5,1],"originalSize":[150,140],"capInsets":[0,0,0,0]}},{"__type__":"cc.SpriteFrame","content":{"name":"monster14b_02","texture":"8fGjzInH1AtaclfNQYx3J+","rect":[3,5,112,120],"offset":[-16,5],"originalSize":[150,140],"capInsets":[0,0,0,0]}},{"__type__":"cc.SpriteFrame","content":{"name":"monster14b_05","texture":"b06YNLK3tF/4q03zbr5spw","rect":[6,17,144,111],"offset":[3,-2.5],"originalSize":[150,140],"capInsets":[0,0,0,0]}},{"__type__":"cc.SpriteFrame","content":{"name":"monster14a_01","texture":"46LZCZyT1NtJh7nAR5rSO+","rect":[6,8,126,117],"offset":[-6,3.5],"originalSize":[150,140],"capInsets":[0,0,0,0]}},{"__type__":"cc.SpriteFrame","content":{"name":"monster14b_04","texture":"18dUVNZT1LWozI9JXJv/U6","rect":[3,8,128,117],"offset":[-8,3.5],"originalSize":[150,140],"capInsets":[0,0,0,0]}}]