[{"__type__":"cc.AnimationClip","_name":"Run","_duration":0.6666666666666666,"sample":6,"speed":1.5,"wrapMode":"2","curveData":{"paths":{"monster16a_01":{"props":{"width":[],"height":[]},"comps":{"cc.Sprite":{"spriteFrame":[{"frame":0,"value":{"__uuid__":"68hmqNdp9A4IzqTWvdeME4"}},{"frame":0.16666666666666666,"value":{"__uuid__":"878k/VJDdPRpm83XGGNn1U"}},{"frame":0.3333333333333333,"value":{"__uuid__":"75U04LfgJBz5XwTdaPXbZZ"}},{"frame":0.5,"value":{"__uuid__":"878k/VJDdPRpm83XGGNn1U"}}]}}}}}},{"__type__":"cc.SpriteFrame","content":{"name":"monster16a_01","texture":"2bqR3M9rxP3J0QsMDCvE5A","rect":[30,20,100,78],"offset":[-5,3.5],"originalSize":[170,125],"capInsets":[0,0,0,0]}},{"__type__":"cc.SpriteFrame","content":{"name":"monster16a_03","texture":"7fl6rQ+GNAVJaOJ29KicdQ","rect":[31,17,94,79],"offset":[-7,6],"originalSize":[170,125],"capInsets":[0,0,0,0]}},{"__type__":"cc.SpriteFrame","content":{"name":"monster16a_02","texture":"fd+6Bs+nlCtJHzZgo58zNS","rect":[30,17,97,81],"offset":[-6.5,5],"originalSize":[170,125],"capInsets":[0,0,0,0]}}]