{"__type__":"dragonBones.DragonBonesAtlasAsset","_name":"梨苹果_tex","_atlasJson":"{\"width\":499,\"SubTexture\":[{\"width\":28,\"y\":209,\"height\":35,\"name\":\"7\",\"x\":298},{\"width\":93,\"y\":411,\"height\":67,\"name\":\"5\",\"x\":282},{\"width\":41,\"y\":468,\"height\":67,\"name\":\"4\",\"x\":170},{\"width\":110,\"y\":385,\"height\":81,\"name\":\"3\",\"x\":170},{\"width\":295,\"y\":1,\"height\":285,\"name\":\"2_2\",\"x\":1},{\"width\":193,\"y\":1,\"height\":206,\"name\":\"2_1\",\"x\":298},{\"width\":159,\"y\":209,\"height\":200,\"name\":\"2\",\"x\":338},{\"width\":167,\"y\":385,\"height\":167,\"name\":\"1\",\"x\":1},{\"width\":1,\"y\":209,\"height\":1,\"name\":\"10_02\",\"x\":328},{\"width\":335,\"y\":288,\"height\":95,\"name\":\"10\",\"x\":1},{\"width\":29,\"y\":468,\"height\":83,\"name\":\"9\",\"x\":213}],\"imagePath\":\"梨苹果_tex.png\",\"name\":\"梨苹果\",\"height\":554}","_texture":{"__uuid__":"78GkdYCKtDqbSJHGO4kW72"},"texture":{"__uuid__":"78GkdYCKtDqbSJHGO4kW72"}}