[[{"__type__":"cc.Prefab","_name":"AvatorPage","data":{"__id__":1}},{"__type__":"cc.Node","_name":"AvatorPage","_children":[{"__id__":2},{"__id__":3},{"__id__":5}],"_level":1,"_components":[{"__type__":"f8c70vMQjVAWZS2Uy/EEvZz","node":{"__id__":1},"Sprite_AvatorBg":{"__id__":4},"Label_PlayerName":{"__id__":11},"Label_PlayerID":{"__id__":13},"Sprite_AvatorFrameBg":{"__id__":5}}],"_prefab":{"__type__":"cc.PrefabInfo","root":{"__id__":1},"asset":{"__uuid__":"22mGafZjlPqpYM+Cn8+AH0"},"fileId":"10hPLRFwpNPb9co5FPa1+b"},"_scale":{"__type__":"cc.Vec3","x":1,"y":1,"z":1}},{"__type__":"cc.Node","_name":"PureColorBg","_parent":{"__id__":1},"_components":[{"__type__":"cc.Sprite","node":{"__id__":2},"_spriteFrame":{"__uuid__":"41D7kWhyFGY7q4NDlzkazn"},"_sizeMode":0}],"_prefab":{"__type__":"cc.PrefabInfo","root":{"__id__":1},"asset":{"__uuid__":"22mGafZjlPqpYM+Cn8+AH0"},"fileId":"0apRGF1zFJHK6AQUfM9tOj"},"_opacity":200,"_color":{"__type__":"cc.Color"},"_contentSize":{"__type__":"cc.Size","width":750,"height":1050},"_position":{"__type__":"cc.Vec3","y":-40},"_scale":{"__type__":"cc.Vec3","x":1,"y":1,"z":1}},{"__type__":"cc.Node","_name":"Sprite_AvatorBg","_parent":{"__id__":1},"_components":[{"__id__":4}],"_prefab":{"__type__":"cc.PrefabInfo","root":{"__id__":1},"asset":{"__uuid__":"22mGafZjlPqpYM+Cn8+AH0"},"fileId":"96gnxYEuFP8aQ83eCH4sdG"},"_contentSize":{"__type__":"cc.Size","width":149,"height":149},"_position":{"__type__":"cc.Vec3","x":15.9,"y":117.6},"_scale":{"__type__":"cc.Vec3","x":1,"y":1,"z":1}},{"__type__":"cc.Sprite","node":{"__id__":3},"_spriteFrame":{"__uuid__":"b2TwmLjYBGBIytqT9h6/kf"}},{"__type__":"cc.Node","_name":"Sprite_AvatorFrameBg","_parent":{"__id__":1},"_children":[{"__id__":6},{"__id__":7},{"__id__":8},{"__id__":9},{"__id__":10},{"__id__":12},{"__id__":14},{"__id__":15}],"_components":[{"__type__":"cc.Sprite","node":{"__id__":5},"_spriteFrame":{"__uuid__":"b4Lm33mSBHrrPDn+aMJfRf"}}],"_prefab":{"__type__":"cc.PrefabInfo","root":{"__id__":1},"asset":{"__uuid__":"22mGafZjlPqpYM+Cn8+AH0"},"fileId":"d1GkaPFtFApIQH2AeBWN+I"},"_contentSize":{"__type__":"cc.Size","width":557,"height":641},"_scale":{"__type__":"cc.Vec3","x":1,"y":1,"z":1}},{"__type__":"cc.Node","_name":"Music_GOU","_parent":{"__id__":5},"_components":[{"__type__":"cc.Sprite","node":{"__id__":6},"_spriteFrame":{"__uuid__":"a9L1e/+FhO/6RssfFwpEz2"}}],"_prefab":{"__type__":"cc.PrefabInfo","root":{"__id__":1},"asset":{"__uuid__":"22mGafZjlPqpYM+Cn8+AH0"},"fileId":"25DqWhgvNDC6e8Uag4Y2sz"},"_contentSize":{"__type__":"cc.Size","width":34,"height":33},"_position":{"__type__":"cc.Vec3","x":-125,"y":-240},"_scale":{"__type__":"cc.Vec3","x":1,"y":1,"z":1}},{"__type__":"cc.Node","_name":"Sound_GOU","_parent":{"__id__":5},"_components":[{"__type__":"cc.Sprite","node":{"__id__":7},"_spriteFrame":{"__uuid__":"a9L1e/+FhO/6RssfFwpEz2"}}],"_prefab":{"__type__":"cc.PrefabInfo","root":{"__id__":1},"asset":{"__uuid__":"22mGafZjlPqpYM+Cn8+AH0"},"fileId":"5eGmfcSphLloElpBXq3LdQ"},"_contentSize":{"__type__":"cc.Size","width":34,"height":33},"_position":{"__type__":"cc.Vec3","x":65,"y":-240},"_scale":{"__type__":"cc.Vec3","x":1,"y":1,"z":1}},{"__type__":"cc.Node","_name":"Btn_Music","_parent":{"__id__":5},"_components":[{"__type__":"cc.Button","node":{"__id__":8},"_N$target":{"__id__":8}}],"_prefab":{"__type__":"cc.PrefabInfo","root":{"__id__":1},"asset":{"__uuid__":"22mGafZjlPqpYM+Cn8+AH0"},"fileId":"679zdu4NZGGo3QOSjcKUMs"},"_contentSize":{"__type__":"cc.Size","width":40.6,"height":40},"_position":{"__type__":"cc.Vec3","x":-122.7,"y":-239.3},"_scale":{"__type__":"cc.Vec3","x":1,"y":1,"z":1}},{"__type__":"cc.Node","_name":"Btn_Sound","_parent":{"__id__":5},"_components":[{"__type__":"cc.Button","node":{"__id__":9},"_N$target":{"__id__":9}}],"_prefab":{"__type__":"cc.PrefabInfo","root":{"__id__":1},"asset":{"__uuid__":"22mGafZjlPqpYM+Cn8+AH0"},"fileId":"0fEIjXg99N/rw9pXm71s2H"},"_contentSize":{"__type__":"cc.Size","width":40.6,"height":40},"_position":{"__type__":"cc.Vec3","x":66,"y":-239.3},"_scale":{"__type__":"cc.Vec3","x":1,"y":1,"z":1}},{"__type__":"cc.Node","_name":"Label_PlayerName","_parent":{"__id__":5},"_components":[{"__id__":11}],"_prefab":{"__type__":"cc.PrefabInfo","root":{"__id__":1},"asset":{"__uuid__":"22mGafZjlPqpYM+Cn8+AH0"},"fileId":"3chX6VZqVBtYtfm2y2XqJI"},"_color":{"__type__":"cc.Color","r":230,"g":218,"b":202},"_contentSize":{"__type__":"cc.Size","width":154,"height":26},"_anchorPoint":{"__type__":"cc.Vec2","y":0.5},"_position":{"__type__":"cc.Vec3","x":-47.6,"y":4.6},"_scale":{"__type__":"cc.Vec3","x":1,"y":1,"z":1}},{"__type__":"cc.Label","node":{"__id__":10},"_srcBlendFactor":1,"_useOriginalSize":false,"_string":"最长的玩家昵称","_N$string":"最长的玩家昵称","_fontSize":22,"_lineHeight":26,"_N$horizontalAlign":1,"_N$verticalAlign":1},{"__type__":"cc.Node","_name":"Label_PlayerID","_parent":{"__id__":5},"_components":[{"__id__":13}],"_prefab":{"__type__":"cc.PrefabInfo","root":{"__id__":1},"asset":{"__uuid__":"22mGafZjlPqpYM+Cn8+AH0"},"fileId":"79HVJmGd9M1IZNPb1TOxUq"},"_color":{"__type__":"cc.Color","r":230,"g":218,"b":202},"_contentSize":{"__type__":"cc.Size","width":154,"height":26},"_anchorPoint":{"__type__":"cc.Vec2","y":0.5},"_position":{"__type__":"cc.Vec3","x":-48,"y":-38},"_scale":{"__type__":"cc.Vec3","x":1,"y":1,"z":1}},{"__type__":"cc.Label","node":{"__id__":12},"_srcBlendFactor":1,"_useOriginalSize":false,"_string":"最长的玩家昵称","_N$string":"最长的玩家昵称","_fontSize":22,"_lineHeight":26,"_N$horizontalAlign":1,"_N$verticalAlign":1},{"__type__":"cc.Node","_name":"Btn_GameIDChang","_parent":{"__id__":5},"_components":[{"__type__":"cc.Sprite","node":{"__id__":14},"_spriteFrame":{"__uuid__":"a8hDiGaqxDIKKlU7rPht3W"}},{"__type__":"cc.Button","node":{"__id__":14},"_N$target":{"__id__":14}}],"_prefab":{"__type__":"cc.PrefabInfo","root":{"__id__":1},"asset":{"__uuid__":"22mGafZjlPqpYM+Cn8+AH0"},"fileId":"1fhLFP3D9AWpiHICNJPcj2"},"_contentSize":{"__type__":"cc.Size","width":207,"height":73},"_position":{"__type__":"cc.Vec3","y":-132},"_scale":{"__type__":"cc.Vec3","x":1,"y":1,"z":1}},{"__type__":"cc.Node","_name":"Btn_Close","_parent":{"__id__":5},"_components":[{"__type__":"cc.Sprite","node":{"__id__":15},"_spriteFrame":{"__uuid__":"39ask3LghPuavCbjPzhMKA"}},{"__type__":"cc.Button","node":{"__id__":15},"_N$target":{"__id__":15}}],"_prefab":{"__type__":"cc.PrefabInfo","root":{"__id__":1},"asset":{"__uuid__":"22mGafZjlPqpYM+Cn8+AH0"},"fileId":"08CXjKVWFKwZ2+jZZ0lOtw"},"_contentSize":{"__type__":"cc.Size","width":95,"height":95},"_position":{"__type__":"cc.Vec3","x":238,"y":281},"_scale":{"__type__":"cc.Vec3","x":1,"y":1,"z":1}}],{"__type__":"cc.SpriteFrame","content":{"name":"Btn_Close","texture":"04PZG4nVJAKIq2Yl3qCeDz","rect":[0,0,95,95],"offset":[0,0],"originalSize":[95,95],"capInsets":[0,0,0,0]}},{"__type__":"cc.SpriteFrame","content":{"name":"tp_PureColorBg","texture":"a8Anh32NZGRZegUtSgEj26","rect":[0,0,2,2],"offset":[0,0],"originalSize":[2,2],"capInsets":[0,0,0,0]}},{"__type__":"cc.SpriteFrame","content":{"name":"Btn_GameIDChang","texture":"edNLuVWwRM8K2iBmZ0MPpJ","rect":[0,0,207,73],"offset":[0,0],"originalSize":[207,73],"capInsets":[0,0,0,0]}},{"__type__":"cc.SpriteFrame","content":{"name":"GOU","texture":"dbmjk6s0JBqLhSHjpxnK6n","rect":[0,0,34,33],"offset":[0,0],"originalSize":[34,33],"capInsets":[0,0,0,0]}},{"__type__":"cc.SpriteFrame","content":{"name":"Sprite_AvatorBg","texture":"edNLuVWwRM8K2iBmZ0MPpJ","rect":[207,0,149,149],"offset":[0,0],"originalSize":[149,149],"capInsets":[0,0,0,0]}},{"__type__":"cc.SpriteFrame","content":{"name":"Sprite_AvatorFrameBg","texture":"edNLuVWwRM8K2iBmZ0MPpJ","rect":[356,0,557,641],"offset":[0,0],"originalSize":[557,641],"capInsets":[0,0,0,0]}}]