[[{"__type__":"cc.Prefab","_name":"100024","data":{"__id__":1}},{"__type__":"cc.Node","_name":"100009","_components":[{"__type__":"cc.Sprite","node":{"__id__":1},"_spriteFrame":{"__uuid__":"c4pWt3yMdJu4kxGxsERfNe"}}],"_prefab":{"__type__":"cc.PrefabInfo","root":{"__id__":1},"asset":{"__uuid__":"8c/21Y/R5HMLZ9qGPyx9iv"},"fileId":"14eLuu5kpCprTH7J4DJjR5"},"_contentSize":{"__type__":"cc.Size","width":98,"height":67},"_scaleX":1,"_scaleY":1,"_scale":{"__type__":"cc.Vec3","x":1,"y":1,"z":1}}],{"__type__":"cc.SpriteFrame","content":{"name":"100009","texture":"b2JoMf8WdCDKVyEoyrUmMA","rect":[0,0,98,67],"offset":[0,0],"originalSize":[98,67],"capInsets":[0,0,0,0]}}]