[{"__type__":"cc.SpriteFrame","content":{"name":"monster22a_03","texture":"80GXEqt1hJxZf/VM64Blu5","rect":[11,2,119,115],"offset":[-9.5,10.5],"originalSize":[160,140],"capInsets":[0,0,0,0]}},{"__type__":"cc.SpriteFrame","content":{"name":"monster22a_01","texture":"a7JL2AYFJDwpK5gUL3iqr4","rect":[12,7,123,117],"offset":[-6.5,4.5],"originalSize":[160,140],"capInsets":[0,0,0,0]}},{"__type__":"cc.SpriteFrame","content":{"name":"monster22a_02","texture":"7eyDSJ+2pCW7QNvcTgcHru","rect":[9,4,124,117],"offset":[-9,7.5],"originalSize":[160,140],"capInsets":[0,0,0,0]}},{"__type__":"cc.AnimationClip","_name":"Run","_duration":0.6666666666666666,"sample":6,"speed":1.5,"wrapMode":"2","curveData":{"paths":{"monster22a_01":{"comps":{"cc.Sprite":{"spriteFrame":[{"frame":0,"value":{"__uuid__":"177RdvTIdCFqhSkvx0Mjij"}},{"frame":0.16666666666666666,"value":{"__uuid__":"1aHTT663FLp6cwLHprKm3c"}},{"frame":0.3333333333333333,"value":{"__uuid__":"102USUm2pAI5SCLt51t3ub"}},{"frame":0.5,"value":{"__uuid__":"9aNsoxfZ1EFJFGV/lKjqYi"}}]}}}}}},{"__type__":"cc.SpriteFrame","content":{"name":"monster22a_04","texture":"e9S3Cg4uRKOJItDjs+4/Zn","rect":[9,4,124,117],"offset":[-9,7.5],"originalSize":[160,140],"capInsets":[0,0,0,0]}}]