[{"__type__":"cc.SpriteFrame","content":{"name":"LoadBg","texture":"35crIxEuxBvJwQKnx9njeZ","rect":[0,0,688,22],"offset":[0,0],"originalSize":[688,22],"capInsets":[0,0,0,0]}},{"__type__":"cc.SpriteFrame","content":{"name":"Load","texture":"d08Scyx6ND9athMDdDxDcu","rect":[2,2,684,18],"offset":[0,0],"originalSize":[688,22],"capInsets":[0,0,0,0]}},[{"__type__":"cc.SceneAsset","_name":"init","scene":{"__id__":1},"asyncLoadAssets":null},{"__type__":"cc.Scene","_name":"New Node","_children":[{"__id__":2}],"_anchorPoint":{"__type__":"cc.Vec2"},"_scale":{"__type__":"cc.Vec3","x":0.4073384831460674,"y":0.4073384831460674,"z":1},"autoReleaseAssets":true},{"__type__":"cc.Node","_name":"Canvas","_parent":{"__id__":1},"_children":[{"__id__":3},{"__id__":4}],"_components":[{"__type__":"cc.Canvas","node":{"__id__":2},"_designResolution":{"__type__":"cc.Size","width":750,"height":1335}}],"_contentSize":{"__type__":"cc.Size","width":750,"height":1335},"_position":{"__type__":"cc.Vec3","x":375,"y":667.5},"_scale":{"__type__":"cc.Vec3","x":1,"y":1,"z":1},"_id":"20lj/g3pBGiZt+KBwDGbyi"},{"__type__":"cc.Node","_name":"Main Camera","_parent":{"__id__":2},"_level":1,"_components":[{"__type__":"cc.Camera","node":{"__id__":3},"_clearFlags":7,"_depth":-1}],"_scale":{"__type__":"cc.Vec3","x":1,"y":1,"z":1}},{"__type__":"cc.Node","_name":"InitControl","_parent":{"__id__":2},"_children":[{"__id__":5},{"__id__":6},{"__id__":7}],"_level":1,"_components":[{"__type__":"2d59aOT0FNB5q6lagjyfmA9","node":{"__id__":4},"Node_Load":{"__id__":6},"Label_InitTip":{"__id__":8}}],"_scale":{"__type__":"cc.Vec3","x":1,"y":1,"z":1}},{"__type__":"cc.Node","_name":"LoadBg","_parent":{"__id__":4},"_level":2,"_components":[{"__type__":"cc.Sprite","node":{"__id__":5},"_spriteFrame":{"__uuid__":"9c5gQY3blLkJJvqCPRmljK"}}],"_contentSize":{"__type__":"cc.Size","width":688,"height":22},"_scale":{"__type__":"cc.Vec3","x":1,"y":1,"z":1}},{"__type__":"cc.Node","_name":"Load","_parent":{"__id__":4},"_level":2,"_components":[{"__type__":"cc.Sprite","node":{"__id__":6},"_spriteFrame":{"__uuid__":"b30mZcFbZMiYJ8pSBXDFsN"}}],"_contentSize":{"__type__":"cc.Size","width":684,"height":18},"_anchorPoint":{"__type__":"cc.Vec2","y":0.5},"_position":{"__type__":"cc.Vec3","x":-342},"_scale":{"__type__":"cc.Vec3","y":1,"z":1}},{"__type__":"cc.Node","_name":"Label_InitTip","_parent":{"__id__":4},"_level":2,"_components":[{"__id__":8}],"_contentSize":{"__type__":"cc.Size","width":733.34,"height":40},"_position":{"__type__":"cc.Vec3","y":-105},"_scale":{"__type__":"cc.Vec3","x":1,"y":1,"z":1}},{"__type__":"cc.Label","node":{"__id__":7},"_srcBlendFactor":1,"_useOriginalSize":false,"_string":"Cảnh quay đang nạp, xin chờ một chút....","_N$string":"Cảnh quay đang nạp, xin chờ một chút....","_N$horizontalAlign":1,"_N$verticalAlign":1}]]