[[{"__type__":"cc.Prefab","_name":"100015","data":{"__id__":1}},{"__type__":"cc.Node","_name":"100015","_components":[{"__type__":"cc.Sprite","node":{"__id__":1},"_spriteFrame":{"__uuid__":"dcm09lZZxK8KhTzRY7olSc"}}],"_prefab":{"__type__":"cc.PrefabInfo","root":{"__id__":1},"asset":{"__uuid__":"a5DdhLV9lNw5IW+w6Q1C5P"},"fileId":"0ajHbXWq5IfIK+PZDbmifS"},"_contentSize":{"__type__":"cc.Size","width":180,"height":91},"_scaleX":1,"_scaleY":1,"_scale":{"__type__":"cc.Vec3","x":1,"y":1,"z":1}}],{"__type__":"cc.SpriteFrame","content":{"name":"100015","texture":"9aIXdT1PZNUpZc8GoRHVVK","rect":[4,0,180,91],"offset":[2,0],"originalSize":[184,91],"capInsets":[0,0,0,0]}}]