[{"__type__":"cc.SpriteFrame","content":{"name":"monster03a_02","texture":"f4fHwiRLtMtYoYpn9ahN4a","rect":[13,4,78,94],"offset":[-1,6.5],"originalSize":[106,115],"capInsets":[0,0,0,0]}},{"__type__":"cc.SpriteFrame","content":{"name":"monster03a_01","texture":"fa2xuyftZE7ay+tWyuSBM2","rect":[14,3,78,95],"offset":[0,7],"originalSize":[106,115],"capInsets":[0,0,0,0]}},{"__type__":"cc.AnimationClip","_name":"Run","_duration":0.6666666666666666,"sample":6,"speed":1.5,"wrapMode":"2","curveData":{"paths":{"monster03a_01":{"props":{"width":[{"frame":0,"value":106}],"height":[{"frame":0,"value":115}]},"comps":{"cc.Sprite":{"spriteFrame":[{"frame":0,"value":{"__uuid__":"7fnrMl1z9E0o2b/aQJueeG"}},{"frame":0.16666666666666666,"value":{"__uuid__":"0eavzKrDxDypUc+F5NRE6m"}},{"frame":0.3333333333333333,"value":{"__uuid__":"f1gnkDgltB9boU2zS9OmnC"}},{"frame":0.5,"value":{"__uuid__":"0eavzKrDxDypUc+F5NRE6m"}}]}}}}}},{"__type__":"cc.SpriteFrame","content":{"name":"monster03a_03","texture":"b3pncFAfFDAZ+nwT4RzU+4","rect":[12,5,79,93],"offset":[-1.5,6],"originalSize":[106,115],"capInsets":[0,0,0,0]}}]