[{"__type__":"cc.SpriteFrame","content":{"name":"fire01","texture":"02/XshEHVNXoya9R0il/Jq","rect":[16,44,82,78],"offset":[4.5,-20.5],"originalSize":[105,125],"capInsets":[0,0,0,0]}},{"__type__":"cc.AnimationClip","_name":"Run","_duration":0.6666666666666666,"sample":6,"speed":1.5,"wrapMode":"2","curveData":{"paths":{"monster18a_01":{"props":{"width":[],"height":[]},"comps":{"cc.Sprite":{"spriteFrame":[{"frame":0,"value":{"__uuid__":"6d4qUKy4RKgZsY1gcJdOPB"}},{"frame":0.16666666666666666,"value":{"__uuid__":"42Mic4x6lO1IawRLfIsEkm"}},{"frame":0.3333333333333333,"value":{"__uuid__":"ae7jBtlQpJxYiQVv7x6+kt"}},{"frame":0.5,"value":{"__uuid__":"42Mic4x6lO1IawRLfIsEkm"}}]}}},"fire01":{"comps":{"cc.Sprite":{"spriteFrame":[{"frame":0,"value":{"__uuid__":"12b5pkA1xNUJAxY2xQ9ob8"}},{"frame":0.16666666666666666,"value":{"__uuid__":"90zzHUDLdL8b5HFafIf0jG"}},{"frame":0.3333333333333333,"value":{"__uuid__":"cd9b0ZKq1Il5MCMJf+J2b5"}},{"frame":0.5,"value":{"__uuid__":"86Ktf/GfpA+ZSR9ldIPH5M"}}]}},"props":{"opacity":[{"frame":0,"value":200}]}}}}},{"__type__":"cc.SpriteFrame","content":{"name":"monster18a_02","texture":"b9tBUkgdVHw4IGCUjzNYLJ","rect":[32,23,120,90],"offset":[-8,-3],"originalSize":[200,130],"capInsets":[0,0,0,0]}},{"__type__":"cc.SpriteFrame","content":{"name":"monster18a_01","texture":"1eKd61frBG36jOSCtrBES0","rect":[32,25,122,89],"offset":[-7,-4.5],"originalSize":[200,130],"capInsets":[0,0,0,0]}},{"__type__":"cc.SpriteFrame","content":{"name":"fire04","texture":"f9QUIFjIFA3L7Z5lKwwtlw","rect":[19,13,85,108],"offset":[9,-4.5],"originalSize":[105,125],"capInsets":[0,0,0,0]}},{"__type__":"cc.SpriteFrame","content":{"name":"fire02","texture":"59JDUTk7hLKKL6C6nlaVdi","rect":[0,33,101,88],"offset":[-2,-14.5],"originalSize":[105,125],"capInsets":[0,0,0,0]}},{"__type__":"cc.SpriteFrame","content":{"name":"monster18a_03","texture":"6fdDnCrchBrL8XkE+DmImL","rect":[31,20,121,88],"offset":[-8.5,1],"originalSize":[200,130],"capInsets":[0,0,0,0]}},{"__type__":"cc.SpriteFrame","content":{"name":"fire03","texture":"afRUE2PpZK8qiGF9xrSJld","rect":[12,23,92,102],"offset":[5.5,-11.5],"originalSize":[105,125],"capInsets":[0,0,0,0]}}]