[{"__type__":"cc.SpriteFrame","content":{"name":"monster06a_03","texture":"0ctEsyHKNOb5f+zD84CvUK","rect":[12,8,70,75],"offset":[-3,4.5],"originalSize":[100,100],"capInsets":[0,0,0,0]}},{"__type__":"cc.SpriteFrame","content":{"name":"monster06a_01","texture":"103kfsObxILLsoK7NsCj/Q","rect":[13,6,69,77],"offset":[-2.5,5.5],"originalSize":[100,100],"capInsets":[0,0,0,0]}},{"__type__":"cc.SpriteFrame","content":{"name":"monster06a_02","texture":"18fWB2nENH5Z0C2DOv6zIi","rect":[12,7,70,76],"offset":[-3,5],"originalSize":[100,100],"capInsets":[0,0,0,0]}},{"__type__":"cc.AnimationClip","_name":"Run","_duration":0.6666666666666666,"sample":6,"speed":1.5,"wrapMode":"2","curveData":{"paths":{"monster06a_01":{"props":{"width":[{"frame":0,"value":100}],"height":[{"frame":0,"value":100}]},"comps":{"cc.Sprite":{"spriteFrame":[{"frame":0,"value":{"__uuid__":"08ciCP+xpHaobKS+6DOAls"}},{"frame":0.16666666666666666,"value":{"__uuid__":"09EdhPhJJHBasUrOwruhYk"}},{"frame":0.3333333333333333,"value":{"__uuid__":"05La3jQbpDy7wpqY2l/J6p"}},{"frame":0.5,"value":{"__uuid__":"09EdhPhJJHBasUrOwruhYk"}}]}}}}}}]