[[{"__type__":"cc.Prefab","_name":"loading","data":{"__id__":1}},{"__type__":"cc.Node","_name":"loading","_children":[{"__id__":2}],"_active":false,"_components":[{"__type__":"cc.Animation","node":{"__id__":1},"_defaultClip":{"__uuid__":"d5bNdhuylOn7vR11PYQq4a"},"_clips":[{"__uuid__":"d5bNdhuylOn7vR11PYQq4a"}],"playOnLoad":true}],"_prefab":{"__type__":"cc.PrefabInfo","root":{"__id__":1},"asset":{"__id__":0},"fileId":"d0JPOdqkNJLoVzsGUawDNM"},"_position":{"__type__":"cc.Vec3","y":-545},"_scale":{"__type__":"cc.Vec3","x":1,"y":1,"z":1}},{"__type__":"cc.Node","_name":"01","_parent":{"__id__":1},"_components":[{"__type__":"cc.Sprite","node":{"__id__":2},"_spriteFrame":{"__uuid__":"cf2xRX/WhCvL3wU0N9L+Ic"},"_sizeMode":0,"_isTrimmedMode":false}],"_prefab":{"__type__":"cc.PrefabInfo","root":{"__id__":1},"asset":{"__id__":0},"fileId":"319vvNrwpFh5THF0HUVpc7"},"_contentSize":{"__type__":"cc.Size","width":109,"height":111},"_scale":{"__type__":"cc.Vec3","x":1,"y":1,"z":1}}],{"__type__":"cc.SpriteFrame","content":{"name":"01","texture":"6dyo9ZpENB3odruXPrsn2V","rect":[6,28,92,77],"offset":[-2.5,-11],"originalSize":[109,111],"capInsets":[0,0,0,0]}}]