{"__type__":"cc.SpriteAtlas","_spriteFrames":{"light":{"__uuid__":"feRCgtkD1HJrGUga9eKZjr"},"矩形 2@2x":{"__uuid__":"42dXLfVCNLsJ9RTQaU7qu6"},"组 4@2x":{"__uuid__":"c5lYqsTYtIxIzHJIVP5Q7G"},"itemBg":{"__uuid__":"bfw0Zw17FMIrH7CQITASvf"},"矩形 9 拷贝@2x":{"__uuid__":"05W2uluZFLLbPzoyAvzlkx"},"alreadySgin":{"__uuid__":"7aV47kE9BAmbyEd1Ccirwx"},"line":{"__uuid__":"6bCli2P8tJI6YC28SHmHtw"},"black":{"__uuid__":"ec0qt2lu9MCJwmSbFfxDmQ"},"coins":{"__uuid__":"6cW663CFtF8bbMgJccfJ5z"},"signbg":{"__uuid__":"8dMv7nnRFETrXaoX2lOHZ/"}}}