[{"__type__":"cc.SpriteFrame","content":{"name":"yz18_04","texture":"139qgraypHxrPazBlu6/9L","rect":[0,0,36,42],"offset":[0,0],"originalSize":[36,42],"capInsets":[0,0,0,0]}},{"__type__":"cc.SpriteFrame","content":{"name":"yz18_17","texture":"a5/vaiDjhHyqX0cpw5SiOQ","rect":[0,0,33,34],"offset":[0,0],"originalSize":[33,34],"capInsets":[0,0,0,0]}},{"__type__":"cc.SpriteFrame","content":{"name":"yz18_13","texture":"2eXdQ2tG1Bd4oS+6RpmJJ+","rect":[0,0,35,16],"offset":[0,0],"originalSize":[35,16],"capInsets":[0,0,0,0]}},{"__type__":"cc.SpriteFrame","content":{"name":"yz18_14","texture":"865gRsTWRGKazO5jK0O8Kj","rect":[0,0,25,38],"offset":[0,0],"originalSize":[25,38],"capInsets":[0,0,0,0]}},{"__type__":"cc.SpriteFrame","content":{"name":"yz18_16","texture":"9aPs/vG1FOHZIngY6SU8EY","rect":[0,0,9,21],"offset":[0,0],"originalSize":[9,21],"capInsets":[0,0,0,0]}},{"__type__":"cc.SpriteFrame","content":{"name":"a","texture":"167cc1GfZOeYQjrmlSsHJ1","rect":[0,0,54,11],"offset":[0,0],"originalSize":[54,11],"capInsets":[0,0,0,0]}},{"__type__":"cc.SpriteFrame","content":{"name":"yz18_02","texture":"c2YSyFU3VFi5fg76AaKjaM","rect":[0,0,67,78],"offset":[0,0],"originalSize":[67,78],"capInsets":[0,0,0,0]}},{"__type__":"cc.SpriteFrame","content":{"name":"yz18_05","texture":"41bJ1RBapNOb+w2Zz5Fg+d","rect":[0,0,53,31],"offset":[0,0],"originalSize":[53,31],"capInsets":[0,0,0,0]}},{"__type__":"cc.AnimationClip","_name":"100018Die","_duration":1,"wrapMode":"1","curveData":{"paths":{"a":{"props":{"scale":[]}},"yz":{"props":{"scale":[{"frame":0,"value":{"__type__":"cc.Vec2","x":1,"y":1}},{"frame":0.25,"value":{"__type__":"cc.Vec2","x":0.99,"y":1.03}},{"frame":0.5,"value":{"__type__":"cc.Vec2","x":1,"y":1}}],"rotation":[{"frame":0,"value":0},{"frame":0.25,"value":-5},{"frame":0.5,"value":0}],"opacity":[{"frame":0,"value":255},{"frame":0.5,"value":255}],"position":[{"frame":0,"value":[-6,-36.4]},{"frame":0.25,"value":[-6,-36.4]},{"frame":0.5,"value":[2.1,-53.4]}]}},"yz/s":{"props":{"scale":[{"frame":0,"value":{"__type__":"cc.Vec2","x":1,"y":1}}],"rotation":[{"frame":0,"value":0}],"opacity":[{"frame":0,"value":255}],"position":[{"frame":0,"value":[-0.6,0]}]}},"yz/s/yz18_16":{"props":{"scale":[{"frame":0,"value":{"__type__":"cc.Vec2","x":1,"y":1}}],"rotation":[{"frame":0,"value":0},{"frame":0.25,"value":0},{"frame":0.5,"value":84}],"opacity":[{"frame":0,"value":255}],"position":[{"frame":0,"value":[-2.9,21.8]}]}},"yz/s/yz18_16a":{"props":{"scale":[{"frame":0,"value":{"__type__":"cc.Vec2","x":1,"y":1}},{"frame":0.5,"value":{"__type__":"cc.Vec2","x":1,"y":1}}],"rotation":[{"frame":0,"value":0},{"frame":0.25,"value":-12},{"frame":0.5,"value":78}],"opacity":[{"frame":0,"value":255},{"frame":0.5,"value":255}],"position":[{"frame":0,"value":[14,21.9]},{"frame":0.5,"value":[14,21.9]}]}},"yz/s/yz18_17":{"props":{"scale":[{"frame":0,"value":{"__type__":"cc.Vec2","x":1,"y":1}},{"frame":0.5,"value":{"__type__":"cc.Vec2","x":1,"y":1}}],"rotation":[{"frame":0,"value":0},{"frame":0.25,"value":-15},{"frame":0.5,"value":32},{"frame":0.75,"value":27},{"frame":1,"value":27}],"opacity":[{"frame":0,"value":255},{"frame":0.5,"value":255}],"position":[{"frame":0,"value":[17.4,49.2]},{"frame":0.5,"value":[17.4,49.2]},{"frame":0.75,"value":[17.8,50.8]},{"frame":1,"value":[17.8,50.8]}]}},"yz/s/yz18_15":{"props":{"scale":[{"frame":0,"value":{"__type__":"cc.Vec2","x":1,"y":1}},{"frame":0.25,"value":{"__type__":"cc.Vec2","x":1,"y":1}},{"frame":0.5,"value":{"__type__":"cc.Vec2","x":1.1,"y":0.98}}],"rotation":[{"frame":0,"value":0},{"frame":0.25,"value":0},{"frame":0.5,"value":9}],"opacity":[{"frame":0,"value":255}],"position":[{"frame":0,"value":[5.3,38.7]}]}},"yz/s/yz18_14":{"props":{"scale":[{"frame":0,"value":{"__type__":"cc.Vec2","x":1,"y":1}},{"frame":0.5,"value":{"__type__":"cc.Vec2","x":1,"y":1}}],"rotation":[{"frame":0,"value":0},{"frame":0.25,"value":22},{"frame":0.5,"value":-24},{"frame":0.75,"value":-18}],"opacity":[{"frame":0,"value":255},{"frame":0.5,"value":255}],"position":[{"frame":0,"value":[-7.2,54]},{"frame":0.5,"value":[-7.2,54]}]}},"yz/s/yz18_13":{"props":{"scale":[{"frame":0,"value":{"__type__":"cc.Vec2","x":1,"y":1}}],"rotation":[{"frame":0,"value":0}],"opacity":[{"frame":0,"value":255}],"position":[{"frame":0,"value":[5.3,52.7]}]}},"yz/s/yz18_12":{"props":{"scale":[{"frame":0,"value":{"__type__":"cc.Vec2","x":1,"y":1}},{"frame":0.5,"value":{"__type__":"cc.Vec2","x":1,"y":1}}],"rotation":[{"frame":0,"value":0},{"frame":0.25,"value":-37},{"frame":0.5,"value":0}],"opacity":[{"frame":0,"value":255},{"frame":0.5,"value":255}],"position":[{"frame":0,"value":[15.6,44.8]},{"frame":0.5,"value":[15.6,44.8]}]}},"yz/s/yz18_11":{"props":{"scale":[{"frame":0,"value":{"__type__":"cc.Vec2","x":1,"y":1}}],"rotation":[{"frame":0,"value":0}],"opacity":[{"frame":0,"value":255}],"position":[{"frame":0,"value":[13,46.8]}]}},"yz/s/yz18_10":{"props":{"scale":[{"frame":0,"value":{"__type__":"cc.Vec2","x":1,"y":1}},{"frame":0.5,"value":{"__type__":"cc.Vec2","x":1,"y":1}}],"rotation":[{"frame":0,"value":0},{"frame":0.25,"value":-46},{"frame":0.5,"value":0}],"opacity":[{"frame":0,"value":255},{"frame":0.5,"value":255}],"position":[{"frame":0,"value":[7.8,45.5]},{"frame":0.5,"value":[7.8,45.5]}]}},"yz/t":{"props":{"scale":[{"frame":0,"value":{"__type__":"cc.Vec2","x":1,"y":1}},{"frame":0.5,"value":{"__type__":"cc.Vec2","x":1,"y":1}}],"rotation":[{"frame":0,"value":0},{"frame":0.25,"value":-20},{"frame":0.5,"value":8}],"opacity":[{"frame":0,"value":255},{"frame":0.5,"value":255}],"position":[{"frame":0,"value":[5.4,57.6]},{"frame":0.25,"value":[5.5,58.3]},{"frame":0.5,"value":[12.5,51.2]},{"frame":0.75,"value":[14.4,45.7]}]}},"yz/t/yz18_03":{"props":{"scale":[{"frame":0,"value":{"__type__":"cc.Vec2","x":1,"y":1}},{"frame":0.5,"value":{"__type__":"cc.Vec2","x":1,"y":1}}],"rotation":[{"frame":0,"value":0},{"frame":0.5,"value":0}],"opacity":[{"frame":0,"value":255},{"frame":0.5,"value":255}],"position":[{"frame":0,"value":[-1.5,31.3]},{"frame":0.25,"value":[-1.5,29]},{"frame":0.5,"value":[-1.5,31.3]}]}},"yz/t/yz18_02":{"props":{"scale":[{"frame":0,"value":{"__type__":"cc.Vec2","x":1,"y":1}}],"rotation":[{"frame":0,"value":0}],"opacity":[{"frame":0,"value":255}],"position":[{"frame":0,"value":[7.1,23.6]}]}},"yz/t/yz18_01":{"props":{"scale":[{"frame":0,"value":{"__type__":"cc.Vec2","x":1,"y":1}},{"frame":0.5,"value":{"__type__":"cc.Vec2","x":1,"y":1}}],"rotation":[{"frame":0,"value":0},{"frame":0.5,"value":0}],"opacity":[{"frame":0,"value":255},{"frame":0.5,"value":255}],"position":[{"frame":0,"value":[14.7,28.6]},{"frame":0.25,"value":[14.7,30.5]},{"frame":0.5,"value":[14.7,25.6]},{"frame":0.75,"value":[14.7,24.1]}]}},"yz/s/yz18_14/yz18_07":{"props":{"opacity":[{"frame":0,"value":0}]}},"yz/s/yz18_08":{"props":{"opacity":[{"frame":0,"value":0}]}},"yz/t/yz18_03/yz18_06":{"props":{"opacity":[{"frame":0,"value":0}]}}}},"events":[{"frame":1,"func":"AfterMonsterDie","params":[]}]},{"__type__":"cc.AnimationClip","_name":"100018Run","_duration":0.5,"wrapMode":"2","curveData":{"paths":{"a":{"props":{"scale":[{"frame":0,"value":{"__type__":"cc.Vec2","x":1,"y":1}},{"frame":0.25,"value":{"__type__":"cc.Vec2","x":1.06,"y":1}},{"frame":0.5,"value":{"__type__":"cc.Vec2","x":1,"y":1}}]}},"yz":{"props":{"scale":[{"frame":0,"value":{"__type__":"cc.Vec2","x":1,"y":1}}],"rotation":[{"frame":0,"value":0}],"opacity":[{"frame":0,"value":255}],"position":[{"frame":0,"value":[-6,-36.4]}]}},"yz/s":{"props":{"scale":[{"frame":0,"value":{"__type__":"cc.Vec2","x":1,"y":1}}],"rotation":[{"frame":0,"value":0}],"opacity":[{"frame":0,"value":255}],"position":[{"frame":0,"value":[-0.6,0]}]}},"yz/s/yz18_16":{"props":{"scale":[{"frame":0,"value":{"__type__":"cc.Vec2","x":1,"y":1}}],"rotation":[{"frame":0,"value":0}],"opacity":[{"frame":0,"value":255}],"position":[{"frame":0,"value":[-2.9,21.8]},{"frame":0.25,"value":[-2.9,26.1]},{"frame":0.5,"value":[-2.9,21.8]}]}},"yz/s/yz18_16a":{"props":{"scale":[{"frame":0,"value":{"__type__":"cc.Vec2","x":1,"y":1}}],"rotation":[{"frame":0,"value":0}],"opacity":[{"frame":0,"value":255}],"position":[{"frame":0,"value":[14,26.1]},{"frame":0.25,"value":[14,21.9]},{"frame":0.5,"value":[14,26.1]}]}},"yz/s/yz18_17":{"props":{"scale":[{"frame":0,"value":{"__type__":"cc.Vec2","x":1,"y":1}}],"rotation":[{"frame":0,"value":0},{"frame":0.25,"value":26},{"frame":0.5,"value":0}],"opacity":[{"frame":0,"value":255}],"position":[{"frame":0,"value":[17.4,49.2]}]}},"yz/s/yz18_15":{"props":{"scale":[{"frame":0,"value":{"__type__":"cc.Vec2","x":1,"y":1}},{"frame":0.25,"value":{"__type__":"cc.Vec2","x":1.04,"y":1}},{"frame":0.5,"value":{"__type__":"cc.Vec2","x":1,"y":1}}],"rotation":[{"frame":0,"value":0},{"frame":0.5,"value":0}],"opacity":[{"frame":0,"value":255},{"frame":0.5,"value":255}],"position":[{"frame":0,"value":[5.3,38.7]}]}},"yz/s/yz18_14":{"props":{"scale":[{"frame":0,"value":{"__type__":"cc.Vec2","x":1,"y":1}},{"frame":0.5,"value":{"__type__":"cc.Vec2","x":1,"y":1}}],"rotation":[{"frame":0,"value":0},{"frame":0.25,"value":-29},{"frame":0.5,"value":0}],"opacity":[{"frame":0,"value":255},{"frame":0.5,"value":255}],"position":[{"frame":0,"value":[-7.2,54]},{"frame":0.5,"value":[-7.2,54]}]}},"yz/s/yz18_13":{"props":{"scale":[{"frame":0,"value":{"__type__":"cc.Vec2","x":1,"y":1}},{"frame":0.25,"value":{"__type__":"cc.Vec2","x":1.05,"y":1}},{"frame":0.5,"value":{"__type__":"cc.Vec2","x":1,"y":1}}],"rotation":[{"frame":0,"value":0}],"opacity":[{"frame":0,"value":255}],"position":[{"frame":0,"value":[5.3,52.7]}]}},"yz/s/yz18_12":{"props":{"scale":[{"frame":0,"value":{"__type__":"cc.Vec2","x":1,"y":1}}],"rotation":[{"frame":0,"value":0},{"frame":0.25,"value":-4},{"frame":0.5,"value":0}],"opacity":[{"frame":0,"value":255}],"position":[{"frame":0,"value":[15.6,44.8]}]}},"yz/s/yz18_11":{"props":{"scale":[{"frame":0,"value":{"__type__":"cc.Vec2","x":1,"y":1}}],"rotation":[{"frame":0,"value":0}],"opacity":[{"frame":0,"value":255}],"position":[{"frame":0,"value":[13,46.8]}]}},"yz/s/yz18_10":{"props":{"scale":[{"frame":0,"value":{"__type__":"cc.Vec2","x":1,"y":1}}],"rotation":[{"frame":0,"value":0},{"frame":0.25,"value":4},{"frame":0.5,"value":0}],"opacity":[{"frame":0,"value":255}],"position":[{"frame":0,"value":[7.8,45.5]}]}},"yz/t":{"props":{"scale":[{"frame":0,"value":{"__type__":"cc.Vec2","x":1,"y":1}},{"frame":0.5,"value":{"__type__":"cc.Vec2","x":1,"y":1}}],"rotation":[{"frame":0,"value":0},{"frame":0.5,"value":0}],"opacity":[{"frame":0,"value":255},{"frame":0.5,"value":255}],"position":[{"frame":0,"value":[5.4,57.6]},{"frame":0.25,"value":[5.4,55.2]},{"frame":0.5,"value":[5.4,57.6]}]}},"yz/t/yz18_03":{"props":{"scale":[{"frame":0,"value":{"__type__":"cc.Vec2","x":1,"y":1}}],"rotation":[{"frame":0,"value":0}],"opacity":[{"frame":0,"value":255}],"position":[{"frame":0,"value":[-1.5,31.3]}]}},"yz/t/yz18_02":{"props":{"scale":[{"frame":0,"value":{"__type__":"cc.Vec2","x":1,"y":1}}],"rotation":[{"frame":0,"value":0}],"opacity":[{"frame":0,"value":255}],"position":[{"frame":0,"value":[7.1,23.6]}]}},"yz/t/yz18_01":{"props":{"scale":[{"frame":0,"value":{"__type__":"cc.Vec2","x":1,"y":1}}],"rotation":[{"frame":0,"value":0}],"opacity":[{"frame":0,"value":255}],"position":[{"frame":0,"value":[14.7,28.6]},{"frame":0.25,"value":[14.7,26.7]},{"frame":0.5,"value":[14.7,28.6]}]}},"yz/s/yz18_14/yz18_07":{"props":{"opacity":[{"frame":0,"value":0}]}},"yz/s/yz18_08":{"props":{"opacity":[{"frame":0,"value":0}]}},"yz/t/yz18_03/yz18_06":{"props":{"opacity":[{"frame":0,"value":0}]}}},"props":{"opacity":[{"frame":0,"value":255}]}}},{"__type__":"cc.SpriteFrame","content":{"name":"yz18_18","texture":"03+Sfeu8FFQpI7InT0XVuR","rect":[0,23,18,15],"offset":[-3.5,-11.5],"originalSize":[25,38],"capInsets":[0,0,0,0]}},{"__type__":"cc.SpriteFrame","content":{"name":"yz18_12","texture":"17gUAOJ2RJIrj6eBob1wsW","rect":[0,0,12,14],"offset":[0,0],"originalSize":[12,14],"capInsets":[0,0,0,0]}},{"__type__":"cc.SpriteFrame","content":{"name":"yz18_06","texture":"37X9YY1FBAMY9T/SDUlX6y","rect":[0,0,44,44],"offset":[0,0],"originalSize":[44,44],"capInsets":[0,0,0,0]}},{"__type__":"cc.SpriteFrame","content":{"name":"yz18_15","texture":"78t0hdFJRLjZWjzktaoXwN","rect":[0,0,32,42],"offset":[0,0],"originalSize":[32,42],"capInsets":[0,0,0,0]}},{"__type__":"cc.SpriteFrame","content":{"name":"yz18_11","texture":"50tCZerXdDJI/WCCj0kHun","rect":[0,0,10,9],"offset":[0,0],"originalSize":[10,9],"capInsets":[0,0,0,0]}},[{"__type__":"cc.Prefab","_name":"100018","data":{"__id__":1}},{"__type__":"cc.Node","_name":"100018","_children":[{"__id__":2},{"__id__":3},{"__id__":22}],"_level":1,"_components":[{"__type__":"cc.Animation","node":{"__id__":1},"_clips":[{"__uuid__":"9a/tzdPA9GyKMNxg1QCGBF"},{"__uuid__":"9aGcxYZRhMtqQWPuWLc3Hn"},{"__uuid__":"1ax78yD9hChpGge7p9hmJq"},{"__uuid__":"5eNMK8dD5AJ4eJHZ6B8MYJ"},{"__uuid__":"85T9LGzpZDQqTlAO7epxUZ"},{"__uuid__":"38Qf0taPtDsIi36XuiFhww"}]},{"__type__":"4617f87H3dArpZLFLY7Qcdl","node":{"__id__":1},"m_HpNode":{"__id__":24},"m_HpBg":{"__id__":23},"Label_BeAtk":{"__id__":29},"Label_Name":{"__id__":28},"Label_Level":{"__id__":26},"m_Equipment":{"__uuid__":"69SlLHo5ZFgrwk5vfxrhy3"}}],"_prefab":{"__type__":"cc.PrefabInfo","root":{"__id__":1},"asset":{"__uuid__":"ba5RKtgLpE1ZufvVacPsjg"},"fileId":"926JUBMMpDHrYCDEYqoaFx"},"_position":{"__type__":"cc.Vec3","x":-50,"y":1023},"_scale":{"__type__":"cc.Vec3","x":1,"y":1,"z":1}},{"__type__":"cc.Node","_name":"a","_parent":{"__id__":1},"_components":[{"__type__":"cc.Sprite","node":{"__id__":2},"_spriteFrame":{"__uuid__":"5f7aAAVqFMraYmnnMbxHrz"}}],"_prefab":{"__type__":"cc.PrefabInfo","root":{"__id__":1},"asset":{"__uuid__":"ba5RKtgLpE1ZufvVacPsjg"},"fileId":"4ba1xaxpxJDZUravNmTZZ3"},"_contentSize":{"__type__":"cc.Size","width":54,"height":11},"_position":{"__type__":"cc.Vec3","x":0.81,"y":-35.42},"_scale":{"__type__":"cc.Vec3","x":1,"y":1,"z":1}},{"__type__":"cc.Node","_name":"yz","_parent":{"__id__":1},"_children":[{"__id__":4},{"__id__":17}],"_prefab":{"__type__":"cc.PrefabInfo","root":{"__id__":1},"asset":{"__uuid__":"ba5RKtgLpE1ZufvVacPsjg"},"fileId":"1cRqrUzbxJ8Ljtc8wpJexc"},"_position":{"__type__":"cc.Vec3","x":-6,"y":-36.4},"_scale":{"__type__":"cc.Vec3","x":1,"y":1,"z":1}},{"__type__":"cc.Node","_name":"s","_parent":{"__id__":3},"_children":[{"__id__":5},{"__id__":6},{"__id__":7},{"__id__":8},{"__id__":9},{"__id__":10},{"__id__":13},{"__id__":14},{"__id__":15},{"__id__":16}],"_prefab":{"__type__":"cc.PrefabInfo","root":{"__id__":1},"asset":{"__uuid__":"ba5RKtgLpE1ZufvVacPsjg"},"fileId":"edWWAMrsZA/LJGuvnRPC6R"},"_position":{"__type__":"cc.Vec3","x":-0.6},"_scale":{"__type__":"cc.Vec3","x":1,"y":1,"z":1}},{"__type__":"cc.Node","_name":"yz18_17","_parent":{"__id__":4},"_components":[{"__type__":"cc.Sprite","node":{"__id__":5},"_spriteFrame":{"__uuid__":"19H3fpbsREI490ZFI6GxQS"}}],"_prefab":{"__type__":"cc.PrefabInfo","root":{"__id__":1},"asset":{"__uuid__":"ba5RKtgLpE1ZufvVacPsjg"},"fileId":"72tSd9dtNKYILWk2Sk3dyF"},"_contentSize":{"__type__":"cc.Size","width":33,"height":34},"_anchorPoint":{"__type__":"cc.Vec2","x":0.19794273529013526,"y":0.921436514549242},"_position":{"__type__":"cc.Vec3","x":17.4,"y":49.2},"_scale":{"__type__":"cc.Vec3","x":1,"y":1,"z":1}},{"__type__":"cc.Node","_name":"yz18_16","_parent":{"__id__":4},"_components":[{"__type__":"cc.Sprite","node":{"__id__":6},"_spriteFrame":{"__uuid__":"4178C3EupAvY1s6GGJWBo4"}}],"_prefab":{"__type__":"cc.PrefabInfo","root":{"__id__":1},"asset":{"__uuid__":"ba5RKtgLpE1ZufvVacPsjg"},"fileId":"e4KAV02dpISrColxCR5fpk"},"_contentSize":{"__type__":"cc.Size","width":9,"height":21},"_anchorPoint":{"__type__":"cc.Vec2","x":0.5346107282480054,"y":0.9449950774743546},"_position":{"__type__":"cc.Vec3","x":-2.9,"y":21.8},"_scale":{"__type__":"cc.Vec3","x":1,"y":1,"z":1}},{"__type__":"cc.Node","_name":"yz18_16a","_parent":{"__id__":4},"_components":[{"__type__":"cc.Sprite","node":{"__id__":7},"_spriteFrame":{"__uuid__":"4178C3EupAvY1s6GGJWBo4"}}],"_prefab":{"__type__":"cc.PrefabInfo","root":{"__id__":1},"asset":{"__uuid__":"ba5RKtgLpE1ZufvVacPsjg"},"fileId":"9f/xgrD89Mb7wL1PGtG4eE"},"_contentSize":{"__type__":"cc.Size","width":9,"height":21},"_anchorPoint":{"__type__":"cc.Vec2","x":0.534610728248006,"y":0.9894945852217896},"_position":{"__type__":"cc.Vec3","x":14,"y":21.9},"_scale":{"__type__":"cc.Vec3","x":1,"y":1,"z":1}},{"__type__":"cc.Node","_name":"yz18_15","_parent":{"__id__":4},"_components":[{"__type__":"cc.Sprite","node":{"__id__":8},"_spriteFrame":{"__uuid__":"b4TVzwlxZDGYAWV74JyyTB"}}],"_prefab":{"__type__":"cc.PrefabInfo","root":{"__id__":1},"asset":{"__uuid__":"ba5RKtgLpE1ZufvVacPsjg"},"fileId":"5fpiab74JLL7WAqHAZV4Ss"},"_contentSize":{"__type__":"cc.Size","width":32,"height":42},"_position":{"__type__":"cc.Vec3","x":5.3,"y":38.7},"_scale":{"__type__":"cc.Vec3","x":1,"y":1,"z":1}},{"__type__":"cc.Node","_name":"yz18_08","_parent":{"__id__":4},"_components":[{"__type__":"cc.Sprite","node":{"__id__":9},"_spriteFrame":{"__uuid__":"03/79OV2ZFFYY0gtmvnFHe"}}],"_prefab":{"__type__":"cc.PrefabInfo","root":{"__id__":1},"asset":{"__uuid__":"ba5RKtgLpE1ZufvVacPsjg"},"fileId":"a1vjgHcLZNj7LoHCvzXM9S"},"_contentSize":{"__type__":"cc.Size","width":36,"height":42},"_position":{"__type__":"cc.Vec3","x":36,"y":24},"_scale":{"__type__":"cc.Vec3","x":1,"y":1,"z":1}},{"__type__":"cc.Node","_name":"yz18_14","_parent":{"__id__":4},"_children":[{"__id__":11},{"__id__":12}],"_components":[{"__type__":"cc.Sprite","node":{"__id__":10},"_spriteFrame":{"__uuid__":"401FgDBDpMOpV3mcYSazSX"}}],"_prefab":{"__type__":"cc.PrefabInfo","root":{"__id__":1},"asset":{"__uuid__":"ba5RKtgLpE1ZufvVacPsjg"},"fileId":"09vTTElBhNhZEay3VQpb9r"},"_contentSize":{"__type__":"cc.Size","width":25,"height":38},"_anchorPoint":{"__type__":"cc.Vec2","x":0.8239564164013304,"y":0.9180611648903798},"_position":{"__type__":"cc.Vec3","x":-7.2,"y":54},"_scale":{"__type__":"cc.Vec3","x":1,"y":1,"z":1}},{"__type__":"cc.Node","_name":"yz18_07","_parent":{"__id__":10},"_components":[{"__type__":"cc.Sprite","node":{"__id__":11},"_spriteFrame":{"__uuid__":"8e+7CXyyRIsIF45PRNkssr"}}],"_prefab":{"__type__":"cc.PrefabInfo","root":{"__id__":1},"asset":{"__uuid__":"ba5RKtgLpE1ZufvVacPsjg"},"fileId":"c6VGt8XKdAJ7DsRgYnZ2dD"},"_contentSize":{"__type__":"cc.Size","width":53,"height":31},"_anchorPoint":{"__type__":"cc.Vec2","x":0.34572630829235607,"y":0.6956916026967923},"_position":{"__type__":"cc.Vec3","x":-13.2,"y":-27.6},"_scale":{"__type__":"cc.Vec3","x":1,"y":1,"z":1}},{"__type__":"cc.Node","_name":"yz18_18","_parent":{"__id__":10},"_components":[{"__type__":"cc.Sprite","node":{"__id__":12},"_spriteFrame":{"__uuid__":"9fjxwTeaROCZE7liDrcogN"}}],"_prefab":{"__type__":"cc.PrefabInfo","root":{"__id__":1},"asset":{"__uuid__":"ba5RKtgLpE1ZufvVacPsjg"},"fileId":"51dyT7PPhBTq7CwqYzYOkn"},"_contentSize":{"__type__":"cc.Size","width":18,"height":15},"_position":{"__type__":"cc.Vec3","x":-11.7,"y":-27.1},"_scale":{"__type__":"cc.Vec3","x":1,"y":1,"z":1}},{"__type__":"cc.Node","_name":"yz18_13","_parent":{"__id__":4},"_components":[{"__type__":"cc.Sprite","node":{"__id__":13},"_spriteFrame":{"__uuid__":"1b2HgdCElHBoLpbWnQYViP"}}],"_prefab":{"__type__":"cc.PrefabInfo","root":{"__id__":1},"asset":{"__uuid__":"ba5RKtgLpE1ZufvVacPsjg"},"fileId":"7aS9Lb/fxPG6Md9b8hTOzV"},"_contentSize":{"__type__":"cc.Size","width":35,"height":16},"_position":{"__type__":"cc.Vec3","x":5.3,"y":52.7},"_scale":{"__type__":"cc.Vec3","x":1,"y":1,"z":1}},{"__type__":"cc.Node","_name":"yz18_12","_parent":{"__id__":4},"_components":[{"__type__":"cc.Sprite","node":{"__id__":14},"_spriteFrame":{"__uuid__":"a0ew6DbEhOerNVHm6fk+X2"}}],"_prefab":{"__type__":"cc.PrefabInfo","root":{"__id__":1},"asset":{"__uuid__":"ba5RKtgLpE1ZufvVacPsjg"},"fileId":"efNR5EVE9Oe7H6n2Cy00x1"},"_contentSize":{"__type__":"cc.Size","width":12,"height":14},"_anchorPoint":{"__type__":"cc.Vec2","x":0.2663775843259639,"y":0.7447472926108941},"_position":{"__type__":"cc.Vec3","x":15.6,"y":44.8},"_scale":{"__type__":"cc.Vec3","x":1,"y":1,"z":1}},{"__type__":"cc.Node","_name":"yz18_11","_parent":{"__id__":4},"_components":[{"__type__":"cc.Sprite","node":{"__id__":15},"_spriteFrame":{"__uuid__":"b44Vx1/pVJvIWkfYH5OtqO"}}],"_prefab":{"__type__":"cc.PrefabInfo","root":{"__id__":1},"asset":{"__uuid__":"ba5RKtgLpE1ZufvVacPsjg"},"fileId":"20CxH0WshGdY1yWaJJEHlr"},"_contentSize":{"__type__":"cc.Size","width":10,"height":9},"_position":{"__type__":"cc.Vec3","x":13,"y":46.8},"_scale":{"__type__":"cc.Vec3","x":1,"y":1,"z":1}},{"__type__":"cc.Node","_name":"yz18_10","_parent":{"__id__":4},"_components":[{"__type__":"cc.Sprite","node":{"__id__":16},"_spriteFrame":{"__uuid__":"f24nW+szVIn5damTHxVSNp"}}],"_prefab":{"__type__":"cc.PrefabInfo","root":{"__id__":1},"asset":{"__uuid__":"ba5RKtgLpE1ZufvVacPsjg"},"fileId":"efFiu+Om1NF5ZOE0EcHoy1"},"_contentSize":{"__type__":"cc.Size","width":14,"height":20},"_anchorPoint":{"__type__":"cc.Vec2","x":0.7892468003583312,"y":0.8114965542320488},"_position":{"__type__":"cc.Vec3","x":7.8,"y":45.5},"_scale":{"__type__":"cc.Vec3","x":1,"y":1,"z":1}},{"__type__":"cc.Node","_name":"t","_parent":{"__id__":3},"_children":[{"__id__":18},{"__id__":20},{"__id__":21}],"_prefab":{"__type__":"cc.PrefabInfo","root":{"__id__":1},"asset":{"__uuid__":"ba5RKtgLpE1ZufvVacPsjg"},"fileId":"62v2W5TCBJDLrM+ogvqHXy"},"_position":{"__type__":"cc.Vec3","x":5.4,"y":57.6},"_scale":{"__type__":"cc.Vec3","x":1,"y":1,"z":1}},{"__type__":"cc.Node","_name":"yz18_03","_parent":{"__id__":17},"_children":[{"__id__":19}],"_components":[{"__type__":"cc.Sprite","node":{"__id__":18},"_spriteFrame":{"__uuid__":"f4kj3t78VFp55FSe2NGHAh"}}],"_prefab":{"__type__":"cc.PrefabInfo","root":{"__id__":1},"asset":{"__uuid__":"ba5RKtgLpE1ZufvVacPsjg"},"fileId":"0bhS1ymJ1Jxpt27gkZzBho"},"_contentSize":{"__type__":"cc.Size","width":81,"height":66},"_position":{"__type__":"cc.Vec3","x":-1.5,"y":31.3},"_scale":{"__type__":"cc.Vec3","x":1,"y":1,"z":1}},{"__type__":"cc.Node","_name":"yz18_06","_parent":{"__id__":18},"_components":[{"__type__":"cc.Sprite","node":{"__id__":19},"_spriteFrame":{"__uuid__":"a7jtigRGBAE6BmyIssVh63"}}],"_prefab":{"__type__":"cc.PrefabInfo","root":{"__id__":1},"asset":{"__uuid__":"ba5RKtgLpE1ZufvVacPsjg"},"fileId":"458hiLXH9MfpzoDPVr8P+E"},"_contentSize":{"__type__":"cc.Size","width":44,"height":44},"_position":{"__type__":"cc.Vec3","x":-12.7,"y":35.8},"_scale":{"__type__":"cc.Vec3","x":1,"y":1,"z":1}},{"__type__":"cc.Node","_name":"yz18_02","_parent":{"__id__":17},"_components":[{"__type__":"cc.Sprite","node":{"__id__":20},"_spriteFrame":{"__uuid__":"81TSoVe/lApZFLzO7a2+6l"}}],"_prefab":{"__type__":"cc.PrefabInfo","root":{"__id__":1},"asset":{"__uuid__":"ba5RKtgLpE1ZufvVacPsjg"},"fileId":"f1Z1nVXhlL35DXxQZ0jkHQ"},"_contentSize":{"__type__":"cc.Size","width":67,"height":78},"_position":{"__type__":"cc.Vec3","x":7.1,"y":23.6},"_scale":{"__type__":"cc.Vec3","x":1,"y":1,"z":1}},{"__type__":"cc.Node","_name":"yz18_01","_parent":{"__id__":17},"_components":[{"__type__":"cc.Sprite","node":{"__id__":21},"_spriteFrame":{"__uuid__":"ecNvUzYOREdYtyzUsyGRUD"}}],"_prefab":{"__type__":"cc.PrefabInfo","root":{"__id__":1},"asset":{"__uuid__":"ba5RKtgLpE1ZufvVacPsjg"},"fileId":"07GZcx28pH6r7e21SICHOR"},"_contentSize":{"__type__":"cc.Size","width":37,"height":21},"_position":{"__type__":"cc.Vec3","x":14.7,"y":28.6},"_scale":{"__type__":"cc.Vec3","x":1,"y":1,"z":1}},{"__type__":"cc.Node","_name":"MonsterInfoShow","_parent":{"__id__":1},"_children":[{"__id__":23},{"__id__":24},{"__id__":25},{"__id__":27},{"__id__":29}],"_level":2,"_prefab":{"__type__":"cc.PrefabInfo","root":{"__id__":1},"asset":{"__uuid__":"ba5RKtgLpE1ZufvVacPsjg"},"fileId":"62IHwf/SxIMaFJhNiNQiPj"},"_position":{"__type__":"cc.Vec3","y":25},"_scale":{"__type__":"cc.Vec3","x":1,"y":1,"z":1}},{"__type__":"cc.Node","_name":"HpBg","_parent":{"__id__":22},"_components":[{"__type__":"cc.Sprite","node":{"__id__":23},"_spriteFrame":{"__uuid__":"f1NJNkWidMSotPy+CHF296"},"_sizeMode":0}],"_prefab":{"__type__":"cc.PrefabInfo","root":{"__id__":1},"asset":{"__uuid__":"ba5RKtgLpE1ZufvVacPsjg"},"fileId":"cchcE9KWBM+5w8fRWC0POD"},"_contentSize":{"__type__":"cc.Size","width":97,"height":10},"_anchorPoint":{"__type__":"cc.Vec2","y":0.5},"_position":{"__type__":"cc.Vec3","x":-48.9,"y":94},"_scale":{"__type__":"cc.Vec3","x":1,"y":1,"z":1}},{"__type__":"cc.Node","_name":"Hp","_parent":{"__id__":22},"_components":[{"__type__":"cc.Sprite","node":{"__id__":24},"_spriteFrame":{"__uuid__":"c4iQnAOfxI36ExvzHWBhV0"},"_sizeMode":0}],"_prefab":{"__type__":"cc.PrefabInfo","root":{"__id__":1},"asset":{"__uuid__":"ba5RKtgLpE1ZufvVacPsjg"},"fileId":"5fshErap9MPJf7CoQG0orB"},"_contentSize":{"__type__":"cc.Size","width":97,"height":8},"_anchorPoint":{"__type__":"cc.Vec2","y":0.5},"_position":{"__type__":"cc.Vec3","x":-48.9,"y":94},"_scale":{"__type__":"cc.Vec3","x":1,"y":1,"z":1}},{"__type__":"cc.Node","_name":"Label_Level","_parent":{"__id__":22},"_components":[{"__id__":26},{"__type__":"cc.LabelOutline","node":{"__id__":25},"_color":{"__type__":"cc.Color"},"_width":2}],"_prefab":{"__type__":"cc.PrefabInfo","root":{"__id__":1},"asset":{"__uuid__":"ba5RKtgLpE1ZufvVacPsjg"},"fileId":"61LI2XFjxAU6INKiw8i12w"},"_contentSize":{"__type__":"cc.Size","width":40.11,"height":12},"_position":{"__type__":"cc.Vec3","y":131.1},"_scale":{"__type__":"cc.Vec3","x":1,"y":1,"z":1}},{"__type__":"cc.Label","node":{"__id__":25},"_srcBlendFactor":1,"_useOriginalSize":false,"_string":"Lv.999","_N$string":"Lv.999","_fontSize":12,"_lineHeight":12},{"__type__":"cc.Node","_name":"Label_Name","_parent":{"__id__":22},"_components":[{"__id__":28},{"__type__":"cc.LabelOutline","node":{"__id__":27},"_color":{"__type__":"cc.Color"},"_width":2}],"_prefab":{"__type__":"cc.PrefabInfo","root":{"__id__":1},"asset":{"__uuid__":"ba5RKtgLpE1ZufvVacPsjg"},"fileId":"e2EH33gUtFIqaWvvt9WUWt"},"_color":{"__type__":"cc.Color","r":30,"g":216,"b":47},"_contentSize":{"__type__":"cc.Size","width":130,"height":20},"_position":{"__type__":"cc.Vec3","y":111.5},"_scale":{"__type__":"cc.Vec3","x":1,"y":1,"z":1}},{"__type__":"cc.Label","node":{"__id__":27},"_srcBlendFactor":1,"_useOriginalSize":false,"_string":"最长的角色名称","_N$string":"最长的角色名称","_fontSize":18,"_lineHeight":20,"_N$horizontalAlign":1,"_N$verticalAlign":1},{"__type__":"cc.Node","_name":"Label_BeAtk","_parent":{"__id__":22},"_active":false,"_components":[{"__type__":"cc.Label","node":{"__id__":29},"_useOriginalSize":false,"_string":"-1299","_N$string":"-1299","_fontSize":31,"_lineHeight":31,"_N$file":{"__uuid__":"4dneJ3qepHxaVpN8l1oFJI"},"_isSystemFontUsed":false,"_spacingX":-30,"_N$horizontalAlign":1,"_N$verticalAlign":1}],"_prefab":{"__type__":"cc.PrefabInfo","root":{"__id__":1},"asset":{"__uuid__":"ba5RKtgLpE1ZufvVacPsjg"},"fileId":"94OiSnbGZL6rghPTVgxiPq"},"_color":{"__type__":"cc.Color","r":203,"g":14,"b":14},"_contentSize":{"__type__":"cc.Size","width":175.47,"height":30.03},"_position":{"__type__":"cc.Vec3","x":-1,"y":140},"_scale":{"__type__":"cc.Vec3","x":1,"y":1,"z":1}}],{"__type__":"cc.SpriteFrame","content":{"name":"Sprite_Hp","texture":"5eXTLZHLhCr4iL4/+bsvRK","rect":[2,3,101,8],"offset":[0,0],"originalSize":[105,14],"capInsets":[0,0,0,0]}},{"__type__":"cc.SpriteFrame","content":{"name":"yz18_01","texture":"70y98gcz9KTan3LMcEv9io","rect":[0,0,37,21],"offset":[0,0],"originalSize":[37,21],"capInsets":[0,0,0,0]}},{"__type__":"cc.SpriteFrame","content":{"name":"Sprite_HpBg","texture":"d6spVuKEFNyYxHFhxkhRhq","rect":[0,0,105,14],"offset":[0,0],"originalSize":[105,14],"capInsets":[0,0,0,0]}},{"__type__":"cc.SpriteFrame","content":{"name":"yz18_10","texture":"a9XwsrgMZFIJ+F/EP0TpwI","rect":[0,0,14,20],"offset":[0,0],"originalSize":[14,20],"capInsets":[0,0,0,0]}},{"__type__":"cc.SpriteFrame","content":{"name":"yz18_03","texture":"79435/kd1JBqiR7JOqcGM2","rect":[0,0,81,66],"offset":[0,0],"originalSize":[81,66],"capInsets":[0,0,0,0]}}]