[{"__type__":"cc.SpriteFrame","content":{"name":"Sprite_ComposeTip","texture":"14Itnvh5dOUKkXLKwcFkP7","rect":[0,0,36,62],"offset":[0,0],"originalSize":[36,62],"capInsets":[0,0,0,0]}},{"__type__":"cc.SpriteFrame","content":{"name":"gong_01","texture":"00fbDTWC1CSZrbNWFC+ed/","rect":[0,0,183,356],"offset":[0,0],"originalSize":[183,356],"capInsets":[0,0,0,0]}},[{"__type__":"cc.Prefab","_name":"100005","data":{"__id__":1}},{"__type__":"cc.Node","_name":"100005","_objFlags":512,"_children":[{"__id__":2},{"__type__":"cc.Node","_name":"a","_parent":{"__id__":1},"_prefab":{"__type__":"cc.PrefabInfo","root":{"__id__":1},"asset":{"__uuid__":"9dgpSeGC5JGJRqel5fl4Ul"},"fileId":"2dJAPQKvZC54h8sL7b6U7T"},"_scale":{"__type__":"cc.Vec3","x":1,"y":1,"z":1}},{"__id__":4},{"__id__":5},{"__id__":6}],"_level":1,"_components":[{"__type__":"cc.Animation","node":{"__id__":1},"_clips":[{"__uuid__":"ecIF94FpJIYZA8bRaKd0YW"},{"__uuid__":"a0IyHcSgxCB7zEiSGMZvce"}]},{"__type__":"056443TVNdNE5utvzC0JgXI","node":{"__id__":1},"m_Bullet":{"__uuid__":"9cZPZDgFpGKILYzNj/btut"}}],"_prefab":{"__type__":"cc.PrefabInfo","root":{"__id__":1},"asset":{"__uuid__":"9dgpSeGC5JGJRqel5fl4Ul"},"fileId":"a3r6rRqUBJeJsqf7xeaDHw"},"_position":{"__type__":"cc.Vec3","y":-50},"_scale":{"__type__":"cc.Vec3","x":1,"y":1,"z":1}},{"__type__":"cc.Node","_name":"gong","_parent":{"__id__":1},"_children":[{"__id__":3}],"_active":false,"_level":2,"_components":[{"__type__":"cc.Animation","node":{"__id__":2},"_clips":[{"__uuid__":"e8zYxSi8hGmrwbhw/JkTnj"}]}],"_prefab":{"__type__":"cc.PrefabInfo","root":{"__id__":1},"asset":{"__uuid__":"9dgpSeGC5JGJRqel5fl4Ul"},"fileId":"b7HE6xGk1PM6WbuSYazGju"},"_position":{"__type__":"cc.Vec3","y":124},"_scale":{"__type__":"cc.Vec3","x":1,"y":1,"z":1}},{"__type__":"cc.Node","_name":"gong_01","_parent":{"__id__":2},"_level":3,"_components":[{"__type__":"cc.Sprite","node":{"__id__":3},"_dstBlendFactor":770,"_spriteFrame":{"__uuid__":"3bS/RbrQtP6YqrL+Uk683g"},"_isTrimmedMode":false}],"_prefab":{"__type__":"cc.PrefabInfo","root":{"__id__":1},"asset":{"__uuid__":"9dgpSeGC5JGJRqel5fl4Ul"},"fileId":"52aeCa3ldBpp6VpXmKcHLw"},"_opacity":250,"_contentSize":{"__type__":"cc.Size","width":183,"height":356},"_scale":{"__type__":"cc.Vec3","x":1,"y":1,"z":1}},{"__type__":"cc.Node","_name":"monster05a_01","_parent":{"__id__":1},"_components":[{"__type__":"cc.Sprite","node":{"__id__":4},"_spriteFrame":{"__uuid__":"b8iHGMVOxBeJfoSZwuFbHr"},"_sizeMode":0,"_isTrimmedMode":false}],"_prefab":{"__type__":"cc.PrefabInfo","root":{"__id__":1},"asset":{"__uuid__":"9dgpSeGC5JGJRqel5fl4Ul"},"fileId":"b8CoTFuntA/rluci6A6Vs+"},"_contentSize":{"__type__":"cc.Size","width":140,"height":120},"_anchorPoint":{"__type__":"cc.Vec2","x":0.5},"_scale":{"__type__":"cc.Vec3","x":1,"y":1,"z":1}},{"__type__":"cc.Node","_name":"Sprite_ComposeTip","_parent":{"__id__":1},"_level":2,"_components":[{"__type__":"cc.Sprite","node":{"__id__":5},"_spriteFrame":{"__uuid__":"0fCg3ssHRPY7HtK9XbaKBP"}},{"__type__":"cc.Animation","node":{"__id__":5},"_clips":[{"__uuid__":"32CGtg5LRFRLGhywg4W/jn"}]}],"_prefab":{"__type__":"cc.PrefabInfo","root":{"__id__":1},"asset":{"__uuid__":"9dgpSeGC5JGJRqel5fl4Ul"},"fileId":"8b+9IOaApLPbqG1uTJqJSn"},"_contentSize":{"__type__":"cc.Size","width":36,"height":62},"_scale":{"__type__":"cc.Vec3","x":1,"y":1,"z":1}},{"__type__":"cc.Node","_name":"sudu","_parent":{"__id__":1},"_children":[{"__id__":7}],"_active":false,"_level":2,"_components":[{"__type__":"cc.Animation","node":{"__id__":6},"_clips":[{"__uuid__":"870zAbGWNPipnzaxSB2dhj"}]}],"_prefab":{"__type__":"cc.PrefabInfo","root":{"__id__":1},"asset":{"__uuid__":"9dgpSeGC5JGJRqel5fl4Ul"},"fileId":"cc8+W+xHlFiqkbkq2zY5we"},"_position":{"__type__":"cc.Vec3","y":100},"_scale":{"__type__":"cc.Vec3","x":1,"y":1,"z":1}},{"__type__":"cc.Node","_name":"sudu_01","_parent":{"__id__":6},"_level":3,"_components":[{"__type__":"cc.Sprite","node":{"__id__":7},"_dstBlendFactor":770,"_spriteFrame":{"__uuid__":"f9YjgVsotHnoVcPZoDLPIs"}}],"_prefab":{"__type__":"cc.PrefabInfo","root":{"__id__":1},"asset":{"__uuid__":"9dgpSeGC5JGJRqel5fl4Ul"},"fileId":"a6Y6TFA0dLBr4gIUdce4Th"},"_contentSize":{"__type__":"cc.Size","width":214,"height":327},"_scale":{"__type__":"cc.Vec3","x":1,"y":1,"z":1}}],{"__type__":"cc.SpriteFrame","content":{"name":"monster05a_01","texture":"06S4kLQxROvJKau+vJuD18","rect":[15,6,107,100],"offset":[-1.5,4],"originalSize":[140,120],"capInsets":[0,0,0,0]}},{"__type__":"cc.SpriteFrame","content":{"name":"sudu_01","texture":"8cIMH0t59NBJCFKKT857yc","rect":[0,0,214,327],"offset":[0,0],"originalSize":[214,327],"capInsets":[0,0,0,0]}}]