[{"__type__":"cc.SpriteFrame","content":{"name":"yz02_02","texture":"c1PGXe7KtNd7sXPx7D973d","rect":[0,0,68,48],"offset":[0,0.5],"originalSize":[68,49],"capInsets":[0,0,0,0]}},{"__type__":"cc.AnimationClip","_name":"100002Run","_duration":0.5,"wrapMode":"2","curveData":{"paths":{"ren/yz01_15":{"props":{"position":[{"frame":0,"value":[6.6,-24.13]},{"frame":0.25,"value":[7.2,-30.93]},{"frame":0.5,"value":[6.6,-24.13]}],"rotation":[{"frame":0,"value":0}],"opacity":[{"frame":0,"value":255}]}},"ren/yz01_13":{"props":{"position":[{"frame":0,"value":[6.7,-13.2]},{"frame":0.25,"value":[6.7,-16.6]},{"frame":0.5,"value":[6.7,-13.2]}],"rotation":[{"frame":0,"value":0}],"opacity":[{"frame":0,"value":255}]}},"ren/yz01_12":{"props":{"position":[{"frame":0,"value":[-4.5,-16.1]},{"frame":0.25,"value":[-3.2,-13.5]},{"frame":0.5,"value":[-4.5,-16.1]}],"rotation":[{"frame":0,"value":0}],"opacity":[{"frame":0,"value":255}]}},"ren/yz01_14":{"props":{"position":[{"frame":0,"value":[-6.65,-29.15]},{"frame":0.25,"value":[-5.28,-22.44]},{"frame":0.5,"value":[-6.65,-29.15]}],"rotation":[{"frame":0,"value":0}],"opacity":[{"frame":0,"value":255}]}},"ren/yz01_10":{"props":{"rotation":[{"frame":0,"value":0},{"frame":0.25,"value":-14},{"frame":0.5,"value":0}],"position":[{"frame":0,"value":[-8.3,8.9]}],"opacity":[{"frame":0,"value":255}]}},"ren/yz01_10/yz01_11":{"props":{"rotation":[{"frame":0,"value":0},{"frame":0.25,"value":-16},{"frame":0.5,"value":0}],"opacity":[{"frame":0,"value":255}]}},"ren/yz01_01":{"props":{"position":[{"frame":0,"value":[20.6,-3]},{"frame":0.25,"value":[25,3.3]},{"frame":0.5,"value":[20.6,-3]}],"scale":[{"frame":0,"value":{"__type__":"cc.Vec2","x":1,"y":1}},{"frame":0.25,"value":{"__type__":"cc.Vec2","x":1.01,"y":1.01}},{"frame":0.5,"value":{"__type__":"cc.Vec2","x":1,"y":1}}],"rotation":[{"frame":0,"value":11}]},"comps":{"cc.Sprite":{"spriteFrame":[{"frame":0,"value":{"__uuid__":"cfe3HJXt9C84+eXoUf0k2i"}}]}}},"ren/tou/yz01_08":{"props":{"rotation":[{"frame":0,"value":0},{"frame":0.25,"value":32},{"frame":0.5,"value":0}]}},"ren/tou/yz01_06":{"props":{"position":[{"frame":0,"value":[7.4,14.7]},{"frame":0.25,"value":[7.4,9.6]},{"frame":0.5,"value":[7.4,14.7]}]}},"ren/tou/yz01_02":{"props":{"rotation":[{"frame":0,"value":-9},{"frame":0.25,"value":5},{"frame":0.5,"value":-9}],"position":[{"frame":0,"value":[17.6,44.1]},{"frame":0.25,"value":[17.6,38.9]},{"frame":0.5,"value":[17.6,44.1]}]}},"ren/tou/yz01_04":{"props":{"rotation":[{"frame":0,"value":0},{"frame":0.25,"value":-21},{"frame":0.5,"value":0}],"opacity":[{"frame":0,"value":0}],"scale":[]}},"ren/tou/yz01_03":{"props":{"position":[{"frame":0,"value":[2.7,31]},{"frame":0.25,"value":[2.8,27.4]},{"frame":0.5,"value":[2.7,31]}],"scale":[{"frame":0,"value":{"__type__":"cc.Vec2","x":1,"y":1}},{"frame":0.25,"value":{"__type__":"cc.Vec2","x":1.02,"y":1.02}},{"frame":0.5,"value":{"__type__":"cc.Vec2","x":1,"y":1}}]}},"ren/tou":{"props":{"position":[{"frame":0,"value":[-2.6,10.3]},{"frame":0.25,"value":[-2.6,9.5]},{"frame":0.5,"value":[-2.6,10.3]}],"opacity":[{"frame":0,"value":255}],"rotation":[{"frame":0,"value":0}]}},"ren/tou/yz01_05":{"props":{"scale":[{"frame":0,"value":{"__type__":"cc.Vec2","x":1,"y":1}},{"frame":0.25,"value":{"__type__":"cc.Vec2","x":1,"y":0.95}},{"frame":0.5,"value":{"__type__":"cc.Vec2","x":1,"y":1}}],"position":[{"frame":0,"value":[1.7,28]},{"frame":0.25,"value":[1.7,25.4]},{"frame":0.5,"value":[1.7,28]}]}},"ren/tou/yz01_07":{"props":{"position":[{"frame":0,"value":[-1.1,34.1]},{"frame":0.25,"value":[-1.1,33]},{"frame":0.5,"value":[-1.1,34.1]}]}},"a":{"props":{"scale":[{"frame":0,"value":{"__type__":"cc.Vec2","x":1,"y":1}},{"frame":0.25,"value":{"__type__":"cc.Vec2","x":0.9,"y":1}},{"frame":0.5,"value":{"__type__":"cc.Vec2","x":1,"y":1}}]}},"ren/yz01_09":{"props":{"rotation":[{"frame":0,"value":5},{"frame":0.25,"value":1},{"frame":0.5,"value":5}],"scale":[{"frame":0,"value":{"__type__":"cc.Vec2","x":1.03,"y":1}},{"frame":0.25,"value":{"__type__":"cc.Vec2","x":1.03,"y":0.96}},{"frame":0.5,"value":{"__type__":"cc.Vec2","x":1.03,"y":1}}],"position":[{"frame":0,"value":[0.1,11.3]},{"frame":0.25,"value":[0,10.5]},{"frame":0.5,"value":[0.1,11.3]}],"opacity":[{"frame":0,"value":255}]}},"ren/tou/yz02_02":{"props":{"opacity":[{"frame":0,"value":255}],"scale":[{"frame":0,"value":{"__type__":"cc.Vec2","x":1,"y":1}},{"frame":0.25,"value":{"__type__":"cc.Vec2","x":1.02,"y":1.05}},{"frame":0.5,"value":{"__type__":"cc.Vec2","x":1,"y":1}}],"position":[{"frame":0,"value":[-0.9,48]},{"frame":0.25,"value":[-0.1,41]},{"frame":0.5,"value":[-0.9,48]}]},"comps":{"cc.Sprite":{"spriteFrame":[{"frame":0,"value":{"__uuid__":"06hki2E69IMaByT3JUy0LQ"}}]}}},"New Node":{"props":{"color":[{"frame":0.21666666666666667,"value":{"__type__":"cc.Color","r":255}}],"opacity":[{"frame":0.21666666666666667,"value":0},{"frame":0.25,"value":255},{"frame":0.4,"value":0}]}}}}},{"__type__":"cc.SpriteFrame","content":{"name":"yz02_01","texture":"e7lVD0IdtNV6EfSP4MmjTg","rect":[0,0,44,49],"offset":[0,0],"originalSize":[44,49],"capInsets":[0,0,0,0]}}]