[{"__type__":"cc.SpriteFrame","content":{"name":"monster12b_02","texture":"0cavxIXo5CuatvoXJB65Jl","rect":[15,17,98,104],"offset":[-6,1],"originalSize":[140,140],"capInsets":[0,0,0,0]}},{"__type__":"cc.SpriteFrame","content":{"name":"monster12b_03","texture":"47PP1zK/dCO7t3uhjVVTkk","rect":[8,11,90,110],"offset":[-17,4],"originalSize":[140,140],"capInsets":[0,0,0,0]}},{"__type__":"cc.SpriteFrame","content":{"name":"monster12b_04","texture":"93Sga8SxdKn6Ox1v3muq2U","rect":[17,21,106,101],"offset":[0,-1.5],"originalSize":[140,140],"capInsets":[0,0,0,0]}},{"__type__":"cc.SpriteFrame","content":{"name":"monster12a_01","texture":"9ekpGRIihGort8JT+88FkI","rect":[18,25,113,96],"offset":[4.5,-3],"originalSize":[140,140],"capInsets":[0,0,0,0]}},{"__type__":"cc.SpriteFrame","content":{"name":"monster12b_06","texture":"9aVnfPfplFmIW3g5WCS3FO","rect":[15,26,118,95],"offset":[4,-3.5],"originalSize":[140,140],"capInsets":[0,0,0,0]}},{"__type__":"cc.AnimationClip","_name":"Atk","_duration":1,"sample":6,"speed":1.5,"wrapMode":"1","curveData":{"paths":{"monster12a_01":{"props":{"width":[{"frame":0,"value":140}],"height":[{"frame":0,"value":140}]},"comps":{"cc.Sprite":{"spriteFrame":[{"frame":0,"value":{"__uuid__":"6aU38R4c9JN7gVK2KtK1wZ"}},{"frame":0.16666666666666666,"value":{"__uuid__":"1fZvAwUzRMnIvRiRmCGzib"}},{"frame":0.3333333333333333,"value":{"__uuid__":"20T2aM8M5FsJt5cGmHyXXY"}},{"frame":0.5,"value":{"__uuid__":"252/U/vYpAm59JkAs++Vld"}},{"frame":0.6666666666666666,"value":{"__uuid__":"c72PYnes5GBK8WH9Z4sI4F"}},{"frame":0.8333333333333334,"value":{"__uuid__":"9fUuqajvJFYrFL1VofrzWg"}}]}}}}},"events":[{"frame":1,"func":"AfterAtk","params":[]}]},{"__type__":"cc.SpriteFrame","content":{"name":"monster12b_05","texture":"97yjh1lWpDHo2UE1TGihJs","rect":[12,32,124,108],"offset":[4,-16],"originalSize":[140,140],"capInsets":[0,0,0,0]}}]