[{"__type__":"cc.SpriteFrame","content":{"name":"monster24a_02","texture":"ecMB4YpVpFT6bBgIkxfwYC","rect":[8,17,136,134],"offset":[-14,1],"originalSize":[180,170],"capInsets":[0,0,0,0]}},{"__type__":"cc.SpriteFrame","content":{"name":"monster24a_03","texture":"cbk/uqBeJCb5MI3OUbfQJv","rect":[9,13,133,133],"offset":[-14.5,5.5],"originalSize":[180,170],"capInsets":[0,0,0,0]}},{"__type__":"cc.SpriteFrame","content":{"name":"monster24a_01","texture":"c1MLWyYhtPW4R8Di2xeIH3","rect":[7,21,139,134],"offset":[-13.5,-3],"originalSize":[180,170],"capInsets":[0,0,0,0]}},{"__type__":"cc.AnimationClip","_name":"Run","_duration":0.6666666666666666,"sample":6,"speed":1.5,"wrapMode":"2","curveData":{"paths":{"monster24a_01":{"comps":{"cc.Sprite":{"spriteFrame":[{"frame":0,"value":{"__uuid__":"dd5J2/IUZIaIFWjdja5LIT"}},{"frame":0.16666666666666666,"value":{"__uuid__":"37tcG9UbREGbq1zEaYOevX"}},{"frame":0.3333333333333333,"value":{"__uuid__":"88yfJGhN5OwasF433jYemJ"}},{"frame":0.5,"value":{"__uuid__":"37tcG9UbREGbq1zEaYOevX"}}]}}}}}}]