[{"__type__":"cc.SpriteFrame","content":{"name":"monster08b_05_09","texture":"84Ns7RoOBF07xZ5uuUy3aF","rect":[13,10,73,94],"offset":[-0.5,3],"originalSize":[100,120],"capInsets":[0,0,0,0]}},{"__type__":"cc.SpriteFrame","content":{"name":"monster08b_06_08_10","texture":"c1uZx5pEpCjIgsOGWWrmHa","rect":[14,11,73,93],"offset":[0.5,2.5],"originalSize":[100,120],"capInsets":[0,0,0,0]}},{"__type__":"cc.AnimationClip","_name":"Atk","_duration":2,"sample":6,"speed":1.5,"wrapMode":"1","curveData":{"paths":{"monster08a_01":{"props":{"width":[{"frame":0,"value":100}],"height":[{"frame":0,"value":120}]},"comps":{"cc.Sprite":{"spriteFrame":[{"frame":0,"value":{"__uuid__":"a01snn5TJBsZdU+aEWY6P2"}},{"frame":0.16666666666666666,"value":{"__uuid__":"4a/ZUumvFD8pepXEoeQfjK"}},{"frame":0.3333333333333333,"value":{"__uuid__":"e2l3dXp+RHIpPRVak/ZCws"}},{"frame":0.5,"value":{"__uuid__":"d62rQJNPtIJrrpOnE47Bno"}},{"frame":0.6666666666666666,"value":{"__uuid__":"17lE9xZi1EvITUTN+BZBqx"}},{"frame":0.8333333333333334,"value":{"__uuid__":"2b5JR6/eZMNKH5qzjPPvhv"}},{"frame":1,"value":{"__uuid__":"e2TrCSnV1CIYcciUbU596W"}},{"frame":1.1666666666666667,"value":{"__uuid__":"2b5JR6/eZMNKH5qzjPPvhv"}},{"frame":1.3333333333333333,"value":{"__uuid__":"17lE9xZi1EvITUTN+BZBqx"}},{"frame":1.5,"value":{"__uuid__":"2b5JR6/eZMNKH5qzjPPvhv"}},{"frame":1.6666666666666667,"value":{"__uuid__":"e2TrCSnV1CIYcciUbU596W"}},{"frame":1.8333333333333333,"value":{"__uuid__":"f0oqXXNBROJZ3dDThU3aCf"}}]}}}}},"events":[{"frame":2,"func":"AfterAtk","params":[]}]},{"__type__":"cc.SpriteFrame","content":{"name":"monster08b_02","texture":"bb0/JVz5pI5Zd609HZRLYq","rect":[15,11,72,98],"offset":[1,0],"originalSize":[100,120],"capInsets":[0,0,0,0]}},{"__type__":"cc.SpriteFrame","content":{"name":"monster08a_01","texture":"bbS3VMt+9II7pNzGa8BkUp","rect":[3,11,85,94],"offset":[-4.5,2],"originalSize":[100,120],"capInsets":[0,0,0,0]}},{"__type__":"cc.SpriteFrame","content":{"name":"monster08b_04","texture":"d0soyYixRP9Jl5t+9XZ+oU","rect":[14,11,73,93],"offset":[0.5,2.5],"originalSize":[100,120],"capInsets":[0,0,0,0]}},{"__type__":"cc.SpriteFrame","content":{"name":"monster08b_07_11","texture":"08XDfHWoFKWLs0AyH11PF/","rect":[12,12,81,92],"offset":[2.5,2],"originalSize":[100,120],"capInsets":[0,0,0,0]}},{"__type__":"cc.SpriteFrame","content":{"name":"monster08b_03","texture":"a3gC1Z6tlHxpSkW/5nAkx6","rect":[15,11,72,93],"offset":[1,2.5],"originalSize":[100,120],"capInsets":[0,0,0,0]}},{"__type__":"cc.SpriteFrame","content":{"name":"monster08b_12","texture":"f7OdnyX4JBt5zZODQVZuLb","rect":[12,12,79,96],"offset":[1.5,0],"originalSize":[100,120],"capInsets":[0,0,0,0]}}]