[{"__type__":"cc.SpriteFrame","content":{"name":"yz18_07","texture":"3dKljNeiRHdYdqReg7yz8V","rect":[0,0,53,31],"offset":[0,0],"originalSize":[53,31],"capInsets":[0,0,0,0]}},{"__type__":"cc.AnimationClip","_name":"100019Die","_duration":1,"wrapMode":"1","curveData":{"paths":{"a":{"props":{"scale":[]}},"yz":{"props":{"scale":[{"frame":0,"value":{"__type__":"cc.Vec2","x":1,"y":1}},{"frame":0.25,"value":{"__type__":"cc.Vec2","x":0.99,"y":1.03}},{"frame":0.5,"value":{"__type__":"cc.Vec2","x":1,"y":1}}],"rotation":[{"frame":0,"value":0},{"frame":0.25,"value":-5},{"frame":0.5,"value":0}],"opacity":[{"frame":0,"value":255},{"frame":0.5,"value":255}],"position":[{"frame":0,"value":[-6,-36.4]},{"frame":0.25,"value":[-6,-36.4]},{"frame":0.5,"value":[2.1,-53.4]}]}},"yz/s":{"props":{"scale":[{"frame":0,"value":{"__type__":"cc.Vec2","x":1,"y":1}}],"rotation":[{"frame":0,"value":0}],"opacity":[{"frame":0,"value":255}],"position":[{"frame":0,"value":[-0.6,0]}]}},"yz/s/yz18_16":{"props":{"scale":[{"frame":0,"value":{"__type__":"cc.Vec2","x":1,"y":1}}],"rotation":[{"frame":0,"value":0},{"frame":0.25,"value":0},{"frame":0.5,"value":84}],"opacity":[{"frame":0,"value":255}],"position":[{"frame":0,"value":[-2.9,21.8]}]}},"yz/s/yz18_16a":{"props":{"scale":[{"frame":0,"value":{"__type__":"cc.Vec2","x":1,"y":1}},{"frame":0.5,"value":{"__type__":"cc.Vec2","x":1,"y":1}}],"rotation":[{"frame":0,"value":0},{"frame":0.25,"value":-12},{"frame":0.5,"value":78}],"opacity":[{"frame":0,"value":255},{"frame":0.5,"value":255}],"position":[{"frame":0,"value":[14,21.9]},{"frame":0.5,"value":[14,21.9]}]}},"yz/s/yz18_17":{"props":{"scale":[{"frame":0,"value":{"__type__":"cc.Vec2","x":1,"y":1}},{"frame":0.5,"value":{"__type__":"cc.Vec2","x":1,"y":1}}],"rotation":[{"frame":0,"value":0},{"frame":0.25,"value":-15},{"frame":0.5,"value":-2},{"frame":0.75,"value":27},{"frame":1,"value":27}],"opacity":[{"frame":0,"value":255},{"frame":0.5,"value":255}],"position":[{"frame":0,"value":[17.4,49.2]},{"frame":0.5,"value":[17.4,49.2]},{"frame":0.75,"value":[17.8,50.8]},{"frame":1,"value":[17.8,50.8]}]}},"yz/s/yz18_15":{"props":{"scale":[{"frame":0,"value":{"__type__":"cc.Vec2","x":1,"y":1}},{"frame":0.25,"value":{"__type__":"cc.Vec2","x":1,"y":1}},{"frame":0.5,"value":{"__type__":"cc.Vec2","x":1.1,"y":0.98}}],"rotation":[{"frame":0,"value":0},{"frame":0.25,"value":0},{"frame":0.5,"value":9}],"opacity":[{"frame":0,"value":255}],"position":[{"frame":0,"value":[5.3,38.7]}]}},"yz/s/yz18_14":{"props":{"scale":[{"frame":0,"value":{"__type__":"cc.Vec2","x":1,"y":1}},{"frame":0.5,"value":{"__type__":"cc.Vec2","x":1,"y":1}}],"rotation":[{"frame":0,"value":0},{"frame":0.25,"value":22},{"frame":0.5,"value":-24},{"frame":0.75,"value":-18}],"opacity":[{"frame":0,"value":255},{"frame":0.5,"value":255}],"position":[{"frame":0,"value":[-7.2,54]},{"frame":0.5,"value":[-7.2,54]}]}},"yz/s/yz18_13":{"props":{"scale":[{"frame":0,"value":{"__type__":"cc.Vec2","x":1,"y":1}}],"rotation":[{"frame":0,"value":0}],"opacity":[{"frame":0,"value":255}],"position":[{"frame":0,"value":[5.3,52.7]}]}},"yz/s/yz18_12":{"props":{"scale":[{"frame":0,"value":{"__type__":"cc.Vec2","x":1,"y":1}},{"frame":0.5,"value":{"__type__":"cc.Vec2","x":1,"y":1}}],"rotation":[{"frame":0,"value":0},{"frame":0.25,"value":-37},{"frame":0.5,"value":0}],"opacity":[{"frame":0,"value":255},{"frame":0.5,"value":255}],"position":[{"frame":0,"value":[15.6,44.8]},{"frame":0.5,"value":[15.6,44.8]}]}},"yz/s/yz18_11":{"props":{"scale":[{"frame":0,"value":{"__type__":"cc.Vec2","x":1,"y":1}}],"rotation":[{"frame":0,"value":0}],"opacity":[{"frame":0,"value":255}],"position":[{"frame":0,"value":[13,46.8]}]}},"yz/s/yz18_10":{"props":{"scale":[{"frame":0,"value":{"__type__":"cc.Vec2","x":1,"y":1}},{"frame":0.5,"value":{"__type__":"cc.Vec2","x":1,"y":1}}],"rotation":[{"frame":0,"value":0},{"frame":0.25,"value":-46},{"frame":0.5,"value":0}],"opacity":[{"frame":0,"value":255},{"frame":0.5,"value":255}],"position":[{"frame":0,"value":[7.8,45.5]},{"frame":0.5,"value":[7.8,45.5]}]}},"yz/t":{"props":{"scale":[{"frame":0,"value":{"__type__":"cc.Vec2","x":1,"y":1}},{"frame":0.5,"value":{"__type__":"cc.Vec2","x":1,"y":1}}],"rotation":[{"frame":0,"value":0},{"frame":0.25,"value":-20},{"frame":0.5,"value":8}],"opacity":[{"frame":0,"value":255},{"frame":0.5,"value":255}],"position":[{"frame":0,"value":[5.4,57.6]},{"frame":0.25,"value":[5.5,58.3]},{"frame":0.5,"value":[12.5,51.2]},{"frame":0.75,"value":[14.4,45.7]}]}},"yz/t/yz18_03":{"props":{"scale":[{"frame":0,"value":{"__type__":"cc.Vec2","x":1,"y":1}},{"frame":0.5,"value":{"__type__":"cc.Vec2","x":1,"y":1}}],"rotation":[{"frame":0,"value":0},{"frame":0.5,"value":0}],"opacity":[{"frame":0,"value":255},{"frame":0.5,"value":255}],"position":[{"frame":0,"value":[-1.5,31.3]},{"frame":0.25,"value":[-1.5,29]},{"frame":0.5,"value":[-1.5,31.3]}]}},"yz/t/yz18_02":{"props":{"scale":[{"frame":0,"value":{"__type__":"cc.Vec2","x":1,"y":1}}],"rotation":[{"frame":0,"value":0}],"opacity":[{"frame":0,"value":255}],"position":[{"frame":0,"value":[7.1,23.6]}]}},"yz/t/yz18_01":{"props":{"scale":[{"frame":0,"value":{"__type__":"cc.Vec2","x":1,"y":1}},{"frame":0.5,"value":{"__type__":"cc.Vec2","x":1,"y":1}}],"rotation":[{"frame":0,"value":0},{"frame":0.5,"value":0}],"opacity":[{"frame":0,"value":255},{"frame":0.5,"value":255}],"position":[{"frame":0,"value":[14.7,28.6]},{"frame":0.25,"value":[14.7,30.5]},{"frame":0.5,"value":[14.7,25.6]},{"frame":0.75,"value":[14.7,24.1]}]}},"yz/s/yz18_14/yz18_07":{"props":{"opacity":[{"frame":0,"value":255}]},"comps":{"cc.Sprite":{"spriteFrame":[{"frame":0,"value":{"__uuid__":"3fwX4eDRpNyqyGRbvXpOV/"}}]}}},"yz/s/yz18_08":{"props":{"opacity":[{"frame":0,"value":255}],"position":[{"frame":0,"value":[36,24]},{"frame":0.25,"value":[42.5,37.8]},{"frame":0.5,"value":[36,34]}]},"comps":{"cc.Sprite":{"spriteFrame":[{"frame":0,"value":{"__uuid__":"6ejC0EehtGG6Ob4kokwSqn"}}]}}},"yz/t/yz18_03/yz18_06":{"props":{"opacity":[{"frame":0,"value":0}]}}}},"events":[{"frame":1,"func":"AfterMonsterDie","params":[]}]},{"__type__":"cc.SpriteFrame","content":{"name":"yz18_08","texture":"8a3UPZOz9LWI2Nm1l4BNNF","rect":[0,0,36,42],"offset":[0,0],"originalSize":[36,42],"capInsets":[0,0,0,0]}}]