[{"__type__":"cc.SpriteFrame","content":{"name":"tp_LuckDrawEffect","texture":"cblMp1RMJBMK076wrjdzkY","rect":[0,0,137,137],"offset":[0,0],"originalSize":[137,137],"capInsets":[0,0,0,0]}},{"__type__":"cc.SpriteFrame","content":{"name":"Btn_Close","texture":"04PZG4nVJAKIq2Yl3qCeDz","rect":[0,0,95,95],"offset":[0,0],"originalSize":[95,95],"capInsets":[0,0,0,0]}},{"__type__":"cc.SpriteFrame","content":{"name":"tp_PureColorBg","texture":"a8Anh32NZGRZegUtSgEj26","rect":[0,0,2,2],"offset":[0,0],"originalSize":[2,2],"capInsets":[0,0,0,0]}},[{"__type__":"cc.Prefab","_name":"LuckDrawPage","data":{"__id__":1}},{"__type__":"cc.Node","_name":"LuckDrawPage","_children":[{"__id__":2},{"__id__":3},{"__id__":4},{"__id__":18},{"__id__":19},{"__id__":20},{"__id__":21},{"__id__":23}],"_components":[{"__type__":"68f38I12YBGdqOXl0pYOVhH","node":{"__id__":1},"Btn_Close":{"__id__":20},"Btn_StartDraw":{"__id__":19},"Btn_ADDraw":{"__id__":18},"m_PrizeNode":[{"__id__":6},{"__id__":7},{"__id__":8},{"__id__":9},{"__id__":10},{"__id__":11},{"__id__":12},{"__id__":13},{"__id__":14},{"__id__":15},{"__id__":16},{"__id__":17}],"Label_LuckDrawOnce":{"__id__":22},"m_Effect":{"__id__":5}}],"_prefab":{"__type__":"cc.PrefabInfo","root":{"__id__":1},"asset":{"__uuid__":"49jqNMb4xOxaulZ5FhByzn"},"fileId":"aeHQzDCYFFz6PsQlOvRWFg"},"_scaleX":1,"_scaleY":1,"_scale":{"__type__":"cc.Vec3","x":1,"y":1,"z":1}},{"__type__":"cc.Node","_name":"PureColorBg","_parent":{"__id__":1},"_components":[{"__type__":"cc.Sprite","node":{"__id__":2},"_spriteFrame":{"__uuid__":"41D7kWhyFGY7q4NDlzkazn"},"_sizeMode":0},{"__type__":"cc.BlockInputEvents","node":{"__id__":2}}],"_prefab":{"__type__":"cc.PrefabInfo","root":{"__id__":1},"asset":{"__uuid__":"49jqNMb4xOxaulZ5FhByzn"},"fileId":"2eVZktQhhDUoIHaBwJPBP/"},"_opacity":200,"_color":{"__type__":"cc.Color"},"_contentSize":{"__type__":"cc.Size","width":750,"height":1050},"_position":{"__type__":"cc.Vec3","y":-40},"_scaleX":1,"_scaleY":1,"_scale":{"__type__":"cc.Vec3","x":1,"y":1,"z":1}},{"__type__":"cc.Node","_name":"Sprite_LuckDraw","_parent":{"__id__":1},"_components":[{"__type__":"cc.Sprite","node":{"__id__":3},"_spriteFrame":{"__uuid__":"f4O+7Iw/xG2aNmN1+F+IDa"}}],"_prefab":{"__type__":"cc.PrefabInfo","root":{"__id__":1},"asset":{"__uuid__":"49jqNMb4xOxaulZ5FhByzn"},"fileId":"00bo19/8REh7uxXlvZLyfL"},"_contentSize":{"__type__":"cc.Size","width":750,"height":391},"_position":{"__type__":"cc.Vec3","y":291},"_scaleX":1,"_scaleY":1,"_scale":{"__type__":"cc.Vec3","x":1,"y":1,"z":1}},{"__type__":"cc.Node","_name":"PrizeNode","_parent":{"__id__":1},"_children":[{"__id__":5},{"__id__":6},{"__id__":7},{"__id__":8},{"__id__":9},{"__id__":10},{"__id__":11},{"__id__":12},{"__id__":13},{"__id__":14},{"__id__":15},{"__id__":16},{"__id__":17}],"_components":[{"__type__":"cc.Sprite","node":{"__id__":4},"_spriteFrame":{"__uuid__":"b5zrRHxgtFnanbG4A2jVd0"}}],"_prefab":{"__type__":"cc.PrefabInfo","root":{"__id__":1},"asset":{"__uuid__":"49jqNMb4xOxaulZ5FhByzn"},"fileId":"69IT5wUqxPh7keCS2By55u"},"_contentSize":{"__type__":"cc.Size","width":508,"height":508},"_position":{"__type__":"cc.Vec3","x":5,"y":-24},"_scaleX":1,"_scaleY":1,"_scale":{"__type__":"cc.Vec3","x":1,"y":1,"z":1}},{"__type__":"cc.Node","_name":"LuckDrawEffect","_parent":{"__id__":4},"_components":[{"__type__":"cc.Sprite","node":{"__id__":5},"_spriteFrame":{"__uuid__":"2cLdLtFPZCP4V7uh7sKi54"}}],"_prefab":{"__type__":"cc.PrefabInfo","root":{"__id__":1},"asset":{"__uuid__":"49jqNMb4xOxaulZ5FhByzn"},"fileId":"11o9AStC5A+rxj1+wMgxRK"},"_contentSize":{"__type__":"cc.Size","width":137,"height":137},"_position":{"__type__":"cc.Vec3","x":-199,"y":200},"_scaleX":1,"_scaleY":1,"_scale":{"__type__":"cc.Vec3","x":1,"y":1,"z":1}},{"__type__":"cc.Node","_name":"Node_0","_parent":{"__id__":4},"_components":[{"__type__":"cc.Sprite","node":{"__id__":6}}],"_prefab":{"__type__":"cc.PrefabInfo","root":{"__id__":1},"asset":{"__uuid__":"49jqNMb4xOxaulZ5FhByzn"},"fileId":"a4RGreGOVLt7r1AZ264wJE"},"_contentSize":{"__type__":"cc.Size","width":110,"height":110},"_position":{"__type__":"cc.Vec3","x":-199,"y":200},"_scaleX":1,"_scaleY":1,"_scale":{"__type__":"cc.Vec3","x":1,"y":1,"z":1}},{"__type__":"cc.Node","_name":"Node_1","_parent":{"__id__":4},"_components":[{"__type__":"cc.Sprite","node":{"__id__":7}}],"_prefab":{"__type__":"cc.PrefabInfo","root":{"__id__":1},"asset":{"__uuid__":"49jqNMb4xOxaulZ5FhByzn"},"fileId":"d590e0S21Oc52fHjWZULYO"},"_contentSize":{"__type__":"cc.Size","width":110,"height":110},"_position":{"__type__":"cc.Vec3","x":-67,"y":200},"_scaleX":1,"_scaleY":1,"_scale":{"__type__":"cc.Vec3","x":1,"y":1,"z":1}},{"__type__":"cc.Node","_name":"Node_2","_parent":{"__id__":4},"_components":[{"__type__":"cc.Sprite","node":{"__id__":8}}],"_prefab":{"__type__":"cc.PrefabInfo","root":{"__id__":1},"asset":{"__uuid__":"49jqNMb4xOxaulZ5FhByzn"},"fileId":"63xafiGFZGC4RbERaIDLKV"},"_contentSize":{"__type__":"cc.Size","width":110,"height":110},"_position":{"__type__":"cc.Vec3","x":65,"y":200},"_scaleX":1,"_scaleY":1,"_scale":{"__type__":"cc.Vec3","x":1,"y":1,"z":1}},{"__type__":"cc.Node","_name":"Node_3","_parent":{"__id__":4},"_components":[{"__type__":"cc.Sprite","node":{"__id__":9}}],"_prefab":{"__type__":"cc.PrefabInfo","root":{"__id__":1},"asset":{"__uuid__":"49jqNMb4xOxaulZ5FhByzn"},"fileId":"015BZYuY1AZrzdSKFwFRVq"},"_contentSize":{"__type__":"cc.Size","width":110,"height":110},"_position":{"__type__":"cc.Vec3","x":197,"y":200},"_scaleX":1,"_scaleY":1,"_scale":{"__type__":"cc.Vec3","x":1,"y":1,"z":1}},{"__type__":"cc.Node","_name":"Node_4","_parent":{"__id__":4},"_components":[{"__type__":"cc.Sprite","node":{"__id__":10}}],"_prefab":{"__type__":"cc.PrefabInfo","root":{"__id__":1},"asset":{"__uuid__":"49jqNMb4xOxaulZ5FhByzn"},"fileId":"cc03NGAplPpZAhtnhBBRKw"},"_contentSize":{"__type__":"cc.Size","width":110,"height":110},"_position":{"__type__":"cc.Vec3","x":197,"y":68},"_scaleX":1,"_scaleY":1,"_scale":{"__type__":"cc.Vec3","x":1,"y":1,"z":1}},{"__type__":"cc.Node","_name":"Node_5","_parent":{"__id__":4},"_components":[{"__type__":"cc.Sprite","node":{"__id__":11}}],"_prefab":{"__type__":"cc.PrefabInfo","root":{"__id__":1},"asset":{"__uuid__":"49jqNMb4xOxaulZ5FhByzn"},"fileId":"f7FS8/aP1PQY5caj+Jv4Mf"},"_contentSize":{"__type__":"cc.Size","width":110,"height":110},"_position":{"__type__":"cc.Vec3","x":197,"y":-64},"_scaleX":1,"_scaleY":1,"_scale":{"__type__":"cc.Vec3","x":1,"y":1,"z":1}},{"__type__":"cc.Node","_name":"Node_6","_parent":{"__id__":4},"_components":[{"__type__":"cc.Sprite","node":{"__id__":12}}],"_prefab":{"__type__":"cc.PrefabInfo","root":{"__id__":1},"asset":{"__uuid__":"49jqNMb4xOxaulZ5FhByzn"},"fileId":"388y95PEBIxoZaY4OfoEiN"},"_contentSize":{"__type__":"cc.Size","width":110,"height":110},"_position":{"__type__":"cc.Vec3","x":197,"y":-196},"_scaleX":1,"_scaleY":1,"_scale":{"__type__":"cc.Vec3","x":1,"y":1,"z":1}},{"__type__":"cc.Node","_name":"Node_7","_parent":{"__id__":4},"_components":[{"__type__":"cc.Sprite","node":{"__id__":13}}],"_prefab":{"__type__":"cc.PrefabInfo","root":{"__id__":1},"asset":{"__uuid__":"49jqNMb4xOxaulZ5FhByzn"},"fileId":"32SAvO5DJMUKN91Jay8+9U"},"_contentSize":{"__type__":"cc.Size","width":110,"height":110},"_position":{"__type__":"cc.Vec3","x":65,"y":-196},"_scaleX":1,"_scaleY":1,"_scale":{"__type__":"cc.Vec3","x":1,"y":1,"z":1}},{"__type__":"cc.Node","_name":"Node_8","_parent":{"__id__":4},"_components":[{"__type__":"cc.Sprite","node":{"__id__":14}}],"_prefab":{"__type__":"cc.PrefabInfo","root":{"__id__":1},"asset":{"__uuid__":"49jqNMb4xOxaulZ5FhByzn"},"fileId":"72XUi1rkFDpJkgRdOZN1p+"},"_contentSize":{"__type__":"cc.Size","width":110,"height":110},"_position":{"__type__":"cc.Vec3","x":-67,"y":-196},"_scaleX":1,"_scaleY":1,"_scale":{"__type__":"cc.Vec3","x":1,"y":1,"z":1}},{"__type__":"cc.Node","_name":"Node_9","_parent":{"__id__":4},"_components":[{"__type__":"cc.Sprite","node":{"__id__":15}}],"_prefab":{"__type__":"cc.PrefabInfo","root":{"__id__":1},"asset":{"__uuid__":"49jqNMb4xOxaulZ5FhByzn"},"fileId":"b8glFlfQVOxZr/QRXLygvJ"},"_contentSize":{"__type__":"cc.Size","width":110,"height":110},"_position":{"__type__":"cc.Vec3","x":-199,"y":-196},"_scaleX":1,"_scaleY":1,"_scale":{"__type__":"cc.Vec3","x":1,"y":1,"z":1}},{"__type__":"cc.Node","_name":"Node_10","_parent":{"__id__":4},"_components":[{"__type__":"cc.Sprite","node":{"__id__":16}}],"_prefab":{"__type__":"cc.PrefabInfo","root":{"__id__":1},"asset":{"__uuid__":"49jqNMb4xOxaulZ5FhByzn"},"fileId":"94+ZgdGvNPmbo9+6S5/uNW"},"_contentSize":{"__type__":"cc.Size","width":110,"height":110},"_position":{"__type__":"cc.Vec3","x":-199,"y":-64},"_scaleX":1,"_scaleY":1,"_scale":{"__type__":"cc.Vec3","x":1,"y":1,"z":1}},{"__type__":"cc.Node","_name":"Node_11","_parent":{"__id__":4},"_components":[{"__type__":"cc.Sprite","node":{"__id__":17}}],"_prefab":{"__type__":"cc.PrefabInfo","root":{"__id__":1},"asset":{"__uuid__":"49jqNMb4xOxaulZ5FhByzn"},"fileId":"5a/4KUz2VAn5Kp3UsyrRmY"},"_contentSize":{"__type__":"cc.Size","width":110,"height":110},"_position":{"__type__":"cc.Vec3","x":-199,"y":68},"_scaleX":1,"_scaleY":1,"_scale":{"__type__":"cc.Vec3","x":1,"y":1,"z":1}},{"__type__":"cc.Node","_name":"Btn_LookADPlayPrize","_parent":{"__id__":1},"_components":[{"__type__":"cc.Sprite","node":{"__id__":18},"_spriteFrame":{"__uuid__":"e8YCxv42NMU4elZtoDZmO2"}},{"__type__":"cc.Button","node":{"__id__":18},"_N$target":{"__id__":18}}],"_prefab":{"__type__":"cc.PrefabInfo","root":{"__id__":1},"asset":{"__uuid__":"49jqNMb4xOxaulZ5FhByzn"},"fileId":"66Cheb4TBKm6uZI7qlLnJv"},"_contentSize":{"__type__":"cc.Size","width":207,"height":69},"_position":{"__type__":"cc.Vec3","x":-3,"y":32},"_scaleX":1,"_scaleY":1,"_scale":{"__type__":"cc.Vec3","x":1,"y":1,"z":1}},{"__type__":"cc.Node","_name":"Btn_PlayPrize","_parent":{"__id__":1},"_components":[{"__type__":"cc.Sprite","node":{"__id__":19},"_spriteFrame":{"__uuid__":"dfYZKlJZpGIpRY8T8KZi8L"}},{"__type__":"cc.Button","node":{"__id__":19},"_N$target":{"__id__":19}}],"_prefab":{"__type__":"cc.PrefabInfo","root":{"__id__":1},"asset":{"__uuid__":"49jqNMb4xOxaulZ5FhByzn"},"fileId":"faV0EjF4BFVJJKx6VtwR/Z"},"_contentSize":{"__type__":"cc.Size","width":155,"height":35},"_position":{"__type__":"cc.Vec3","x":-7,"y":-64},"_scaleX":1,"_scaleY":1,"_scale":{"__type__":"cc.Vec3","x":1,"y":1,"z":1}},{"__type__":"cc.Node","_name":"Btn_Close","_parent":{"__id__":1},"_components":[{"__type__":"cc.Sprite","node":{"__id__":20},"_spriteFrame":{"__uuid__":"39ask3LghPuavCbjPzhMKA"}},{"__type__":"cc.Button","node":{"__id__":20},"_N$target":{"__id__":20}}],"_prefab":{"__type__":"cc.PrefabInfo","root":{"__id__":1},"asset":{"__uuid__":"49jqNMb4xOxaulZ5FhByzn"},"fileId":"677IdKJI9GupP6PXbdXJai"},"_contentSize":{"__type__":"cc.Size","width":95,"height":95},"_position":{"__type__":"cc.Vec3","x":294,"y":369},"_scaleX":1,"_scaleY":1,"_scale":{"__type__":"cc.Vec3","x":1,"y":1,"z":1}},{"__type__":"cc.Node","_name":"Label_LuckDrawOnce","_parent":{"__id__":1},"_components":[{"__id__":22}],"_prefab":{"__type__":"cc.PrefabInfo","root":{"__id__":1},"asset":{"__uuid__":"49jqNMb4xOxaulZ5FhByzn"},"fileId":"6ak/E7SvVFk4kpyODQEW6O"},"_contentSize":{"__type__":"cc.Size","width":56,"height":40},"_position":{"__type__":"cc.Vec3","y":-136},"_scaleX":1,"_scaleY":1,"_scale":{"__type__":"cc.Vec3","x":1,"y":1,"z":1}},{"__type__":"cc.Label","node":{"__id__":21},"_useOriginalSize":false,"_string":"1/1","_N$string":"1/1","_N$horizontalAlign":1,"_N$verticalAlign":1},{"__type__":"cc.Node","_name":"Sprite_LuckDrawTip","_parent":{"__id__":1},"_components":[{"__type__":"cc.Sprite","node":{"__id__":23},"_spriteFrame":{"__uuid__":"bb55R2Am9C/52w2eAeWmgY"}}],"_prefab":{"__type__":"cc.PrefabInfo","root":{"__id__":1},"asset":{"__uuid__":"49jqNMb4xOxaulZ5FhByzn"},"fileId":"97dz4OVZdFf4OVZJ7NZbvn"},"_contentSize":{"__type__":"cc.Size","width":585,"height":28},"_position":{"__type__":"cc.Vec3","y":-317},"_scaleX":1,"_scaleY":1,"_scale":{"__type__":"cc.Vec3","x":1,"y":1,"z":1}}],{"__type__":"cc.SpriteFrame","content":{"name":"Sprite_Prize","texture":"dca/3LraxI+qv8JnSRect5","rect":[0,0,508,508],"offset":[0,0],"originalSize":[508,508],"capInsets":[0,0,0,0]}},{"__type__":"cc.SpriteFrame","content":{"name":"Sprite_LuckDrawTip","texture":"bd5iNAkb9Be4vq0WUkPC09","rect":[4,0,579,28],"offset":[1,0],"originalSize":[585,28],"capInsets":[0,0,0,0]}},{"__type__":"cc.SpriteFrame","content":{"name":"Btn_PlayPrize","texture":"363W6KmBhELZyHx4/jvkWp","rect":[0,0,204,35],"offset":[0,0],"originalSize":[204,35],"capInsets":[0,0,0,0]}},{"__type__":"cc.SpriteFrame","content":{"name":"Btn_LookADPlayPrize","texture":"fcBjmgeptLkqBK1TZBIunw","rect":[0,0,207,69],"offset":[0,0],"originalSize":[207,69],"capInsets":[0,0,0,0]}},{"__type__":"cc.SpriteFrame","content":{"name":"Sprite_LuckDraw","texture":"8c7tAE+mRLhaK2KT6PxoI+","rect":[0,0,750,391],"offset":[0,0],"originalSize":[750,391],"capInsets":[0,0,0,0]}}]