[{"__type__":"cc.SpriteFrame","content":{"name":"gong_01","texture":"00fbDTWC1CSZrbNWFC+ed/","rect":[0,0,183,356],"offset":[0,0],"originalSize":[183,356],"capInsets":[0,0,0,0]}},[{"__type__":"cc.Prefab","_name":"gong","data":{"__id__":1}},{"__type__":"cc.Node","_name":"gong","_children":[{"__id__":2}],"_level":2,"_components":[{"__type__":"cc.Animation","node":{"__id__":1},"_clips":[{"__uuid__":"e8zYxSi8hGmrwbhw/JkTnj"}]}],"_prefab":{"__type__":"cc.PrefabInfo","root":{"__id__":1},"asset":{"__id__":0},"fileId":"60ormVW4lHrKOvvpPz3S/T"},"_scale":{"__type__":"cc.Vec3","x":1,"y":1,"z":1}},{"__type__":"cc.Node","_name":"gong_01","_parent":{"__id__":1},"_level":3,"_components":[{"__type__":"cc.Sprite","node":{"__id__":2},"_dstBlendFactor":770,"_spriteFrame":{"__uuid__":"3bS/RbrQtP6YqrL+Uk683g"},"_isTrimmedMode":false}],"_prefab":{"__type__":"cc.PrefabInfo","root":{"__id__":1},"asset":{"__id__":0},"fileId":"6cCSCXriJKJYT90h43q4cT"},"_opacity":250,"_contentSize":{"__type__":"cc.Size","width":183,"height":356},"_scale":{"__type__":"cc.Vec3","x":1,"y":1,"z":1}}]]