[{"__type__":"cc.SpriteFrame","content":{"name":"monster01b_06","texture":"f1sOq0WwVLNKIEp1z+S2yR","rect":[24,10,58,48],"offset":[7,16],"originalSize":[92,100],"capInsets":[0,0,0,0]}},{"__type__":"cc.SpriteFrame","content":{"name":"monster01b_02","texture":"7ddtftv91Jz5MoylHus1Hq","rect":[23,7,47,48],"offset":[0.5,19],"originalSize":[92,100],"capInsets":[0,0,0,0]}},{"__type__":"cc.SpriteFrame","content":{"name":"monster01b_04","texture":"0266TpI9dEPoLTbXg739rT","rect":[23,9,54,47],"offset":[4,17.5],"originalSize":[92,100],"capInsets":[0,0,0,0]}},{"__type__":"cc.SpriteFrame","content":{"name":"monster01b_03","texture":"2fQ7Blte5C4oGxCC5sVsdi","rect":[22,5,48,47],"offset":[0,21.5],"originalSize":[92,100],"capInsets":[0,0,0,0]}},{"__type__":"cc.AnimationClip","_name":"Atk","_duration":1,"sample":6,"speed":1.5,"wrapMode":"1","curveData":{"paths":{"monster01a_01":{"props":{"width":[{"frame":0,"value":92}],"height":[{"frame":0,"value":100}]},"comps":{"cc.Sprite":{"spriteFrame":[{"frame":0,"value":{"__uuid__":"e5dqwZ+iRAcr9hWXRjE7pz"}},{"frame":0.16666666666666666,"value":{"__uuid__":"3dGk8oa3hKupGvOx79hXSD"}},{"frame":0.3333333333333333,"value":{"__uuid__":"a1O4K0axFGrJSBGrPsbvxb"}},{"frame":0.5,"value":{"__uuid__":"50EB0vpAJAob7BwRalxpJX"}},{"frame":0.6666666666666666,"value":{"__uuid__":"efj1KCRNlKn74UzkYF+0Gt"}},{"frame":0.8333333333333334,"value":{"__uuid__":"01lsXuoVNHr7aC4GsGfdIU"}}]}}}}},"events":[{"frame":1,"func":"AfterAtk","params":[]}]},{"__type__":"cc.SpriteFrame","content":{"name":"monster01a_01","texture":"e050iGZdRA6pX0MH6Ns7QH","rect":[23,8,53,49],"offset":[3.5,17.5],"originalSize":[92,100],"capInsets":[0,0,0,0]}},{"__type__":"cc.SpriteFrame","content":{"name":"monster01b_05","texture":"88FYmepWpBgJBnCY017mXH","rect":[25,12,61,47],"offset":[9.5,14.5],"originalSize":[92,100],"capInsets":[0,0,0,0]}}]