[{"__type__":"cc.SpriteFrame","content":{"name":"02","texture":"22QGAjiGxO1bs50KgrGJpP","rect":[3,35,100,69],"offset":[-1.5,-14],"originalSize":[109,111],"capInsets":[0,0,0,0]}},{"__type__":"cc.SpriteFrame","content":{"name":"07","texture":"08ZJjk2PpOIK+ZpSRAaB1K","rect":[14,17,78,78],"offset":[-1.5,-0.5],"originalSize":[109,111],"capInsets":[0,0,0,0]}},{"__type__":"cc.SpriteFrame","content":{"name":"06","texture":"ecmjdcLV1CWb4jsk/ICn2g","rect":[14,7,75,78],"offset":[-3,9.5],"originalSize":[109,111],"capInsets":[0,0,0,0]}},{"__type__":"cc.SpriteFrame","content":{"name":"04","texture":"87Ccsv1OBELoTY+KwjiN1y","rect":[13,13,81,72],"offset":[-1,6.5],"originalSize":[109,111],"capInsets":[0,0,0,0]}},{"__type__":"cc.SpriteFrame","content":{"name":"01","texture":"6dyo9ZpENB3odruXPrsn2V","rect":[6,28,92,77],"offset":[-2.5,-11],"originalSize":[109,111],"capInsets":[0,0,0,0]}},{"__type__":"cc.AnimationClip","_name":"loading","_duration":0.625,"sample":24,"wrapMode":"2","curveData":{"paths":{"01":{"comps":{"cc.Sprite":{"spriteFrame":[{"frame":0,"value":{"__uuid__":"cf2xRX/WhCvL3wU0N9L+Ic"}},{"frame":0.08333333333333333,"value":{"__uuid__":"1bQ+RpHvZNra7ZB8iOrPdL"}},{"frame":0.16666666666666666,"value":{"__uuid__":"e4enS7GbRC465rVN+KZU9a"}},{"frame":0.25,"value":{"__uuid__":"abIpBkQ2RLP6hsqzb+XYGI"}},{"frame":0.3333333333333333,"value":{"__uuid__":"d9tZvKJx1BQJ0LAkS+PPi0"}},{"frame":0.4166666666666667,"value":{"__uuid__":"a3qUQFfHlKTpVMyUCz29+/"}},{"frame":0.5,"value":{"__uuid__":"9f/ya1sQlFbpeoinD899X5"}},{"frame":0.5833333333333334,"value":{"__uuid__":"cf2xRX/WhCvL3wU0N9L+Ic"}}]}}}}}},{"__type__":"cc.SpriteFrame","content":{"name":"05","texture":"64u4Nq03RK9qOp3t+3deH2","rect":[15,1,74,74],"offset":[-2.5,17.5],"originalSize":[109,111],"capInsets":[0,0,0,0]}},{"__type__":"cc.SpriteFrame","content":{"name":"03","texture":"98V8hGqR9A+a5lJlXn0taz","rect":[9,23,91,74],"offset":[0,-4.5],"originalSize":[109,111],"capInsets":[0,0,0,0]}}]