[{"__type__":"cc.SpriteFrame","content":{"name":"monster16b_05","texture":"c8lkVhii5CGLM5tXnZcb/b","rect":[22,17,144,72],"offset":[9,9.5],"originalSize":[170,125],"capInsets":[0,0,0,0]}},{"__type__":"cc.SpriteFrame","content":{"name":"monster16b_06","texture":"adAg6/HZdHWoM3mjdw8e53","rect":[25,21,129,74],"offset":[4.5,4.5],"originalSize":[170,125],"capInsets":[0,0,0,0]}},{"__type__":"cc.SpriteFrame","content":{"name":"monster16b_03","texture":"8eKq86vqNBUqHb0NWCUWUP","rect":[37,35,87,67],"offset":[-4.5,-6],"originalSize":[170,125],"capInsets":[0,0,0,0]}},{"__type__":"cc.SpriteFrame","content":{"name":"monster16b_02","texture":"f1cGcNXnZLTpOng+ESvPXe","rect":[34,32,98,69],"offset":[-2,-4],"originalSize":[170,125],"capInsets":[0,0,0,0]}},{"__type__":"cc.SpriteFrame","content":{"name":"monster16a_01","texture":"2bqR3M9rxP3J0QsMDCvE5A","rect":[30,20,100,78],"offset":[-5,3.5],"originalSize":[170,125],"capInsets":[0,0,0,0]}},{"__type__":"cc.AnimationClip","_name":"Atk","_duration":1,"sample":6,"speed":1.5,"wrapMode":"1","curveData":{"paths":{"monster16a_01":{"props":{"width":[],"height":[]},"comps":{"cc.Sprite":{"spriteFrame":[{"frame":0,"value":{"__uuid__":"68hmqNdp9A4IzqTWvdeME4"}},{"frame":0.16666666666666666,"value":{"__uuid__":"57VrB6npxAfIstJuPLpRqj"}},{"frame":0.3333333333333333,"value":{"__uuid__":"4brmWJ7VdL/ZRtvcB9pu9a"}},{"frame":0.5,"value":{"__uuid__":"ecmeE3e2ZChIm7nuQaRocu"}},{"frame":0.6666666666666666,"value":{"__uuid__":"13G3QVzr1IKZIM1yZSruOe"}},{"frame":0.8333333333333334,"value":{"__uuid__":"1eEbHWINZBUZK/Ir+pTQrm"}}]}}}}},"events":[{"frame":1,"func":"AfterAtk","params":[]}]},{"__type__":"cc.SpriteFrame","content":{"name":"monster16b_04","texture":"ba9svxRONKJpoL0y2YB8b2","rect":[28,27,118,68],"offset":[2,1.5],"originalSize":[170,125],"capInsets":[0,0,0,0]}}]