[{"__type__":"cc.SpriteFrame","content":{"name":"yz06_02","texture":"146FM3M2FPyIB8rP2Bfod/","rect":[0,0,30,48],"offset":[0,0],"originalSize":[30,48],"capInsets":[0,0,0,0]}},{"__type__":"cc.AnimationClip","_name":"100009Run","_duration":0.5,"wrapMode":"2","curveData":{"paths":{"yz":{"props":{"scale":[{"frame":0,"value":{"__type__":"cc.Vec2","x":1,"y":1}}],"rotation":[{"frame":0,"value":0}],"opacity":[{"frame":0,"value":255}],"position":[{"frame":0,"value":[-2.5,-35.6]}]}},"yz/s":{"props":{"scale":[{"frame":0,"value":{"__type__":"cc.Vec2","x":1,"y":1}}],"rotation":[{"frame":0,"value":0}],"opacity":[{"frame":0,"value":255}],"position":[{"frame":0,"value":[0,0]}]}},"yz/s/yz06_24":{"props":{"scale":[{"frame":0,"value":{"__type__":"cc.Vec2","x":1,"y":1}}],"rotation":[{"frame":0,"value":0}],"opacity":[{"frame":0,"value":255}],"position":[{"frame":0,"value":[-1.5,24.2]},{"frame":0.25,"value":[-1.5,19.3]},{"frame":0.5,"value":[-1.5,24.2]}]}},"yz/s/yz06_25":{"props":{"scale":[{"frame":0,"value":{"__type__":"cc.Vec2","x":1,"y":1}}],"rotation":[{"frame":0,"value":0}],"opacity":[{"frame":0,"value":255}],"position":[{"frame":0,"value":[13,17.4]},{"frame":0.25,"value":[13,20.5]},{"frame":0.5,"value":[13,17.4]}]},"comps":{"cc.Sprite":{"spriteFrame":[{"frame":0,"value":{"__uuid__":"a5SS+gr9BP2p8+a9BNJjd+"}}]}}},"yz/s/yz06_23":{"props":{"scale":[{"frame":0,"value":{"__type__":"cc.Vec2","x":1,"y":1}}],"rotation":[{"frame":0,"value":8},{"frame":0.25,"value":-14},{"frame":0.5,"value":8}],"opacity":[{"frame":0,"value":255}],"position":[{"frame":0,"value":[22.9,42.3]}]},"comps":{"cc.Sprite":{"spriteFrame":[{"frame":0,"value":{"__uuid__":"61g6EYDItF/Yl++gxMZCvS"}}]}}},"yz/s/yz06_22":{"props":{"scale":[{"frame":0,"value":{"__type__":"cc.Vec2","x":1,"y":1}},{"frame":0.25,"value":{"__type__":"cc.Vec2","x":1.03,"y":1}},{"frame":0.5,"value":{"__type__":"cc.Vec2","x":1,"y":1}}],"rotation":[{"frame":0,"value":0}],"opacity":[{"frame":0,"value":255}],"position":[{"frame":0,"value":[7.3,15.1]}]}},"yz/s/yz06_18":{"props":{"scale":[{"frame":0,"value":{"__type__":"cc.Vec2","x":1,"y":1}}],"rotation":[{"frame":0,"value":-15},{"frame":0.25,"value":8},{"frame":0.5,"value":-15}],"opacity":[{"frame":0,"value":255}],"position":[{"frame":0,"value":[-7.5,49.9]},{"frame":0.25,"value":[-7.5,49.9]},{"frame":0.5,"value":[-7.5,49.9]}]}},"yz/t":{"props":{"scale":[{"frame":0,"value":{"__type__":"cc.Vec2","x":1,"y":1}},{"frame":0.5,"value":{"__type__":"cc.Vec2","x":1,"y":1}}],"rotation":[{"frame":0,"value":0},{"frame":0.5,"value":0}],"opacity":[{"frame":0,"value":255},{"frame":0.5,"value":255}],"position":[{"frame":0,"value":[1,44.9]},{"frame":0.25,"value":[1,43.8]},{"frame":0.5,"value":[1,44.9]}]}},"yz/t/yz06_17":{"props":{"scale":[{"frame":0,"value":{"__type__":"cc.Vec2","x":1,"y":1}},{"frame":0.5,"value":{"__type__":"cc.Vec2","x":1,"y":1}}],"rotation":[{"frame":0,"value":3},{"frame":0.25,"value":-3},{"frame":0.5,"value":3}],"opacity":[{"frame":0,"value":255}],"position":[{"frame":0,"value":[33,25.2]}]}},"yz/t/yz06_16":{"props":{"scale":[{"frame":0,"value":{"__type__":"cc.Vec2","x":1,"y":1}}],"rotation":[{"frame":0,"value":0}],"opacity":[{"frame":0,"value":255}],"position":[{"frame":0,"value":[4.4,19.5]}]}},"yz/t/yz06_13":{"props":{"scale":[{"frame":0,"value":{"__type__":"cc.Vec2","x":1,"y":1}}],"rotation":[{"frame":0,"value":0}],"opacity":[{"frame":0,"value":255}],"position":[{"frame":0,"value":[3.9,46.5]},{"frame":0.25,"value":[3.9,46.2]},{"frame":0.5,"value":[3.9,46.5]}]},"comps":{"cc.Sprite":{"spriteFrame":[{"frame":0,"value":{"__uuid__":"c2ZWCRlotI45dK2Gf5WNgO"}}]}}},"yz/t/yz06_14":{"props":{"scale":[{"frame":0,"value":{"__type__":"cc.Vec2","x":1,"y":1}}],"rotation":[{"frame":0,"value":0}],"opacity":[{"frame":0,"value":255}],"position":[{"frame":0,"value":[10.3,17.3]},{"frame":0.25,"value":[10.3,16.9]},{"frame":0.5,"value":[10.3,17.3]}]}},"yz/t/yz06_15":{"props":{"scale":[{"frame":0,"value":{"__type__":"cc.Vec2","x":1,"y":1}}],"rotation":[{"frame":0,"value":-3},{"frame":0.25,"value":5},{"frame":0.5,"value":-3}],"opacity":[{"frame":0,"value":255}],"position":[{"frame":0,"value":[-12.1,23.9]}]}},"a":{"props":{"scale":[{"frame":0,"value":{"__type__":"cc.Vec2","x":1,"y":1}},{"frame":0.25,"value":{"__type__":"cc.Vec2","x":1.05,"y":1}},{"frame":0.5,"value":{"__type__":"cc.Vec2","x":1,"y":1}}],"rotation":[{"frame":0,"value":0}],"opacity":[{"frame":0,"value":255}],"position":[{"frame":0,"value":[0.81,-35.42]}]}},"yz/s/yz06_18/yz06_11":{"props":{"opacity":[{"frame":0,"value":255}],"rotation":[{"frame":0,"value":9},{"frame":0.25,"value":12},{"frame":0.5,"value":9}],"position":[{"frame":0,"value":[-17.5,-23.6]},{"frame":0.25,"value":[-18.7,-22.7]},{"frame":0.5,"value":[-17.5,-23.6]}]},"comps":{"cc.Sprite":{"spriteFrame":[{"frame":0,"value":{"__uuid__":"a0Ba1+B8FBEKwlksM5FOWq"}}]}}},"yz/s/yz06_23/yz06_19":{"props":{"opacity":[{"frame":0,"value":0}],"rotation":[{"frame":0,"value":13},{"frame":0.25,"value":0},{"frame":0.5,"value":13}]},"comps":{"cc.Sprite":{"spriteFrame":[{"frame":0,"value":{"__uuid__":"adDZjg9itDV7NZIJZ2+ZFg"}}]}}},"yz/s/yz06_22/yz06_06":{"props":{"opacity":[{"frame":0,"value":255}]}},"yz/s/yz06_07":{"props":{"opacity":[{"frame":0,"value":255}],"rotation":[{"frame":0,"value":0},{"frame":0.25,"value":-9},{"frame":0.5,"value":0}]}},"yz/t/yz06_13/yz06_09":{"props":{"opacity":[{"frame":0,"value":0}]}},"yz/t/yz06_08":{"props":{"opacity":[{"frame":0,"value":255}],"rotation":[{"frame":0,"value":0},{"frame":0.25,"value":18},{"frame":0.5,"value":0}]}},"yz/t/yz06_13/yz06_05":{"props":{"opacity":[{"frame":0,"value":255}]}},"yz/t/yz06_14/yz06_04":{"props":{"opacity":[{"frame":0,"value":255}]}},"yz/s/yz06_22/yz06_21":{"props":{"opacity":[{"frame":0,"value":255}]}}},"props":{"opacity":[{"frame":0,"value":255}]}}},{"__type__":"cc.SpriteFrame","content":{"name":"yz06_03","texture":"55CsVIjuFMRZdykvyc4ML3","rect":[0,0,40,58],"offset":[0,0],"originalSize":[40,58],"capInsets":[0,0,0,0]}},{"__type__":"cc.SpriteFrame","content":{"name":"yz06_01","texture":"d4bj/Q+j5F1JJ/FO2dwZ/c","rect":[0,0,12,19],"offset":[0,0],"originalSize":[12,19],"capInsets":[0,0,0,0]}},{"__type__":"cc.SpriteFrame","content":{"name":"yz06_10","texture":"681c62wMJIM6iuj+VcI/UG","rect":[0,0,40,43],"offset":[0,0],"originalSize":[40,43],"capInsets":[0,0,0,0]}},{"__type__":"cc.SpriteFrame","content":{"name":"yz06_12","texture":"f5EMbFgeRHyaOJ6AkwsdJ2","rect":[0,0,82,74],"offset":[0,0],"originalSize":[82,74],"capInsets":[0,0,0,0]}}]