[{"__type__":"cc.SpriteFrame","content":{"name":"tp_PureColorBg","texture":"a8Anh32NZGRZegUtSgEj26","rect":[0,0,2,2],"offset":[0,0],"originalSize":[2,2],"capInsets":[0,0,0,0]}},{"__type__":"cc.SpriteFrame","content":{"name":"Btn_Selection","texture":"1bHfcxWaVOv43FfifIPPlJ","rect":[0,0,184,71],"offset":[0,0],"originalSize":[184,71],"capInsets":[0,0,0,0]}},[{"__type__":"cc.Prefab","_name":"ShopPage","data":{"__id__":1}},{"__type__":"cc.Node","_name":"ShopPage","_children":[{"__id__":2},{"__id__":3}],"_components":[{"__type__":"440f58XK/1AYpjH8zTPQrsc","node":{"__id__":1},"Btn_Close":{"__id__":4},"Btn_ResSelection":{"__id__":8},"Btn_DevilSelection":{"__id__":13},"m_ResNotSelection":{"__id__":6},"m_DevilNotSelection":{"__id__":11},"m_GoodsNode":[{"__id__":16},{"__id__":28},{"__id__":40},{"__id__":52},{"__id__":64},{"__id__":76}]}],"_prefab":{"__type__":"cc.PrefabInfo","root":{"__id__":1},"asset":{"__uuid__":"42tiVBtwdAHpL9022Hl0RF"},"fileId":"27ZUkMjBNA4KsQewYP/+SI"},"_scaleX":1,"_scaleY":1,"_scale":{"__type__":"cc.Vec3","x":1,"y":1,"z":1}},{"__type__":"cc.Node","_name":"PureColorBg","_parent":{"__id__":1},"_components":[{"__type__":"cc.Sprite","node":{"__id__":2},"_spriteFrame":{"__uuid__":"41D7kWhyFGY7q4NDlzkazn"},"_sizeMode":0},{"__type__":"cc.BlockInputEvents","node":{"__id__":2}}],"_prefab":{"__type__":"cc.PrefabInfo","root":{"__id__":1},"asset":{"__uuid__":"42tiVBtwdAHpL9022Hl0RF"},"fileId":"89Cs6ldqJOo67uxjWGekq6"},"_opacity":200,"_color":{"__type__":"cc.Color"},"_contentSize":{"__type__":"cc.Size","width":750,"height":1050},"_position":{"__type__":"cc.Vec3","y":-40},"_scaleX":1,"_scaleY":1,"_scale":{"__type__":"cc.Vec3","x":1,"y":1,"z":1}},{"__type__":"cc.Node","_name":"PageBg","_parent":{"__id__":1},"_children":[{"__id__":4},{"__id__":5},{"__id__":10},{"__id__":15}],"_components":[{"__type__":"cc.Sprite","node":{"__id__":3},"_spriteFrame":{"__uuid__":"7ahupICvFIRKXL4euRDaNn"}}],"_prefab":{"__type__":"cc.PrefabInfo","root":{"__id__":1},"asset":{"__uuid__":"42tiVBtwdAHpL9022Hl0RF"},"fileId":"2dC0LBpr9At6Mv5WgCAH5/"},"_contentSize":{"__type__":"cc.Size","width":738,"height":801},"_position":{"__type__":"cc.Vec3","y":26},"_scaleX":1,"_scaleY":1,"_scale":{"__type__":"cc.Vec3","x":1,"y":1,"z":1}},{"__type__":"cc.Node","_name":"Btn_Close","_parent":{"__id__":3},"_components":[{"__type__":"cc.Sprite","node":{"__id__":4},"_spriteFrame":{"__uuid__":"c4QQuuPrpNY5hP3VMzenBR"}},{"__type__":"cc.Button","node":{"__id__":4},"_N$target":{"__id__":4}}],"_prefab":{"__type__":"cc.PrefabInfo","root":{"__id__":1},"asset":{"__uuid__":"42tiVBtwdAHpL9022Hl0RF"},"fileId":"7ft7qGWB9CvIxj0ckOoLcx"},"_contentSize":{"__type__":"cc.Size","width":81,"height":84},"_position":{"__type__":"cc.Vec3","x":328,"y":209},"_scaleX":1,"_scaleY":1,"_scale":{"__type__":"cc.Vec3","x":1,"y":1,"z":1}},{"__type__":"cc.Node","_name":"ResNode","_parent":{"__id__":3},"_children":[{"__id__":6},{"__id__":8}],"_prefab":{"__type__":"cc.PrefabInfo","root":{"__id__":1},"asset":{"__uuid__":"42tiVBtwdAHpL9022Hl0RF"},"fileId":"e9cauL5MxGeZ+bB8AvNkz+"},"_position":{"__type__":"cc.Vec3","x":-74,"y":-71},"_scaleX":1,"_scaleY":1,"_scale":{"__type__":"cc.Vec3","x":1,"y":1,"z":1}},{"__type__":"cc.Node","_name":"NotSelection","_parent":{"__id__":5},"_children":[{"__id__":7}],"_components":[{"__type__":"cc.Sprite","node":{"__id__":6},"_spriteFrame":{"__uuid__":"97wS3i8iZH27jxvLkkpJXy"}},{"__type__":"cc.Button","node":{"__id__":6},"_N$target":{"__id__":6}}],"_prefab":{"__type__":"cc.PrefabInfo","root":{"__id__":1},"asset":{"__uuid__":"42tiVBtwdAHpL9022Hl0RF"},"fileId":"beEQIq1rlMvpflxf9Sz/yO"},"_contentSize":{"__type__":"cc.Size","width":184,"height":71},"_position":{"__type__":"cc.Vec3","x":72,"y":327},"_scaleX":1,"_scaleY":1,"_scale":{"__type__":"cc.Vec3","x":1,"y":1,"z":1}},{"__type__":"cc.Node","_name":"Label_Res","_parent":{"__id__":6},"_components":[{"__type__":"cc.Sprite","node":{"__id__":7},"_spriteFrame":{"__uuid__":"63gsyBhQhJPbsEkqI+vDTx"}}],"_prefab":{"__type__":"cc.PrefabInfo","root":{"__id__":1},"asset":{"__uuid__":"42tiVBtwdAHpL9022Hl0RF"},"fileId":"f6CVrrsfVMBKcE4tA0UUjd"},"_contentSize":{"__type__":"cc.Size","width":65,"height":28},"_scaleX":1,"_scaleY":1,"_scale":{"__type__":"cc.Vec3","x":1,"y":1,"z":1}},{"__type__":"cc.Node","_name":"Btn_Selection","_parent":{"__id__":5},"_children":[{"__id__":9}],"_components":[{"__type__":"cc.Sprite","node":{"__id__":8},"_spriteFrame":{"__uuid__":"42Ht4p/SRPgLcn0DCZVs6u"}}],"_prefab":{"__type__":"cc.PrefabInfo","root":{"__id__":1},"asset":{"__uuid__":"42tiVBtwdAHpL9022Hl0RF"},"fileId":"7fJNOep4FNopMTh/TsDDNJ"},"_contentSize":{"__type__":"cc.Size","width":184,"height":71},"_position":{"__type__":"cc.Vec3","x":72,"y":327},"_scaleX":1,"_scaleY":1,"_scale":{"__type__":"cc.Vec3","x":1,"y":1,"z":1}},{"__type__":"cc.Node","_name":"Label_Res","_parent":{"__id__":8},"_components":[{"__type__":"cc.Sprite","node":{"__id__":9},"_spriteFrame":{"__uuid__":"63gsyBhQhJPbsEkqI+vDTx"}}],"_prefab":{"__type__":"cc.PrefabInfo","root":{"__id__":1},"asset":{"__uuid__":"42tiVBtwdAHpL9022Hl0RF"},"fileId":"c7/1W1yW9F1oJHhulWJYNV"},"_contentSize":{"__type__":"cc.Size","width":65,"height":28},"_scaleX":1,"_scaleY":1,"_scale":{"__type__":"cc.Vec3","x":1,"y":1,"z":1}},{"__type__":"cc.Node","_name":"DevilNode","_parent":{"__id__":3},"_children":[{"__id__":11},{"__id__":13}],"_prefab":{"__type__":"cc.PrefabInfo","root":{"__id__":1},"asset":{"__uuid__":"42tiVBtwdAHpL9022Hl0RF"},"fileId":"b0ickYKalBWL0PtMTbpl8n"},"_position":{"__type__":"cc.Vec3","x":116,"y":-71},"_scaleX":1,"_scaleY":1,"_scale":{"__type__":"cc.Vec3","x":1,"y":1,"z":1}},{"__type__":"cc.Node","_name":"NotSelection","_parent":{"__id__":10},"_children":[{"__id__":12}],"_components":[{"__type__":"cc.Sprite","node":{"__id__":11},"_spriteFrame":{"__uuid__":"97wS3i8iZH27jxvLkkpJXy"}},{"__type__":"cc.Button","node":{"__id__":11},"_N$target":{"__id__":11}}],"_prefab":{"__type__":"cc.PrefabInfo","root":{"__id__":1},"asset":{"__uuid__":"42tiVBtwdAHpL9022Hl0RF"},"fileId":"74baa3K7BNrba0FGyZZaa5"},"_contentSize":{"__type__":"cc.Size","width":184,"height":71},"_position":{"__type__":"cc.Vec3","x":72,"y":327},"_scaleX":1,"_scaleY":1,"_scale":{"__type__":"cc.Vec3","x":1,"y":1,"z":1}},{"__type__":"cc.Node","_name":"Label_Devil","_parent":{"__id__":11},"_components":[{"__type__":"cc.Sprite","node":{"__id__":12},"_spriteFrame":{"__uuid__":"97clV40ANNmpcgZzkXsQ8O"}}],"_prefab":{"__type__":"cc.PrefabInfo","root":{"__id__":1},"asset":{"__uuid__":"42tiVBtwdAHpL9022Hl0RF"},"fileId":"a3eg6TPbxFCpYgI+WaqnWp"},"_contentSize":{"__type__":"cc.Size","width":64,"height":27},"_scaleX":1,"_scaleY":1,"_scale":{"__type__":"cc.Vec3","x":1,"y":1,"z":1}},{"__type__":"cc.Node","_name":"Btn_Selection","_parent":{"__id__":10},"_children":[{"__id__":14}],"_active":false,"_components":[{"__type__":"cc.Sprite","node":{"__id__":13},"_spriteFrame":{"__uuid__":"42Ht4p/SRPgLcn0DCZVs6u"}}],"_prefab":{"__type__":"cc.PrefabInfo","root":{"__id__":1},"asset":{"__uuid__":"42tiVBtwdAHpL9022Hl0RF"},"fileId":"78+lx9N0lAOqiSq1MQJtKM"},"_contentSize":{"__type__":"cc.Size","width":184,"height":71},"_position":{"__type__":"cc.Vec3","x":72,"y":327},"_scaleX":1,"_scaleY":1,"_scale":{"__type__":"cc.Vec3","x":1,"y":1,"z":1}},{"__type__":"cc.Node","_name":"Label_Devil","_parent":{"__id__":13},"_components":[{"__type__":"cc.Sprite","node":{"__id__":14},"_spriteFrame":{"__uuid__":"97clV40ANNmpcgZzkXsQ8O"}}],"_prefab":{"__type__":"cc.PrefabInfo","root":{"__id__":1},"asset":{"__uuid__":"42tiVBtwdAHpL9022Hl0RF"},"fileId":"670iNBZ4tE64Q7+yrfVYAn"},"_contentSize":{"__type__":"cc.Size","width":64,"height":27},"_scaleX":1,"_scaleY":1,"_scale":{"__type__":"cc.Vec3","x":1,"y":1,"z":1}},{"__type__":"cc.Node","_name":"GoodsNode","_parent":{"__id__":3},"_children":[{"__id__":16},{"__id__":28},{"__id__":40},{"__id__":52},{"__id__":64},{"__id__":76}],"_components":[{"__type__":"cc.Layout","node":{"__id__":15},"_layoutSize":{"__type__":"cc.Size","width":600,"height":200},"_N$layoutType":3,"_N$spacingX":12,"_N$spacingY":20}],"_prefab":{"__type__":"cc.PrefabInfo","root":{"__id__":1},"asset":{"__uuid__":"42tiVBtwdAHpL9022Hl0RF"},"fileId":"e0aTT332VKjLQQzVRoSMq/"},"_contentSize":{"__type__":"cc.Size","width":600,"height":200},"_position":{"__type__":"cc.Vec3","x":10,"y":56},"_scaleX":1,"_scaleY":1,"_scale":{"__type__":"cc.Vec3","x":1,"y":1,"z":1}},{"__type__":"cc.Node","_name":"0","_parent":{"__id__":15},"_children":[{"__id__":17},{"__id__":23}],"_components":[{"__type__":"cc.Sprite","node":{"__id__":16},"_spriteFrame":{"__uuid__":"9fdFLKSbRPM6NotgtnWual"}},{"__type__":"cc.Button","node":{"__id__":16},"_N$target":{"__id__":16}}],"_prefab":{"__type__":"cc.PrefabInfo","root":{"__id__":1},"asset":{"__uuid__":"42tiVBtwdAHpL9022Hl0RF"},"fileId":"adOE9mTIdCSq40SX7snkJe"},"_contentSize":{"__type__":"cc.Size","width":186,"height":217},"_position":{"__type__":"cc.Vec3","x":-207,"y":-8.5},"_scaleX":1,"_scaleY":1,"_scale":{"__type__":"cc.Vec3","x":1,"y":1,"z":1}},{"__type__":"cc.Node","_name":"res","_parent":{"__id__":16},"_children":[{"__id__":18},{"__id__":19},{"__id__":20},{"__id__":21},{"__id__":22}],"_prefab":{"__type__":"cc.PrefabInfo","root":{"__id__":1},"asset":{"__uuid__":"42tiVBtwdAHpL9022Hl0RF"},"fileId":"1c5ph8CldHEoWHsa846oHz"},"_scaleX":1,"_scaleY":1,"_scale":{"__type__":"cc.Vec3","x":1,"y":1,"z":1}},{"__type__":"cc.Node","_name":"Sprite_Gold","_parent":{"__id__":17},"_components":[{"__type__":"cc.Sprite","node":{"__id__":18},"_spriteFrame":{"__uuid__":"bdazvrkqNHR7+ETQAcgdO0"}}],"_prefab":{"__type__":"cc.PrefabInfo","root":{"__id__":1},"asset":{"__uuid__":"42tiVBtwdAHpL9022Hl0RF"},"fileId":"4brLGuV31CroE0LuN1wcji"},"_contentSize":{"__type__":"cc.Size","width":58,"height":58},"_position":{"__type__":"cc.Vec3","y":39},"_scaleX":1.5,"_scaleY":1.5,"_scale":{"__type__":"cc.Vec3","x":1,"y":1,"z":1}},{"__type__":"cc.Node","_name":"Sprite_NeedGold","_parent":{"__id__":17},"_components":[{"__type__":"cc.Sprite","node":{"__id__":19},"_spriteFrame":{"__uuid__":"e3wmtL491OZqEe/H46HMeF"}}],"_prefab":{"__type__":"cc.PrefabInfo","root":{"__id__":1},"asset":{"__uuid__":"42tiVBtwdAHpL9022Hl0RF"},"fileId":"d4FK/tnI5AMZiPjhsJxvHN"},"_contentSize":{"__type__":"cc.Size","width":58,"height":58},"_position":{"__type__":"cc.Vec3","x":-41.9,"y":-78.9},"_scaleX":0.5,"_scaleY":0.5,"_scale":{"__type__":"cc.Vec3","x":1,"y":1,"z":1}},{"__type__":"cc.Node","_name":"Label_GoldName","_parent":{"__id__":17},"_components":[{"__type__":"cc.Label","node":{"__id__":20},"_useOriginalSize":false,"_string":"最长的道具名称","_N$string":"最长的道具名称","_fontSize":18,"_lineHeight":22,"_N$horizontalAlign":1,"_N$verticalAlign":1},{"__type__":"cc.LabelOutline","node":{"__id__":20},"_color":{"__type__":"cc.Color"}}],"_prefab":{"__type__":"cc.PrefabInfo","root":{"__id__":1},"asset":{"__uuid__":"42tiVBtwdAHpL9022Hl0RF"},"fileId":"a493x2Y0dAa7a8KKX2verF"},"_color":{"__type__":"cc.Color","r":244,"g":232,"b":183},"_contentSize":{"__type__":"cc.Size","width":128,"height":22},"_position":{"__type__":"cc.Vec3","y":-24},"_scaleX":1,"_scaleY":1,"_scale":{"__type__":"cc.Vec3","x":1,"y":1,"z":1}},{"__type__":"cc.Node","_name":"Label_GoldNum","_parent":{"__id__":17},"_components":[{"__type__":"cc.Label","node":{"__id__":21},"_useOriginalSize":false,"_string":"x999K","_N$string":"x999K","_fontSize":18,"_lineHeight":22,"_N$horizontalAlign":1,"_N$verticalAlign":1},{"__type__":"cc.LabelOutline","node":{"__id__":21},"_color":{"__type__":"cc.Color"}}],"_prefab":{"__type__":"cc.PrefabInfo","root":{"__id__":1},"asset":{"__uuid__":"42tiVBtwdAHpL9022Hl0RF"},"fileId":"30sGhWBHFG146AmKLxzsCU"},"_color":{"__type__":"cc.Color","r":244,"g":232,"b":183},"_contentSize":{"__type__":"cc.Size","width":53,"height":22},"_position":{"__type__":"cc.Vec3","y":-45},"_scaleX":1,"_scaleY":1,"_scale":{"__type__":"cc.Vec3","x":1,"y":1,"z":1}},{"__type__":"cc.Node","_name":"Label_NeedGoldNum","_parent":{"__id__":17},"_components":[{"__type__":"cc.Label","node":{"__id__":22},"_useOriginalSize":false,"_string":"999K","_N$string":"999K","_fontSize":20,"_lineHeight":24,"_N$horizontalAlign":1,"_N$verticalAlign":1},{"__type__":"cc.LabelOutline","node":{"__id__":22},"_color":{"__type__":"cc.Color","r":121,"g":39,"b":23},"_width":2}],"_prefab":{"__type__":"cc.PrefabInfo","root":{"__id__":1},"asset":{"__uuid__":"42tiVBtwdAHpL9022Hl0RF"},"fileId":"64sf/I6uRERaXRb7eEKrId"},"_color":{"__type__":"cc.Color","r":252,"g":211,"b":47},"_contentSize":{"__type__":"cc.Size","width":51,"height":24},"_position":{"__type__":"cc.Vec3","x":16.4,"y":-77.7},"_scaleX":1,"_scaleY":1,"_scale":{"__type__":"cc.Vec3","x":1,"y":1,"z":1}},{"__type__":"cc.Node","_name":"devil","_parent":{"__id__":16},"_children":[{"__id__":24},{"__id__":25},{"__id__":26},{"__id__":27}],"_active":false,"_prefab":{"__type__":"cc.PrefabInfo","root":{"__id__":1},"asset":{"__uuid__":"42tiVBtwdAHpL9022Hl0RF"},"fileId":"29dZhpZFhLW70CAswLGOIA"},"_scaleX":1,"_scaleY":1,"_scale":{"__type__":"cc.Vec3","x":1,"y":1,"z":1}},{"__type__":"cc.Node","_name":"Sprite_Devil","_parent":{"__id__":23},"_components":[{"__type__":"cc.Sprite","node":{"__id__":24},"_spriteFrame":{"__uuid__":"bdazvrkqNHR7+ETQAcgdO0"}}],"_prefab":{"__type__":"cc.PrefabInfo","root":{"__id__":1},"asset":{"__uuid__":"42tiVBtwdAHpL9022Hl0RF"},"fileId":"80S0gLav9I3owJeZedfa/G"},"_contentSize":{"__type__":"cc.Size","width":58,"height":58},"_position":{"__type__":"cc.Vec3","y":39},"_scaleX":1.5,"_scaleY":1.5,"_scale":{"__type__":"cc.Vec3","x":1,"y":1,"z":1}},{"__type__":"cc.Node","_name":"Sprite_NeedGold","_parent":{"__id__":23},"_components":[{"__type__":"cc.Sprite","node":{"__id__":25},"_spriteFrame":{"__uuid__":"e3wmtL491OZqEe/H46HMeF"}}],"_prefab":{"__type__":"cc.PrefabInfo","root":{"__id__":1},"asset":{"__uuid__":"42tiVBtwdAHpL9022Hl0RF"},"fileId":"da6bioDiZMnKwtjhC/x30/"},"_contentSize":{"__type__":"cc.Size","width":58,"height":58},"_position":{"__type__":"cc.Vec3","x":-41.9,"y":-78.9},"_scaleX":0.5,"_scaleY":0.5,"_scale":{"__type__":"cc.Vec3","x":1,"y":1,"z":1}},{"__type__":"cc.Node","_name":"Label_DevilName","_parent":{"__id__":23},"_components":[{"__type__":"cc.Label","node":{"__id__":26},"_useOriginalSize":false,"_string":"最长的道具名称","_N$string":"最长的道具名称","_fontSize":18,"_lineHeight":22,"_N$horizontalAlign":1,"_N$verticalAlign":1},{"__type__":"cc.LabelOutline","node":{"__id__":26},"_color":{"__type__":"cc.Color"}}],"_prefab":{"__type__":"cc.PrefabInfo","root":{"__id__":1},"asset":{"__uuid__":"42tiVBtwdAHpL9022Hl0RF"},"fileId":"c907EkTrJOIqb5X+yJoWKs"},"_color":{"__type__":"cc.Color","r":244,"g":232,"b":183},"_contentSize":{"__type__":"cc.Size","width":126,"height":22},"_position":{"__type__":"cc.Vec3","y":-42},"_scaleX":1,"_scaleY":1,"_scale":{"__type__":"cc.Vec3","x":1,"y":1,"z":1}},{"__type__":"cc.Node","_name":"Label_NeedGoldNum","_parent":{"__id__":23},"_components":[{"__type__":"cc.Label","node":{"__id__":27},"_useOriginalSize":false,"_string":"999K","_N$string":"999K","_fontSize":20,"_lineHeight":24,"_N$horizontalAlign":1,"_N$verticalAlign":1},{"__type__":"cc.LabelOutline","node":{"__id__":27},"_color":{"__type__":"cc.Color","r":121,"g":39,"b":23},"_width":2}],"_prefab":{"__type__":"cc.PrefabInfo","root":{"__id__":1},"asset":{"__uuid__":"42tiVBtwdAHpL9022Hl0RF"},"fileId":"a4a3EiMo5IAYdC9KgKIczm"},"_color":{"__type__":"cc.Color","r":252,"g":211,"b":47},"_contentSize":{"__type__":"cc.Size","width":47,"height":24},"_position":{"__type__":"cc.Vec3","x":16.4,"y":-77.7},"_scaleX":1,"_scaleY":1,"_scale":{"__type__":"cc.Vec3","x":1,"y":1,"z":1}},{"__type__":"cc.Node","_name":"1","_parent":{"__id__":15},"_children":[{"__id__":29},{"__id__":35}],"_components":[{"__type__":"cc.Sprite","node":{"__id__":28},"_spriteFrame":{"__uuid__":"9fdFLKSbRPM6NotgtnWual"}},{"__type__":"cc.Button","node":{"__id__":28},"_N$target":{"__id__":28}}],"_prefab":{"__type__":"cc.PrefabInfo","root":{"__id__":1},"asset":{"__uuid__":"42tiVBtwdAHpL9022Hl0RF"},"fileId":"a5BA3a3CJGIqPlRnbYxRQl"},"_contentSize":{"__type__":"cc.Size","width":186,"height":217},"_position":{"__type__":"cc.Vec3","x":-9,"y":-8.5},"_scaleX":1,"_scaleY":1,"_scale":{"__type__":"cc.Vec3","x":1,"y":1,"z":1}},{"__type__":"cc.Node","_name":"res","_parent":{"__id__":28},"_children":[{"__id__":30},{"__id__":31},{"__id__":32},{"__id__":33},{"__id__":34}],"_prefab":{"__type__":"cc.PrefabInfo","root":{"__id__":1},"asset":{"__uuid__":"42tiVBtwdAHpL9022Hl0RF"},"fileId":"12ZCmSSVVCcbPPWYbQ5bXg"},"_scaleX":1,"_scaleY":1,"_scale":{"__type__":"cc.Vec3","x":1,"y":1,"z":1}},{"__type__":"cc.Node","_name":"Sprite_Gold","_parent":{"__id__":29},"_components":[{"__type__":"cc.Sprite","node":{"__id__":30},"_spriteFrame":{"__uuid__":"bdazvrkqNHR7+ETQAcgdO0"}}],"_prefab":{"__type__":"cc.PrefabInfo","root":{"__id__":1},"asset":{"__uuid__":"42tiVBtwdAHpL9022Hl0RF"},"fileId":"28v3ZuVG1NEb9u2iDFAFye"},"_contentSize":{"__type__":"cc.Size","width":58,"height":58},"_position":{"__type__":"cc.Vec3","y":39},"_scaleX":1.5,"_scaleY":1.5,"_scale":{"__type__":"cc.Vec3","x":1,"y":1,"z":1}},{"__type__":"cc.Node","_name":"Sprite_NeedGold","_parent":{"__id__":29},"_components":[{"__type__":"cc.Sprite","node":{"__id__":31},"_spriteFrame":{"__uuid__":"e3wmtL491OZqEe/H46HMeF"}}],"_prefab":{"__type__":"cc.PrefabInfo","root":{"__id__":1},"asset":{"__uuid__":"42tiVBtwdAHpL9022Hl0RF"},"fileId":"77cWSfifdIjYEpET1+MHPh"},"_contentSize":{"__type__":"cc.Size","width":58,"height":58},"_position":{"__type__":"cc.Vec3","x":-41.9,"y":-78.9},"_scaleX":0.5,"_scaleY":0.5,"_scale":{"__type__":"cc.Vec3","x":1,"y":1,"z":1}},{"__type__":"cc.Node","_name":"Label_GoldName","_parent":{"__id__":29},"_components":[{"__type__":"cc.Label","node":{"__id__":32},"_useOriginalSize":false,"_string":"最长的道具名称","_N$string":"最长的道具名称","_fontSize":18,"_lineHeight":22,"_N$horizontalAlign":1,"_N$verticalAlign":1},{"__type__":"cc.LabelOutline","node":{"__id__":32},"_color":{"__type__":"cc.Color"}}],"_prefab":{"__type__":"cc.PrefabInfo","root":{"__id__":1},"asset":{"__uuid__":"42tiVBtwdAHpL9022Hl0RF"},"fileId":"50cpVWyD1EwYek+pwz0ulF"},"_color":{"__type__":"cc.Color","r":244,"g":232,"b":183},"_contentSize":{"__type__":"cc.Size","width":128,"height":22},"_position":{"__type__":"cc.Vec3","y":-24},"_scaleX":1,"_scaleY":1,"_scale":{"__type__":"cc.Vec3","x":1,"y":1,"z":1}},{"__type__":"cc.Node","_name":"Label_GoldNum","_parent":{"__id__":29},"_components":[{"__type__":"cc.Label","node":{"__id__":33},"_useOriginalSize":false,"_string":"x999K","_N$string":"x999K","_fontSize":18,"_lineHeight":22,"_N$horizontalAlign":1,"_N$verticalAlign":1},{"__type__":"cc.LabelOutline","node":{"__id__":33},"_color":{"__type__":"cc.Color"}}],"_prefab":{"__type__":"cc.PrefabInfo","root":{"__id__":1},"asset":{"__uuid__":"42tiVBtwdAHpL9022Hl0RF"},"fileId":"aaMw/hmnlK1JZVn3TSaHdn"},"_color":{"__type__":"cc.Color","r":244,"g":232,"b":183},"_contentSize":{"__type__":"cc.Size","width":53,"height":22},"_position":{"__type__":"cc.Vec3","y":-45},"_scaleX":1,"_scaleY":1,"_scale":{"__type__":"cc.Vec3","x":1,"y":1,"z":1}},{"__type__":"cc.Node","_name":"Label_NeedGoldNum","_parent":{"__id__":29},"_components":[{"__type__":"cc.Label","node":{"__id__":34},"_useOriginalSize":false,"_string":"999K","_N$string":"999K","_fontSize":20,"_lineHeight":24,"_N$horizontalAlign":1,"_N$verticalAlign":1},{"__type__":"cc.LabelOutline","node":{"__id__":34},"_color":{"__type__":"cc.Color","r":121,"g":39,"b":23},"_width":2}],"_prefab":{"__type__":"cc.PrefabInfo","root":{"__id__":1},"asset":{"__uuid__":"42tiVBtwdAHpL9022Hl0RF"},"fileId":"e1NuP/yERBhKH8HzYzauFx"},"_color":{"__type__":"cc.Color","r":252,"g":211,"b":47},"_contentSize":{"__type__":"cc.Size","width":51,"height":24},"_position":{"__type__":"cc.Vec3","x":16.4,"y":-77.7},"_scaleX":1,"_scaleY":1,"_scale":{"__type__":"cc.Vec3","x":1,"y":1,"z":1}},{"__type__":"cc.Node","_name":"devil","_parent":{"__id__":28},"_children":[{"__id__":36},{"__id__":37},{"__id__":38},{"__id__":39}],"_active":false,"_prefab":{"__type__":"cc.PrefabInfo","root":{"__id__":1},"asset":{"__uuid__":"42tiVBtwdAHpL9022Hl0RF"},"fileId":"961z6Awl9MZp045Q5SOC9K"},"_scaleX":1,"_scaleY":1,"_scale":{"__type__":"cc.Vec3","x":1,"y":1,"z":1}},{"__type__":"cc.Node","_name":"Sprite_Devil","_parent":{"__id__":35},"_components":[{"__type__":"cc.Sprite","node":{"__id__":36},"_spriteFrame":{"__uuid__":"bdazvrkqNHR7+ETQAcgdO0"}}],"_prefab":{"__type__":"cc.PrefabInfo","root":{"__id__":1},"asset":{"__uuid__":"42tiVBtwdAHpL9022Hl0RF"},"fileId":"6dQOfaU0xF4pfy2DYjxFFh"},"_contentSize":{"__type__":"cc.Size","width":58,"height":58},"_position":{"__type__":"cc.Vec3","y":39},"_scaleX":1.5,"_scaleY":1.5,"_scale":{"__type__":"cc.Vec3","x":1,"y":1,"z":1}},{"__type__":"cc.Node","_name":"Sprite_NeedGold","_parent":{"__id__":35},"_components":[{"__type__":"cc.Sprite","node":{"__id__":37},"_spriteFrame":{"__uuid__":"e3wmtL491OZqEe/H46HMeF"}}],"_prefab":{"__type__":"cc.PrefabInfo","root":{"__id__":1},"asset":{"__uuid__":"42tiVBtwdAHpL9022Hl0RF"},"fileId":"0fFEVAygdBa6K09yZTQJku"},"_contentSize":{"__type__":"cc.Size","width":58,"height":58},"_position":{"__type__":"cc.Vec3","x":-41.9,"y":-78.9},"_scaleX":0.5,"_scaleY":0.5,"_scale":{"__type__":"cc.Vec3","x":1,"y":1,"z":1}},{"__type__":"cc.Node","_name":"Label_DevilName","_parent":{"__id__":35},"_components":[{"__type__":"cc.Label","node":{"__id__":38},"_useOriginalSize":false,"_string":"最长的道具名称","_N$string":"最长的道具名称","_fontSize":18,"_lineHeight":22,"_N$horizontalAlign":1,"_N$verticalAlign":1},{"__type__":"cc.LabelOutline","node":{"__id__":38},"_color":{"__type__":"cc.Color"}}],"_prefab":{"__type__":"cc.PrefabInfo","root":{"__id__":1},"asset":{"__uuid__":"42tiVBtwdAHpL9022Hl0RF"},"fileId":"870yXAji1BqphddjEO6B6K"},"_color":{"__type__":"cc.Color","r":244,"g":232,"b":183},"_contentSize":{"__type__":"cc.Size","width":126,"height":22},"_position":{"__type__":"cc.Vec3","y":-42},"_scaleX":1,"_scaleY":1,"_scale":{"__type__":"cc.Vec3","x":1,"y":1,"z":1}},{"__type__":"cc.Node","_name":"Label_NeedGoldNum","_parent":{"__id__":35},"_components":[{"__type__":"cc.Label","node":{"__id__":39},"_useOriginalSize":false,"_string":"999K","_N$string":"999K","_fontSize":20,"_lineHeight":24,"_N$horizontalAlign":1,"_N$verticalAlign":1},{"__type__":"cc.LabelOutline","node":{"__id__":39},"_color":{"__type__":"cc.Color","r":121,"g":39,"b":23},"_width":2}],"_prefab":{"__type__":"cc.PrefabInfo","root":{"__id__":1},"asset":{"__uuid__":"42tiVBtwdAHpL9022Hl0RF"},"fileId":"f2xnolWvNPC5sYKAaQs9Z1"},"_color":{"__type__":"cc.Color","r":252,"g":211,"b":47},"_contentSize":{"__type__":"cc.Size","width":47,"height":24},"_position":{"__type__":"cc.Vec3","x":16.4,"y":-77.7},"_scaleX":1,"_scaleY":1,"_scale":{"__type__":"cc.Vec3","x":1,"y":1,"z":1}},{"__type__":"cc.Node","_name":"2","_parent":{"__id__":15},"_children":[{"__id__":41},{"__id__":47}],"_components":[{"__type__":"cc.Sprite","node":{"__id__":40},"_spriteFrame":{"__uuid__":"9fdFLKSbRPM6NotgtnWual"}},{"__type__":"cc.Button","node":{"__id__":40},"_N$target":{"__id__":40}}],"_prefab":{"__type__":"cc.PrefabInfo","root":{"__id__":1},"asset":{"__uuid__":"42tiVBtwdAHpL9022Hl0RF"},"fileId":"74O/iQy7ZKZo6Js3MCrngC"},"_contentSize":{"__type__":"cc.Size","width":186,"height":217},"_position":{"__type__":"cc.Vec3","x":189,"y":-8.5},"_scaleX":1,"_scaleY":1,"_scale":{"__type__":"cc.Vec3","x":1,"y":1,"z":1}},{"__type__":"cc.Node","_name":"res","_parent":{"__id__":40},"_children":[{"__id__":42},{"__id__":43},{"__id__":44},{"__id__":45},{"__id__":46}],"_prefab":{"__type__":"cc.PrefabInfo","root":{"__id__":1},"asset":{"__uuid__":"42tiVBtwdAHpL9022Hl0RF"},"fileId":"9c2SnsO5lBC56EjEc9DTO+"},"_scaleX":1,"_scaleY":1,"_scale":{"__type__":"cc.Vec3","x":1,"y":1,"z":1}},{"__type__":"cc.Node","_name":"Sprite_Gold","_parent":{"__id__":41},"_components":[{"__type__":"cc.Sprite","node":{"__id__":42},"_spriteFrame":{"__uuid__":"bdazvrkqNHR7+ETQAcgdO0"}}],"_prefab":{"__type__":"cc.PrefabInfo","root":{"__id__":1},"asset":{"__uuid__":"42tiVBtwdAHpL9022Hl0RF"},"fileId":"67Wm2NCVpB+6iubWKHDK46"},"_contentSize":{"__type__":"cc.Size","width":58,"height":58},"_position":{"__type__":"cc.Vec3","y":39},"_scaleX":1.5,"_scaleY":1.5,"_scale":{"__type__":"cc.Vec3","x":1,"y":1,"z":1}},{"__type__":"cc.Node","_name":"Sprite_NeedGold","_parent":{"__id__":41},"_components":[{"__type__":"cc.Sprite","node":{"__id__":43},"_spriteFrame":{"__uuid__":"e3wmtL491OZqEe/H46HMeF"}}],"_prefab":{"__type__":"cc.PrefabInfo","root":{"__id__":1},"asset":{"__uuid__":"42tiVBtwdAHpL9022Hl0RF"},"fileId":"84VLmY27dN5pUkPLJihvpW"},"_contentSize":{"__type__":"cc.Size","width":58,"height":58},"_position":{"__type__":"cc.Vec3","x":-41.9,"y":-78.9},"_scaleX":0.5,"_scaleY":0.5,"_scale":{"__type__":"cc.Vec3","x":1,"y":1,"z":1}},{"__type__":"cc.Node","_name":"Label_GoldName","_parent":{"__id__":41},"_components":[{"__type__":"cc.Label","node":{"__id__":44},"_useOriginalSize":false,"_string":"最长的道具名称","_N$string":"最长的道具名称","_fontSize":18,"_lineHeight":22,"_N$horizontalAlign":1,"_N$verticalAlign":1},{"__type__":"cc.LabelOutline","node":{"__id__":44},"_color":{"__type__":"cc.Color"}}],"_prefab":{"__type__":"cc.PrefabInfo","root":{"__id__":1},"asset":{"__uuid__":"42tiVBtwdAHpL9022Hl0RF"},"fileId":"d1ZQHMjuBHB5z6vGcrgNgg"},"_color":{"__type__":"cc.Color","r":244,"g":232,"b":183},"_contentSize":{"__type__":"cc.Size","width":128,"height":22},"_position":{"__type__":"cc.Vec3","y":-24},"_scaleX":1,"_scaleY":1,"_scale":{"__type__":"cc.Vec3","x":1,"y":1,"z":1}},{"__type__":"cc.Node","_name":"Label_GoldNum","_parent":{"__id__":41},"_components":[{"__type__":"cc.Label","node":{"__id__":45},"_useOriginalSize":false,"_string":"x999K","_N$string":"x999K","_fontSize":18,"_lineHeight":22,"_N$horizontalAlign":1,"_N$verticalAlign":1},{"__type__":"cc.LabelOutline","node":{"__id__":45},"_color":{"__type__":"cc.Color"}}],"_prefab":{"__type__":"cc.PrefabInfo","root":{"__id__":1},"asset":{"__uuid__":"42tiVBtwdAHpL9022Hl0RF"},"fileId":"4eHKxZD2lMu7i+H+zg5KG7"},"_color":{"__type__":"cc.Color","r":244,"g":232,"b":183},"_contentSize":{"__type__":"cc.Size","width":53,"height":22},"_position":{"__type__":"cc.Vec3","y":-45},"_scaleX":1,"_scaleY":1,"_scale":{"__type__":"cc.Vec3","x":1,"y":1,"z":1}},{"__type__":"cc.Node","_name":"Label_NeedGoldNum","_parent":{"__id__":41},"_components":[{"__type__":"cc.Label","node":{"__id__":46},"_useOriginalSize":false,"_string":"999K","_N$string":"999K","_fontSize":20,"_lineHeight":24,"_N$horizontalAlign":1,"_N$verticalAlign":1},{"__type__":"cc.LabelOutline","node":{"__id__":46},"_color":{"__type__":"cc.Color","r":121,"g":39,"b":23},"_width":2}],"_prefab":{"__type__":"cc.PrefabInfo","root":{"__id__":1},"asset":{"__uuid__":"42tiVBtwdAHpL9022Hl0RF"},"fileId":"51oVo3mh9Jx6fOdmNFx2vP"},"_color":{"__type__":"cc.Color","r":252,"g":211,"b":47},"_contentSize":{"__type__":"cc.Size","width":51,"height":24},"_position":{"__type__":"cc.Vec3","x":16.4,"y":-77.7},"_scaleX":1,"_scaleY":1,"_scale":{"__type__":"cc.Vec3","x":1,"y":1,"z":1}},{"__type__":"cc.Node","_name":"devil","_parent":{"__id__":40},"_children":[{"__id__":48},{"__id__":49},{"__id__":50},{"__id__":51}],"_active":false,"_prefab":{"__type__":"cc.PrefabInfo","root":{"__id__":1},"asset":{"__uuid__":"42tiVBtwdAHpL9022Hl0RF"},"fileId":"726LVjt9VFAbdrhpK2/nRF"},"_scaleX":1,"_scaleY":1,"_scale":{"__type__":"cc.Vec3","x":1,"y":1,"z":1}},{"__type__":"cc.Node","_name":"Sprite_Devil","_parent":{"__id__":47},"_components":[{"__type__":"cc.Sprite","node":{"__id__":48},"_spriteFrame":{"__uuid__":"bdazvrkqNHR7+ETQAcgdO0"}}],"_prefab":{"__type__":"cc.PrefabInfo","root":{"__id__":1},"asset":{"__uuid__":"42tiVBtwdAHpL9022Hl0RF"},"fileId":"4cV51JtNhE3K1AKfowlIy5"},"_contentSize":{"__type__":"cc.Size","width":58,"height":58},"_position":{"__type__":"cc.Vec3","y":39},"_scaleX":1.5,"_scaleY":1.5,"_scale":{"__type__":"cc.Vec3","x":1,"y":1,"z":1}},{"__type__":"cc.Node","_name":"Sprite_NeedGold","_parent":{"__id__":47},"_components":[{"__type__":"cc.Sprite","node":{"__id__":49},"_spriteFrame":{"__uuid__":"e3wmtL491OZqEe/H46HMeF"}}],"_prefab":{"__type__":"cc.PrefabInfo","root":{"__id__":1},"asset":{"__uuid__":"42tiVBtwdAHpL9022Hl0RF"},"fileId":"c4ds3p+XpLfpsH8IvLke2N"},"_contentSize":{"__type__":"cc.Size","width":58,"height":58},"_position":{"__type__":"cc.Vec3","x":-41.9,"y":-78.9},"_scaleX":0.5,"_scaleY":0.5,"_scale":{"__type__":"cc.Vec3","x":1,"y":1,"z":1}},{"__type__":"cc.Node","_name":"Label_DevilName","_parent":{"__id__":47},"_components":[{"__type__":"cc.Label","node":{"__id__":50},"_useOriginalSize":false,"_string":"最长的道具名称","_N$string":"最长的道具名称","_fontSize":18,"_lineHeight":22,"_N$horizontalAlign":1,"_N$verticalAlign":1},{"__type__":"cc.LabelOutline","node":{"__id__":50},"_color":{"__type__":"cc.Color"}}],"_prefab":{"__type__":"cc.PrefabInfo","root":{"__id__":1},"asset":{"__uuid__":"42tiVBtwdAHpL9022Hl0RF"},"fileId":"2apqoOQfRA9JqXLI+d0Q6z"},"_color":{"__type__":"cc.Color","r":244,"g":232,"b":183},"_contentSize":{"__type__":"cc.Size","width":126,"height":22},"_position":{"__type__":"cc.Vec3","y":-42},"_scaleX":1,"_scaleY":1,"_scale":{"__type__":"cc.Vec3","x":1,"y":1,"z":1}},{"__type__":"cc.Node","_name":"Label_NeedGoldNum","_parent":{"__id__":47},"_components":[{"__type__":"cc.Label","node":{"__id__":51},"_useOriginalSize":false,"_string":"999K","_N$string":"999K","_fontSize":20,"_lineHeight":24,"_N$horizontalAlign":1,"_N$verticalAlign":1},{"__type__":"cc.LabelOutline","node":{"__id__":51},"_color":{"__type__":"cc.Color","r":121,"g":39,"b":23},"_width":2}],"_prefab":{"__type__":"cc.PrefabInfo","root":{"__id__":1},"asset":{"__uuid__":"42tiVBtwdAHpL9022Hl0RF"},"fileId":"ecKKa2D6hAEa6rJB9fxFYM"},"_color":{"__type__":"cc.Color","r":252,"g":211,"b":47},"_contentSize":{"__type__":"cc.Size","width":47,"height":24},"_position":{"__type__":"cc.Vec3","x":16.4,"y":-77.7},"_scaleX":1,"_scaleY":1,"_scale":{"__type__":"cc.Vec3","x":1,"y":1,"z":1}},{"__type__":"cc.Node","_name":"3","_parent":{"__id__":15},"_children":[{"__id__":53},{"__id__":59}],"_components":[{"__type__":"cc.Sprite","node":{"__id__":52},"_spriteFrame":{"__uuid__":"9fdFLKSbRPM6NotgtnWual"}},{"__type__":"cc.Button","node":{"__id__":52},"_N$target":{"__id__":52}}],"_prefab":{"__type__":"cc.PrefabInfo","root":{"__id__":1},"asset":{"__uuid__":"42tiVBtwdAHpL9022Hl0RF"},"fileId":"f7YV4yRlBDK6Iw724O2BVU"},"_contentSize":{"__type__":"cc.Size","width":186,"height":217},"_position":{"__type__":"cc.Vec3","x":-207,"y":-245.5},"_scaleX":1,"_scaleY":1,"_scale":{"__type__":"cc.Vec3","x":1,"y":1,"z":1}},{"__type__":"cc.Node","_name":"res","_parent":{"__id__":52},"_children":[{"__id__":54},{"__id__":55},{"__id__":56},{"__id__":57},{"__id__":58}],"_prefab":{"__type__":"cc.PrefabInfo","root":{"__id__":1},"asset":{"__uuid__":"42tiVBtwdAHpL9022Hl0RF"},"fileId":"83cLQOjUlHeqOxjbmV23m8"},"_scaleX":1,"_scaleY":1,"_scale":{"__type__":"cc.Vec3","x":1,"y":1,"z":1}},{"__type__":"cc.Node","_name":"Sprite_Gold","_parent":{"__id__":53},"_components":[{"__type__":"cc.Sprite","node":{"__id__":54},"_spriteFrame":{"__uuid__":"bdazvrkqNHR7+ETQAcgdO0"}}],"_prefab":{"__type__":"cc.PrefabInfo","root":{"__id__":1},"asset":{"__uuid__":"42tiVBtwdAHpL9022Hl0RF"},"fileId":"549XAyuZFOO6EPafRBgGfB"},"_contentSize":{"__type__":"cc.Size","width":58,"height":58},"_position":{"__type__":"cc.Vec3","y":39},"_scaleX":1.5,"_scaleY":1.5,"_scale":{"__type__":"cc.Vec3","x":1,"y":1,"z":1}},{"__type__":"cc.Node","_name":"Sprite_NeedGold","_parent":{"__id__":53},"_components":[{"__type__":"cc.Sprite","node":{"__id__":55},"_spriteFrame":{"__uuid__":"e3wmtL491OZqEe/H46HMeF"}}],"_prefab":{"__type__":"cc.PrefabInfo","root":{"__id__":1},"asset":{"__uuid__":"42tiVBtwdAHpL9022Hl0RF"},"fileId":"2c4/+I5cBJ854TC+3/7gnV"},"_contentSize":{"__type__":"cc.Size","width":58,"height":58},"_position":{"__type__":"cc.Vec3","x":-41.9,"y":-78.9},"_scaleX":0.5,"_scaleY":0.5,"_scale":{"__type__":"cc.Vec3","x":1,"y":1,"z":1}},{"__type__":"cc.Node","_name":"Label_GoldName","_parent":{"__id__":53},"_components":[{"__type__":"cc.Label","node":{"__id__":56},"_useOriginalSize":false,"_string":"最长的道具名称","_N$string":"最长的道具名称","_fontSize":18,"_lineHeight":22,"_N$horizontalAlign":1,"_N$verticalAlign":1},{"__type__":"cc.LabelOutline","node":{"__id__":56},"_color":{"__type__":"cc.Color"}}],"_prefab":{"__type__":"cc.PrefabInfo","root":{"__id__":1},"asset":{"__uuid__":"42tiVBtwdAHpL9022Hl0RF"},"fileId":"f76APl7H9OBI3gqpbWB+jW"},"_color":{"__type__":"cc.Color","r":244,"g":232,"b":183},"_contentSize":{"__type__":"cc.Size","width":128,"height":22},"_position":{"__type__":"cc.Vec3","y":-24},"_scaleX":1,"_scaleY":1,"_scale":{"__type__":"cc.Vec3","x":1,"y":1,"z":1}},{"__type__":"cc.Node","_name":"Label_GoldNum","_parent":{"__id__":53},"_components":[{"__type__":"cc.Label","node":{"__id__":57},"_useOriginalSize":false,"_string":"x999K","_N$string":"x999K","_fontSize":18,"_lineHeight":22,"_N$horizontalAlign":1,"_N$verticalAlign":1},{"__type__":"cc.LabelOutline","node":{"__id__":57},"_color":{"__type__":"cc.Color"}}],"_prefab":{"__type__":"cc.PrefabInfo","root":{"__id__":1},"asset":{"__uuid__":"42tiVBtwdAHpL9022Hl0RF"},"fileId":"208Y1vFThOd4TN7WnuUvQD"},"_color":{"__type__":"cc.Color","r":244,"g":232,"b":183},"_contentSize":{"__type__":"cc.Size","width":53,"height":22},"_position":{"__type__":"cc.Vec3","y":-45},"_scaleX":1,"_scaleY":1,"_scale":{"__type__":"cc.Vec3","x":1,"y":1,"z":1}},{"__type__":"cc.Node","_name":"Label_NeedGoldNum","_parent":{"__id__":53},"_components":[{"__type__":"cc.Label","node":{"__id__":58},"_useOriginalSize":false,"_string":"999K","_N$string":"999K","_fontSize":20,"_lineHeight":24,"_N$horizontalAlign":1,"_N$verticalAlign":1},{"__type__":"cc.LabelOutline","node":{"__id__":58},"_color":{"__type__":"cc.Color","r":121,"g":39,"b":23},"_width":2}],"_prefab":{"__type__":"cc.PrefabInfo","root":{"__id__":1},"asset":{"__uuid__":"42tiVBtwdAHpL9022Hl0RF"},"fileId":"6cTJskXIdLpIKR+ALeL/dk"},"_color":{"__type__":"cc.Color","r":252,"g":211,"b":47},"_contentSize":{"__type__":"cc.Size","width":51,"height":24},"_position":{"__type__":"cc.Vec3","x":16.4,"y":-77.7},"_scaleX":1,"_scaleY":1,"_scale":{"__type__":"cc.Vec3","x":1,"y":1,"z":1}},{"__type__":"cc.Node","_name":"devil","_parent":{"__id__":52},"_children":[{"__id__":60},{"__id__":61},{"__id__":62},{"__id__":63}],"_active":false,"_prefab":{"__type__":"cc.PrefabInfo","root":{"__id__":1},"asset":{"__uuid__":"42tiVBtwdAHpL9022Hl0RF"},"fileId":"41Ph+l+wJDD6O1pkVxaHMn"},"_scaleX":1,"_scaleY":1,"_scale":{"__type__":"cc.Vec3","x":1,"y":1,"z":1}},{"__type__":"cc.Node","_name":"Sprite_Devil","_parent":{"__id__":59},"_components":[{"__type__":"cc.Sprite","node":{"__id__":60},"_spriteFrame":{"__uuid__":"bdazvrkqNHR7+ETQAcgdO0"}}],"_prefab":{"__type__":"cc.PrefabInfo","root":{"__id__":1},"asset":{"__uuid__":"42tiVBtwdAHpL9022Hl0RF"},"fileId":"2dBgC2oblN1KEjW5TRBP51"},"_contentSize":{"__type__":"cc.Size","width":58,"height":58},"_position":{"__type__":"cc.Vec3","y":39},"_scaleX":1.5,"_scaleY":1.5,"_scale":{"__type__":"cc.Vec3","x":1,"y":1,"z":1}},{"__type__":"cc.Node","_name":"Sprite_NeedGold","_parent":{"__id__":59},"_components":[{"__type__":"cc.Sprite","node":{"__id__":61},"_spriteFrame":{"__uuid__":"e3wmtL491OZqEe/H46HMeF"}}],"_prefab":{"__type__":"cc.PrefabInfo","root":{"__id__":1},"asset":{"__uuid__":"42tiVBtwdAHpL9022Hl0RF"},"fileId":"90qOeuvc9PUq8gz7cQfjfR"},"_contentSize":{"__type__":"cc.Size","width":58,"height":58},"_position":{"__type__":"cc.Vec3","x":-41.9,"y":-78.9},"_scaleX":0.5,"_scaleY":0.5,"_scale":{"__type__":"cc.Vec3","x":1,"y":1,"z":1}},{"__type__":"cc.Node","_name":"Label_DevilName","_parent":{"__id__":59},"_components":[{"__type__":"cc.Label","node":{"__id__":62},"_useOriginalSize":false,"_string":"最长的道具名称","_N$string":"最长的道具名称","_fontSize":18,"_lineHeight":22,"_N$horizontalAlign":1,"_N$verticalAlign":1},{"__type__":"cc.LabelOutline","node":{"__id__":62},"_color":{"__type__":"cc.Color"}}],"_prefab":{"__type__":"cc.PrefabInfo","root":{"__id__":1},"asset":{"__uuid__":"42tiVBtwdAHpL9022Hl0RF"},"fileId":"f2iKloMbdA1Lw444L1/OTs"},"_color":{"__type__":"cc.Color","r":244,"g":232,"b":183},"_contentSize":{"__type__":"cc.Size","width":126,"height":22},"_position":{"__type__":"cc.Vec3","y":-42},"_scaleX":1,"_scaleY":1,"_scale":{"__type__":"cc.Vec3","x":1,"y":1,"z":1}},{"__type__":"cc.Node","_name":"Label_NeedGoldNum","_parent":{"__id__":59},"_components":[{"__type__":"cc.Label","node":{"__id__":63},"_useOriginalSize":false,"_string":"999K","_N$string":"999K","_fontSize":20,"_lineHeight":24,"_N$horizontalAlign":1,"_N$verticalAlign":1},{"__type__":"cc.LabelOutline","node":{"__id__":63},"_color":{"__type__":"cc.Color","r":121,"g":39,"b":23},"_width":2}],"_prefab":{"__type__":"cc.PrefabInfo","root":{"__id__":1},"asset":{"__uuid__":"42tiVBtwdAHpL9022Hl0RF"},"fileId":"abiZ1PiqtFfb6gJV/QFQb4"},"_color":{"__type__":"cc.Color","r":252,"g":211,"b":47},"_contentSize":{"__type__":"cc.Size","width":47,"height":24},"_position":{"__type__":"cc.Vec3","x":16.4,"y":-77.7},"_scaleX":1,"_scaleY":1,"_scale":{"__type__":"cc.Vec3","x":1,"y":1,"z":1}},{"__type__":"cc.Node","_name":"4","_parent":{"__id__":15},"_children":[{"__id__":65},{"__id__":71}],"_components":[{"__type__":"cc.Sprite","node":{"__id__":64},"_spriteFrame":{"__uuid__":"9fdFLKSbRPM6NotgtnWual"}},{"__type__":"cc.Button","node":{"__id__":64},"_N$target":{"__id__":64}}],"_prefab":{"__type__":"cc.PrefabInfo","root":{"__id__":1},"asset":{"__uuid__":"42tiVBtwdAHpL9022Hl0RF"},"fileId":"00XQtBBBhF9Z486Eo0/F7M"},"_contentSize":{"__type__":"cc.Size","width":186,"height":217},"_position":{"__type__":"cc.Vec3","x":-9,"y":-245.5},"_scaleX":1,"_scaleY":1,"_scale":{"__type__":"cc.Vec3","x":1,"y":1,"z":1}},{"__type__":"cc.Node","_name":"res","_parent":{"__id__":64},"_children":[{"__id__":66},{"__id__":67},{"__id__":68},{"__id__":69},{"__id__":70}],"_prefab":{"__type__":"cc.PrefabInfo","root":{"__id__":1},"asset":{"__uuid__":"42tiVBtwdAHpL9022Hl0RF"},"fileId":"d0MFIlUr1KK4v6eQ6NopgW"},"_scaleX":1,"_scaleY":1,"_scale":{"__type__":"cc.Vec3","x":1,"y":1,"z":1}},{"__type__":"cc.Node","_name":"Sprite_Gold","_parent":{"__id__":65},"_components":[{"__type__":"cc.Sprite","node":{"__id__":66},"_spriteFrame":{"__uuid__":"bdazvrkqNHR7+ETQAcgdO0"}}],"_prefab":{"__type__":"cc.PrefabInfo","root":{"__id__":1},"asset":{"__uuid__":"42tiVBtwdAHpL9022Hl0RF"},"fileId":"faBiEEXM1Mh7auzCxJeoM5"},"_contentSize":{"__type__":"cc.Size","width":58,"height":58},"_position":{"__type__":"cc.Vec3","y":39},"_scaleX":1.5,"_scaleY":1.5,"_scale":{"__type__":"cc.Vec3","x":1,"y":1,"z":1}},{"__type__":"cc.Node","_name":"Sprite_NeedGold","_parent":{"__id__":65},"_components":[{"__type__":"cc.Sprite","node":{"__id__":67},"_spriteFrame":{"__uuid__":"e3wmtL491OZqEe/H46HMeF"}}],"_prefab":{"__type__":"cc.PrefabInfo","root":{"__id__":1},"asset":{"__uuid__":"42tiVBtwdAHpL9022Hl0RF"},"fileId":"e7LK1tNgVLlr4TAcn+ixWz"},"_contentSize":{"__type__":"cc.Size","width":58,"height":58},"_position":{"__type__":"cc.Vec3","x":-41.9,"y":-78.9},"_scaleX":0.5,"_scaleY":0.5,"_scale":{"__type__":"cc.Vec3","x":1,"y":1,"z":1}},{"__type__":"cc.Node","_name":"Label_GoldName","_parent":{"__id__":65},"_components":[{"__type__":"cc.Label","node":{"__id__":68},"_useOriginalSize":false,"_string":"最长的道具名称","_N$string":"最长的道具名称","_fontSize":18,"_lineHeight":22,"_N$horizontalAlign":1,"_N$verticalAlign":1},{"__type__":"cc.LabelOutline","node":{"__id__":68},"_color":{"__type__":"cc.Color"}}],"_prefab":{"__type__":"cc.PrefabInfo","root":{"__id__":1},"asset":{"__uuid__":"42tiVBtwdAHpL9022Hl0RF"},"fileId":"bc8hBpbXVA7JsYcKrMaoqW"},"_color":{"__type__":"cc.Color","r":244,"g":232,"b":183},"_contentSize":{"__type__":"cc.Size","width":128,"height":22},"_position":{"__type__":"cc.Vec3","y":-24},"_scaleX":1,"_scaleY":1,"_scale":{"__type__":"cc.Vec3","x":1,"y":1,"z":1}},{"__type__":"cc.Node","_name":"Label_GoldNum","_parent":{"__id__":65},"_components":[{"__type__":"cc.Label","node":{"__id__":69},"_useOriginalSize":false,"_string":"x999K","_N$string":"x999K","_fontSize":18,"_lineHeight":22,"_N$horizontalAlign":1,"_N$verticalAlign":1},{"__type__":"cc.LabelOutline","node":{"__id__":69},"_color":{"__type__":"cc.Color"}}],"_prefab":{"__type__":"cc.PrefabInfo","root":{"__id__":1},"asset":{"__uuid__":"42tiVBtwdAHpL9022Hl0RF"},"fileId":"695hLgYCVAgJCW+SNSF0y3"},"_color":{"__type__":"cc.Color","r":244,"g":232,"b":183},"_contentSize":{"__type__":"cc.Size","width":53,"height":22},"_position":{"__type__":"cc.Vec3","y":-45},"_scaleX":1,"_scaleY":1,"_scale":{"__type__":"cc.Vec3","x":1,"y":1,"z":1}},{"__type__":"cc.Node","_name":"Label_NeedGoldNum","_parent":{"__id__":65},"_components":[{"__type__":"cc.Label","node":{"__id__":70},"_useOriginalSize":false,"_string":"999K","_N$string":"999K","_fontSize":20,"_lineHeight":24,"_N$horizontalAlign":1,"_N$verticalAlign":1},{"__type__":"cc.LabelOutline","node":{"__id__":70},"_color":{"__type__":"cc.Color","r":121,"g":39,"b":23},"_width":2}],"_prefab":{"__type__":"cc.PrefabInfo","root":{"__id__":1},"asset":{"__uuid__":"42tiVBtwdAHpL9022Hl0RF"},"fileId":"abFxsDzINEmreBzHOBTVpS"},"_color":{"__type__":"cc.Color","r":252,"g":211,"b":47},"_contentSize":{"__type__":"cc.Size","width":51,"height":24},"_position":{"__type__":"cc.Vec3","x":16.4,"y":-77.7},"_scaleX":1,"_scaleY":1,"_scale":{"__type__":"cc.Vec3","x":1,"y":1,"z":1}},{"__type__":"cc.Node","_name":"devil","_parent":{"__id__":64},"_children":[{"__id__":72},{"__id__":73},{"__id__":74},{"__id__":75}],"_active":false,"_prefab":{"__type__":"cc.PrefabInfo","root":{"__id__":1},"asset":{"__uuid__":"42tiVBtwdAHpL9022Hl0RF"},"fileId":"47Bvgza0VFL6kfEz5g/hr3"},"_scaleX":1,"_scaleY":1,"_scale":{"__type__":"cc.Vec3","x":1,"y":1,"z":1}},{"__type__":"cc.Node","_name":"Sprite_Devil","_parent":{"__id__":71},"_components":[{"__type__":"cc.Sprite","node":{"__id__":72},"_spriteFrame":{"__uuid__":"bdazvrkqNHR7+ETQAcgdO0"}}],"_prefab":{"__type__":"cc.PrefabInfo","root":{"__id__":1},"asset":{"__uuid__":"42tiVBtwdAHpL9022Hl0RF"},"fileId":"4edhYbeQ5GPLl6MnU4HWBn"},"_contentSize":{"__type__":"cc.Size","width":58,"height":58},"_position":{"__type__":"cc.Vec3","y":39},"_scaleX":1.5,"_scaleY":1.5,"_scale":{"__type__":"cc.Vec3","x":1,"y":1,"z":1}},{"__type__":"cc.Node","_name":"Sprite_NeedGold","_parent":{"__id__":71},"_components":[{"__type__":"cc.Sprite","node":{"__id__":73},"_spriteFrame":{"__uuid__":"e3wmtL491OZqEe/H46HMeF"}}],"_prefab":{"__type__":"cc.PrefabInfo","root":{"__id__":1},"asset":{"__uuid__":"42tiVBtwdAHpL9022Hl0RF"},"fileId":"71IT4Q2BdGZL+mCXjcVwpm"},"_contentSize":{"__type__":"cc.Size","width":58,"height":58},"_position":{"__type__":"cc.Vec3","x":-41.9,"y":-78.9},"_scaleX":0.5,"_scaleY":0.5,"_scale":{"__type__":"cc.Vec3","x":1,"y":1,"z":1}},{"__type__":"cc.Node","_name":"Label_DevilName","_parent":{"__id__":71},"_components":[{"__type__":"cc.Label","node":{"__id__":74},"_useOriginalSize":false,"_string":"最长的道具名称","_N$string":"最长的道具名称","_fontSize":18,"_lineHeight":22,"_N$horizontalAlign":1,"_N$verticalAlign":1},{"__type__":"cc.LabelOutline","node":{"__id__":74},"_color":{"__type__":"cc.Color"}}],"_prefab":{"__type__":"cc.PrefabInfo","root":{"__id__":1},"asset":{"__uuid__":"42tiVBtwdAHpL9022Hl0RF"},"fileId":"f15tt2ZLlGQZBumnMrPSe7"},"_color":{"__type__":"cc.Color","r":244,"g":232,"b":183},"_contentSize":{"__type__":"cc.Size","width":126,"height":22},"_position":{"__type__":"cc.Vec3","y":-42},"_scaleX":1,"_scaleY":1,"_scale":{"__type__":"cc.Vec3","x":1,"y":1,"z":1}},{"__type__":"cc.Node","_name":"Label_NeedGoldNum","_parent":{"__id__":71},"_components":[{"__type__":"cc.Label","node":{"__id__":75},"_useOriginalSize":false,"_string":"999K","_N$string":"999K","_fontSize":20,"_lineHeight":24,"_N$horizontalAlign":1,"_N$verticalAlign":1},{"__type__":"cc.LabelOutline","node":{"__id__":75},"_color":{"__type__":"cc.Color","r":121,"g":39,"b":23},"_width":2}],"_prefab":{"__type__":"cc.PrefabInfo","root":{"__id__":1},"asset":{"__uuid__":"42tiVBtwdAHpL9022Hl0RF"},"fileId":"206/99FD1BZJy1bzdntmpH"},"_color":{"__type__":"cc.Color","r":252,"g":211,"b":47},"_contentSize":{"__type__":"cc.Size","width":47,"height":24},"_position":{"__type__":"cc.Vec3","x":16.4,"y":-77.7},"_scaleX":1,"_scaleY":1,"_scale":{"__type__":"cc.Vec3","x":1,"y":1,"z":1}},{"__type__":"cc.Node","_name":"5","_parent":{"__id__":15},"_children":[{"__id__":77},{"__id__":83}],"_components":[{"__type__":"cc.Sprite","node":{"__id__":76},"_spriteFrame":{"__uuid__":"9fdFLKSbRPM6NotgtnWual"}},{"__type__":"cc.Button","node":{"__id__":76},"_N$target":{"__id__":76}}],"_prefab":{"__type__":"cc.PrefabInfo","root":{"__id__":1},"asset":{"__uuid__":"42tiVBtwdAHpL9022Hl0RF"},"fileId":"9bD6NZEtBGzKN4n9oaXWhw"},"_contentSize":{"__type__":"cc.Size","width":186,"height":217},"_position":{"__type__":"cc.Vec3","x":189,"y":-245.5},"_scaleX":1,"_scaleY":1,"_scale":{"__type__":"cc.Vec3","x":1,"y":1,"z":1}},{"__type__":"cc.Node","_name":"res","_parent":{"__id__":76},"_children":[{"__id__":78},{"__id__":79},{"__id__":80},{"__id__":81},{"__id__":82}],"_prefab":{"__type__":"cc.PrefabInfo","root":{"__id__":1},"asset":{"__uuid__":"42tiVBtwdAHpL9022Hl0RF"},"fileId":"60ZO/ZTahCaICKouLeg+E4"},"_scaleX":1,"_scaleY":1,"_scale":{"__type__":"cc.Vec3","x":1,"y":1,"z":1}},{"__type__":"cc.Node","_name":"Sprite_Gold","_parent":{"__id__":77},"_components":[{"__type__":"cc.Sprite","node":{"__id__":78},"_spriteFrame":{"__uuid__":"bdazvrkqNHR7+ETQAcgdO0"}}],"_prefab":{"__type__":"cc.PrefabInfo","root":{"__id__":1},"asset":{"__uuid__":"42tiVBtwdAHpL9022Hl0RF"},"fileId":"3fj3Y5GRFKJq7sjZvEUQ5j"},"_contentSize":{"__type__":"cc.Size","width":58,"height":58},"_position":{"__type__":"cc.Vec3","y":39},"_scaleX":1.5,"_scaleY":1.5,"_scale":{"__type__":"cc.Vec3","x":1,"y":1,"z":1}},{"__type__":"cc.Node","_name":"Sprite_NeedGold","_parent":{"__id__":77},"_components":[{"__type__":"cc.Sprite","node":{"__id__":79},"_spriteFrame":{"__uuid__":"e3wmtL491OZqEe/H46HMeF"}}],"_prefab":{"__type__":"cc.PrefabInfo","root":{"__id__":1},"asset":{"__uuid__":"42tiVBtwdAHpL9022Hl0RF"},"fileId":"89dksPWB9PFauolelSzaJd"},"_contentSize":{"__type__":"cc.Size","width":58,"height":58},"_position":{"__type__":"cc.Vec3","x":-41.9,"y":-78.9},"_scaleX":0.5,"_scaleY":0.5,"_scale":{"__type__":"cc.Vec3","x":1,"y":1,"z":1}},{"__type__":"cc.Node","_name":"Label_GoldName","_parent":{"__id__":77},"_components":[{"__type__":"cc.Label","node":{"__id__":80},"_useOriginalSize":false,"_string":"最长的道具名称","_N$string":"最长的道具名称","_fontSize":18,"_lineHeight":22,"_N$horizontalAlign":1,"_N$verticalAlign":1},{"__type__":"cc.LabelOutline","node":{"__id__":80},"_color":{"__type__":"cc.Color"}}],"_prefab":{"__type__":"cc.PrefabInfo","root":{"__id__":1},"asset":{"__uuid__":"42tiVBtwdAHpL9022Hl0RF"},"fileId":"1ey1StJ1VLkLNRO7xKJjhV"},"_color":{"__type__":"cc.Color","r":244,"g":232,"b":183},"_contentSize":{"__type__":"cc.Size","width":128,"height":22},"_position":{"__type__":"cc.Vec3","y":-24},"_scaleX":1,"_scaleY":1,"_scale":{"__type__":"cc.Vec3","x":1,"y":1,"z":1}},{"__type__":"cc.Node","_name":"Label_GoldNum","_parent":{"__id__":77},"_components":[{"__type__":"cc.Label","node":{"__id__":81},"_useOriginalSize":false,"_string":"x999K","_N$string":"x999K","_fontSize":18,"_lineHeight":22,"_N$horizontalAlign":1,"_N$verticalAlign":1},{"__type__":"cc.LabelOutline","node":{"__id__":81},"_color":{"__type__":"cc.Color"}}],"_prefab":{"__type__":"cc.PrefabInfo","root":{"__id__":1},"asset":{"__uuid__":"42tiVBtwdAHpL9022Hl0RF"},"fileId":"b3P+EUB9JMQoojVBfGOrY3"},"_color":{"__type__":"cc.Color","r":244,"g":232,"b":183},"_contentSize":{"__type__":"cc.Size","width":53,"height":22},"_position":{"__type__":"cc.Vec3","y":-45},"_scaleX":1,"_scaleY":1,"_scale":{"__type__":"cc.Vec3","x":1,"y":1,"z":1}},{"__type__":"cc.Node","_name":"Label_NeedGoldNum","_parent":{"__id__":77},"_components":[{"__type__":"cc.Label","node":{"__id__":82},"_useOriginalSize":false,"_string":"999K","_N$string":"999K","_fontSize":20,"_lineHeight":24,"_N$horizontalAlign":1,"_N$verticalAlign":1},{"__type__":"cc.LabelOutline","node":{"__id__":82},"_color":{"__type__":"cc.Color","r":121,"g":39,"b":23},"_width":2}],"_prefab":{"__type__":"cc.PrefabInfo","root":{"__id__":1},"asset":{"__uuid__":"42tiVBtwdAHpL9022Hl0RF"},"fileId":"f7uSyd779AfJBOxHAUTMRQ"},"_color":{"__type__":"cc.Color","r":252,"g":211,"b":47},"_contentSize":{"__type__":"cc.Size","width":51,"height":24},"_position":{"__type__":"cc.Vec3","x":16.4,"y":-77.7},"_scaleX":1,"_scaleY":1,"_scale":{"__type__":"cc.Vec3","x":1,"y":1,"z":1}},{"__type__":"cc.Node","_name":"devil","_parent":{"__id__":76},"_children":[{"__id__":84},{"__id__":85},{"__id__":86},{"__id__":87}],"_active":false,"_prefab":{"__type__":"cc.PrefabInfo","root":{"__id__":1},"asset":{"__uuid__":"42tiVBtwdAHpL9022Hl0RF"},"fileId":"c9Ipw2BQNHYL0H/639GsCF"},"_scaleX":1,"_scaleY":1,"_scale":{"__type__":"cc.Vec3","x":1,"y":1,"z":1}},{"__type__":"cc.Node","_name":"Sprite_Devil","_parent":{"__id__":83},"_components":[{"__type__":"cc.Sprite","node":{"__id__":84},"_spriteFrame":{"__uuid__":"bdazvrkqNHR7+ETQAcgdO0"}}],"_prefab":{"__type__":"cc.PrefabInfo","root":{"__id__":1},"asset":{"__uuid__":"42tiVBtwdAHpL9022Hl0RF"},"fileId":"92eA1LBrFJFJUhAfDru1a4"},"_contentSize":{"__type__":"cc.Size","width":58,"height":58},"_position":{"__type__":"cc.Vec3","y":39},"_scaleX":1.5,"_scaleY":1.5,"_scale":{"__type__":"cc.Vec3","x":1,"y":1,"z":1}},{"__type__":"cc.Node","_name":"Sprite_NeedGold","_parent":{"__id__":83},"_components":[{"__type__":"cc.Sprite","node":{"__id__":85},"_spriteFrame":{"__uuid__":"e3wmtL491OZqEe/H46HMeF"}}],"_prefab":{"__type__":"cc.PrefabInfo","root":{"__id__":1},"asset":{"__uuid__":"42tiVBtwdAHpL9022Hl0RF"},"fileId":"bdTjal1/5JVoSyLP89z8Do"},"_contentSize":{"__type__":"cc.Size","width":58,"height":58},"_position":{"__type__":"cc.Vec3","x":-41.9,"y":-78.9},"_scaleX":0.5,"_scaleY":0.5,"_scale":{"__type__":"cc.Vec3","x":1,"y":1,"z":1}},{"__type__":"cc.Node","_name":"Label_DevilName","_parent":{"__id__":83},"_components":[{"__type__":"cc.Label","node":{"__id__":86},"_useOriginalSize":false,"_string":"最长的道具名称","_N$string":"最长的道具名称","_fontSize":18,"_lineHeight":22,"_N$horizontalAlign":1,"_N$verticalAlign":1},{"__type__":"cc.LabelOutline","node":{"__id__":86},"_color":{"__type__":"cc.Color"}}],"_prefab":{"__type__":"cc.PrefabInfo","root":{"__id__":1},"asset":{"__uuid__":"42tiVBtwdAHpL9022Hl0RF"},"fileId":"7eVRstuY1NBIKzKr8A7SS0"},"_color":{"__type__":"cc.Color","r":244,"g":232,"b":183},"_contentSize":{"__type__":"cc.Size","width":126,"height":22},"_position":{"__type__":"cc.Vec3","y":-42},"_scaleX":1,"_scaleY":1,"_scale":{"__type__":"cc.Vec3","x":1,"y":1,"z":1}},{"__type__":"cc.Node","_name":"Label_NeedGoldNum","_parent":{"__id__":83},"_components":[{"__type__":"cc.Label","node":{"__id__":87},"_useOriginalSize":false,"_string":"999K","_N$string":"999K","_fontSize":20,"_lineHeight":24,"_N$horizontalAlign":1,"_N$verticalAlign":1},{"__type__":"cc.LabelOutline","node":{"__id__":87},"_color":{"__type__":"cc.Color","r":121,"g":39,"b":23},"_width":2}],"_prefab":{"__type__":"cc.PrefabInfo","root":{"__id__":1},"asset":{"__uuid__":"42tiVBtwdAHpL9022Hl0RF"},"fileId":"34erY5izVDcbsMT/R/puKm"},"_color":{"__type__":"cc.Color","r":252,"g":211,"b":47},"_contentSize":{"__type__":"cc.Size","width":47,"height":24},"_position":{"__type__":"cc.Vec3","x":16.4,"y":-77.7},"_scaleX":1,"_scaleY":1,"_scale":{"__type__":"cc.Vec3","x":1,"y":1,"z":1}}],{"__type__":"cc.SpriteFrame","content":{"name":"Label_Res","texture":"6eGGVplvhIGapCqp6+2RgQ","rect":[1,2,63,23],"offset":[0,0.5],"originalSize":[65,28],"capInsets":[0,0,0,0]}},{"__type__":"cc.SpriteFrame","content":{"name":"Sprite_ShopPageBg","texture":"a6CsqqZShA47vYuKBsEDfx","rect":[0,0,738,801],"offset":[0,0],"originalSize":[738,801],"capInsets":[0,0,0,0]}},{"__type__":"cc.SpriteFrame","content":{"name":"Label_Devil","texture":"48NcqX0blBTJUqd8nfcviw","rect":[7,2,51,18],"offset":[0.5,2.5],"originalSize":[64,27],"capInsets":[0,0,0,0]}},{"__type__":"cc.SpriteFrame","content":{"name":"Btn_NotSelection","texture":"9bQcLWM+1I0YqKykyD6sOH","rect":[0,0,184,71],"offset":[0,0],"originalSize":[184,71],"capInsets":[0,0,0,0]}},{"__type__":"cc.SpriteFrame","content":{"name":"tp_WpBg","texture":"d7wfkXdDxJk5qAZ3IDTy2c","rect":[0,0,186,217],"offset":[0,0],"originalSize":[186,217],"capInsets":[0,0,0,0]}},{"__type__":"cc.SpriteFrame","content":{"name":"100001","texture":"4btZIr3JtL2LxQSU1QOzOr","rect":[0,0,58,58],"offset":[0,0],"originalSize":[58,58],"capInsets":[0,0,0,0]}},{"__type__":"cc.SpriteFrame","content":{"name":"Btn_Close2","texture":"22HhsVVUpFfJHscC11ZmYv","rect":[0,0,81,84],"offset":[0,0],"originalSize":[81,84],"capInsets":[0,0,0,0]}},{"__type__":"cc.SpriteFrame","content":{"name":"100003","texture":"abakVdDnhCGY52wU82/Y48","rect":[0,0,58,58],"offset":[0,0],"originalSize":[58,58],"capInsets":[0,0,0,0]}}]