[{"__type__":"cc.SpriteFrame","content":{"name":"monster06a_01","texture":"103kfsObxILLsoK7NsCj/Q","rect":[13,6,69,77],"offset":[-2.5,5.5],"originalSize":[100,100],"capInsets":[0,0,0,0]}},{"__type__":"cc.AnimationClip","_name":"Atk","_duration":2,"sample":6,"speed":1.5,"wrapMode":"1","curveData":{"paths":{"monster06a_01":{"props":{"width":[{"frame":0,"value":100}],"height":[{"frame":0,"value":100}]},"comps":{"cc.Sprite":{"spriteFrame":[{"frame":0,"value":{"__uuid__":"08ciCP+xpHaobKS+6DOAls"}},{"frame":0.16666666666666666,"value":{"__uuid__":"42ISSaPi1NjKnCYyX5aaq7"}},{"frame":0.3333333333333333,"value":{"__uuid__":"460vEaukNB4bDgf02NaFAu"}},{"frame":0.5,"value":{"__uuid__":"77biPr2FdBQYSAWAQQygat"}},{"frame":0.6666666666666666,"value":{"__uuid__":"47GzEb+nFMHJ1A/OcRqcNw"}},{"frame":0.8333333333333334,"value":{"__uuid__":"80QVl2JspJCoYbC+qGHc3H"}},{"frame":1,"value":{"__uuid__":"d77rCFEuBJt5bTm0RSzNJE"}},{"frame":1.1666666666666667,"value":{"__uuid__":"80QVl2JspJCoYbC+qGHc3H"}},{"frame":1.3333333333333333,"value":{"__uuid__":"47GzEb+nFMHJ1A/OcRqcNw"}},{"frame":1.5,"value":{"__uuid__":"80QVl2JspJCoYbC+qGHc3H"}},{"frame":1.6666666666666667,"value":{"__uuid__":"d77rCFEuBJt5bTm0RSzNJE"}},{"frame":1.8333333333333333,"value":{"__uuid__":"65FJbquHZAaZy71S76N6/z"}}]}}}}},"events":[{"frame":2,"func":"AfterAtk","params":[]}]},{"__type__":"cc.SpriteFrame","content":{"name":"monster06b_02","texture":"92eJPb7FhBq5jarryajVYc","rect":[24,7,55,77],"offset":[1.5,4.5],"originalSize":[100,100],"capInsets":[0,0,0,0]}},{"__type__":"cc.SpriteFrame","content":{"name":"monster06b_03","texture":"08B4lIcMxD+q7BnajTEU2v","rect":[22,10,55,73],"offset":[-0.5,3.5],"originalSize":[100,100],"capInsets":[0,0,0,0]}},{"__type__":"cc.SpriteFrame","content":{"name":"monster06b_05_09","texture":"0fvDLvl/ZBgrvRKyNp3ZdE","rect":[20,6,58,77],"offset":[-1,5.5],"originalSize":[100,100],"capInsets":[0,0,0,0]}},{"__type__":"cc.SpriteFrame","content":{"name":"monster06b_12","texture":"8fWcsOhLVEAY0Hx4hHq2Xf","rect":[22,6,58,77],"offset":[1,5.5],"originalSize":[100,100],"capInsets":[0,0,0,0]}},{"__type__":"cc.SpriteFrame","content":{"name":"monster06b_04","texture":"3bbDglrHhDbbwQXuecpHGZ","rect":[21,8,56,75],"offset":[-1,4.5],"originalSize":[100,100],"capInsets":[0,0,0,0]}},{"__type__":"cc.SpriteFrame","content":{"name":"monster06b_06_08_10","texture":"afensytE1LjrH8Z53AweXi","rect":[19,7,58,76],"offset":[-2,5],"originalSize":[100,100],"capInsets":[0,0,0,0]}},{"__type__":"cc.SpriteFrame","content":{"name":"monster06b_07_11","texture":"6aU6OJERRLZ7FjTOhmiz4o","rect":[19,8,63,75],"offset":[0.5,4.5],"originalSize":[100,100],"capInsets":[0,0,0,0]}}]