[{"__type__":"cc.SpriteFrame","content":{"name":"4_11","texture":"7fBF7U5P9GWrbgheGQrRwS","rect":[338,851,164,163],"offset":[-82,0],"originalSize":[167,167],"rotated":1,"capInsets":[0,0,0,0]}},{"__type__":"cc.SpriteFrame","content":{"name":"3_15","texture":"7fBF7U5P9GWrbgheGQrRwS","rect":[819,338,25,161],"offset":[0,-322],"originalSize":[25,167],"rotated":1,"capInsets":[0,0,0,0]}},{"__type__":"cc.SpriteFrame","content":{"name":"2_7","texture":"7fBF7U5P9GWrbgheGQrRwS","rect":[654,309,25,163],"offset":[0,163],"originalSize":[25,167],"rotated":1,"capInsets":[0,0,0,0]}},{"__type__":"cc.SpriteFrame","content":{"name":"1_6","texture":"7fBF7U5P9GWrbgheGQrRwS","rect":[171,340,49,160],"offset":[0,-80],"originalSize":[49,167],"capInsets":[0,0,0,0]}},{"__type__":"cc.SpriteFrame","content":{"name":"2_1","texture":"7fBF7U5P9GWrbgheGQrRwS","rect":[718,42,34,164],"offset":[0,-82],"originalSize":[34,167],"rotated":1,"capInsets":[0,0,0,0]}},{"__type__":"cc.SpriteFrame","content":{"name":"4_2","texture":"7fBF7U5P9GWrbgheGQrRwS","rect":[488,140,141,123],"offset":[0,2583],"originalSize":[167,167],"capInsets":[0,0,0,0]}},{"__type__":"cc.SpriteFrame","content":{"name":"4_6","texture":"7fBF7U5P9GWrbgheGQrRwS","rect":[171,173,163,154],"offset":[0,77],"originalSize":[167,167],"rotated":1,"capInsets":[0,0,0,0]}},{"__type__":"cc.SpriteFrame","content":{"name":"2_9","texture":"7fBF7U5P9GWrbgheGQrRwS","rect":[799,278,27,165],"offset":[0,0],"originalSize":[27,167],"rotated":1,"capInsets":[0,0,0,0]}},{"__type__":"cc.SpriteFrame","content":{"name":"2_10","texture":"7fBF7U5P9GWrbgheGQrRwS","rect":[329,337,48,164],"offset":[0,-82],"originalSize":[48,167],"capInsets":[0,0,0,0]}},{"__type__":"cc.SpriteFrame","content":{"name":"4_7","texture":"7fBF7U5P9GWrbgheGQrRwS","rect":[170,851,164,165],"offset":[-82,0],"originalSize":[167,167],"capInsets":[0,0,0,0]}},{"__type__":"cc.SpriteFrame","content":{"name":"1_14","texture":"7fBF7U5P9GWrbgheGQrRwS","rect":[381,504,41,158],"offset":[0,-79],"originalSize":[41,167],"capInsets":[0,0,0,0]}},{"__type__":"cc.SpriteFrame","content":{"name":"3_5","texture":"7fBF7U5P9GWrbgheGQrRwS","rect":[320,140,29,164],"offset":[0,-82],"originalSize":[29,167],"rotated":1,"capInsets":[0,0,0,0]}},{"__type__":"cc.SpriteFrame","content":{"name":"4_5","texture":"7fBF7U5P9GWrbgheGQrRwS","rect":[505,851,164,163],"offset":[-82,0],"originalSize":[167,167],"rotated":1,"capInsets":[0,0,0,0]}},{"__type__":"cc.SpriteFrame","content":{"name":"2_12","texture":"7fBF7U5P9GWrbgheGQrRwS","rect":[923,506,24,161],"offset":[0,-161],"originalSize":[24,167],"capInsets":[0,0,0,0]}},{"__type__":"cc.SpriteAtlas","_name":"12d3d8538.plist","_spriteFrames":{"2_10":{"__uuid__":"08J7J4PndIdohco9n/wWME"},"2_7":{"__uuid__":"05gh4KAthKBIeGMrH5JTz7"},"2_13":{"__uuid__":"d1Hf4wwhFFmamDVglkfe5p"},"选中":{"__uuid__":"30+dUrxthFI60+Fh+IE9G5"},"1_13":{"__uuid__":"b9ei7iSzxA0Jlyc8HSzdL3"},"2_11":{"__uuid__":"40qZd8gahLU4p28ompvKWI"},"1_4":{"__uuid__":"31uZPSBB1Px5TQ00WOjRYv"},"4_10":{"__uuid__":"e1xc7p/HdEOboCtADMpZIv"},"1_1":{"__uuid__":"f6E/iI7NBDsoHuH2CNOiSz"},"未解锁":{"__uuid__":"86QxRrfOxPsZ2AjcEZsZa0"},"4_8":{"__uuid__":"e8DAjoUfFGn4t6Y/9Mx7Cb"},"4_15":{"__uuid__":"ddfzNMrqZPMrtu21F0ntLi"},"3_3":{"__uuid__":"9balpO+hBPVriSdHwRMrPq"},"4_12":{"__uuid__":"ccMVyB5mVH5rSs0IV3kA1Y"},"3_1":{"__uuid__":"2cKVtjKR5FT4eMpKiPNCgP"},"2_14":{"__uuid__":"f4ePosTKVLN53QbjJUatdT"},"2_9":{"__uuid__":"08FrOy5yxIBq+wHlxqFwHs"},"4_13":{"__uuid__":"aar+Uf+c9PY4xIcbBcBYoY"},"2_6":{"__uuid__":"8e1JTlhUJHOoWVEGsZawIo"},"3_11":{"__uuid__":"ddm1r/anxFNqneSH7yH7yj"},"2_3":{"__uuid__":"49kx/WZFRKWq9LDpg624ah"},"4_4":{"__uuid__":"d3iWNsY8tHwJ59OhXm4NMv"},"4_5":{"__uuid__":"1eZbQzZOtFipIB56KNSqvO"},"2_5":{"__uuid__":"66x28sr8RL8YR8PEXqSRrr"},"3_7":{"__uuid__":"3dOuASJJ1FjJz10WGfnFyF"},"1_12":{"__uuid__":"2d8YLhHp1BPLhfJH7gnjtM"},"2_15":{"__uuid__":"d234jJGB1GOJpbSc7J/qj9"},"4_9":{"__uuid__":"32v9tM0OVFWY/FH9lFNQ7s"},"3_9":{"__uuid__":"c4RO9sfyRAU6GvDQk23Opr"},"4_11":{"__uuid__":"027r/+aQ1KAJqcYvwYdMtq"},"2_1":{"__uuid__":"06L9s4YQ5EsIqBkuGLDx6L"},"4_3":{"__uuid__":"e47aiqKWNDraUoouq/sza8"},"1_2":{"__uuid__":"4fGPZ71B9N9aygk/7wzMz3"},"2_4":{"__uuid__":"d68jiiKiJEV4kRWNx/LA7p"},"2_8":{"__uuid__":"b9IwmYACdCQps7iiwmq2jo"},"2_12":{"__uuid__":"20FEcLnqVCj6AAORnVCqkO"},"1_16":{"__uuid__":"2fX5LlDpdD8ZcISxrJjGeG"},"3_2":{"__uuid__":"69Es9m8ihBNa4JVoLLr15t"},"1_10":{"__uuid__":"9btMa2sDJJyric+Cd3GRK1"},"4_16":{"__uuid__":"733YE9TShPo7yuVEi61WRq"},"4_7":{"__uuid__":"16fev+SNNAh5o4t1rlS/TU"},"1_8":{"__uuid__":"47fdvwailE+rXX6nHMMKUE"},"4_14":{"__uuid__":"87O2cFbhdG8LBtKFutGSB9"},"1_15":{"__uuid__":"f9kBW1QYJIZINiwtJ77/dW"},"解锁":{"__uuid__":"f88fHngKlJBrp9LqGWpzep"},"3_6":{"__uuid__":"4cYtQ2q+RPHIVM0HpPNY77"},"3_14":{"__uuid__":"2et8melBRAFZhEcZnFbaC0"},"1_11":{"__uuid__":"bdrfZxd3lI+ru1p1I2lx6M"},"4_6":{"__uuid__":"07skH3SoNPWrEyVet6ksxo"},"2_2":{"__uuid__":"a13CdSSlJHDqQ+WVV7n4qH"},"3_12":{"__uuid__":"c0kXdE9pBMSrvsnHlGKvoB"},"1_3":{"__uuid__":"2dNDPXajlNh780r/J+WHFV"},"1_9":{"__uuid__":"30pfXYsnxJo6Z6RSCMz9sv"},"1_6":{"__uuid__":"05ru3jCoFBW49x5yc7k2v5"},"3_8":{"__uuid__":"2dkXu7o2FJVpFKaKvm0Y99"},"1_7":{"__uuid__":"7d62jDnsxKjpuY6XBSwPFo"},"3_13":{"__uuid__":"41XzxIsT9NP73nuBahHqwQ"},"4_2":{"__uuid__":"07TMYQn69HsKzRdNKJh3Xu"},"1_14":{"__uuid__":"18c6DjydRLVrA0F6Kf46/A"},"1_5":{"__uuid__":"8cx3h5aD1Ear1O8CDKElYg"},"2_16":{"__uuid__":"dbPJpa9YtArrEONkgYwy15"},"3_4":{"__uuid__":"3euKS52g9IG5xoqvzI2RAD"},"3_15":{"__uuid__":"03grztGLdORYOVd2mCmZqf"},"3_16":{"__uuid__":"dbV2lHKJ1Jt5cw0jDDp+lW"},"3_5":{"__uuid__":"1aU829ZSdGGarHoqK+0lWG"},"3_10":{"__uuid__":"f6UX1Ar81PJrncGT1yxt37"},"4_1":{"__uuid__":"e4jmulSKJIsKint994Crs2"}}},{"__type__":"cc.SpriteFrame","content":{"name":"3_1","texture":"7fBF7U5P9GWrbgheGQrRwS","rect":[570,381,29,159],"offset":[0,-318],"originalSize":[29,167],"rotated":1,"capInsets":[0,0,0,0]}},{"__type__":"cc.SpriteFrame","content":{"name":"1_3","texture":"7fBF7U5P9GWrbgheGQrRwS","rect":[801,118,32,165],"offset":[0,0],"originalSize":[32,167],"rotated":1,"capInsets":[0,0,0,0]}},{"__type__":"cc.SpriteFrame","content":{"name":"3_8","texture":"7fBF7U5P9GWrbgheGQrRwS","rect":[984,338,24,164],"offset":[0,82],"originalSize":[24,167],"capInsets":[0,0,0,0]}},{"__type__":"cc.SpriteFrame","content":{"name":"1_12","texture":"7fBF7U5P9GWrbgheGQrRwS","rect":[171,504,48,161],"offset":[0,-161],"originalSize":[48,167],"capInsets":[0,0,0,0]}},{"__type__":"cc.SpriteFrame","content":{"name":"3_14","texture":"7fBF7U5P9GWrbgheGQrRwS","rect":[405,381,30,161],"offset":[0,0],"originalSize":[30,167],"rotated":1,"capInsets":[0,0,0,0]}},{"__type__":"cc.SpriteFrame","content":{"name":"1_16","texture":"7fBF7U5P9GWrbgheGQrRwS","rect":[633,168,33,165],"offset":[0,0],"originalSize":[33,167],"rotated":1,"capInsets":[0,0,0,0]}},{"__type__":"cc.SpriteFrame","content":{"name":"1_9","texture":"7fBF7U5P9GWrbgheGQrRwS","rect":[274,504,47,159],"offset":[0,-159],"originalSize":[47,167],"capInsets":[0,0,0,0]}},{"__type__":"cc.SpriteFrame","content":{"name":"选中","texture":"7fBF7U5P9GWrbgheGQrRwS","rect":[457,2,133,134],"offset":[0,0],"originalSize":[133,134],"capInsets":[0,0,0,0]}},{"__type__":"cc.SpriteFrame","content":{"name":"1_4","texture":"7fBF7U5P9GWrbgheGQrRwS","rect":[633,205,32,165],"offset":[0,0],"originalSize":[32,167],"rotated":1,"capInsets":[0,0,0,0]}},{"__type__":"cc.SpriteFrame","content":{"name":"4_9","texture":"7fBF7U5P9GWrbgheGQrRwS","rect":[173,2,143,163],"offset":[0,0],"originalSize":[167,167],"capInsets":[0,0,0,0]}},{"__type__":"cc.SpriteFrame","content":{"name":"3_7","texture":"7fBF7U5P9GWrbgheGQrRwS","rect":[977,671,21,162],"offset":[0,-243],"originalSize":[21,167],"capInsets":[0,0,0,0]}},{"__type__":"cc.SpriteFrame","content":{"name":"3_4","texture":"7fBF7U5P9GWrbgheGQrRwS","rect":[488,267,38,161],"offset":[0,-322],"originalSize":[38,167],"rotated":1,"capInsets":[0,0,0,0]}},{"__type__":"cc.SpriteFrame","content":{"name":"2_11","texture":"7fBF7U5P9GWrbgheGQrRwS","rect":[1005,851,16,161],"offset":[0,-322],"originalSize":[16,167],"capInsets":[0,0,0,0]}},{"__type__":"cc.SpriteFrame","content":{"name":"3_13","texture":"7fBF7U5P9GWrbgheGQrRwS","rect":[275,340,44,160],"offset":[0,-240],"originalSize":[44,167],"capInsets":[0,0,0,0]}},{"__type__":"cc.SpriteFrame","content":{"name":"1_8","texture":"7fBF7U5P9GWrbgheGQrRwS","rect":[718,2,36,163],"offset":[0,0],"originalSize":[36,167],"rotated":1,"capInsets":[0,0,0,0]}},{"__type__":"cc.SpriteFrame","content":{"name":"2_3","texture":"7fBF7U5P9GWrbgheGQrRwS","rect":[1003,154,19,162],"offset":[0,-243],"originalSize":[19,167],"capInsets":[0,0,0,0]}},{"__type__":"cc.SpriteFrame","content":{"name":"3_6","texture":"7fBF7U5P9GWrbgheGQrRwS","rect":[923,671,23,162],"offset":[0,-81],"originalSize":[23,167],"capInsets":[0,0,0,0]}},{"__type__":"cc.SpriteFrame","content":{"name":"1_2","texture":"7fBF7U5P9GWrbgheGQrRwS","rect":[405,173,52,162],"offset":[0,-81],"originalSize":[52,167],"capInsets":[0,0,0,0]}},{"__type__":"cc.SpriteFrame","content":{"name":"2_5","texture":"7fBF7U5P9GWrbgheGQrRwS","rect":[733,369,27,157],"offset":[0,-314],"originalSize":[27,167],"rotated":1,"capInsets":[0,0,0,0]}},{"__type__":"cc.SpriteFrame","content":{"name":"3_2","texture":"7fBF7U5P9GWrbgheGQrRwS","rect":[405,449,29,162],"offset":[0,-243],"originalSize":[29,167],"rotated":1,"capInsets":[0,0,0,0]}},{"__type__":"cc.SpriteFrame","content":{"name":"4_16","texture":"7fBF7U5P9GWrbgheGQrRwS","rect":[169,682,165,164],"offset":[0,82],"originalSize":[167,167],"rotated":1,"capInsets":[0,0,0,0]}},{"__type__":"cc.SpriteFrame","content":{"name":"1_7","texture":"7fBF7U5P9GWrbgheGQrRwS","rect":[633,127,37,164],"offset":[0,-82],"originalSize":[37,167],"rotated":1,"capInsets":[0,0,0,0]}},{"__type__":"cc.SpriteFrame","content":{"name":"未解锁","texture":"7fBF7U5P9GWrbgheGQrRwS","rect":[320,2,133,134],"offset":[0,0],"originalSize":[133,134],"capInsets":[0,0,0,0]}},{"__type__":"cc.SpriteFrame","content":{"name":"4_14","texture":"7fBF7U5P9GWrbgheGQrRwS","rect":[839,851,164,162],"offset":[-82,81],"originalSize":[167,167],"rotated":1,"capInsets":[0,0,0,0]}},{"__type__":"cc.SpriteFrame","content":{"name":"1_5","texture":"7fBF7U5P9GWrbgheGQrRwS","rect":[223,504,47,162],"offset":[0,-243],"originalSize":[47,167],"capInsets":[0,0,0,0]}},{"__type__":"cc.SpriteFrame","content":{"name":"2_6","texture":"7fBF7U5P9GWrbgheGQrRwS","rect":[894,367,25,157],"offset":[0,-157],"originalSize":[25,167],"capInsets":[0,0,0,0]}},{"__type__":"cc.SpriteFrame","content":{"name":"3_3","texture":"7fBF7U5P9GWrbgheGQrRwS","rect":[1002,671,20,162],"offset":[0,-81],"originalSize":[20,167],"capInsets":[0,0,0,0]}},{"__type__":"cc.SpriteFrame","content":{"name":"1_10","texture":"7fBF7U5P9GWrbgheGQrRwS","rect":[633,241,22,162],"offset":[0,81],"originalSize":[22,167],"rotated":1,"capInsets":[0,0,0,0]}},{"__type__":"cc.SpriteFrame","content":{"name":"2_2","texture":"7fBF7U5P9GWrbgheGQrRwS","rect":[461,173,23,162],"offset":[0,-243],"originalSize":[23,167],"capInsets":[0,0,0,0]}},{"__type__":"cc.SpriteFrame","content":{"name":"4_13","texture":"7fBF7U5P9GWrbgheGQrRwS","rect":[2,513,165,165],"offset":[0,0],"originalSize":[167,167],"capInsets":[0,0,0,0]}},{"__type__":"cc.SpriteFrame","content":{"name":"2_8","texture":"7fBF7U5P9GWrbgheGQrRwS","rect":[654,338,27,161],"offset":[0,-161],"originalSize":[27,167],"rotated":1,"capInsets":[0,0,0,0]}},{"__type__":"cc.SpriteFrame","content":{"name":"1_13","texture":"7fBF7U5P9GWrbgheGQrRwS","rect":[802,189,32,156],"offset":[0,-78],"originalSize":[32,167],"rotated":1,"capInsets":[0,0,0,0]}},{"__type__":"cc.SpriteFrame","content":{"name":"1_11","texture":"7fBF7U5P9GWrbgheGQrRwS","rect":[488,309,26,162],"offset":[0,-81],"originalSize":[26,167],"rotated":1,"capInsets":[0,0,0,0]}},{"__type__":"cc.SpriteFrame","content":{"name":"3_12","texture":"7fBF7U5P9GWrbgheGQrRwS","rect":[950,671,23,160],"offset":[0,-80],"originalSize":[23,167],"capInsets":[0,0,0,0]}},{"__type__":"cc.SpriteFrame","content":{"name":"3_9","texture":"7fBF7U5P9GWrbgheGQrRwS","rect":[802,154,31,162],"offset":[0,-243],"originalSize":[31,167],"rotated":1,"capInsets":[0,0,0,0]}},{"__type__":"cc.SpriteFrame","content":{"name":"4_12","texture":"7fBF7U5P9GWrbgheGQrRwS","rect":[2,682,167,163],"offset":[0,0],"originalSize":[167,167],"rotated":1,"capInsets":[0,0,0,0]}},{"__type__":"cc.SpriteFrame","content":{"name":"2_13","texture":"7fBF7U5P9GWrbgheGQrRwS","rect":[405,339,38,162],"offset":[0,-81],"originalSize":[38,167],"rotated":1,"capInsets":[0,0,0,0]}},{"__type__":"cc.SpriteFrame","content":{"name":"2_15","texture":"7fBF7U5P9GWrbgheGQrRwS","rect":[381,337,20,163],"offset":[0,0],"originalSize":[20,167],"capInsets":[0,0,0,0]}},{"__type__":"cc.SpriteFrame","content":{"name":"4_4","texture":"7fBF7U5P9GWrbgheGQrRwS","rect":[2,343,166,165],"offset":[-83,0],"originalSize":[167,167],"rotated":1,"capInsets":[0,0,0,0]}},{"__type__":"cc.SpriteFrame","content":{"name":"2_4","texture":"7fBF7U5P9GWrbgheGQrRwS","rect":[799,241,33,159],"offset":[0,-159],"originalSize":[33,167],"rotated":1,"capInsets":[0,0,0,0]}},{"__type__":"cc.SpriteFrame","content":{"name":"2_16","texture":"7fBF7U5P9GWrbgheGQrRwS","rect":[569,415,28,166],"offset":[0,83],"originalSize":[28,167],"rotated":1,"capInsets":[0,0,0,0]}},{"__type__":"cc.SpriteFrame","content":{"name":"3_16","texture":"7fBF7U5P9GWrbgheGQrRwS","rect":[329,173,72,160],"offset":[0,-400],"originalSize":[72,167],"capInsets":[0,0,0,0]}},{"__type__":"cc.SpriteFrame","content":{"name":"4_15","texture":"7fBF7U5P9GWrbgheGQrRwS","rect":[2,173,166,165],"offset":[-83,0],"originalSize":[167,167],"rotated":1,"capInsets":[0,0,0,0]}},{"__type__":"cc.SpriteFrame","content":{"name":"3_11","texture":"7fBF7U5P9GWrbgheGQrRwS","rect":[968,154,31,159],"offset":[0,-159],"originalSize":[31,167],"capInsets":[0,0,0,0]}},{"__type__":"cc.SpriteFrame","content":{"name":"4_10","texture":"7fBF7U5P9GWrbgheGQrRwS","rect":[2,853,165,164],"offset":[0,82],"originalSize":[167,167],"rotated":1,"capInsets":[0,0,0,0]}},{"__type__":"cc.SpriteFrame","content":{"name":"4_1","texture":"7fBF7U5P9GWrbgheGQrRwS","rect":[2,2,167,167],"offset":[0,0],"originalSize":[167,167],"capInsets":[0,0,0,0]}},{"__type__":"cc.SpriteFrame","content":{"name":"4_3","texture":"7fBF7U5P9GWrbgheGQrRwS","rect":[672,851,163,163],"offset":[0,0],"originalSize":[167,167],"capInsets":[0,0,0,0]}},{"__type__":"cc.SpriteFrame","content":{"name":"4_8","texture":"7fBF7U5P9GWrbgheGQrRwS","rect":[338,682,165,164],"offset":[0,82],"originalSize":[167,167],"rotated":1,"capInsets":[0,0,0,0]}},{"__type__":"cc.SpriteFrame","content":{"name":"2_14","texture":"7fBF7U5P9GWrbgheGQrRwS","rect":[718,80,34,162],"offset":[0,-243],"originalSize":[34,167],"rotated":1,"capInsets":[0,0,0,0]}},{"__type__":"cc.SpriteFrame","content":{"name":"1_1","texture":"7fBF7U5P9GWrbgheGQrRwS","rect":[325,505,39,162],"offset":[0,-81],"originalSize":[39,167],"capInsets":[0,0,0,0]}},{"__type__":"cc.SpriteFrame","content":{"name":"3_10","texture":"7fBF7U5P9GWrbgheGQrRwS","rect":[224,340,47,158],"offset":[0,-237],"originalSize":[47,167],"capInsets":[0,0,0,0]}},{"__type__":"cc.SpriteFrame","content":{"name":"解锁","texture":"7fBF7U5P9GWrbgheGQrRwS","rect":[594,2,120,121],"offset":[0,0],"originalSize":[120,121],"capInsets":[0,0,0,0]}},{"__type__":"cc.SpriteFrame","content":{"name":"1_15","texture":"7fBF7U5P9GWrbgheGQrRwS","rect":[405,415,30,160],"offset":[0,-80],"originalSize":[30,167],"rotated":1,"capInsets":[0,0,0,0]}}]