[{"__type__":"cc.SpriteFrame","content":{"name":"Btn_Close","texture":"04PZG4nVJAKIq2Yl3qCeDz","rect":[0,0,95,95],"offset":[0,0],"originalSize":[95,95],"capInsets":[0,0,0,0]}},{"__type__":"cc.SpriteFrame","content":{"name":"tp_PureColorBg","texture":"a8Anh32NZGRZegUtSgEj26","rect":[0,0,2,2],"offset":[0,0],"originalSize":[2,2],"capInsets":[0,0,0,0]}},{"__type__":"cc.SpriteFrame","content":{"name":"Sprite_StrongerOfVideo","texture":"2bzCCLgDZO77RAJnrVCNpQ","rect":[0,0,557,605],"offset":[0,0],"originalSize":[557,605],"capInsets":[0,0,0,0]}},[{"__type__":"cc.Prefab","_name":"StrongerOfVideoPage","data":{"__id__":1}},{"__type__":"cc.Node","_name":"StrongerOfVideoPage","_children":[{"__id__":2},{"__id__":3},{"__id__":4},{"__id__":5}],"_level":1,"_components":[{"__type__":"6448enJ5A9HCYCaQU1u/4vh","node":{"__id__":1},"Btn_StrongerOfVideo":{"__id__":4},"Btn_Close":{"__id__":5}}],"_prefab":{"__type__":"cc.PrefabInfo","root":{"__id__":1},"asset":{"__uuid__":"b2HS6ZnJNGBquI/HqCy1WH"},"fileId":"3dXYTYgf9Aup1M33GhWCU8"},"_scale":{"__type__":"cc.Vec3","x":1,"y":1,"z":1}},{"__type__":"cc.Node","_name":"PureColorBg","_parent":{"__id__":1},"_level":2,"_components":[{"__type__":"cc.Sprite","node":{"__id__":2},"_spriteFrame":{"__uuid__":"41D7kWhyFGY7q4NDlzkazn"},"_sizeMode":0},{"__type__":"cc.BlockInputEvents","node":{"__id__":2}}],"_prefab":{"__type__":"cc.PrefabInfo","root":{"__id__":1},"asset":{"__uuid__":"b2HS6ZnJNGBquI/HqCy1WH"},"fileId":"e4HiMbAItHv6R4iE2RzT3p"},"_opacity":200,"_color":{"__type__":"cc.Color"},"_contentSize":{"__type__":"cc.Size","width":750,"height":1100},"_position":{"__type__":"cc.Vec3","y":-40},"_scale":{"__type__":"cc.Vec3","x":1,"y":1,"z":1}},{"__type__":"cc.Node","_name":"Sprite_StrongerOfVideo","_parent":{"__id__":1},"_level":2,"_components":[{"__type__":"cc.Sprite","node":{"__id__":3},"_spriteFrame":{"__uuid__":"99HAqrttlHOKGFBQS7jTVM"}}],"_prefab":{"__type__":"cc.PrefabInfo","root":{"__id__":1},"asset":{"__uuid__":"b2HS6ZnJNGBquI/HqCy1WH"},"fileId":"c8ONzGju5H2JxOZTWBjZ0T"},"_contentSize":{"__type__":"cc.Size","width":557,"height":605},"_position":{"__type__":"cc.Vec3","y":89},"_scale":{"__type__":"cc.Vec3","x":1,"y":1,"z":1}},{"__type__":"cc.Node","_name":"Btn_StrongerOfVideo","_parent":{"__id__":1},"_level":2,"_components":[{"__type__":"cc.Sprite","node":{"__id__":4},"_spriteFrame":{"__uuid__":"c4eUSOVn1JUZDFoApRW6EE"}},{"__type__":"cc.Button","node":{"__id__":4}}],"_prefab":{"__type__":"cc.PrefabInfo","root":{"__id__":1},"asset":{"__uuid__":"b2HS6ZnJNGBquI/HqCy1WH"},"fileId":"37Mwi5w7BDSZmDIQGFBWqs"},"_contentSize":{"__type__":"cc.Size","width":174,"height":212},"_position":{"__type__":"cc.Vec3","y":56},"_scale":{"__type__":"cc.Vec3","x":1,"y":1,"z":1}},{"__type__":"cc.Node","_name":"Btn_Close","_parent":{"__id__":1},"_level":2,"_components":[{"__type__":"cc.Sprite","node":{"__id__":5},"_spriteFrame":{"__uuid__":"39ask3LghPuavCbjPzhMKA"}},{"__type__":"cc.Button","node":{"__id__":5}}],"_prefab":{"__type__":"cc.PrefabInfo","root":{"__id__":1},"asset":{"__uuid__":"b2HS6ZnJNGBquI/HqCy1WH"},"fileId":"78pXOB0i5BpYf3ZlJEhYBq"},"_contentSize":{"__type__":"cc.Size","width":95,"height":95},"_position":{"__type__":"cc.Vec3","x":231,"y":309},"_scale":{"__type__":"cc.Vec3","x":1,"y":1,"z":1}}],{"__type__":"cc.SpriteFrame","content":{"name":"Btn_StrongerOfVideo","texture":"c2ldOSlqVJq6d+12my1otM","rect":[0,0,174,212],"offset":[0,0],"originalSize":[174,212],"capInsets":[0,0,0,0]}}]