[{"__type__":"cc.SpriteFrame","content":{"name":"monster10a_02","texture":"b8vRxEeBhEVYJMyb/e+cHV","rect":[5,7,97,96],"offset":[-4.5,3],"originalSize":[116,116],"capInsets":[0,0,0,0]}},{"__type__":"cc.SpriteFrame","content":{"name":"monster10a_01","texture":"80IrOOgQBDf5G6+OlhlGwN","rect":[6,6,95,98],"offset":[-4.5,3],"originalSize":[116,116],"capInsets":[0,0,0,0]}},{"__type__":"cc.AnimationClip","_name":"Run","_duration":0.6666666666666666,"sample":6,"speed":1.5,"wrapMode":"2","curveData":{"paths":{"monster10a_01":{"props":{"width":[{"frame":0,"value":116}],"height":[{"frame":0,"value":116}]},"comps":{"cc.Sprite":{"spriteFrame":[{"frame":0,"value":{"__uuid__":"c6qkG1gj9BmY42KNYFyEqE"}},{"frame":0.16666666666666666,"value":{"__uuid__":"46RcUNfpJFbKS78UEq1c43"}},{"frame":0.3333333333333333,"value":{"__uuid__":"e5KiO+NWhDrYKe9cS6S4PR"}},{"frame":0.5,"value":{"__uuid__":"46RcUNfpJFbKS78UEq1c43"}}]}}}}}},{"__type__":"cc.SpriteFrame","content":{"name":"monster10a_03","texture":"46AgYivrFANZSkYEAj4svF","rect":[4,8,99,94],"offset":[-4.5,3],"originalSize":[116,116],"capInsets":[0,0,0,0]}}]