[{"__type__":"cc.SpriteFrame","content":{"name":"yz06_23","texture":"bcWY0m+GJLkKx82unIB/Cg","rect":[0,0,19,35],"offset":[0,0],"originalSize":[19,35],"capInsets":[0,0,0,0]}},{"__type__":"cc.AnimationClip","_name":"100006Run","_duration":0.5,"wrapMode":"2","curveData":{"paths":{"yz":{"props":{"scale":[{"frame":0,"value":{"__type__":"cc.Vec2","x":1,"y":1}}],"rotation":[{"frame":0,"value":0}],"opacity":[{"frame":0,"value":255}],"position":[{"frame":0,"value":[-2.5,-35.6]}]}},"yz/s":{"props":{"scale":[{"frame":0,"value":{"__type__":"cc.Vec2","x":1,"y":1}}],"rotation":[{"frame":0,"value":0}],"opacity":[{"frame":0,"value":255}],"position":[{"frame":0,"value":[0,0]}]}},"yz/s/yz06_24":{"props":{"scale":[{"frame":0,"value":{"__type__":"cc.Vec2","x":1,"y":1}}],"rotation":[{"frame":0,"value":0}],"opacity":[{"frame":0,"value":255}],"position":[{"frame":0,"value":[-1.5,24.2]},{"frame":0.25,"value":[-1.5,19.3]},{"frame":0.5,"value":[-1.5,24.2]}]}},"yz/s/yz06_25":{"props":{"scale":[{"frame":0,"value":{"__type__":"cc.Vec2","x":1,"y":1}}],"rotation":[{"frame":0,"value":0}],"opacity":[{"frame":0,"value":255}],"position":[{"frame":0,"value":[13,17.4]},{"frame":0.25,"value":[13,20.5]},{"frame":0.5,"value":[13,17.4]}]},"comps":{"cc.Sprite":{"spriteFrame":[{"frame":0,"value":{"__uuid__":"e7OsTI2jBLGZ4RMByixi1p"}}]}}},"yz/s/yz06_23":{"props":{"scale":[{"frame":0,"value":{"__type__":"cc.Vec2","x":1,"y":1}}],"rotation":[{"frame":0,"value":8},{"frame":0.25,"value":-14},{"frame":0.5,"value":8}],"opacity":[{"frame":0,"value":255}],"position":[{"frame":0,"value":[19.5,47.3]}]},"comps":{"cc.Sprite":{"spriteFrame":[{"frame":0,"value":{"__uuid__":"57VlVV4BBK4r2YjEtRyzJd"}}]}}},"yz/s/yz06_22":{"props":{"scale":[{"frame":0,"value":{"__type__":"cc.Vec2","x":1,"y":1}},{"frame":0.25,"value":{"__type__":"cc.Vec2","x":1.03,"y":1}},{"frame":0.5,"value":{"__type__":"cc.Vec2","x":1,"y":1}}],"rotation":[{"frame":0,"value":0}],"opacity":[{"frame":0,"value":255}],"position":[{"frame":0,"value":[7.3,15.1]}]}},"yz/s/yz06_18":{"props":{"scale":[{"frame":0,"value":{"__type__":"cc.Vec2","x":1,"y":1}}],"rotation":[{"frame":0,"value":-15},{"frame":0.25,"value":8},{"frame":0.5,"value":-15}],"opacity":[{"frame":0,"value":255}],"position":[{"frame":0,"value":[-7.5,49.9]},{"frame":0.25,"value":[-7.5,49.9]},{"frame":0.5,"value":[-7.5,49.9]}]}},"yz/t":{"props":{"scale":[{"frame":0,"value":{"__type__":"cc.Vec2","x":1,"y":1}},{"frame":0.5,"value":{"__type__":"cc.Vec2","x":1,"y":1}}],"rotation":[{"frame":0,"value":0},{"frame":0.5,"value":0}],"opacity":[{"frame":0,"value":255},{"frame":0.5,"value":255}],"position":[{"frame":0,"value":[1,44.9]},{"frame":0.25,"value":[1,43.8]},{"frame":0.5,"value":[1,44.9]}]}},"yz/t/yz06_17":{"props":{"scale":[{"frame":0,"value":{"__type__":"cc.Vec2","x":1,"y":1}},{"frame":0.5,"value":{"__type__":"cc.Vec2","x":1,"y":1}}],"rotation":[{"frame":0,"value":3},{"frame":0.25,"value":-3},{"frame":0.5,"value":3}],"opacity":[{"frame":0,"value":255}],"position":[{"frame":0,"value":[33,25.2]}]}},"yz/t/yz06_16":{"props":{"scale":[{"frame":0,"value":{"__type__":"cc.Vec2","x":1,"y":1}}],"rotation":[{"frame":0,"value":0}],"opacity":[{"frame":0,"value":255}],"position":[{"frame":0,"value":[4.4,19.5]}]}},"yz/t/yz06_13":{"props":{"scale":[{"frame":0,"value":{"__type__":"cc.Vec2","x":1,"y":1}}],"rotation":[{"frame":0,"value":0}],"opacity":[{"frame":0,"value":255}],"position":[{"frame":0,"value":[3.9,45.5]},{"frame":0.25,"value":[3.9,45.1]},{"frame":0.5,"value":[3.9,45.5]}]},"comps":{"cc.Sprite":{"spriteFrame":[{"frame":0,"value":{"__uuid__":"f5vde+tmtPQoduA6dFVXmd"}}]}}},"yz/t/yz06_14":{"props":{"scale":[{"frame":0,"value":{"__type__":"cc.Vec2","x":1,"y":1}}],"rotation":[{"frame":0,"value":0}],"opacity":[{"frame":0,"value":255}],"position":[{"frame":0,"value":[10.3,17.3]},{"frame":0.25,"value":[10.3,16.9]},{"frame":0.5,"value":[10.3,17.3]}]}},"yz/t/yz06_15":{"props":{"scale":[{"frame":0,"value":{"__type__":"cc.Vec2","x":1,"y":1}}],"rotation":[{"frame":0,"value":-3},{"frame":0.25,"value":5},{"frame":0.5,"value":-3}],"opacity":[{"frame":0,"value":255}],"position":[{"frame":0,"value":[-12.1,23.9]}]}},"a":{"props":{"scale":[{"frame":0,"value":{"__type__":"cc.Vec2","x":1,"y":1}},{"frame":0.25,"value":{"__type__":"cc.Vec2","x":1.05,"y":1}},{"frame":0.5,"value":{"__type__":"cc.Vec2","x":1,"y":1}}],"rotation":[{"frame":0,"value":0}],"opacity":[{"frame":0,"value":255}],"position":[{"frame":0,"value":[0.81,-35.42]}]}},"yz/s/yz06_18/yz06_11":{"props":{"opacity":[{"frame":0,"value":0}]}},"yz/s/yz06_23/yz06_19":{"props":{"opacity":[{"frame":0,"value":0}]}},"yz/s/yz06_07":{"props":{"opacity":[{"frame":0,"value":0}]}},"yz/s/yz06_22/yz06_06":{"props":{"opacity":[{"frame":0,"value":0}]}},"yz/t/yz06_13/yz06_09":{"props":{"opacity":[{"frame":0,"value":0}]}},"yz/t/yz06_08":{"props":{"opacity":[{"frame":0,"value":0}]}},"yz/t/yz06_13/yz06_05":{"props":{"opacity":[{"frame":0,"value":0}]}},"yz/t/yz06_14/yz06_04":{"props":{"opacity":[{"frame":0,"value":0}]}},"yz/s/yz06_22/yz06_21":{"props":{"opacity":[{"frame":0,"value":0}]}}},"props":{"opacity":[{"frame":0,"value":255}]}}},{"__type__":"cc.SpriteFrame","content":{"name":"yz06_25","texture":"93DtBnR/FHu73m9LqZN+RJ","rect":[0,0,12,20],"offset":[0,0],"originalSize":[12,20],"capInsets":[0,0,0,0]}},{"__type__":"cc.SpriteFrame","content":{"name":"yz06_13","texture":"95/ivb5fZKI5mV+FRqA4+S","rect":[0,0,82,74],"offset":[0,0],"originalSize":[82,74],"capInsets":[0,0,0,0]}}]