[{"__type__":"cc.SpriteFrame","content":{"name":"hc_07","texture":"f8cpt5My5C0YRPeNyxltwS","rect":[61,48,240,242],"offset":[-0.5,0.5],"originalSize":[363,339],"capInsets":[0,0,0,0]}},{"__type__":"cc.SpriteFrame","content":{"name":"hc_02","texture":"f8tyzlAOFHvbQdIMVQvYNV","rect":[94,55,177,197],"offset":[1,16],"originalSize":[363,339],"capInsets":[0,0,0,0]}},{"__type__":"cc.SpriteFrame","content":{"name":"hc_03","texture":"90Rfl+C+RCkYHIWxxL//7q","rect":[87,64,177,201],"offset":[-6,5],"originalSize":[363,339],"capInsets":[0,0,0,0]}},{"__type__":"cc.SpriteFrame","content":{"name":"hc_08","texture":"36pTbxnTpHcKmN6Si2XtN7","rect":[11,0,339,339],"offset":[-1,0],"originalSize":[363,339],"capInsets":[0,0,0,0]}},{"__type__":"cc.SpriteFrame","content":{"name":"hc_04","texture":"01Tp6taQJJKI2tP+tGl+Se","rect":[79,74,195,187],"offset":[-5,2],"originalSize":[363,339],"capInsets":[0,0,0,0]}},{"__type__":"cc.SpriteFrame","content":{"name":"hc_11","texture":"17tqkM1pxJk7RA2W2RLqQo","rect":[20,103,326,119],"offset":[1.5,7],"originalSize":[363,339],"capInsets":[0,0,0,0]}},{"__type__":"cc.SpriteFrame","content":{"name":"hc_01","texture":"c78gjZs4RHTaEIkj/HNkRk","rect":[101,103,178,129],"offset":[8.5,2],"originalSize":[363,339],"capInsets":[0,0,0,0]}},{"__type__":"cc.SpriteFrame","content":{"name":"hc_05","texture":"5arY1h6RVCrIYFeQTstZ0i","rect":[78,66,205,205],"offset":[-1,1],"originalSize":[363,339],"capInsets":[0,0,0,0]}},{"__type__":"cc.SpriteFrame","content":{"name":"hc_06","texture":"aevPwUcMND26fcHRJK9ymK","rect":[41,28,281,283],"offset":[0,0],"originalSize":[363,339],"capInsets":[0,0,0,0]}},{"__type__":"cc.SpriteFrame","content":{"name":"hc_10","texture":"0bjJF1V3BHo4pPcOUg5q6l","rect":[31,20,299,299],"offset":[-1,0],"originalSize":[363,339],"capInsets":[0,0,0,0]}},{"__type__":"cc.SpriteFrame","content":{"name":"hc_09","texture":"c2JwsoDCpBAYTcex5CvZ9S","rect":[12,1,338,338],"offset":[-0.5,-0.5],"originalSize":[363,339],"capInsets":[0,0,0,0]}},{"__type__":"cc.AnimationClip","_name":"TowerComposeAnima","_duration":0.5,"sample":24,"wrapMode":"1","curveData":{"comps":{"cc.Sprite":{"spriteFrame":[{"frame":0,"value":{"__uuid__":"7a7W2ZiqNAup3i3l+G6uXQ"}},{"frame":0.041666666666666664,"value":{"__uuid__":"27UZOVoYxFSo1d6Dh/SQba"}},{"frame":0.08333333333333333,"value":{"__uuid__":"2eqgsshdVLq6NG1IYhNzJS"}},{"frame":0.125,"value":{"__uuid__":"703lwtYK9NLJ2jB2K/ObUa"}},{"frame":0.16666666666666666,"value":{"__uuid__":"9bfEqTh3xPjYQLcLZikLvc"}},{"frame":0.20833333333333334,"value":{"__uuid__":"b6PL4KbitKUYMAEEJK6f7i"}},{"frame":0.25,"value":{"__uuid__":"0eSzWg69dMYr0psma0MQYB"}},{"frame":0.2916666666666667,"value":{"__uuid__":"59LU7O/zRDD6go3lRQ37Fl"}},{"frame":0.3333333333333333,"value":{"__uuid__":"cfUBzE5kdOdbK1V7nXuP1n"}},{"frame":0.375,"value":{"__uuid__":"bcuHnAQ+BJmqbvBr3I9h6b"}},{"frame":0.4166666666666667,"value":{"__uuid__":"75VhzLQ+1GkIq872naf7rx"}},{"frame":0.4583333333333333,"value":null}]}}},"events":[{"frame":0.4583333333333333,"func":"AfterAnima","params":[]}]}]