[{"__type__":"cc.SpriteFrame","content":{"name":"yz14_14","texture":"b0/wEJfTZHXYQttArDdH+3","rect":[0,0,45,24],"offset":[0,0],"originalSize":[45,24],"capInsets":[0,0,0,0]}},{"__type__":"cc.SpriteFrame","content":{"name":"yz14_06","texture":"43V2qGh99M2IO4sa6btnN9","rect":[0,0,27,16],"offset":[0,0],"originalSize":[27,16],"capInsets":[0,0,0,0]}},{"__type__":"cc.SpriteFrame","content":{"name":"yz14_12","texture":"16D1z9gFBLWq6xjDYf/trd","rect":[0,0,54,43],"offset":[0,0],"originalSize":[54,43],"capInsets":[0,0,0,0]}},{"__type__":"cc.SpriteFrame","content":{"name":"yz14_29","texture":"a3hI74UZFKvbfoOHBjQevk","rect":[0,0,27,24],"offset":[0,0],"originalSize":[27,24],"capInsets":[0,0,0,0]}},{"__type__":"cc.SpriteFrame","content":{"name":"yz14_23","texture":"73Z+Kx7xVHXLNj/kD9H09K","rect":[0,0,71,51],"offset":[0,0],"originalSize":[71,51],"capInsets":[0,0,0,0]}},{"__type__":"cc.SpriteFrame","content":{"name":"yz14_24","texture":"b4dWlGE8lLtZBT0mvwm72W","rect":[0,0,41,47],"offset":[0,0],"originalSize":[41,47],"capInsets":[0,0,0,0]}},{"__type__":"cc.SpriteFrame","content":{"name":"yz14_27","texture":"dehaErdP1KYK4v9FT5tOgZ","rect":[0,0,68,45],"offset":[0,0],"originalSize":[68,45],"capInsets":[0,0,0,0]}},{"__type__":"cc.AnimationClip","_name":"100017Die","_duration":1,"wrapMode":"1","curveData":{"paths":{"a":{"props":{"scale":[]}},"yz":{"props":{"scale":[{"frame":0,"value":{"__type__":"cc.Vec2","x":1,"y":1}},{"frame":0.25,"value":{"__type__":"cc.Vec2","x":1,"y":1.03}}],"rotation":[{"frame":0,"value":0},{"frame":0.25,"value":-5},{"frame":0.48333333333333334,"value":0}],"opacity":[{"frame":0,"value":255}],"position":[{"frame":0,"value":[-6.4,-30.8]},{"frame":0.48333333333333334,"value":[0.1,-33.6]},{"frame":1,"value":[0.1,-33.6]}]}},"yz/yz14_31":{"props":{"scale":[{"frame":0,"value":{"__type__":"cc.Vec2","x":1,"y":1}}],"rotation":[{"frame":0,"value":0},{"frame":0.25,"value":-23},{"frame":0.48333333333333334,"value":31}],"opacity":[{"frame":0,"value":255}],"position":[{"frame":0,"value":[15.3,70.5]},{"frame":0.25,"value":[11.6,71.7]},{"frame":0.48333333333333334,"value":[26.7,65.4]},{"frame":0.6666666666666666,"value":[27.4,59.4]}]}},"yz/s":{"props":{"scale":[{"frame":0,"value":{"__type__":"cc.Vec2","x":1,"y":1}}],"rotation":[{"frame":0,"value":0}],"opacity":[{"frame":0,"value":255}],"position":[{"frame":0,"value":[0,0]}]}},"yz/s/yz14_30":{"props":{"scale":[{"frame":0,"value":{"__type__":"cc.Vec2","x":1,"y":1}}],"rotation":[{"frame":0,"value":0},{"frame":0.25,"value":10},{"frame":0.48333333333333334,"value":19},{"frame":0.6666666666666666,"value":27}],"opacity":[{"frame":0,"value":255}],"position":[{"frame":0,"value":[15.3,50.3]},{"frame":0.48333333333333334,"value":[15.3,50.3]}]}},"yz/s/yz14_28":{"props":{"scale":[{"frame":0,"value":{"__type__":"cc.Vec2","x":1,"y":1}}],"rotation":[{"frame":0.25,"value":0},{"frame":0.48333333333333334,"value":12}],"opacity":[{"frame":0,"value":255}],"position":[{"frame":0.25,"value":[11.4,52.4]},{"frame":0.48333333333333334,"value":[14.3,50]}]}},"yz/s/yz14_27":{"props":{"scale":[{"frame":0,"value":{"__type__":"cc.Vec2","x":1,"y":1}}],"rotation":[{"frame":0,"value":0},{"frame":0.25,"value":9},{"frame":0.48333333333333334,"value":0}],"opacity":[{"frame":0,"value":255}],"position":[{"frame":0.25,"value":[11.6,33.5]},{"frame":0.48333333333333334,"value":[11.6,33.5]}]}},"yz/s/yz14_26":{"props":{"scale":[{"frame":0,"value":{"__type__":"cc.Vec2","x":1,"y":1}}],"rotation":[{"frame":0,"value":0},{"frame":0.25,"value":-6},{"frame":0.48333333333333334,"value":8},{"frame":0.6666666666666666,"value":-18}],"opacity":[{"frame":0,"value":255}],"position":[{"frame":0,"value":[6,49.4]},{"frame":0.48333333333333334,"value":[8.6,47.3]}]}},"yz/s/yz14_25":{"props":{"scale":[{"frame":0,"value":{"__type__":"cc.Vec2","x":1,"y":1}}],"rotation":[{"frame":0,"value":0}],"opacity":[{"frame":0,"value":255}],"position":[{"frame":0.25,"value":[12.8,45.4]},{"frame":0.48333333333333334,"value":[14.1,42.8]}]}},"yz/t":{"props":{"scale":[{"frame":0,"value":{"__type__":"cc.Vec2","x":1,"y":1}}],"rotation":[{"frame":0,"value":0},{"frame":0.25,"value":-18},{"frame":0.48333333333333334,"value":15}],"opacity":[{"frame":0,"value":255}],"position":[{"frame":0,"value":[7.5,55.8]},{"frame":0.25,"value":[11.7,51]},{"frame":0.48333333333333334,"value":[11.8,51.7]},{"frame":0.6666666666666666,"value":[14.4,46.4]}]}},"yz/t/yz14_29":{"props":{"scale":[{"frame":0,"value":{"__type__":"cc.Vec2","x":1,"y":1}}],"rotation":[{"frame":0,"value":0}],"opacity":[{"frame":0,"value":255}],"position":[{"frame":0,"value":[-12.5,9.8]}]}},"yz/t/yz14_24":{"props":{"scale":[{"frame":0,"value":{"__type__":"cc.Vec2","x":1,"y":1}}],"rotation":[{"frame":0,"value":0}],"opacity":[{"frame":0,"value":255}],"position":[{"frame":0,"value":[10,21.4]}]}},"yz/t/yz14_23":{"props":{"scale":[{"frame":0,"value":{"__type__":"cc.Vec2","x":1,"y":1}}],"rotation":[{"frame":0,"value":0}],"opacity":[{"frame":0,"value":255}],"position":[{"frame":0,"value":[17.4,42.8]}]}},"yz/t/yz14_22":{"props":{"scale":[{"frame":0,"value":{"__type__":"cc.Vec2","x":1,"y":1}}],"rotation":[{"frame":0,"value":0}],"opacity":[{"frame":0,"value":255}],"position":[{"frame":0,"value":[-13.9,14.8]}]}},"yz/t/yz14_21":{"props":{"scale":[{"frame":0,"value":{"__type__":"cc.Vec2","x":1,"y":1}}],"rotation":[{"frame":0,"value":0}],"opacity":[{"frame":0,"value":255}],"position":[{"frame":0,"value":[12.3,15.6]},{"frame":0.6666666666666666,"value":[12.3,11.6]}]}},"yz/t/yz14_02":{"props":{"scale":[{"frame":0,"value":{"__type__":"cc.Vec2","x":1,"y":1}}],"rotation":[{"frame":0,"value":0}],"opacity":[{"frame":0,"value":255}],"position":[{"frame":0,"value":[18.3,42.7]}]}},"yz/t/yz14_02/yz14_01":{"props":{"opacity":[{"frame":0,"value":0}]}},"yz/t/yz14_23/yz14_17":{"props":{"opacity":[{"frame":0,"value":0}]}},"yz/t/yz14_23/yz14_18":{"props":{"opacity":[{"frame":0,"value":255}]}},"yz/s/yz14_26/yz14_20":{"props":{"opacity":[{"frame":0,"value":255}]}},"yz/t/yz14_22/yz14_16":{"props":{"opacity":[{"frame":0,"value":0}],"rotation":[{"frame":0,"value":0},{"frame":0.25,"value":14},{"frame":0.48333333333333334,"value":7}]}},"yz/yz14_31/yz14_15":{"props":{"opacity":[{"frame":0,"value":0}],"rotation":[{"frame":0,"value":0},{"frame":0.25,"value":-8},{"frame":0.48333333333333334,"value":8}],"position":[{"frame":0.25,"value":[21.1,-0.4]},{"frame":0.48333333333333334,"value":[18,-0.1]}]}},"yz/s/yz14_30/yz14_19":{"props":{"opacity":[{"frame":0,"value":0}]}},"yz/t/yz14_24/yz14_03":{"props":{"opacity":[{"frame":0,"value":0}]}},"yz/s/yz14_27/yz14_09":{"props":{"opacity":[{"frame":0,"value":255}]}},"yz/s/yz14_26/yz14_11":{"props":{"opacity":[{"frame":0,"value":255}]}},"yz/s/yz14_25/yz14_13":{"props":{"opacity":[{"frame":0,"value":255}]}},"yz/s/yz14_30/yz14_12":{"props":{"opacity":[{"frame":0,"value":0}]}},"yz/t/yz14_02/yz14_07":{"props":{"opacity":[{"frame":0,"value":255}]}},"yz/t/yz14_23/yz14_08":{"props":{"opacity":[{"frame":0,"value":255}]}},"yz/t/yz14_24/yz14_06":{"props":{"opacity":[{"frame":0,"value":255}]}},"yz/s/yz14_27/yz14_14":{"props":{"opacity":[{"frame":0,"value":0}]}},"yz/s/yz14_30/yz14_04":{"props":{"opacity":[{"frame":0,"value":255}]}},"yz/yz14_32":{"props":{"opacity":[{"frame":0,"value":255}],"rotation":[{"frame":0,"value":0},{"frame":0.25,"value":6},{"frame":0.48333333333333334,"value":-38}],"position":[{"frame":0,"value":[-3.6,42.3]},{"frame":0.25,"value":[-9.4,45.4]},{"frame":0.48333333333333334,"value":[3.3,46.6]}]}},"yz/yz14_05":{"props":{"opacity":[{"frame":0,"value":255}],"rotation":[{"frame":0,"value":0},{"frame":0.25,"value":-8},{"frame":0.48333333333333334,"value":45}],"position":[{"frame":0,"value":[18.6,43.4]},{"frame":0.25,"value":[17.3,42.6]},{"frame":0.48333333333333334,"value":[13.8,44.3]}]}},"yz/s/yz14_27/yz14_10":{"props":{"opacity":[{"frame":0,"value":255}]}}},"props":{"opacity":[{"frame":0.75,"value":255},{"frame":0.85,"value":0}]}},"events":[{"frame":1,"func":"AfterMonsterDie","params":[]}]},{"__type__":"cc.SpriteFrame","content":{"name":"yz14_01","texture":"2ctxYVjXZK7oh7jJIFnLox","rect":[0,0,21,23],"offset":[0,0],"originalSize":[21,23],"capInsets":[0,0,0,0]}},{"__type__":"cc.AnimationClip","_name":"100017Run","_duration":0.5,"wrapMode":"2","curveData":{"paths":{"a":{"props":{"scale":[{"frame":0,"value":{"__type__":"cc.Vec2","x":1.43,"y":1.14}},{"frame":0.25,"value":{"__type__":"cc.Vec2","x":1.47,"y":1.14}},{"frame":0.5,"value":{"__type__":"cc.Vec2","x":1.43,"y":1.14}}]}},"yz":{"props":{"scale":[{"frame":0,"value":{"__type__":"cc.Vec2","x":1,"y":1}}],"rotation":[{"frame":0,"value":0}],"opacity":[{"frame":0,"value":255}]}},"yz/yz14_31":{"props":{"scale":[{"frame":0,"value":{"__type__":"cc.Vec2","x":1,"y":1}}],"rotation":[{"frame":0,"value":0}],"opacity":[{"frame":0,"value":255}],"position":[{"frame":0,"value":[15.3,70.5]},{"frame":0.25,"value":[15.3,69.8]},{"frame":0.5,"value":[15.3,70.5]}]}},"yz/s":{"props":{"scale":[{"frame":0,"value":{"__type__":"cc.Vec2","x":1,"y":1}}],"rotation":[{"frame":0,"value":0}],"opacity":[{"frame":0,"value":255}],"position":[{"frame":0,"value":[0,0]}]}},"yz/s/yz14_30":{"props":{"scale":[{"frame":0,"value":{"__type__":"cc.Vec2","x":1,"y":1}},{"frame":0.5,"value":{"__type__":"cc.Vec2","x":1,"y":1}}],"rotation":[{"frame":0,"value":0},{"frame":0.25,"value":-6},{"frame":0.5,"value":0}],"opacity":[{"frame":0,"value":255},{"frame":0.5,"value":255}],"position":[{"frame":0,"value":[15.3,50.3]},{"frame":0.5,"value":[15.3,50.3]}]}},"yz/s/yz14_28":{"props":{"scale":[{"frame":0,"value":{"__type__":"cc.Vec2","x":1,"y":1}}],"rotation":[{"frame":0,"value":0}],"opacity":[{"frame":0,"value":255}],"position":[{"frame":0,"value":[11.4,52.4]}]}},"yz/s/yz14_27":{"props":{"scale":[{"frame":0,"value":{"__type__":"cc.Vec2","x":1,"y":1}},{"frame":0.5,"value":{"__type__":"cc.Vec2","x":1,"y":1}}],"rotation":[{"frame":0,"value":-1},{"frame":0.25,"value":2},{"frame":0.5,"value":-1}],"opacity":[{"frame":0,"value":255},{"frame":0.5,"value":255}],"position":[{"frame":0,"value":[11.6,33.5]},{"frame":0.5,"value":[11.6,33.5]}]}},"yz/s/yz14_26":{"props":{"scale":[{"frame":0,"value":{"__type__":"cc.Vec2","x":1,"y":1}},{"frame":0.5,"value":{"__type__":"cc.Vec2","x":1,"y":1}}],"rotation":[{"frame":0,"value":0},{"frame":0.25,"value":6},{"frame":0.5,"value":0}],"opacity":[{"frame":0,"value":255},{"frame":0.5,"value":255}],"position":[{"frame":0,"value":[6,49.4]},{"frame":0.5,"value":[6,49.4]}]}},"yz/s/yz14_25":{"props":{"scale":[{"frame":0,"value":{"__type__":"cc.Vec2","x":1,"y":1}}],"rotation":[{"frame":0,"value":0}],"opacity":[{"frame":0,"value":255}],"position":[{"frame":0,"value":[12.8,45.4]},{"frame":0.25,"value":[12.8,46.2]},{"frame":0.5,"value":[12.8,45.4]}]}},"yz/t":{"props":{"scale":[{"frame":0,"value":{"__type__":"cc.Vec2","x":1,"y":1}},{"frame":0.25,"value":{"__type__":"cc.Vec2","x":1,"y":1}},{"frame":0.5,"value":{"__type__":"cc.Vec2","x":1,"y":1}}],"rotation":[{"frame":0,"value":0},{"frame":0.25,"value":0},{"frame":0.5,"value":0}],"opacity":[{"frame":0,"value":255},{"frame":0.25,"value":255},{"frame":0.5,"value":255}],"position":[{"frame":0,"value":[7.5,55.8]},{"frame":0.25,"value":[7.5,54.9]},{"frame":0.5,"value":[7.5,55.8]}]}},"yz/t/yz14_29":{"props":{"scale":[{"frame":0,"value":{"__type__":"cc.Vec2","x":1,"y":1}}],"rotation":[{"frame":0,"value":0}],"opacity":[{"frame":0,"value":255}],"position":[{"frame":0,"value":[-12.5,9.8]},{"frame":0.25,"value":[-11.6,9.8]},{"frame":0.5,"value":[-12.5,9.8]}]}},"yz/t/yz14_24":{"props":{"scale":[{"frame":0,"value":{"__type__":"cc.Vec2","x":1,"y":1}}],"rotation":[{"frame":0,"value":0}],"opacity":[{"frame":0,"value":255}],"position":[{"frame":0,"value":[10,21.4]}]}},"yz/t/yz14_23":{"props":{"scale":[{"frame":0,"value":{"__type__":"cc.Vec2","x":1,"y":1}}],"rotation":[{"frame":0,"value":0}],"opacity":[{"frame":0,"value":255}],"position":[{"frame":0,"value":[17.4,42.8]}]}},"yz/t/yz14_22":{"props":{"scale":[{"frame":0,"value":{"__type__":"cc.Vec2","x":1,"y":1}}],"rotation":[{"frame":0,"value":0}],"opacity":[{"frame":0,"value":255}],"position":[{"frame":0,"value":[-13.9,14.8]}]}},"yz/t/yz14_21":{"props":{"scale":[{"frame":0,"value":{"__type__":"cc.Vec2","x":1,"y":1}}],"rotation":[{"frame":0,"value":0}],"opacity":[{"frame":0,"value":255}],"position":[{"frame":0,"value":[12.3,15.6]},{"frame":0.25,"value":[12.3,14.6]},{"frame":0.5,"value":[12.3,15.6]}]}},"yz/t/yz14_02":{"props":{"scale":[{"frame":0,"value":{"__type__":"cc.Vec2","x":1,"y":1}}],"rotation":[{"frame":0,"value":0},{"frame":0.25,"value":1},{"frame":0.5,"value":0}],"opacity":[{"frame":0,"value":255}],"position":[{"frame":0,"value":[18.3,42.7]},{"frame":0.25,"value":[18.3,42.7]},{"frame":0.5,"value":[18.3,42.7]}]}},"yz/t/yz14_02/yz14_01":{"props":{"opacity":[{"frame":0,"value":0}]}},"yz/t/yz14_23/yz14_17":{"props":{"opacity":[{"frame":0,"value":0}]}},"yz/t/yz14_23/yz14_18":{"props":{"opacity":[{"frame":0,"value":255}]}},"yz/s/yz14_26/yz14_20":{"props":{"opacity":[{"frame":0,"value":255}]}},"yz/yz14_31/yz14_15":{"props":{"opacity":[{"frame":0,"value":0}],"rotation":[{"frame":0,"value":0},{"frame":0.25,"value":-8},{"frame":0.5,"value":0}]}},"yz/t/yz14_22/yz14_16":{"props":{"opacity":[{"frame":0,"value":0}],"rotation":[{"frame":0,"value":0},{"frame":0.25,"value":10},{"frame":0.5,"value":0}]}},"yz/s/yz14_30/yz14_19":{"props":{"opacity":[{"frame":0,"value":0}]}},"yz/t/yz14_24/yz14_03":{"props":{"opacity":[{"frame":0,"value":0}]}},"yz/s/yz14_27/yz14_09":{"props":{"opacity":[{"frame":0,"value":255}]}},"yz/s/yz14_26/yz14_11":{"props":{"opacity":[{"frame":0,"value":255}]}},"yz/s/yz14_25/yz14_13":{"props":{"opacity":[{"frame":0,"value":255}]}},"yz/s/yz14_30/yz14_12":{"props":{"opacity":[{"frame":0,"value":0}]}},"yz/t/yz14_02/yz14_07":{"props":{"opacity":[{"frame":0,"value":255}]}},"yz/t/yz14_23/yz14_08":{"props":{"opacity":[{"frame":0,"value":255}]}},"yz/t/yz14_24/yz14_06":{"props":{"opacity":[{"frame":0,"value":255}]}},"yz/s/yz14_27/yz14_14":{"props":{"opacity":[{"frame":0,"value":0}]}},"yz/s/yz14_30/yz14_04":{"props":{"opacity":[{"frame":0,"value":255}]}},"yz/yz14_32":{"props":{"opacity":[{"frame":0,"value":255}],"rotation":[{"frame":0,"value":0},{"frame":0.25,"value":-6},{"frame":0.5,"value":0}]}},"yz/yz14_05":{"props":{"opacity":[{"frame":0,"value":255}],"rotation":[{"frame":0,"value":0},{"frame":0.25,"value":6},{"frame":0.5,"value":0}]}},"yz/s/yz14_27/yz14_10":{"props":{"opacity":[{"frame":0,"value":255}]}}},"props":{"opacity":[{"frame":0,"value":255}]}}},{"__type__":"cc.SpriteFrame","content":{"name":"yz14_31","texture":"531jGr7JBCJ56spr0Z3GEm","rect":[0,0,56,43],"offset":[0,0],"originalSize":[56,43],"capInsets":[0,0,0,0]}},{"__type__":"cc.AnimationClip","_name":"100014Die","_duration":1,"wrapMode":"1","curveData":{"paths":{"a":{"props":{"scale":[]}},"yz":{"props":{"scale":[{"frame":0,"value":{"__type__":"cc.Vec2","x":1,"y":1}},{"frame":0.25,"value":{"__type__":"cc.Vec2","x":1,"y":1.03}}],"rotation":[{"frame":0,"value":0},{"frame":0.25,"value":-5},{"frame":0.48333333333333334,"value":0}],"opacity":[{"frame":0,"value":255}],"position":[{"frame":0,"value":[-6.4,-30.8]},{"frame":0.48333333333333334,"value":[0.1,-33.6]},{"frame":1,"value":[0.1,-33.6]}]}},"yz/yz14_31":{"props":{"scale":[{"frame":0,"value":{"__type__":"cc.Vec2","x":1,"y":1}}],"rotation":[{"frame":0,"value":0},{"frame":0.25,"value":-23},{"frame":0.48333333333333334,"value":31}],"opacity":[{"frame":0,"value":255}],"position":[{"frame":0,"value":[15.3,70.5]},{"frame":0.25,"value":[11.6,71.7]},{"frame":0.48333333333333334,"value":[26.7,65.4]},{"frame":0.6666666666666666,"value":[27.4,59.4]}]}},"yz/s":{"props":{"scale":[{"frame":0,"value":{"__type__":"cc.Vec2","x":1,"y":1}}],"rotation":[{"frame":0,"value":0}],"opacity":[{"frame":0,"value":255}],"position":[{"frame":0,"value":[0,0]}]}},"yz/s/yz14_30":{"props":{"scale":[{"frame":0,"value":{"__type__":"cc.Vec2","x":1,"y":1}}],"rotation":[{"frame":0,"value":0},{"frame":0.25,"value":10},{"frame":0.48333333333333334,"value":19},{"frame":0.6666666666666666,"value":27}],"opacity":[{"frame":0,"value":255}],"position":[{"frame":0,"value":[15.3,50.3]},{"frame":0.48333333333333334,"value":[15.3,50.3]}]}},"yz/s/yz14_28":{"props":{"scale":[{"frame":0,"value":{"__type__":"cc.Vec2","x":1,"y":1}}],"rotation":[{"frame":0.25,"value":0},{"frame":0.48333333333333334,"value":12}],"opacity":[{"frame":0,"value":255}],"position":[{"frame":0.25,"value":[11.4,52.4]},{"frame":0.48333333333333334,"value":[14.3,50]}]}},"yz/s/yz14_27":{"props":{"scale":[{"frame":0,"value":{"__type__":"cc.Vec2","x":1,"y":1}}],"rotation":[{"frame":0,"value":0},{"frame":0.25,"value":9},{"frame":0.48333333333333334,"value":0}],"opacity":[{"frame":0,"value":255}],"position":[{"frame":0.25,"value":[11.6,33.5]},{"frame":0.48333333333333334,"value":[11.6,33.5]}]}},"yz/s/yz14_26":{"props":{"scale":[{"frame":0,"value":{"__type__":"cc.Vec2","x":1,"y":1}}],"rotation":[{"frame":0,"value":0},{"frame":0.25,"value":-6},{"frame":0.48333333333333334,"value":8},{"frame":0.6666666666666666,"value":-18}],"opacity":[{"frame":0,"value":255}],"position":[{"frame":0,"value":[6,49.4]},{"frame":0.48333333333333334,"value":[8.6,47.3]}]}},"yz/s/yz14_25":{"props":{"scale":[{"frame":0,"value":{"__type__":"cc.Vec2","x":1,"y":1}}],"rotation":[{"frame":0,"value":0}],"opacity":[{"frame":0,"value":255}],"position":[{"frame":0.25,"value":[12.8,45.4]},{"frame":0.48333333333333334,"value":[14.1,42.8]}]}},"yz/t":{"props":{"scale":[{"frame":0,"value":{"__type__":"cc.Vec2","x":1,"y":1}}],"rotation":[{"frame":0,"value":0},{"frame":0.25,"value":-18},{"frame":0.48333333333333334,"value":15}],"opacity":[{"frame":0,"value":255}],"position":[{"frame":0,"value":[7.5,55.8]},{"frame":0.48333333333333334,"value":[11.8,51.7]},{"frame":0.6666666666666666,"value":[14.4,46.4]}]}},"yz/t/yz14_29":{"props":{"scale":[{"frame":0,"value":{"__type__":"cc.Vec2","x":1,"y":1}}],"rotation":[{"frame":0,"value":0}],"opacity":[{"frame":0,"value":255}],"position":[{"frame":0,"value":[-12.5,9.8]}]}},"yz/t/yz14_24":{"props":{"scale":[{"frame":0,"value":{"__type__":"cc.Vec2","x":1,"y":1}}],"rotation":[{"frame":0,"value":0}],"opacity":[{"frame":0,"value":255}],"position":[{"frame":0,"value":[10,21.4]}]}},"yz/t/yz14_23":{"props":{"scale":[{"frame":0,"value":{"__type__":"cc.Vec2","x":1,"y":1}}],"rotation":[{"frame":0,"value":0}],"opacity":[{"frame":0,"value":255}],"position":[{"frame":0,"value":[17.4,42.8]}]}},"yz/t/yz14_22":{"props":{"scale":[{"frame":0,"value":{"__type__":"cc.Vec2","x":1,"y":1}}],"rotation":[{"frame":0,"value":0}],"opacity":[{"frame":0,"value":255}],"position":[{"frame":0,"value":[-13.9,14.8]}]}},"yz/t/yz14_21":{"props":{"scale":[{"frame":0,"value":{"__type__":"cc.Vec2","x":1,"y":1}}],"rotation":[{"frame":0,"value":0}],"opacity":[{"frame":0,"value":255}],"position":[{"frame":0,"value":[12.3,15.6]},{"frame":0.6666666666666666,"value":[12.3,11.6]}]}},"yz/t/yz14_02":{"props":{"scale":[{"frame":0,"value":{"__type__":"cc.Vec2","x":1,"y":1}}],"rotation":[{"frame":0,"value":0}],"opacity":[{"frame":0,"value":255}],"position":[{"frame":0,"value":[18.3,42.7]}]}},"yz/t/yz14_02/yz14_01":{"props":{"opacity":[{"frame":0,"value":0}]}},"yz/t/yz14_23/yz14_17":{"props":{"opacity":[{"frame":0,"value":0}]}},"yz/t/yz14_23/yz14_18":{"props":{"opacity":[{"frame":0,"value":0}]}},"yz/s/yz14_26/yz14_20":{"props":{"opacity":[{"frame":0,"value":0}]}},"yz/t/yz14_22/yz14_16":{"props":{"opacity":[{"frame":0,"value":0}]}},"yz/yz14_31/yz14_15":{"props":{"opacity":[{"frame":0,"value":0}]}},"yz/s/yz14_30/yz14_19":{"props":{"opacity":[{"frame":0,"value":0}]}},"yz/t/yz14_24/yz14_03":{"props":{"opacity":[{"frame":0,"value":0}]}},"yz/s/yz14_27/yz14_09":{"props":{"opacity":[{"frame":0,"value":0}]}},"yz/s/yz14_26/yz14_11":{"props":{"opacity":[{"frame":0,"value":0}]}},"yz/s/yz14_25/yz14_13":{"props":{"opacity":[{"frame":0,"value":0}]}},"yz/s/yz14_30/yz14_12":{"props":{"opacity":[{"frame":0,"value":0}]}},"yz/t/yz14_02/yz14_07":{"props":{"opacity":[{"frame":0,"value":0}]}},"yz/t/yz14_23/yz14_08":{"props":{"opacity":[{"frame":0,"value":0}]}},"yz/t/yz14_24/yz14_06":{"props":{"opacity":[{"frame":0,"value":0}]}},"yz/s/yz14_27/yz14_14":{"props":{"opacity":[{"frame":0,"value":0}]}},"yz/s/yz14_30/yz14_04":{"props":{"opacity":[{"frame":0,"value":0}]}},"yz/yz14_32":{"props":{"opacity":[{"frame":0,"value":0}]}},"yz/yz14_05":{"props":{"opacity":[{"frame":0,"value":0}]}},"yz/s/yz14_27/yz14_10":{"props":{"opacity":[{"frame":0,"value":0}]}}},"props":{"opacity":[{"frame":0.75,"value":255},{"frame":0.85,"value":0}]}},"events":[{"frame":1,"func":"AfterMonsterDie","params":[]}]},{"__type__":"cc.SpriteFrame","content":{"name":"yz14_05","texture":"39sPlAZZtGmbODn9oHlu7r","rect":[0,0,44,56],"offset":[0,0],"originalSize":[44,56],"capInsets":[0,0,0,0]}},{"__type__":"cc.SpriteFrame","content":{"name":"yz14_18","texture":"6b3gx3Lb1P3IwLSnSIcWiZ","rect":[0,0,17,18],"offset":[0,0],"originalSize":[17,18],"capInsets":[0,0,0,0]}},{"__type__":"cc.AnimationClip","_name":"100015Run","_duration":0.5,"wrapMode":"2","curveData":{"paths":{"a":{"props":{"scale":[{"frame":0,"value":{"__type__":"cc.Vec2","x":1.43,"y":1.14}},{"frame":0.25,"value":{"__type__":"cc.Vec2","x":1.47,"y":1.14}},{"frame":0.5,"value":{"__type__":"cc.Vec2","x":1.43,"y":1.14}}]}},"yz":{"props":{"scale":[{"frame":0,"value":{"__type__":"cc.Vec2","x":1,"y":1}}],"rotation":[{"frame":0,"value":0}],"opacity":[{"frame":0,"value":255}]}},"yz/yz14_31":{"props":{"scale":[{"frame":0,"value":{"__type__":"cc.Vec2","x":1,"y":1}}],"rotation":[{"frame":0,"value":0}],"opacity":[{"frame":0,"value":255}],"position":[{"frame":0,"value":[15.3,70.5]},{"frame":0.25,"value":[15.3,69.8]},{"frame":0.5,"value":[15.3,70.5]}]}},"yz/s":{"props":{"scale":[{"frame":0,"value":{"__type__":"cc.Vec2","x":1,"y":1}}],"rotation":[{"frame":0,"value":0}],"opacity":[{"frame":0,"value":255}],"position":[{"frame":0,"value":[0,0]}]}},"yz/s/yz14_30":{"props":{"scale":[{"frame":0,"value":{"__type__":"cc.Vec2","x":1,"y":1}},{"frame":0.5,"value":{"__type__":"cc.Vec2","x":1,"y":1}}],"rotation":[{"frame":0,"value":0},{"frame":0.25,"value":-6},{"frame":0.5,"value":0}],"opacity":[{"frame":0,"value":255},{"frame":0.5,"value":255}],"position":[{"frame":0,"value":[15.3,50.3]},{"frame":0.5,"value":[15.3,50.3]}]}},"yz/s/yz14_28":{"props":{"scale":[{"frame":0,"value":{"__type__":"cc.Vec2","x":1,"y":1}}],"rotation":[{"frame":0,"value":0}],"opacity":[{"frame":0,"value":255}],"position":[{"frame":0,"value":[11.4,52.4]}]}},"yz/s/yz14_27":{"props":{"scale":[{"frame":0,"value":{"__type__":"cc.Vec2","x":1,"y":1}},{"frame":0.5,"value":{"__type__":"cc.Vec2","x":1,"y":1}}],"rotation":[{"frame":0,"value":-1},{"frame":0.25,"value":2},{"frame":0.5,"value":-1}],"opacity":[{"frame":0,"value":255},{"frame":0.5,"value":255}],"position":[{"frame":0,"value":[11.6,33.5]},{"frame":0.5,"value":[11.6,33.5]}]}},"yz/s/yz14_26":{"props":{"scale":[{"frame":0,"value":{"__type__":"cc.Vec2","x":1,"y":1}},{"frame":0.5,"value":{"__type__":"cc.Vec2","x":1,"y":1}}],"rotation":[{"frame":0,"value":0},{"frame":0.25,"value":6},{"frame":0.5,"value":0}],"opacity":[{"frame":0,"value":255},{"frame":0.5,"value":255}],"position":[{"frame":0,"value":[6,49.4]},{"frame":0.5,"value":[6,49.4]}]}},"yz/s/yz14_25":{"props":{"scale":[{"frame":0,"value":{"__type__":"cc.Vec2","x":1,"y":1}}],"rotation":[{"frame":0,"value":0}],"opacity":[{"frame":0,"value":255}],"position":[{"frame":0,"value":[12.8,45.4]},{"frame":0.25,"value":[12.8,46.2]},{"frame":0.5,"value":[12.8,45.4]}]}},"yz/t":{"props":{"scale":[{"frame":0,"value":{"__type__":"cc.Vec2","x":1,"y":1}},{"frame":0.25,"value":{"__type__":"cc.Vec2","x":1,"y":1}},{"frame":0.5,"value":{"__type__":"cc.Vec2","x":1,"y":1}}],"rotation":[{"frame":0,"value":0},{"frame":0.25,"value":0},{"frame":0.5,"value":0}],"opacity":[{"frame":0,"value":255},{"frame":0.25,"value":255},{"frame":0.5,"value":255}],"position":[{"frame":0,"value":[7.5,55.8]},{"frame":0.25,"value":[7.5,54.9]},{"frame":0.5,"value":[7.5,55.8]}]}},"yz/t/yz14_29":{"props":{"scale":[{"frame":0,"value":{"__type__":"cc.Vec2","x":1,"y":1}}],"rotation":[{"frame":0,"value":0}],"opacity":[{"frame":0,"value":255}],"position":[{"frame":0,"value":[-12.5,9.8]},{"frame":0.25,"value":[-11.6,9.8]},{"frame":0.5,"value":[-12.5,9.8]}]}},"yz/t/yz14_24":{"props":{"scale":[{"frame":0,"value":{"__type__":"cc.Vec2","x":1,"y":1}}],"rotation":[{"frame":0,"value":0}],"opacity":[{"frame":0,"value":255}],"position":[{"frame":0,"value":[10,21.4]}]}},"yz/t/yz14_23":{"props":{"scale":[{"frame":0,"value":{"__type__":"cc.Vec2","x":1,"y":1}}],"rotation":[{"frame":0,"value":0}],"opacity":[{"frame":0,"value":255}],"position":[{"frame":0,"value":[17.4,42.8]}]}},"yz/t/yz14_22":{"props":{"scale":[{"frame":0,"value":{"__type__":"cc.Vec2","x":1,"y":1}}],"rotation":[{"frame":0,"value":0}],"opacity":[{"frame":0,"value":255}],"position":[{"frame":0,"value":[-13.9,14.8]}]}},"yz/t/yz14_21":{"props":{"scale":[{"frame":0,"value":{"__type__":"cc.Vec2","x":1,"y":1}}],"rotation":[{"frame":0,"value":0}],"opacity":[{"frame":0,"value":255}],"position":[{"frame":0,"value":[12.3,15.6]},{"frame":0.25,"value":[12.3,14.6]},{"frame":0.5,"value":[12.3,15.6]}]}},"yz/t/yz14_02":{"props":{"scale":[{"frame":0,"value":{"__type__":"cc.Vec2","x":1,"y":1}}],"rotation":[{"frame":0,"value":0},{"frame":0.25,"value":1},{"frame":0.5,"value":0}],"opacity":[{"frame":0,"value":255}],"position":[{"frame":0,"value":[18.3,42.7]},{"frame":0.25,"value":[18.3,42.7]},{"frame":0.5,"value":[18.3,42.7]}]}},"yz/t/yz14_02/yz14_01":{"props":{"opacity":[{"frame":0,"value":255}]}},"yz/t/yz14_23/yz14_17":{"props":{"opacity":[{"frame":0,"value":255}]}},"yz/t/yz14_23/yz14_18":{"props":{"opacity":[{"frame":0,"value":255}]}},"yz/s/yz14_26/yz14_20":{"props":{"opacity":[{"frame":0,"value":255}]}},"yz/yz14_31/yz14_15":{"props":{"opacity":[{"frame":0,"value":0}]}},"yz/t/yz14_22/yz14_16":{"props":{"opacity":[{"frame":0,"value":0}]}},"yz/s/yz14_30/yz14_19":{"props":{"opacity":[{"frame":0,"value":255}]}},"yz/t/yz14_24/yz14_03":{"props":{"opacity":[{"frame":0,"value":0}]}},"yz/s/yz14_27/yz14_09":{"props":{"opacity":[{"frame":0,"value":0}]}},"yz/s/yz14_26/yz14_11":{"props":{"opacity":[{"frame":0,"value":0}]}},"yz/s/yz14_25/yz14_13":{"props":{"opacity":[{"frame":0,"value":0}]}},"yz/s/yz14_30/yz14_12":{"props":{"opacity":[{"frame":0,"value":0}]}},"yz/t/yz14_02/yz14_07":{"props":{"opacity":[{"frame":0,"value":0}]}},"yz/t/yz14_23/yz14_08":{"props":{"opacity":[{"frame":0,"value":0}]}},"yz/t/yz14_24/yz14_06":{"props":{"opacity":[{"frame":0,"value":0}]}},"yz/s/yz14_27/yz14_14":{"props":{"opacity":[{"frame":0,"value":0}]}},"yz/s/yz14_30/yz14_04":{"props":{"opacity":[{"frame":0,"value":0}]}},"yz/yz14_32":{"props":{"opacity":[{"frame":0,"value":0}]}},"yz/yz14_05":{"props":{"opacity":[{"frame":0,"value":0}]}},"yz/s/yz14_27/yz14_10":{"props":{"opacity":[{"frame":0,"value":0}]}}},"props":{"opacity":[{"frame":0,"value":255}]}}},{"__type__":"cc.SpriteFrame","content":{"name":"a","texture":"167cc1GfZOeYQjrmlSsHJ1","rect":[0,0,54,11],"offset":[0,0],"originalSize":[54,11],"capInsets":[0,0,0,0]}},{"__type__":"cc.AnimationClip","_name":"100016Run","_duration":0.5,"wrapMode":"2","curveData":{"paths":{"a":{"props":{"scale":[{"frame":0,"value":{"__type__":"cc.Vec2","x":1.43,"y":1.14}},{"frame":0.25,"value":{"__type__":"cc.Vec2","x":1.47,"y":1.14}},{"frame":0.5,"value":{"__type__":"cc.Vec2","x":1.43,"y":1.14}}]}},"yz":{"props":{"scale":[{"frame":0,"value":{"__type__":"cc.Vec2","x":1,"y":1}}],"rotation":[{"frame":0,"value":0}],"opacity":[{"frame":0,"value":255}]}},"yz/yz14_31":{"props":{"scale":[{"frame":0,"value":{"__type__":"cc.Vec2","x":1,"y":1}}],"rotation":[{"frame":0,"value":0}],"opacity":[{"frame":0,"value":255}],"position":[{"frame":0,"value":[15.3,70.5]},{"frame":0.25,"value":[15.3,69.8]},{"frame":0.5,"value":[15.3,70.5]}]}},"yz/s":{"props":{"scale":[{"frame":0,"value":{"__type__":"cc.Vec2","x":1,"y":1}}],"rotation":[{"frame":0,"value":0}],"opacity":[{"frame":0,"value":255}],"position":[{"frame":0,"value":[0,0]}]}},"yz/s/yz14_30":{"props":{"scale":[{"frame":0,"value":{"__type__":"cc.Vec2","x":1,"y":1}},{"frame":0.5,"value":{"__type__":"cc.Vec2","x":1,"y":1}}],"rotation":[{"frame":0,"value":0},{"frame":0.25,"value":-6},{"frame":0.5,"value":0}],"opacity":[{"frame":0,"value":255},{"frame":0.5,"value":255}],"position":[{"frame":0,"value":[15.3,50.3]},{"frame":0.5,"value":[15.3,50.3]}]}},"yz/s/yz14_28":{"props":{"scale":[{"frame":0,"value":{"__type__":"cc.Vec2","x":1,"y":1}}],"rotation":[{"frame":0,"value":0}],"opacity":[{"frame":0,"value":255}],"position":[{"frame":0,"value":[11.4,52.4]}]}},"yz/s/yz14_27":{"props":{"scale":[{"frame":0,"value":{"__type__":"cc.Vec2","x":1,"y":1}},{"frame":0.5,"value":{"__type__":"cc.Vec2","x":1,"y":1}}],"rotation":[{"frame":0,"value":-1},{"frame":0.25,"value":2},{"frame":0.5,"value":-1}],"opacity":[{"frame":0,"value":255},{"frame":0.5,"value":255}],"position":[{"frame":0,"value":[11.6,33.5]},{"frame":0.5,"value":[11.6,33.5]}]}},"yz/s/yz14_26":{"props":{"scale":[{"frame":0,"value":{"__type__":"cc.Vec2","x":1,"y":1}},{"frame":0.5,"value":{"__type__":"cc.Vec2","x":1,"y":1}}],"rotation":[{"frame":0,"value":0},{"frame":0.25,"value":6},{"frame":0.5,"value":0}],"opacity":[{"frame":0,"value":255},{"frame":0.5,"value":255}],"position":[{"frame":0,"value":[6,49.4]},{"frame":0.5,"value":[6,49.4]}]}},"yz/s/yz14_25":{"props":{"scale":[{"frame":0,"value":{"__type__":"cc.Vec2","x":1,"y":1}}],"rotation":[{"frame":0,"value":0}],"opacity":[{"frame":0,"value":255}],"position":[{"frame":0,"value":[12.8,45.4]},{"frame":0.25,"value":[12.8,46.2]},{"frame":0.5,"value":[12.8,45.4]}]}},"yz/t":{"props":{"scale":[{"frame":0,"value":{"__type__":"cc.Vec2","x":1,"y":1}},{"frame":0.25,"value":{"__type__":"cc.Vec2","x":1,"y":1}},{"frame":0.5,"value":{"__type__":"cc.Vec2","x":1,"y":1}}],"rotation":[{"frame":0,"value":0},{"frame":0.25,"value":0},{"frame":0.5,"value":0}],"opacity":[{"frame":0,"value":255},{"frame":0.25,"value":255},{"frame":0.5,"value":255}],"position":[{"frame":0,"value":[7.5,55.8]},{"frame":0.25,"value":[7.5,54.9]},{"frame":0.5,"value":[7.5,55.8]}]}},"yz/t/yz14_29":{"props":{"scale":[{"frame":0,"value":{"__type__":"cc.Vec2","x":1,"y":1}}],"rotation":[{"frame":0,"value":0}],"opacity":[{"frame":0,"value":255}],"position":[{"frame":0,"value":[-12.5,9.8]},{"frame":0.25,"value":[-11.6,9.8]},{"frame":0.5,"value":[-12.5,9.8]}]}},"yz/t/yz14_24":{"props":{"scale":[{"frame":0,"value":{"__type__":"cc.Vec2","x":1,"y":1}}],"rotation":[{"frame":0,"value":0}],"opacity":[{"frame":0,"value":255}],"position":[{"frame":0,"value":[10,21.4]}]}},"yz/t/yz14_23":{"props":{"scale":[{"frame":0,"value":{"__type__":"cc.Vec2","x":1,"y":1}}],"rotation":[{"frame":0,"value":0}],"opacity":[{"frame":0,"value":255}],"position":[{"frame":0,"value":[17.4,42.8]}]}},"yz/t/yz14_22":{"props":{"scale":[{"frame":0,"value":{"__type__":"cc.Vec2","x":1,"y":1}}],"rotation":[{"frame":0,"value":0}],"opacity":[{"frame":0,"value":255}],"position":[{"frame":0,"value":[-13.9,14.8]}]}},"yz/t/yz14_21":{"props":{"scale":[{"frame":0,"value":{"__type__":"cc.Vec2","x":1,"y":1}}],"rotation":[{"frame":0,"value":0}],"opacity":[{"frame":0,"value":255}],"position":[{"frame":0,"value":[12.3,15.6]},{"frame":0.25,"value":[12.3,14.6]},{"frame":0.5,"value":[12.3,15.6]}]}},"yz/t/yz14_02":{"props":{"scale":[{"frame":0,"value":{"__type__":"cc.Vec2","x":1,"y":1}}],"rotation":[{"frame":0,"value":0},{"frame":0.25,"value":1},{"frame":0.5,"value":0}],"opacity":[{"frame":0,"value":255}],"position":[{"frame":0,"value":[18.3,42.7]},{"frame":0.25,"value":[18.3,42.7]},{"frame":0.5,"value":[18.3,42.7]}]}},"yz/t/yz14_02/yz14_01":{"props":{"opacity":[{"frame":0,"value":0}]}},"yz/t/yz14_23/yz14_17":{"props":{"opacity":[{"frame":0,"value":255}]}},"yz/t/yz14_23/yz14_18":{"props":{"opacity":[{"frame":0,"value":255}]}},"yz/s/yz14_26/yz14_20":{"props":{"opacity":[{"frame":0,"value":255}]}},"yz/yz14_31/yz14_15":{"props":{"opacity":[{"frame":0,"value":255}],"rotation":[{"frame":0,"value":0},{"frame":0.25,"value":-8},{"frame":0.5,"value":0}]}},"yz/t/yz14_22/yz14_16":{"props":{"opacity":[{"frame":0,"value":255}],"rotation":[{"frame":0,"value":0},{"frame":0.25,"value":10},{"frame":0.5,"value":0}]}},"yz/s/yz14_30/yz14_19":{"props":{"opacity":[{"frame":0,"value":0}]}},"yz/t/yz14_24/yz14_03":{"props":{"opacity":[{"frame":0,"value":255}]}},"yz/s/yz14_27/yz14_09":{"props":{"opacity":[{"frame":0,"value":0}]}},"yz/s/yz14_26/yz14_11":{"props":{"opacity":[{"frame":0,"value":255}]}},"yz/s/yz14_25/yz14_13":{"props":{"opacity":[{"frame":0,"value":255}]}},"yz/s/yz14_30/yz14_12":{"props":{"opacity":[{"frame":0,"value":255}]}},"yz/t/yz14_02/yz14_07":{"props":{"opacity":[{"frame":0,"value":0}]}},"yz/t/yz14_23/yz14_08":{"props":{"opacity":[{"frame":0,"value":0}]}},"yz/t/yz14_24/yz14_06":{"props":{"opacity":[{"frame":0,"value":0}]}},"yz/s/yz14_27/yz14_14":{"props":{"opacity":[{"frame":0,"value":255}]}},"yz/s/yz14_30/yz14_04":{"props":{"opacity":[{"frame":0,"value":0}]}},"yz/yz14_32":{"props":{"opacity":[{"frame":0,"value":0}]}},"yz/yz14_05":{"props":{"opacity":[{"frame":0,"value":0}]}},"yz/s/yz14_27/yz14_10":{"props":{"opacity":[{"frame":0,"value":0}]}}},"props":{"opacity":[{"frame":0,"value":255}]}}},{"__type__":"cc.SpriteFrame","content":{"name":"yz14_25","texture":"72j42vLsRJDocceNQ4Md3x","rect":[0,0,17,9],"offset":[0,0],"originalSize":[17,9],"capInsets":[0,0,0,0]}},{"__type__":"cc.SpriteFrame","content":{"name":"yz14_13","texture":"e6G00YibBARLGPA32duoiE","rect":[0,0,17,9],"offset":[0,0],"originalSize":[17,9],"capInsets":[0,0,0,0]}},[{"__type__":"cc.Prefab","_name":"100014","data":{"__id__":1}},{"__type__":"cc.Node","_name":"100014","_children":[{"__id__":2},{"__id__":3},{"__id__":38}],"_level":1,"_components":[{"__type__":"cc.Animation","node":{"__id__":1},"_clips":[{"__uuid__":"7f26Y4xJNBrrBqZ9j36WXx"},{"__uuid__":"3aWw+FptpKV6KXWdtNVK9n"},{"__uuid__":"3eYxWm7aBFpaKBl1NyadWA"},{"__uuid__":"8foGGQRcxGO71RzX5+zGGt"},{"__uuid__":"675uRluoBIDrsdUrHKkJ7T"},{"__uuid__":"90Urtn4b5NIaFwskcs5u+V"},{"__uuid__":"37d9j1S6hAUIyExaaT2FYY"},{"__uuid__":"33kfVl1wdCFpchqqSzXvA3"}]},{"__type__":"4617f87H3dArpZLFLY7Qcdl","node":{"__id__":1},"m_HpNode":{"__id__":40},"m_HpBg":{"__id__":39},"Label_BeAtk":{"__id__":45},"Label_Name":{"__id__":44},"Label_Level":{"__id__":42},"m_Equipment":{"__uuid__":"69SlLHo5ZFgrwk5vfxrhy3"}}],"_prefab":{"__type__":"cc.PrefabInfo","root":{"__id__":1},"asset":{"__uuid__":"75//5HJwtHS5GtAExazq5h"},"fileId":"dd1ilJTpFBJJmMmbHq5Oj5"},"_position":{"__type__":"cc.Vec3","x":-50,"y":1023},"_scale":{"__type__":"cc.Vec3","x":1,"y":1,"z":1}},{"__type__":"cc.Node","_name":"a","_parent":{"__id__":1},"_components":[{"__type__":"cc.Sprite","node":{"__id__":2},"_spriteFrame":{"__uuid__":"5f7aAAVqFMraYmnnMbxHrz"}}],"_prefab":{"__type__":"cc.PrefabInfo","root":{"__id__":1},"asset":{"__uuid__":"75//5HJwtHS5GtAExazq5h"},"fileId":"80LHVWN5pP3IGv0s77osIu"},"_contentSize":{"__type__":"cc.Size","width":54,"height":11},"_position":{"__type__":"cc.Vec3","x":0.81,"y":-35.42},"_scale":{"__type__":"cc.Vec3","x":1,"y":1,"z":1}},{"__type__":"cc.Node","_name":"yz","_parent":{"__id__":1},"_children":[{"__id__":4},{"__id__":5},{"__id__":6},{"__id__":8},{"__id__":23}],"_prefab":{"__type__":"cc.PrefabInfo","root":{"__id__":1},"asset":{"__uuid__":"75//5HJwtHS5GtAExazq5h"},"fileId":"861IuacN9HBLzX4PLSjVYU"},"_position":{"__type__":"cc.Vec3","x":-6.4,"y":-30.8},"_scale":{"__type__":"cc.Vec3","x":1,"y":1,"z":1}},{"__type__":"cc.Node","_name":"yz14_32","_parent":{"__id__":3},"_components":[{"__type__":"cc.Sprite","node":{"__id__":4},"_spriteFrame":{"__uuid__":"93udabFedNPp65donOjxVF"}}],"_prefab":{"__type__":"cc.PrefabInfo","root":{"__id__":1},"asset":{"__uuid__":"75//5HJwtHS5GtAExazq5h"},"fileId":"6cseLETCZBdL4NQzcs0IMJ"},"_contentSize":{"__type__":"cc.Size","width":50,"height":63},"_anchorPoint":{"__type__":"cc.Vec2","x":0.9220131953809071,"y":0.27392150247451463},"_position":{"__type__":"cc.Vec3","x":-3.6,"y":42.3},"_scale":{"__type__":"cc.Vec3","x":1,"y":1,"z":1}},{"__type__":"cc.Node","_name":"yz14_05","_parent":{"__id__":3},"_components":[{"__type__":"cc.Sprite","node":{"__id__":5},"_spriteFrame":{"__uuid__":"3an+mddfVPfKUnXsP1yxaQ"}}],"_prefab":{"__type__":"cc.PrefabInfo","root":{"__id__":1},"asset":{"__uuid__":"75//5HJwtHS5GtAExazq5h"},"fileId":"53KgUl3GpJoIgyLSexh9Ef"},"_contentSize":{"__type__":"cc.Size","width":44,"height":56},"_anchorPoint":{"__type__":"cc.Vec2","x":0.12234614617901844,"y":0.2550816276807238},"_position":{"__type__":"cc.Vec3","x":18.6,"y":43.4},"_scale":{"__type__":"cc.Vec3","x":1,"y":1,"z":1}},{"__type__":"cc.Node","_name":"yz14_31","_parent":{"__id__":3},"_children":[{"__id__":7}],"_components":[{"__type__":"cc.Sprite","node":{"__id__":6},"_spriteFrame":{"__uuid__":"39qhnXY8tMqI3Eq8RC3SS7"}}],"_prefab":{"__type__":"cc.PrefabInfo","root":{"__id__":1},"asset":{"__uuid__":"75//5HJwtHS5GtAExazq5h"},"fileId":"15Ygi4T09M/bENX0rAL7vT"},"_contentSize":{"__type__":"cc.Size","width":56,"height":43},"_position":{"__type__":"cc.Vec3","x":15.3,"y":70.5},"_scale":{"__type__":"cc.Vec3","x":1,"y":1,"z":1}},{"__type__":"cc.Node","_name":"yz14_15","_parent":{"__id__":6},"_components":[{"__type__":"cc.Sprite","node":{"__id__":7},"_spriteFrame":{"__uuid__":"c158rzU2tKvr8uC1R2w2tQ"}}],"_prefab":{"__type__":"cc.PrefabInfo","root":{"__id__":1},"asset":{"__uuid__":"75//5HJwtHS5GtAExazq5h"},"fileId":"62iUPJ1jNK5Jvdv4y4Xsxn"},"_opacity":0,"_contentSize":{"__type__":"cc.Size","width":32,"height":37},"_anchorPoint":{"__type__":"cc.Vec2","x":0.2115144172200839,"y":0.20772734779362884},"_position":{"__type__":"cc.Vec3","x":21.1,"y":-0.4},"_scale":{"__type__":"cc.Vec3","x":1,"y":1,"z":1}},{"__type__":"cc.Node","_name":"s","_parent":{"__id__":3},"_children":[{"__id__":9},{"__id__":13},{"__id__":14},{"__id__":18},{"__id__":21}],"_prefab":{"__type__":"cc.PrefabInfo","root":{"__id__":1},"asset":{"__uuid__":"75//5HJwtHS5GtAExazq5h"},"fileId":"c7eJnMGKxGyaaMTXW4FNGV"},"_scale":{"__type__":"cc.Vec3","x":1,"y":1,"z":1}},{"__type__":"cc.Node","_name":"yz14_30","_parent":{"__id__":8},"_children":[{"__id__":10},{"__id__":11},{"__id__":12}],"_components":[{"__type__":"cc.Sprite","node":{"__id__":9},"_spriteFrame":{"__uuid__":"7a/WEQtWVA9JbOp/f4eR2Q"}}],"_prefab":{"__type__":"cc.PrefabInfo","root":{"__id__":1},"asset":{"__uuid__":"75//5HJwtHS5GtAExazq5h"},"fileId":"c3MvDPXGVJN534dIkbPl7T"},"_contentSize":{"__type__":"cc.Size","width":21,"height":21},"_anchorPoint":{"__type__":"cc.Vec2","x":0.06396293176486677,"y":0.9147669673456144},"_position":{"__type__":"cc.Vec3","x":15.3,"y":50.3},"_scale":{"__type__":"cc.Vec3","x":1,"y":1,"z":1}},{"__type__":"cc.Node","_name":"yz14_12","_parent":{"__id__":9},"_components":[{"__type__":"cc.Sprite","node":{"__id__":10},"_spriteFrame":{"__uuid__":"1crdXluV5BO5VD/NYWExyB"}}],"_prefab":{"__type__":"cc.PrefabInfo","root":{"__id__":1},"asset":{"__uuid__":"75//5HJwtHS5GtAExazq5h"},"fileId":"4cORorOi1Em4R5h8EnV2BN"},"_opacity":0,"_contentSize":{"__type__":"cc.Size","width":54,"height":43},"_position":{"__type__":"cc.Vec3","x":16.4,"y":-12.3},"_scale":{"__type__":"cc.Vec3","x":1,"y":1,"z":1}},{"__type__":"cc.Node","_name":"yz14_19","_parent":{"__id__":9},"_components":[{"__type__":"cc.Sprite","node":{"__id__":11},"_spriteFrame":{"__uuid__":"7egL2oTxBGPqII3TFWJJ4G"}}],"_prefab":{"__type__":"cc.PrefabInfo","root":{"__id__":1},"asset":{"__uuid__":"75//5HJwtHS5GtAExazq5h"},"fileId":"2e5suU3Q1PHZVhtfhLJ+lH"},"_opacity":0,"_contentSize":{"__type__":"cc.Size","width":49,"height":37},"_anchorPoint":{"__type__":"cc.Vec2","x":0.47846871452138207,"y":0.4144567847200868},"_position":{"__type__":"cc.Vec3","x":16.6,"y":-16.4},"_scale":{"__type__":"cc.Vec3","x":1,"y":1,"z":1}},{"__type__":"cc.Node","_name":"yz14_04","_parent":{"__id__":9},"_components":[{"__type__":"cc.Sprite","node":{"__id__":12},"_spriteFrame":{"__uuid__":"ff6giKmJVIfJtLQ0Yic4GU"}}],"_prefab":{"__type__":"cc.PrefabInfo","root":{"__id__":1},"asset":{"__uuid__":"75//5HJwtHS5GtAExazq5h"},"fileId":"58PmOT73BHdbyzX0ar0nRo"},"_contentSize":{"__type__":"cc.Size","width":54,"height":43},"_position":{"__type__":"cc.Vec3","x":16.8,"y":-12},"_scale":{"__type__":"cc.Vec3","x":1,"y":1,"z":1}},{"__type__":"cc.Node","_name":"yz14_28","_parent":{"__id__":8},"_components":[{"__type__":"cc.Sprite","node":{"__id__":13},"_spriteFrame":{"__uuid__":"cf0KblWRtBDp8IBmYfxhOc"}}],"_prefab":{"__type__":"cc.PrefabInfo","root":{"__id__":1},"asset":{"__uuid__":"75//5HJwtHS5GtAExazq5h"},"fileId":"75L6GgNCpDnqcr+Huy3/Lq"},"_contentSize":{"__type__":"cc.Size","width":12,"height":22},"_anchorPoint":{"__type__":"cc.Vec2","x":0.5930566913916451,"y":0.8248524499490125},"_position":{"__type__":"cc.Vec3","x":11.4,"y":52.4},"_scale":{"__type__":"cc.Vec3","x":1,"y":1,"z":1}},{"__type__":"cc.Node","_name":"yz14_27","_parent":{"__id__":8},"_children":[{"__id__":15},{"__id__":16},{"__id__":17}],"_components":[{"__type__":"cc.Sprite","node":{"__id__":14},"_spriteFrame":{"__uuid__":"33UZIzPUpM5IiMz9jCfXdE"}}],"_prefab":{"__type__":"cc.PrefabInfo","root":{"__id__":1},"asset":{"__uuid__":"75//5HJwtHS5GtAExazq5h"},"fileId":"13qLdoUBBK/J6OWHEv54sh"},"_contentSize":{"__type__":"cc.Size","width":68,"height":45},"_anchorPoint":{"__type__":"cc.Vec2","x":0.6313741525529094,"y":0.8672637420256892},"_position":{"__type__":"cc.Vec3","x":11.6,"y":33.5},"_scale":{"__type__":"cc.Vec3","x":1,"y":1,"z":1},"_rotationX":-1,"_rotationY":-1,"_quat":{"__type__":"cc.Quat","z":0.008726535498373935,"w":0.9999619230641713}},{"__type__":"cc.Node","_name":"yz14_09","_parent":{"__id__":14},"_components":[{"__type__":"cc.Sprite","node":{"__id__":15},"_spriteFrame":{"__uuid__":"9fI9EtRRhMkIGFmzcNPc88"}}],"_prefab":{"__type__":"cc.PrefabInfo","root":{"__id__":1},"asset":{"__uuid__":"75//5HJwtHS5GtAExazq5h"},"fileId":"89tVaHfCNKLJ0FxNXHMa03"},"_contentSize":{"__type__":"cc.Size","width":45,"height":24},"_position":{"__type__":"cc.Vec3","x":-3.6,"y":-6.6},"_scale":{"__type__":"cc.Vec3","x":1,"y":1,"z":1},"_rotationX":1,"_rotationY":1,"_quat":{"__type__":"cc.Quat","z":-0.008726535498373935,"w":0.9999619230641713}},{"__type__":"cc.Node","_name":"yz14_14","_parent":{"__id__":14},"_components":[{"__type__":"cc.Sprite","node":{"__id__":16},"_spriteFrame":{"__uuid__":"00wL7lOhxKwYAY7pq6XkO3"}}],"_prefab":{"__type__":"cc.PrefabInfo","root":{"__id__":1},"asset":{"__uuid__":"75//5HJwtHS5GtAExazq5h"},"fileId":"466XHMGPBIG49LfyO7GQwE"},"_opacity":0,"_contentSize":{"__type__":"cc.Size","width":45,"height":24},"_position":{"__type__":"cc.Vec3","x":-3.8,"y":-6.6},"_scale":{"__type__":"cc.Vec3","x":1,"y":1,"z":1}},{"__type__":"cc.Node","_name":"yz14_10","_parent":{"__id__":14},"_components":[{"__type__":"cc.Sprite","node":{"__id__":17},"_spriteFrame":{"__uuid__":"8bacYOjBBCgocPSYJY91sJ"}}],"_prefab":{"__type__":"cc.PrefabInfo","root":{"__id__":1},"asset":{"__uuid__":"75//5HJwtHS5GtAExazq5h"},"fileId":"4eG2PDGktFVYhl4WaDFmOY"},"_contentSize":{"__type__":"cc.Size","width":109,"height":44},"_position":{"__type__":"cc.Vec3","x":-22.8,"y":-19.9},"_scale":{"__type__":"cc.Vec3","x":1,"y":1,"z":1},"_rotationX":1,"_rotationY":1,"_quat":{"__type__":"cc.Quat","z":-0.008726535498373935,"w":0.9999619230641713}},{"__type__":"cc.Node","_name":"yz14_26","_parent":{"__id__":8},"_children":[{"__id__":19},{"__id__":20}],"_components":[{"__type__":"cc.Sprite","node":{"__id__":18},"_spriteFrame":{"__uuid__":"a6Lk4r/ihC26DrLVELS5bT"}}],"_prefab":{"__type__":"cc.PrefabInfo","root":{"__id__":1},"asset":{"__uuid__":"75//5HJwtHS5GtAExazq5h"},"fileId":"f5d8GlONxJOLPil2NbkkZH"},"_contentSize":{"__type__":"cc.Size","width":24,"height":19},"_anchorPoint":{"__type__":"cc.Vec2","x":0.9559777878190568,"y":0.8761449420462255},"_position":{"__type__":"cc.Vec3","x":6,"y":49.4},"_scale":{"__type__":"cc.Vec3","x":1,"y":1,"z":1}},{"__type__":"cc.Node","_name":"yz14_20","_parent":{"__id__":18},"_components":[{"__type__":"cc.Sprite","node":{"__id__":19},"_spriteFrame":{"__uuid__":"8bInwwa8RG+bfOY2/865n9"}}],"_prefab":{"__type__":"cc.PrefabInfo","root":{"__id__":1},"asset":{"__uuid__":"75//5HJwtHS5GtAExazq5h"},"fileId":"5c+L3MGNpD1aPGmT1eTyy6"},"_contentSize":{"__type__":"cc.Size","width":33,"height":30},"_position":{"__type__":"cc.Vec3","x":-16.3,"y":-11},"_scale":{"__type__":"cc.Vec3","x":1,"y":1,"z":1}},{"__type__":"cc.Node","_name":"yz14_11","_parent":{"__id__":18},"_components":[{"__type__":"cc.Sprite","node":{"__id__":20},"_spriteFrame":{"__uuid__":"a8Wa/IwetK3ZWaIJ+U3xVb"}}],"_prefab":{"__type__":"cc.PrefabInfo","root":{"__id__":1},"asset":{"__uuid__":"75//5HJwtHS5GtAExazq5h"},"fileId":"f8mSjLZpJFkoToJfwGpoCg"},"_contentSize":{"__type__":"cc.Size","width":14,"height":15},"_position":{"__type__":"cc.Vec3","x":-27.5,"y":-18.8},"_scale":{"__type__":"cc.Vec3","x":1,"y":1,"z":1}},{"__type__":"cc.Node","_name":"yz14_25","_parent":{"__id__":8},"_children":[{"__id__":22}],"_components":[{"__type__":"cc.Sprite","node":{"__id__":21},"_spriteFrame":{"__uuid__":"71S8M3oCpIe6nQyA14Oguw"}}],"_prefab":{"__type__":"cc.PrefabInfo","root":{"__id__":1},"asset":{"__uuid__":"75//5HJwtHS5GtAExazq5h"},"fileId":"1aWHSWdf5J/6CyBuHccvY4"},"_contentSize":{"__type__":"cc.Size","width":17,"height":9},"_position":{"__type__":"cc.Vec3","x":12.8,"y":45.4},"_scale":{"__type__":"cc.Vec3","x":1,"y":1,"z":1}},{"__type__":"cc.Node","_name":"yz14_13","_parent":{"__id__":21},"_components":[{"__type__":"cc.Sprite","node":{"__id__":22},"_spriteFrame":{"__uuid__":"73M3lqBONFsaKY8FlSWMUP"}}],"_prefab":{"__type__":"cc.PrefabInfo","root":{"__id__":1},"asset":{"__uuid__":"75//5HJwtHS5GtAExazq5h"},"fileId":"f2XzSYxM5Kxq7+LdmxFK/X"},"_contentSize":{"__type__":"cc.Size","width":17,"height":9},"_position":{"__type__":"cc.Vec3","x":0.8,"y":-0.5},"_scale":{"__type__":"cc.Vec3","x":1,"y":1,"z":1}},{"__type__":"cc.Node","_name":"t","_parent":{"__id__":3},"_children":[{"__id__":24},{"__id__":25},{"__id__":28},{"__id__":32},{"__id__":34},{"__id__":35}],"_prefab":{"__type__":"cc.PrefabInfo","root":{"__id__":1},"asset":{"__uuid__":"75//5HJwtHS5GtAExazq5h"},"fileId":"bdb94S78lKzam+yhumbGCk"},"_position":{"__type__":"cc.Vec3","x":7.5,"y":55.8},"_scale":{"__type__":"cc.Vec3","x":1,"y":1,"z":1}},{"__type__":"cc.Node","_name":"yz14_29","_parent":{"__id__":23},"_components":[{"__type__":"cc.Sprite","node":{"__id__":24},"_spriteFrame":{"__uuid__":"25xbvedtJLGpieN6cy4tFs"}}],"_prefab":{"__type__":"cc.PrefabInfo","root":{"__id__":1},"asset":{"__uuid__":"75//5HJwtHS5GtAExazq5h"},"fileId":"37MdMGJQFAh7fvGuynxokl"},"_contentSize":{"__type__":"cc.Size","width":27,"height":24},"_anchorPoint":{"__type__":"cc.Vec2","x":0.8060531183547408,"y":0.7512530667574394},"_position":{"__type__":"cc.Vec3","x":-12.5,"y":9.8},"_scale":{"__type__":"cc.Vec3","x":1,"y":1,"z":1}},{"__type__":"cc.Node","_name":"yz14_24","_parent":{"__id__":23},"_children":[{"__id__":26},{"__id__":27}],"_components":[{"__type__":"cc.Sprite","node":{"__id__":25},"_spriteFrame":{"__uuid__":"28sH4RXXFK9ZEbH8WerIP6"}}],"_prefab":{"__type__":"cc.PrefabInfo","root":{"__id__":1},"asset":{"__uuid__":"75//5HJwtHS5GtAExazq5h"},"fileId":"1aT0o3Z1hNsIiRngse4EvV"},"_contentSize":{"__type__":"cc.Size","width":41,"height":47},"_position":{"__type__":"cc.Vec3","x":10,"y":21.4},"_scale":{"__type__":"cc.Vec3","x":1,"y":1,"z":1}},{"__type__":"cc.Node","_name":"yz14_03","_parent":{"__id__":25},"_components":[{"__type__":"cc.Sprite","node":{"__id__":26},"_spriteFrame":{"__uuid__":"c8/6f3MqNAwI0j9qrgFyHv"}}],"_prefab":{"__type__":"cc.PrefabInfo","root":{"__id__":1},"asset":{"__uuid__":"75//5HJwtHS5GtAExazq5h"},"fileId":"c0y/rnUkJFQogMSxiws0lJ"},"_opacity":0,"_contentSize":{"__type__":"cc.Size","width":27,"height":16},"_position":{"__type__":"cc.Vec3","x":4.9,"y":9.2},"_scale":{"__type__":"cc.Vec3","x":1,"y":1,"z":1}},{"__type__":"cc.Node","_name":"yz14_06","_parent":{"__id__":25},"_components":[{"__type__":"cc.Sprite","node":{"__id__":27},"_spriteFrame":{"__uuid__":"19K1y4SANG95A6Mw7YdOoU"}}],"_prefab":{"__type__":"cc.PrefabInfo","root":{"__id__":1},"asset":{"__uuid__":"75//5HJwtHS5GtAExazq5h"},"fileId":"6eUBd+9dVIKJks5ROb0mfJ"},"_contentSize":{"__type__":"cc.Size","width":27,"height":16},"_position":{"__type__":"cc.Vec3","x":4.8,"y":9.3},"_scale":{"__type__":"cc.Vec3","x":1,"y":1,"z":1}},{"__type__":"cc.Node","_name":"yz14_23","_parent":{"__id__":23},"_children":[{"__id__":29},{"__id__":30},{"__id__":31}],"_components":[{"__type__":"cc.Sprite","node":{"__id__":28},"_spriteFrame":{"__uuid__":"26wTX8qH5PQaRiV6+PTnQx"}}],"_prefab":{"__type__":"cc.PrefabInfo","root":{"__id__":1},"asset":{"__uuid__":"75//5HJwtHS5GtAExazq5h"},"fileId":"0eKNkmkHxAMYv/dhaD5v2o"},"_contentSize":{"__type__":"cc.Size","width":71,"height":51},"_anchorPoint":{"__type__":"cc.Vec2","x":0.7579374206461352,"y":0.609478460460758},"_position":{"__type__":"cc.Vec3","x":17.4,"y":42.8},"_scale":{"__type__":"cc.Vec3","x":1,"y":1,"z":1}},{"__type__":"cc.Node","_name":"yz14_17","_parent":{"__id__":28},"_components":[{"__type__":"cc.Sprite","node":{"__id__":29},"_spriteFrame":{"__uuid__":"ebLiEX96dGK6w1rGq/5KRS"}}],"_prefab":{"__type__":"cc.PrefabInfo","root":{"__id__":1},"asset":{"__uuid__":"75//5HJwtHS5GtAExazq5h"},"fileId":"89nfm6oyRG34WbVC9wBDJx"},"_opacity":0,"_contentSize":{"__type__":"cc.Size","width":69,"height":27},"_position":{"__type__":"cc.Vec3","x":-16,"y":-1.1},"_scale":{"__type__":"cc.Vec3","x":1,"y":1,"z":1}},{"__type__":"cc.Node","_name":"yz14_08","_parent":{"__id__":28},"_components":[{"__type__":"cc.Sprite","node":{"__id__":30},"_spriteFrame":{"__uuid__":"b4Z70kE+FAgL8YDn7Okusw"}}],"_prefab":{"__type__":"cc.PrefabInfo","root":{"__id__":1},"asset":{"__uuid__":"75//5HJwtHS5GtAExazq5h"},"fileId":"73cA3uachOPK1cLDpn0ZGZ"},"_contentSize":{"__type__":"cc.Size","width":69,"height":27},"_position":{"__type__":"cc.Vec3","x":-16.2,"y":-0.8},"_scale":{"__type__":"cc.Vec3","x":1,"y":1,"z":1}},{"__type__":"cc.Node","_name":"yz14_18","_parent":{"__id__":28},"_components":[{"__type__":"cc.Sprite","node":{"__id__":31},"_spriteFrame":{"__uuid__":"3dv78QGXJIs7DznZ8FO1e4"}}],"_prefab":{"__type__":"cc.PrefabInfo","root":{"__id__":1},"asset":{"__uuid__":"75//5HJwtHS5GtAExazq5h"},"fileId":"e41wyccAlM6IhTY5em/88C"},"_contentSize":{"__type__":"cc.Size","width":17,"height":18},"_position":{"__type__":"cc.Vec3","x":-40.8,"y":-31.7},"_scale":{"__type__":"cc.Vec3","x":1,"y":1,"z":1}},{"__type__":"cc.Node","_name":"yz14_22","_parent":{"__id__":23},"_children":[{"__id__":33}],"_components":[{"__type__":"cc.Sprite","node":{"__id__":32},"_spriteFrame":{"__uuid__":"b2z74UqzFAx4wTnL3OgcYG"}}],"_prefab":{"__type__":"cc.PrefabInfo","root":{"__id__":1},"asset":{"__uuid__":"75//5HJwtHS5GtAExazq5h"},"fileId":"56LIJFmRNJ8pXfQcDDGuyN"},"_contentSize":{"__type__":"cc.Size","width":11,"height":12},"_anchorPoint":{"__type__":"cc.Vec2","x":0.9263688405580778,"y":0.35110929377336864},"_position":{"__type__":"cc.Vec3","x":-13.9,"y":14.8},"_scale":{"__type__":"cc.Vec3","x":1,"y":1,"z":1}},{"__type__":"cc.Node","_name":"yz14_16","_parent":{"__id__":32},"_components":[{"__type__":"cc.Sprite","node":{"__id__":33},"_spriteFrame":{"__uuid__":"a6rtyFLatNMrgjEUvb1B8/"}}],"_prefab":{"__type__":"cc.PrefabInfo","root":{"__id__":1},"asset":{"__uuid__":"75//5HJwtHS5GtAExazq5h"},"fileId":"1993tlyeNALIKWrQAQ4WTT"},"_opacity":0,"_contentSize":{"__type__":"cc.Size","width":38,"height":51},"_anchorPoint":{"__type__":"cc.Vec2","x":0.9164603901785269,"y":0.35519155060459134},"_position":{"__type__":"cc.Vec3","x":-1.6,"y":1},"_scale":{"__type__":"cc.Vec3","x":1,"y":1,"z":1}},{"__type__":"cc.Node","_name":"yz14_21","_parent":{"__id__":23},"_components":[{"__type__":"cc.Sprite","node":{"__id__":34},"_spriteFrame":{"__uuid__":"d4XCV55alPhKDuEmlh3TTA"}}],"_prefab":{"__type__":"cc.PrefabInfo","root":{"__id__":1},"asset":{"__uuid__":"75//5HJwtHS5GtAExazq5h"},"fileId":"699gQ6rlBBDrZhcXFhVp09"},"_contentSize":{"__type__":"cc.Size","width":35,"height":13},"_position":{"__type__":"cc.Vec3","x":12.3,"y":15.6},"_scale":{"__type__":"cc.Vec3","x":1,"y":1,"z":1}},{"__type__":"cc.Node","_name":"yz14_02","_parent":{"__id__":23},"_children":[{"__id__":36},{"__id__":37}],"_components":[{"__type__":"cc.Sprite","node":{"__id__":35},"_spriteFrame":{"__uuid__":"f8OJVoUZVJXKqhv0gmv5U1"}}],"_prefab":{"__type__":"cc.PrefabInfo","root":{"__id__":1},"asset":{"__uuid__":"75//5HJwtHS5GtAExazq5h"},"fileId":"86P4WjqNFEfa5kFMsSQSaj"},"_contentSize":{"__type__":"cc.Size","width":64,"height":54},"_anchorPoint":{"__type__":"cc.Vec2","x":0.6576249734748945,"y":0.8617683106678349},"_position":{"__type__":"cc.Vec3","x":18.3,"y":42.7},"_scale":{"__type__":"cc.Vec3","x":1,"y":1,"z":1}},{"__type__":"cc.Node","_name":"yz14_01","_parent":{"__id__":35},"_components":[{"__type__":"cc.Sprite","node":{"__id__":36},"_spriteFrame":{"__uuid__":"35iU2UkIlGKZuU6qJVzD71"}}],"_prefab":{"__type__":"cc.PrefabInfo","root":{"__id__":1},"asset":{"__uuid__":"75//5HJwtHS5GtAExazq5h"},"fileId":"7d+4f8caJNZYj8Io8vqUxG"},"_opacity":0,"_contentSize":{"__type__":"cc.Size","width":21,"height":23},"_position":{"__type__":"cc.Vec3","x":-24.8,"y":-5.5},"_scale":{"__type__":"cc.Vec3","x":1,"y":1,"z":1}},{"__type__":"cc.Node","_name":"yz14_07","_parent":{"__id__":35},"_components":[{"__type__":"cc.Sprite","node":{"__id__":37},"_spriteFrame":{"__uuid__":"c66Ji4gxRMoKbJSmRYCcXn"}}],"_prefab":{"__type__":"cc.PrefabInfo","root":{"__id__":1},"asset":{"__uuid__":"75//5HJwtHS5GtAExazq5h"},"fileId":"c34tzdeGlBYI8yXaaoVmCe"},"_contentSize":{"__type__":"cc.Size","width":46,"height":42},"_position":{"__type__":"cc.Vec3","x":-9.3,"y":13},"_scale":{"__type__":"cc.Vec3","x":1,"y":1,"z":1}},{"__type__":"cc.Node","_name":"MonsterInfoShow","_parent":{"__id__":1},"_children":[{"__id__":39},{"__id__":40},{"__id__":41},{"__id__":43},{"__id__":45}],"_level":2,"_prefab":{"__type__":"cc.PrefabInfo","root":{"__id__":1},"asset":{"__uuid__":"75//5HJwtHS5GtAExazq5h"},"fileId":"6cAh961C5DY5CGiUXjy7Wd"},"_position":{"__type__":"cc.Vec3","y":16},"_scale":{"__type__":"cc.Vec3","x":1,"y":1,"z":1}},{"__type__":"cc.Node","_name":"HpBg","_parent":{"__id__":38},"_components":[{"__type__":"cc.Sprite","node":{"__id__":39},"_spriteFrame":{"__uuid__":"f1NJNkWidMSotPy+CHF296"},"_sizeMode":0}],"_prefab":{"__type__":"cc.PrefabInfo","root":{"__id__":1},"asset":{"__uuid__":"75//5HJwtHS5GtAExazq5h"},"fileId":"5fFFQo8iJAI59aBmfasmEX"},"_contentSize":{"__type__":"cc.Size","width":97,"height":10},"_anchorPoint":{"__type__":"cc.Vec2","y":0.5},"_position":{"__type__":"cc.Vec3","x":-48.9,"y":94},"_scale":{"__type__":"cc.Vec3","x":1,"y":1,"z":1}},{"__type__":"cc.Node","_name":"Hp","_parent":{"__id__":38},"_components":[{"__type__":"cc.Sprite","node":{"__id__":40},"_spriteFrame":{"__uuid__":"c4iQnAOfxI36ExvzHWBhV0"},"_sizeMode":0}],"_prefab":{"__type__":"cc.PrefabInfo","root":{"__id__":1},"asset":{"__uuid__":"75//5HJwtHS5GtAExazq5h"},"fileId":"4eN76GubJF5bPHx9RmH4x/"},"_contentSize":{"__type__":"cc.Size","width":97,"height":8},"_anchorPoint":{"__type__":"cc.Vec2","y":0.5},"_position":{"__type__":"cc.Vec3","x":-48.9,"y":94},"_scale":{"__type__":"cc.Vec3","x":1,"y":1,"z":1}},{"__type__":"cc.Node","_name":"Label_Level","_parent":{"__id__":38},"_components":[{"__id__":42},{"__type__":"cc.LabelOutline","node":{"__id__":41},"_color":{"__type__":"cc.Color"},"_width":2}],"_prefab":{"__type__":"cc.PrefabInfo","root":{"__id__":1},"asset":{"__uuid__":"75//5HJwtHS5GtAExazq5h"},"fileId":"92FAUQXcNFOZyndSSn4UIG"},"_contentSize":{"__type__":"cc.Size","width":40.11,"height":12},"_position":{"__type__":"cc.Vec3","y":131.1},"_scale":{"__type__":"cc.Vec3","x":1,"y":1,"z":1}},{"__type__":"cc.Label","node":{"__id__":41},"_srcBlendFactor":1,"_useOriginalSize":false,"_string":"Lv.999","_N$string":"Lv.999","_fontSize":12,"_lineHeight":12},{"__type__":"cc.Node","_name":"Label_Name","_parent":{"__id__":38},"_components":[{"__id__":44},{"__type__":"cc.LabelOutline","node":{"__id__":43},"_color":{"__type__":"cc.Color"},"_width":2}],"_prefab":{"__type__":"cc.PrefabInfo","root":{"__id__":1},"asset":{"__uuid__":"75//5HJwtHS5GtAExazq5h"},"fileId":"7dTvWEoLFJ+onoweJ4MtyY"},"_color":{"__type__":"cc.Color","r":30,"g":216,"b":47},"_contentSize":{"__type__":"cc.Size","width":130,"height":20},"_position":{"__type__":"cc.Vec3","y":111.5},"_scale":{"__type__":"cc.Vec3","x":1,"y":1,"z":1}},{"__type__":"cc.Label","node":{"__id__":43},"_srcBlendFactor":1,"_useOriginalSize":false,"_string":"最长的角色名称","_N$string":"最长的角色名称","_fontSize":18,"_lineHeight":20,"_N$horizontalAlign":1,"_N$verticalAlign":1},{"__type__":"cc.Node","_name":"Label_BeAtk","_parent":{"__id__":38},"_active":false,"_components":[{"__type__":"cc.Label","node":{"__id__":45},"_useOriginalSize":false,"_string":"-1299","_N$string":"-1299","_fontSize":31,"_lineHeight":31,"_N$file":{"__uuid__":"4dneJ3qepHxaVpN8l1oFJI"},"_isSystemFontUsed":false,"_spacingX":-30,"_N$horizontalAlign":1,"_N$verticalAlign":1}],"_prefab":{"__type__":"cc.PrefabInfo","root":{"__id__":1},"asset":{"__uuid__":"75//5HJwtHS5GtAExazq5h"},"fileId":"banyjEgqtIhojdlvpm0KHS"},"_color":{"__type__":"cc.Color","r":203,"g":14,"b":14},"_contentSize":{"__type__":"cc.Size","width":175.47,"height":30.03},"_position":{"__type__":"cc.Vec3","x":-1,"y":140},"_scale":{"__type__":"cc.Vec3","x":1,"y":1,"z":1}}],{"__type__":"cc.SpriteFrame","content":{"name":"yz14_30","texture":"3cvr2ZYSNFH5ND4H/2sIAo","rect":[0,0,21,21],"offset":[0,0],"originalSize":[21,21],"capInsets":[0,0,0,0]}},{"__type__":"cc.SpriteFrame","content":{"name":"yz14_19","texture":"61nMr74INCPZkipNdQ9ejJ","rect":[0,0,49,37],"offset":[0,0],"originalSize":[49,37],"capInsets":[0,0,0,0]}},{"__type__":"cc.AnimationClip","_name":"100014Run","_duration":0.5,"wrapMode":"2","curveData":{"paths":{"a":{"props":{"scale":[{"frame":0,"value":{"__type__":"cc.Vec2","x":1.43,"y":1.14}},{"frame":0.25,"value":{"__type__":"cc.Vec2","x":1.47,"y":1.14}},{"frame":0.5,"value":{"__type__":"cc.Vec2","x":1.43,"y":1.14}}]}},"yz":{"props":{"scale":[{"frame":0,"value":{"__type__":"cc.Vec2","x":1,"y":1}}],"rotation":[{"frame":0,"value":0}],"opacity":[{"frame":0,"value":255}]}},"yz/yz14_31":{"props":{"scale":[{"frame":0,"value":{"__type__":"cc.Vec2","x":1,"y":1}}],"rotation":[{"frame":0,"value":0}],"opacity":[{"frame":0,"value":255}],"position":[{"frame":0,"value":[15.3,70.5]},{"frame":0.25,"value":[15.3,69.8]},{"frame":0.5,"value":[15.3,70.5]}]}},"yz/s":{"props":{"scale":[{"frame":0,"value":{"__type__":"cc.Vec2","x":1,"y":1}}],"rotation":[{"frame":0,"value":0}],"opacity":[{"frame":0,"value":255}],"position":[{"frame":0,"value":[0,0]}]}},"yz/s/yz14_30":{"props":{"scale":[{"frame":0,"value":{"__type__":"cc.Vec2","x":1,"y":1}},{"frame":0.5,"value":{"__type__":"cc.Vec2","x":1,"y":1}}],"rotation":[{"frame":0,"value":0},{"frame":0.25,"value":-6},{"frame":0.5,"value":0}],"opacity":[{"frame":0,"value":255},{"frame":0.5,"value":255}],"position":[{"frame":0,"value":[15.3,50.3]},{"frame":0.5,"value":[15.3,50.3]}]}},"yz/s/yz14_28":{"props":{"scale":[{"frame":0,"value":{"__type__":"cc.Vec2","x":1,"y":1}}],"rotation":[{"frame":0,"value":0}],"opacity":[{"frame":0,"value":255}],"position":[{"frame":0,"value":[11.4,52.4]}]}},"yz/s/yz14_27":{"props":{"scale":[{"frame":0,"value":{"__type__":"cc.Vec2","x":1,"y":1}},{"frame":0.5,"value":{"__type__":"cc.Vec2","x":1,"y":1}}],"rotation":[{"frame":0,"value":-1},{"frame":0.25,"value":2},{"frame":0.5,"value":-1}],"opacity":[{"frame":0,"value":255},{"frame":0.5,"value":255}],"position":[{"frame":0,"value":[11.6,33.5]},{"frame":0.5,"value":[11.6,33.5]}]}},"yz/s/yz14_26":{"props":{"scale":[{"frame":0,"value":{"__type__":"cc.Vec2","x":1,"y":1}},{"frame":0.5,"value":{"__type__":"cc.Vec2","x":1,"y":1}}],"rotation":[{"frame":0,"value":0},{"frame":0.25,"value":6},{"frame":0.5,"value":0}],"opacity":[{"frame":0,"value":255},{"frame":0.5,"value":255}],"position":[{"frame":0,"value":[6,49.4]},{"frame":0.5,"value":[6,49.4]}]}},"yz/s/yz14_25":{"props":{"scale":[{"frame":0,"value":{"__type__":"cc.Vec2","x":1,"y":1}}],"rotation":[{"frame":0,"value":0}],"opacity":[{"frame":0,"value":255}],"position":[{"frame":0,"value":[12.8,45.4]},{"frame":0.25,"value":[12.8,46.2]},{"frame":0.5,"value":[12.8,45.4]}]}},"yz/t":{"props":{"scale":[{"frame":0,"value":{"__type__":"cc.Vec2","x":1,"y":1}},{"frame":0.25,"value":{"__type__":"cc.Vec2","x":1,"y":1}},{"frame":0.5,"value":{"__type__":"cc.Vec2","x":1,"y":1}}],"rotation":[{"frame":0,"value":0},{"frame":0.25,"value":0},{"frame":0.5,"value":0}],"opacity":[{"frame":0,"value":255},{"frame":0.25,"value":255},{"frame":0.5,"value":255}],"position":[{"frame":0,"value":[7.5,55.8]},{"frame":0.25,"value":[7.5,54.9]},{"frame":0.5,"value":[7.5,55.8]}]}},"yz/t/yz14_29":{"props":{"scale":[{"frame":0,"value":{"__type__":"cc.Vec2","x":1,"y":1}}],"rotation":[{"frame":0,"value":0}],"opacity":[{"frame":0,"value":255}],"position":[{"frame":0,"value":[-12.5,9.8]},{"frame":0.25,"value":[-11.6,9.8]},{"frame":0.5,"value":[-12.5,9.8]}]}},"yz/t/yz14_24":{"props":{"scale":[{"frame":0,"value":{"__type__":"cc.Vec2","x":1,"y":1}}],"rotation":[{"frame":0,"value":0}],"opacity":[{"frame":0,"value":255}],"position":[{"frame":0,"value":[10,21.4]}]}},"yz/t/yz14_23":{"props":{"scale":[{"frame":0,"value":{"__type__":"cc.Vec2","x":1,"y":1}}],"rotation":[{"frame":0,"value":0}],"opacity":[{"frame":0,"value":255}],"position":[{"frame":0,"value":[17.4,42.8]}]}},"yz/t/yz14_22":{"props":{"scale":[{"frame":0,"value":{"__type__":"cc.Vec2","x":1,"y":1}}],"rotation":[{"frame":0,"value":0}],"opacity":[{"frame":0,"value":255}],"position":[{"frame":0,"value":[-13.9,14.8]}]}},"yz/t/yz14_21":{"props":{"scale":[{"frame":0,"value":{"__type__":"cc.Vec2","x":1,"y":1}}],"rotation":[{"frame":0,"value":0}],"opacity":[{"frame":0,"value":255}],"position":[{"frame":0,"value":[12.3,15.6]},{"frame":0.25,"value":[12.3,14.6]},{"frame":0.5,"value":[12.3,15.6]}]}},"yz/t/yz14_02":{"props":{"scale":[{"frame":0,"value":{"__type__":"cc.Vec2","x":1,"y":1}}],"rotation":[{"frame":0,"value":0},{"frame":0.25,"value":1},{"frame":0.5,"value":0}],"opacity":[{"frame":0,"value":255}],"position":[{"frame":0,"value":[18.3,42.7]},{"frame":0.25,"value":[18.3,42.7]},{"frame":0.5,"value":[18.3,42.7]}]}},"yz/t/yz14_02/yz14_01":{"props":{"opacity":[{"frame":0,"value":0}]}},"yz/t/yz14_23/yz14_17":{"props":{"opacity":[{"frame":0,"value":0}]}},"yz/t/yz14_23/yz14_18":{"props":{"opacity":[{"frame":0,"value":0}]}},"yz/s/yz14_26/yz14_20":{"props":{"opacity":[{"frame":0,"value":0}]}},"yz/yz14_31/yz14_15":{"props":{"opacity":[{"frame":0,"value":0}]}},"yz/t/yz14_22/yz14_16":{"props":{"opacity":[{"frame":0,"value":0}]}},"yz/s/yz14_30/yz14_19":{"props":{"opacity":[{"frame":0,"value":0}]}},"yz/t/yz14_24/yz14_03":{"props":{"opacity":[{"frame":0,"value":0}]}},"yz/s/yz14_27/yz14_09":{"props":{"opacity":[{"frame":0,"value":0}]}},"yz/s/yz14_26/yz14_11":{"props":{"opacity":[{"frame":0,"value":0}]}},"yz/s/yz14_25/yz14_13":{"props":{"opacity":[{"frame":0,"value":0}]}},"yz/s/yz14_30/yz14_12":{"props":{"opacity":[{"frame":0,"value":0}]}},"yz/t/yz14_02/yz14_07":{"props":{"opacity":[{"frame":0,"value":0}]}},"yz/t/yz14_23/yz14_08":{"props":{"opacity":[{"frame":0,"value":0}]}},"yz/t/yz14_24/yz14_06":{"props":{"opacity":[{"frame":0,"value":0}]}},"yz/s/yz14_27/yz14_14":{"props":{"opacity":[{"frame":0,"value":0}]}},"yz/s/yz14_30/yz14_04":{"props":{"opacity":[{"frame":0,"value":0}]}},"yz/yz14_32":{"props":{"opacity":[{"frame":0,"value":0}]}},"yz/yz14_05":{"props":{"opacity":[{"frame":0,"value":0}]}},"yz/s/yz14_27/yz14_10":{"props":{"opacity":[{"frame":0,"value":0}]}}},"props":{"opacity":[{"frame":0,"value":255}]}}},{"__type__":"cc.SpriteFrame","content":{"name":"yz14_20","texture":"01rLQfiA1Igp2qf4M3zc64","rect":[0,0,33,30],"offset":[0,0],"originalSize":[33,30],"capInsets":[0,0,0,0]}},{"__type__":"cc.SpriteFrame","content":{"name":"yz14_10","texture":"dcXVUSmAVDqYtxtihzXsev","rect":[0,0,109,44],"offset":[0,0],"originalSize":[109,44],"capInsets":[0,0,0,0]}},{"__type__":"cc.AnimationClip","_name":"100015Die","_duration":1,"wrapMode":"1","curveData":{"paths":{"a":{"props":{"scale":[]}},"yz":{"props":{"scale":[{"frame":0,"value":{"__type__":"cc.Vec2","x":1,"y":1}},{"frame":0.25,"value":{"__type__":"cc.Vec2","x":1,"y":1.03}}],"rotation":[{"frame":0,"value":0},{"frame":0.25,"value":-5},{"frame":0.48333333333333334,"value":0}],"opacity":[{"frame":0,"value":255}],"position":[{"frame":0,"value":[-6.4,-30.8]},{"frame":0.48333333333333334,"value":[0.1,-33.6]},{"frame":1,"value":[0.1,-33.6]}]}},"yz/yz14_31":{"props":{"scale":[{"frame":0,"value":{"__type__":"cc.Vec2","x":1,"y":1}}],"rotation":[{"frame":0,"value":0},{"frame":0.25,"value":-23},{"frame":0.48333333333333334,"value":31}],"opacity":[{"frame":0,"value":255}],"position":[{"frame":0,"value":[15.3,70.5]},{"frame":0.25,"value":[11.6,71.7]},{"frame":0.48333333333333334,"value":[26.7,65.4]},{"frame":0.6666666666666666,"value":[27.4,59.4]}]}},"yz/s":{"props":{"scale":[{"frame":0,"value":{"__type__":"cc.Vec2","x":1,"y":1}}],"rotation":[{"frame":0,"value":0}],"opacity":[{"frame":0,"value":255}],"position":[{"frame":0,"value":[0,0]}]}},"yz/s/yz14_30":{"props":{"scale":[{"frame":0,"value":{"__type__":"cc.Vec2","x":1,"y":1}}],"rotation":[{"frame":0,"value":0},{"frame":0.25,"value":10},{"frame":0.48333333333333334,"value":19},{"frame":0.6666666666666666,"value":27}],"opacity":[{"frame":0,"value":255}],"position":[{"frame":0,"value":[15.3,50.3]},{"frame":0.48333333333333334,"value":[15.3,50.3]}]}},"yz/s/yz14_28":{"props":{"scale":[{"frame":0,"value":{"__type__":"cc.Vec2","x":1,"y":1}}],"rotation":[{"frame":0.25,"value":0},{"frame":0.48333333333333334,"value":12}],"opacity":[{"frame":0,"value":255}],"position":[{"frame":0.25,"value":[11.4,52.4]},{"frame":0.48333333333333334,"value":[14.3,50]}]}},"yz/s/yz14_27":{"props":{"scale":[{"frame":0,"value":{"__type__":"cc.Vec2","x":1,"y":1}}],"rotation":[{"frame":0,"value":0},{"frame":0.25,"value":9},{"frame":0.48333333333333334,"value":0}],"opacity":[{"frame":0,"value":255}],"position":[{"frame":0.25,"value":[11.6,33.5]},{"frame":0.48333333333333334,"value":[11.6,33.5]}]}},"yz/s/yz14_26":{"props":{"scale":[{"frame":0,"value":{"__type__":"cc.Vec2","x":1,"y":1}}],"rotation":[{"frame":0,"value":0},{"frame":0.25,"value":-6},{"frame":0.48333333333333334,"value":8},{"frame":0.6666666666666666,"value":-18}],"opacity":[{"frame":0,"value":255}],"position":[{"frame":0,"value":[6,49.4]},{"frame":0.48333333333333334,"value":[8.6,47.3]}]}},"yz/s/yz14_25":{"props":{"scale":[{"frame":0,"value":{"__type__":"cc.Vec2","x":1,"y":1}}],"rotation":[{"frame":0,"value":0}],"opacity":[{"frame":0,"value":255}],"position":[{"frame":0.25,"value":[12.8,45.4]},{"frame":0.48333333333333334,"value":[14.1,42.8]}]}},"yz/t":{"props":{"scale":[{"frame":0,"value":{"__type__":"cc.Vec2","x":1,"y":1}}],"rotation":[{"frame":0,"value":0},{"frame":0.25,"value":-18},{"frame":0.48333333333333334,"value":15}],"opacity":[{"frame":0,"value":255}],"position":[{"frame":0,"value":[7.5,55.8]},{"frame":0.48333333333333334,"value":[11.8,51.7]},{"frame":0.6666666666666666,"value":[14.4,46.4]}]}},"yz/t/yz14_29":{"props":{"scale":[{"frame":0,"value":{"__type__":"cc.Vec2","x":1,"y":1}}],"rotation":[{"frame":0,"value":0}],"opacity":[{"frame":0,"value":255}],"position":[{"frame":0,"value":[-12.5,9.8]}]}},"yz/t/yz14_24":{"props":{"scale":[{"frame":0,"value":{"__type__":"cc.Vec2","x":1,"y":1}}],"rotation":[{"frame":0,"value":0}],"opacity":[{"frame":0,"value":255}],"position":[{"frame":0,"value":[10,21.4]}]}},"yz/t/yz14_23":{"props":{"scale":[{"frame":0,"value":{"__type__":"cc.Vec2","x":1,"y":1}}],"rotation":[{"frame":0,"value":0}],"opacity":[{"frame":0,"value":255}],"position":[{"frame":0,"value":[17.4,42.8]}]}},"yz/t/yz14_22":{"props":{"scale":[{"frame":0,"value":{"__type__":"cc.Vec2","x":1,"y":1}}],"rotation":[{"frame":0,"value":0}],"opacity":[{"frame":0,"value":255}],"position":[{"frame":0,"value":[-13.9,14.8]}]}},"yz/t/yz14_21":{"props":{"scale":[{"frame":0,"value":{"__type__":"cc.Vec2","x":1,"y":1}}],"rotation":[{"frame":0,"value":0}],"opacity":[{"frame":0,"value":255}],"position":[{"frame":0,"value":[12.3,15.6]},{"frame":0.6666666666666666,"value":[12.3,11.6]}]}},"yz/t/yz14_02":{"props":{"scale":[{"frame":0,"value":{"__type__":"cc.Vec2","x":1,"y":1}}],"rotation":[{"frame":0,"value":0}],"opacity":[{"frame":0,"value":255}],"position":[{"frame":0,"value":[18.3,42.7]}]}},"yz/t/yz14_02/yz14_01":{"props":{"opacity":[{"frame":0,"value":255}]}},"yz/t/yz14_23/yz14_17":{"props":{"opacity":[{"frame":0,"value":255}]}},"yz/t/yz14_23/yz14_18":{"props":{"opacity":[{"frame":0,"value":255}]}},"yz/s/yz14_26/yz14_20":{"props":{"opacity":[{"frame":0,"value":255}]}},"yz/t/yz14_22/yz14_16":{"props":{"opacity":[{"frame":0,"value":0}]}},"yz/yz14_31/yz14_15":{"props":{"opacity":[{"frame":0,"value":0}]}},"yz/s/yz14_30/yz14_19":{"props":{"opacity":[{"frame":0,"value":255}]}},"yz/t/yz14_24/yz14_03":{"props":{"opacity":[{"frame":0,"value":0}]}},"yz/s/yz14_27/yz14_09":{"props":{"opacity":[{"frame":0,"value":0}]}},"yz/s/yz14_26/yz14_11":{"props":{"opacity":[{"frame":0,"value":0}]}},"yz/s/yz14_25/yz14_13":{"props":{"opacity":[{"frame":0,"value":0}]}},"yz/s/yz14_30/yz14_12":{"props":{"opacity":[{"frame":0,"value":0}]}},"yz/t/yz14_02/yz14_07":{"props":{"opacity":[{"frame":0,"value":0}]}},"yz/t/yz14_23/yz14_08":{"props":{"opacity":[{"frame":0,"value":0}]}},"yz/t/yz14_24/yz14_06":{"props":{"opacity":[{"frame":0,"value":0}]}},"yz/s/yz14_27/yz14_14":{"props":{"opacity":[{"frame":0,"value":0}]}},"yz/s/yz14_30/yz14_04":{"props":{"opacity":[{"frame":0,"value":0}]}},"yz/yz14_32":{"props":{"opacity":[{"frame":0,"value":0}]}},"yz/yz14_05":{"props":{"opacity":[{"frame":0,"value":0}]}},"yz/s/yz14_27/yz14_10":{"props":{"opacity":[{"frame":0,"value":0}]}}},"props":{"opacity":[{"frame":0.75,"value":255},{"frame":0.85,"value":0}]}},"events":[{"frame":1,"func":"AfterMonsterDie","params":[]}]},{"__type__":"cc.AnimationClip","_name":"100016Die","_duration":1,"wrapMode":"1","curveData":{"paths":{"a":{"props":{"scale":[]}},"yz":{"props":{"scale":[{"frame":0,"value":{"__type__":"cc.Vec2","x":1,"y":1}},{"frame":0.25,"value":{"__type__":"cc.Vec2","x":1,"y":1.03}}],"rotation":[{"frame":0,"value":0},{"frame":0.25,"value":-5},{"frame":0.48333333333333334,"value":0}],"opacity":[{"frame":0,"value":255}],"position":[{"frame":0,"value":[-6.4,-30.8]},{"frame":0.48333333333333334,"value":[0.1,-33.6]},{"frame":1,"value":[0.1,-33.6]}]}},"yz/yz14_31":{"props":{"scale":[{"frame":0,"value":{"__type__":"cc.Vec2","x":1,"y":1}}],"rotation":[{"frame":0,"value":0},{"frame":0.25,"value":-23},{"frame":0.48333333333333334,"value":31}],"opacity":[{"frame":0,"value":255}],"position":[{"frame":0,"value":[15.3,70.5]},{"frame":0.25,"value":[11.6,71.7]},{"frame":0.48333333333333334,"value":[26.7,65.4]},{"frame":0.6666666666666666,"value":[27.4,59.4]}]}},"yz/s":{"props":{"scale":[{"frame":0,"value":{"__type__":"cc.Vec2","x":1,"y":1}}],"rotation":[{"frame":0,"value":0}],"opacity":[{"frame":0,"value":255}],"position":[{"frame":0,"value":[0,0]}]}},"yz/s/yz14_30":{"props":{"scale":[{"frame":0,"value":{"__type__":"cc.Vec2","x":1,"y":1}}],"rotation":[{"frame":0,"value":0},{"frame":0.25,"value":10},{"frame":0.48333333333333334,"value":19},{"frame":0.6666666666666666,"value":27}],"opacity":[{"frame":0,"value":255}],"position":[{"frame":0,"value":[15.3,50.3]},{"frame":0.48333333333333334,"value":[15.3,50.3]}]}},"yz/s/yz14_28":{"props":{"scale":[{"frame":0,"value":{"__type__":"cc.Vec2","x":1,"y":1}}],"rotation":[{"frame":0.25,"value":0},{"frame":0.48333333333333334,"value":12}],"opacity":[{"frame":0,"value":255}],"position":[{"frame":0.25,"value":[11.4,52.4]},{"frame":0.48333333333333334,"value":[14.3,50]}]}},"yz/s/yz14_27":{"props":{"scale":[{"frame":0,"value":{"__type__":"cc.Vec2","x":1,"y":1}}],"rotation":[{"frame":0,"value":0},{"frame":0.25,"value":9},{"frame":0.48333333333333334,"value":0}],"opacity":[{"frame":0,"value":255}],"position":[{"frame":0.25,"value":[11.6,33.5]},{"frame":0.48333333333333334,"value":[11.6,33.5]}]}},"yz/s/yz14_26":{"props":{"scale":[{"frame":0,"value":{"__type__":"cc.Vec2","x":1,"y":1}}],"rotation":[{"frame":0,"value":0},{"frame":0.25,"value":-6},{"frame":0.48333333333333334,"value":8},{"frame":0.6666666666666666,"value":-18}],"opacity":[{"frame":0,"value":255}],"position":[{"frame":0,"value":[6,49.4]},{"frame":0.48333333333333334,"value":[8.6,47.3]}]}},"yz/s/yz14_25":{"props":{"scale":[{"frame":0,"value":{"__type__":"cc.Vec2","x":1,"y":1}}],"rotation":[{"frame":0,"value":0}],"opacity":[{"frame":0,"value":255}],"position":[{"frame":0.25,"value":[12.8,45.4]},{"frame":0.48333333333333334,"value":[14.1,42.8]}]}},"yz/t":{"props":{"scale":[{"frame":0,"value":{"__type__":"cc.Vec2","x":1,"y":1}}],"rotation":[{"frame":0,"value":0},{"frame":0.25,"value":-18},{"frame":0.48333333333333334,"value":15}],"opacity":[{"frame":0,"value":255}],"position":[{"frame":0,"value":[7.5,55.8]},{"frame":0.48333333333333334,"value":[11.8,51.7]},{"frame":0.6666666666666666,"value":[14.4,46.4]}]}},"yz/t/yz14_29":{"props":{"scale":[{"frame":0,"value":{"__type__":"cc.Vec2","x":1,"y":1}}],"rotation":[{"frame":0,"value":0}],"opacity":[{"frame":0,"value":255}],"position":[{"frame":0,"value":[-12.5,9.8]}]}},"yz/t/yz14_24":{"props":{"scale":[{"frame":0,"value":{"__type__":"cc.Vec2","x":1,"y":1}}],"rotation":[{"frame":0,"value":0}],"opacity":[{"frame":0,"value":255}],"position":[{"frame":0,"value":[10,21.4]}]}},"yz/t/yz14_23":{"props":{"scale":[{"frame":0,"value":{"__type__":"cc.Vec2","x":1,"y":1}}],"rotation":[{"frame":0,"value":0}],"opacity":[{"frame":0,"value":255}],"position":[{"frame":0,"value":[17.4,42.8]}]}},"yz/t/yz14_22":{"props":{"scale":[{"frame":0,"value":{"__type__":"cc.Vec2","x":1,"y":1}}],"rotation":[{"frame":0,"value":0}],"opacity":[{"frame":0,"value":255}],"position":[{"frame":0,"value":[-13.9,14.8]}]}},"yz/t/yz14_21":{"props":{"scale":[{"frame":0,"value":{"__type__":"cc.Vec2","x":1,"y":1}}],"rotation":[{"frame":0,"value":0}],"opacity":[{"frame":0,"value":255}],"position":[{"frame":0,"value":[12.3,15.6]},{"frame":0.6666666666666666,"value":[12.3,11.6]}]}},"yz/t/yz14_02":{"props":{"scale":[{"frame":0,"value":{"__type__":"cc.Vec2","x":1,"y":1}}],"rotation":[{"frame":0,"value":0}],"opacity":[{"frame":0,"value":255}],"position":[{"frame":0,"value":[18.3,42.7]}]}},"yz/t/yz14_02/yz14_01":{"props":{"opacity":[{"frame":0,"value":0}]}},"yz/t/yz14_23/yz14_17":{"props":{"opacity":[{"frame":0,"value":255}]}},"yz/t/yz14_23/yz14_18":{"props":{"opacity":[{"frame":0,"value":255}]}},"yz/s/yz14_26/yz14_20":{"props":{"opacity":[{"frame":0,"value":255}]}},"yz/t/yz14_22/yz14_16":{"props":{"opacity":[{"frame":0,"value":255}],"rotation":[{"frame":0,"value":0},{"frame":0.25,"value":14},{"frame":0.48333333333333334,"value":7}]}},"yz/yz14_31/yz14_15":{"props":{"opacity":[{"frame":0,"value":255}],"rotation":[{"frame":0,"value":0},{"frame":0.25,"value":-8},{"frame":0.48333333333333334,"value":8}],"position":[{"frame":0.25,"value":[21.1,-0.4]},{"frame":0.48333333333333334,"value":[18,-0.1]}]}},"yz/s/yz14_30/yz14_19":{"props":{"opacity":[{"frame":0,"value":0}]}},"yz/t/yz14_24/yz14_03":{"props":{"opacity":[{"frame":0,"value":255}]}},"yz/s/yz14_27/yz14_09":{"props":{"opacity":[{"frame":0,"value":0}]}},"yz/s/yz14_26/yz14_11":{"props":{"opacity":[{"frame":0,"value":255}]}},"yz/s/yz14_25/yz14_13":{"props":{"opacity":[{"frame":0,"value":255}]}},"yz/s/yz14_30/yz14_12":{"props":{"opacity":[{"frame":0,"value":255}]}},"yz/t/yz14_02/yz14_07":{"props":{"opacity":[{"frame":0,"value":0}]}},"yz/t/yz14_23/yz14_08":{"props":{"opacity":[{"frame":0,"value":0}]}},"yz/t/yz14_24/yz14_06":{"props":{"opacity":[{"frame":0,"value":0}]}},"yz/s/yz14_27/yz14_14":{"props":{"opacity":[{"frame":0,"value":255}]}},"yz/s/yz14_30/yz14_04":{"props":{"opacity":[{"frame":0,"value":0}]}},"yz/yz14_32":{"props":{"opacity":[{"frame":0,"value":0}]}},"yz/yz14_05":{"props":{"opacity":[{"frame":0,"value":0}]}},"yz/s/yz14_27/yz14_10":{"props":{"opacity":[{"frame":0,"value":0}]}}},"props":{"opacity":[{"frame":0.75,"value":255},{"frame":0.85,"value":0}]}},"events":[{"frame":1,"func":"AfterMonsterDie","params":[]}]},{"__type__":"cc.SpriteFrame","content":{"name":"yz14_32","texture":"f8Ir0HQcdHnp3o+Cj8vlow","rect":[0,0,50,63],"offset":[0,0],"originalSize":[50,63],"capInsets":[0,0,0,0]}},{"__type__":"cc.SpriteFrame","content":{"name":"yz14_09","texture":"28ubYV8pVN2LffbBXv24sp","rect":[0,0,45,24],"offset":[0,0],"originalSize":[45,24],"capInsets":[0,0,0,0]}},{"__type__":"cc.SpriteFrame","content":{"name":"yz14_26","texture":"313tkOVStNz75mrJ0KELZx","rect":[0,0,24,19],"offset":[0,0],"originalSize":[24,19],"capInsets":[0,0,0,0]}},{"__type__":"cc.SpriteFrame","content":{"name":"yz14_16","texture":"b1zBCQUAZP8psMKtHRNpE6","rect":[0,0,38,51],"offset":[0,0],"originalSize":[38,51],"capInsets":[0,0,0,0]}},{"__type__":"cc.SpriteFrame","content":{"name":"yz14_11","texture":"4dI+EXRrFKRZy4o0u2QSq0","rect":[0,0,14,15],"offset":[0,0],"originalSize":[14,15],"capInsets":[0,0,0,0]}},{"__type__":"cc.SpriteFrame","content":{"name":"yz14_22","texture":"60Hjd9Ox1IxLfrDd4wi55q","rect":[0,0,11,12],"offset":[0,0],"originalSize":[11,12],"capInsets":[0,0,0,0]}},{"__type__":"cc.SpriteFrame","content":{"name":"yz14_08","texture":"5dZh0m/elLnocC/356QfyX","rect":[0,0,69,27],"offset":[0,0],"originalSize":[69,27],"capInsets":[0,0,0,0]}},{"__type__":"cc.SpriteFrame","content":{"name":"yz14_15","texture":"98S3zIu6NNdasDg3hlsXau","rect":[0,0,32,37],"offset":[0,0],"originalSize":[32,37],"capInsets":[0,0,0,0]}},{"__type__":"cc.SpriteFrame","content":{"name":"Sprite_Hp","texture":"5eXTLZHLhCr4iL4/+bsvRK","rect":[2,3,101,8],"offset":[0,0],"originalSize":[105,14],"capInsets":[0,0,0,0]}},{"__type__":"cc.SpriteFrame","content":{"name":"yz14_07","texture":"d7w4umpnlBHZx6JK17BgjV","rect":[0,0,46,42],"offset":[0,0],"originalSize":[46,42],"capInsets":[0,0,0,0]}},{"__type__":"cc.SpriteFrame","content":{"name":"yz14_03","texture":"2dkD8xa55KdK2swH8rfFFp","rect":[0,0,27,16],"offset":[0,0],"originalSize":[27,16],"capInsets":[0,0,0,0]}},{"__type__":"cc.SpriteFrame","content":{"name":"yz14_28","texture":"57dNj5hZFLRoRe9za2pmZp","rect":[0,0,12,22],"offset":[0,0],"originalSize":[12,22],"capInsets":[0,0,0,0]}},{"__type__":"cc.SpriteFrame","content":{"name":"yz14_21","texture":"31E03jUhJEGoziiNGw8t1y","rect":[0,0,35,13],"offset":[0,0],"originalSize":[35,13],"capInsets":[0,0,0,0]}},{"__type__":"cc.SpriteFrame","content":{"name":"yz14_17","texture":"683n+TPhxGU7y9xXVBQpH9","rect":[0,0,69,27],"offset":[0,0],"originalSize":[69,27],"capInsets":[0,0,0,0]}},{"__type__":"cc.SpriteFrame","content":{"name":"Sprite_HpBg","texture":"d6spVuKEFNyYxHFhxkhRhq","rect":[0,0,105,14],"offset":[0,0],"originalSize":[105,14],"capInsets":[0,0,0,0]}},{"__type__":"cc.SpriteFrame","content":{"name":"yz14_02","texture":"a1/39hmcpI17xgwxeVoIJV","rect":[0,0,64,54],"offset":[0,0],"originalSize":[64,54],"capInsets":[0,0,0,0]}},{"__type__":"cc.SpriteFrame","content":{"name":"yz14_04","texture":"6aQQtY2CFBnKYNv3TlYJgn","rect":[0,0,54,43],"offset":[0,0],"originalSize":[54,43],"capInsets":[0,0,0,0]}}]