[{"__type__":"cc.SpriteFrame","content":{"name":"yz05_02","texture":"90vs6leSRAoIyv41Dmyr7s","rect":[0,0,32,15],"offset":[0,0],"originalSize":[32,15],"capInsets":[0,0,0,0]}},{"__type__":"cc.SpriteFrame","content":{"name":"yz05_05","texture":"c9FvJGEYRCJZeAfvi+4T77","rect":[0,0,34,33],"offset":[0,0],"originalSize":[34,33],"capInsets":[0,0,0,0]}},{"__type__":"cc.SpriteFrame","content":{"name":"yz05_03","texture":"07pav+/k9A76eqCwpLSikK","rect":[0,0,93,55],"offset":[0,0],"originalSize":[93,55],"capInsets":[0,0,0,0]}},{"__type__":"cc.SpriteFrame","content":{"name":"yz05_06","texture":"deeqs4gaFOiK3O5geGw2zQ","rect":[0,0,16,10],"offset":[0,0],"originalSize":[16,10],"capInsets":[0,0,0,0]}},{"__type__":"cc.AnimationClip","_name":"100005Die","_duration":1.2,"wrapMode":"1","curveData":{"paths":{"yz04/yz04_12":{"props":{"position":[{"frame":0,"value":[7.6,16.4]},{"frame":0.3333333333333333,"value":[7.6,19.2]},{"frame":0.5,"value":[10.8,12.3]}],"rotation":[{"frame":0,"value":0},{"frame":0.3333333333333333,"value":-8},{"frame":0.5,"value":82}],"opacity":[{"frame":0.5,"value":255},{"frame":0.6666666666666666,"value":0}]}},"yz04":{"props":{"scale":[{"frame":0,"value":{"__type__":"cc.Vec2","x":1,"y":1}},{"frame":0.3333333333333333,"value":{"__type__":"cc.Vec2","x":0.99,"y":1.08}},{"frame":0.5,"value":{"__type__":"cc.Vec2","x":1.04,"y":0.89}}],"position":[{"frame":0,"value":[2.5,-32]},{"frame":0.3333333333333333,"value":[2.5,17.6]},{"frame":0.5,"value":[13.4,12.3]}],"rotation":[{"frame":0,"value":0},{"frame":0.3333333333333333,"value":-4}],"y":[{"frame":0,"value":-32}]}},"yz04/tou":{"props":{"rotation":[{"frame":0,"value":0},{"frame":0.3333333333333333,"value":-7},{"frame":0.5,"value":7}],"position":[{"frame":0.3333333333333333,"value":[0,39.8]},{"frame":0.5,"value":[4.8,30.7]}],"opacity":[{"frame":0.5,"value":255},{"frame":0.6666666666666666,"value":0}]}},"yz04/yz04_13":{"props":{"rotation":[{"frame":0,"value":0},{"frame":0.3333333333333333,"value":14},{"frame":0.5,"value":17},{"frame":0.6666666666666666,"value":31}],"position":[{"frame":0,"value":[25.2,56.9]},{"frame":0.3333333333333333,"value":[22.7,58]},{"frame":0.5,"value":[29,40.1]},{"frame":0.6666666666666666,"value":[26.3,18.9]}],"opacity":[{"frame":0,"value":221.00000000000003},{"frame":0.9166666666666666,"value":221.00000000000003},{"frame":1.0833333333333333,"value":0},{"frame":1.2,"value":0}]},"comps":{"cc.Sprite":{"spriteFrame":[{"frame":0,"value":{"__uuid__":"d5qdMfSJBEMoZWNRNqQhP1"}}]}}},"yz04/yz04_07":{"props":{"rotation":[{"frame":0,"value":0},{"frame":0.3333333333333333,"value":32},{"frame":0.5,"value":23}],"position":[{"frame":0.3333333333333333,"value":[-14.5,40.3]},{"frame":0.5,"value":[-11.2,39.3]}],"opacity":[{"frame":0.5,"value":255},{"frame":0.6666666666666666,"value":0}]},"comps":{"cc.Sprite":{"spriteFrame":[{"frame":0,"value":{"__uuid__":"d6i7cZbANJLIzRFnerwTnY"}}]}}},"yz04/yz04_09":{"props":{"position":[{"frame":0,"value":[17,45.5]},{"frame":0.3333333333333333,"value":[20,49]},{"frame":0.5,"value":[19.3,33.2]}],"opacity":[{"frame":0,"value":255},{"frame":0.5,"value":255},{"frame":0.6666666666666666,"value":0}]},"comps":{"cc.Sprite":{"spriteFrame":[{"frame":0,"value":{"__uuid__":"85XdkWluVPYb0hlldNSMqI"}}]}}},"yz04/tou/yz04_04":{"props":{"position":[{"frame":0,"value":[0,18.1]},{"frame":0.3333333333333333,"value":[0,21.2]},{"frame":0.5,"value":[0.3,9.8]}]},"comps":{"cc.Sprite":{"spriteFrame":[{"frame":0,"value":{"__uuid__":"14jvm3CYRDcb3p7xXBlG2K"}}]}}},"yz04/yz04_10":{"props":{"position":[{"frame":0,"value":[-3.4,41.8]},{"frame":0.3333333333333333,"value":[-6.4,41.5]},{"frame":0.5,"value":[-2.5,37.9]}],"rotation":[{"frame":0,"value":0},{"frame":0.3333333333333333,"value":0},{"frame":0.5,"value":10}],"opacity":[{"frame":0,"value":255},{"frame":0.5,"value":255},{"frame":0.6666666666666666,"value":0}]}},"yz04/yz04_05":{"props":{"position":[{"frame":0,"value":[-2.2,37.7]},{"frame":0.3333333333333333,"value":[-3.8,38.3]},{"frame":0.5,"value":[-0.1,30.5]}],"rotation":[{"frame":0.3333333333333333,"value":0},{"frame":0.5,"value":12}],"scale":[{"frame":0.3333333333333333,"value":{"__type__":"cc.Vec2","x":1,"y":1}},{"frame":0.5,"value":{"__type__":"cc.Vec2","x":1.18,"y":1}}],"opacity":[{"frame":0.5,"value":255},{"frame":0.6666666666666666,"value":0}]}},"yz04/yz04_08":{"props":{"rotation":[{"frame":0,"value":0},{"frame":0.3333333333333333,"value":-2},{"frame":0.5,"value":7}],"scale":[{"frame":0.3333333333333333,"value":{"__type__":"cc.Vec2","x":1,"y":1}},{"frame":0.5,"value":{"__type__":"cc.Vec2","x":1.1,"y":1}}],"opacity":[{"frame":0.5,"value":255},{"frame":0.6666666666666666,"value":0}]},"comps":{"cc.Sprite":{"spriteFrame":[{"frame":0,"value":{"__uuid__":"649kpEg8BLrZc3M7JpB+xd"}}]}}},"yz04/yz04_11":{"props":{"rotation":[{"frame":0.3333333333333333,"value":0},{"frame":0.5,"value":77}],"position":[{"frame":0.3333333333333333,"value":[-9.9,16.7]},{"frame":0.5,"value":[-5.4,15.2]}],"opacity":[{"frame":0.5,"value":255},{"frame":0.6666666666666666,"value":0}]}},"yz04/tou/yz04_06":{"props":{"position":[{"frame":0,"value":[-6,25]},{"frame":0.5,"value":[-6,25]}]}},"yz04/tou/yz04_02":{"props":{"position":[{"frame":0,"value":[-17.5,33.9]},{"frame":0.3333333333333333,"value":[-17.5,35.9]},{"frame":0.5,"value":[-17.4,26.9]}]},"comps":{"cc.Sprite":{"spriteFrame":[{"frame":0,"value":{"__uuid__":"7b4LZoyIVE3osiC2qvKiVL"}}]}}},"yz04/tou/yz04_03":{"props":{"position":[{"frame":0,"value":[-3.9,35.9]},{"frame":0.3333333333333333,"value":[-3.9,39.4]},{"frame":0.5,"value":[-3.7,29.2]}],"opacity":[{"frame":0,"value":0}]}},"yz04/tou/yz04_01":{"props":{"position":[{"frame":0.3333333333333333,"value":[-31.7,15.7]},{"frame":0.5,"value":[-31.9,7]}]}},"a":{"props":{"scale":[{"frame":0,"value":{"__type__":"cc.Vec2","x":1,"y":1}},{"frame":0.3333333333333333,"value":{"__type__":"cc.Vec2","x":1.04,"y":1}},{"frame":0.5,"value":{"__type__":"cc.Vec2","x":1.21,"y":1}}],"opacity":[{"frame":0,"value":255},{"frame":0.9166666666666666,"value":255},{"frame":1.0833333333333333,"value":0}]}},"yz04/tou/yz05_01":{"props":{"opacity":[{"frame":0,"value":255}],"position":[{"frame":0,"value":[-5.5,41.9]},{"frame":0.3333333333333333,"value":[-5.5,45.5]},{"frame":0.5,"value":[-5.3,31.4]}]}},"yz05_08":{"props":{"opacity":[{"frame":0,"value":255},{"frame":0.5,"value":255},{"frame":0.6666666666666666,"value":0}],"position":[{"frame":0,"value":[19.8,-0.6]},{"frame":0.3333333333333333,"value":[16.1,62.4]},{"frame":0.5,"value":[30.9,34.7]}],"y":[{"frame":0,"value":-0.6}]}}}},"events":[{"frame":1.2,"func":"AfterMonsterDie","params":[]}]},{"__type__":"cc.SpriteFrame","content":{"name":"yz05_07","texture":"5fv52WpzdApaBgS5YPO89a","rect":[0,0,97,70],"offset":[0,0],"originalSize":[97,70],"capInsets":[0,0,0,0]}},{"__type__":"cc.SpriteFrame","content":{"name":"yz05_04","texture":"caecltdvFJcZxT0bcDNSkw","rect":[0,0,18,32],"offset":[0,0],"originalSize":[18,32],"capInsets":[0,0,0,0]}}]