[{"__type__":"cc.Prefab","_name":"Tips","data":{"__id__":1}},{"__type__":"cc.Node","_name":"Tips","_children":[{"__id__":2},{"__id__":3}],"_level":1,"_prefab":{"__type__":"cc.PrefabInfo","root":{"__id__":1},"asset":{"__uuid__":"1e+aF9DyBAVrf8u0JEsX62"},"fileId":"d6UiLeddFMzLj6yHpKUreb"},"_contentSize":{"__type__":"cc.Size","width":40,"height":36},"_position":{"__type__":"cc.Vec3","y":90},"_scale":{"__type__":"cc.Vec3","x":1,"y":1,"z":1}},{"__type__":"cc.Node","_name":"BG","_parent":{"__id__":1},"_level":3,"_components":[{"__type__":"cc.Sprite","node":{"__id__":2},"_spriteFrame":{"__uuid__":"37MLWcL4tH87qKiZQ4lEe8"},"_type":1,"_sizeMode":0}],"_prefab":{"__type__":"cc.PrefabInfo","root":{"__id__":1},"asset":{"__uuid__":"1e+aF9DyBAVrf8u0JEsX62"},"fileId":"aavdsKRFdEq7CFJXQpXS87"},"_opacity":180,"_color":{"__type__":"cc.Color"},"_contentSize":{"__type__":"cc.Size","width":600,"height":61},"_scale":{"__type__":"cc.Vec3","x":1,"y":1,"z":1}},{"__type__":"cc.Node","_name":"Label","_parent":{"__id__":1},"_level":3,"_components":[{"__type__":"cc.Label","node":{"__id__":3},"_srcBlendFactor":1,"_useOriginalSize":false,"_string":"你已经领取过了~","_N$string":"你已经领取过了~","_fontSize":30,"_lineHeight":30,"_N$horizontalAlign":1,"_N$verticalAlign":1,"_N$fontFamily":"黑体"}],"_prefab":{"__type__":"cc.PrefabInfo","root":{"__id__":1},"asset":{"__uuid__":"1e+aF9DyBAVrf8u0JEsX62"},"fileId":"b3D3SVsndKJ79NoyUBCbmG"},"_contentSize":{"__type__":"cc.Size","width":225,"height":30},"_scale":{"__type__":"cc.Vec3","x":1,"y":1,"z":1}}]