[[{"__type__":"cc.SceneAsset","_name":"Load","scene":{"__id__":1},"asyncLoadAssets":null},{"__type__":"cc.Scene","_name":"New Node","_children":[{"__id__":2}],"_anchorPoint":{"__type__":"cc.Vec2"},"_scale":{"__type__":"cc.Vec3","x":0.29696044921875,"y":0.29696044921875,"z":1},"autoReleaseAssets":false},{"__type__":"cc.Node","_name":"Canvas","_parent":{"__id__":1},"_children":[{"__id__":3},{"__id__":4},{"__id__":5},{"__id__":6},{"__id__":10},{"__id__":11},{"__id__":12},{"__id__":13}],"_components":[{"__type__":"cc.Canvas","node":{"__id__":2},"_designResolution":{"__type__":"cc.Size","width":720,"height":1280},"_fitWidth":true,"_fitHeight":false},{"__type__":"7d434kGvypIO4B97v6Jcdsz","node":{"__id__":2},"pr_load":{"__id__":6},"startBtnNd":{"__id__":10},"logo":{"__id__":5},"weapon1":{"__id__":11},"weapon2":{"__id__":12},"weapon3":{"__id__":13}}],"_contentSize":{"__type__":"cc.Size","width":720,"height":1280},"_position":{"__type__":"cc.Vec3","x":360,"y":640},"_scale":{"__type__":"cc.Vec3","x":1,"y":1,"z":1},"_id":"27UAW4R+xO+544MyOgWj7t"},{"__type__":"cc.Node","_name":"Main Camera","_parent":{"__id__":2},"_level":1,"_components":[{"__type__":"cc.Camera","node":{"__id__":3},"_clearFlags":7,"_depth":-1}],"_scale":{"__type__":"cc.Vec3","x":1,"y":1,"z":1}},{"__type__":"cc.Node","_name":"bg","_parent":{"__id__":2},"_components":[{"__type__":"cc.Sprite","node":{"__id__":4},"_spriteFrame":{"__uuid__":"45xoftOuZPAJ/w4TK09XNy"},"_sizeMode":0},{"__type__":"cc.Widget","node":{"__id__":4},"_enabled":false,"alignMode":0,"_alignFlags":45,"_originalWidth":100,"_originalHeight":100}],"_contentSize":{"__type__":"cc.Size","width":900,"height":1500},"_scale":{"__type__":"cc.Vec3","x":1,"y":1,"z":1}},{"__type__":"cc.Node","_name":"logo","_parent":{"__id__":2},"_components":[{"__type__":"cc.Sprite","node":{"__id__":5},"_spriteFrame":{"__uuid__":"a7l4Cp4WBHML/eamg4pSXl"},"_sizeMode":0,"_state":112},{"__type__":"cc.Widget","node":{"__id__":5},"_alignFlags":16},{"__type__":"0d84cyAnX5PCpDNfnCPPwYS","node":{"__id__":5},"_shader":112}],"_contentSize":{"__type__":"cc.Size","width":620,"height":228},"_position":{"__type__":"cc.Vec3","y":290},"_scale":{"__type__":"cc.Vec3","x":1,"y":1,"z":1}},{"__type__":"cc.Node","_name":"pr_load","_parent":{"__id__":2},"_children":[{"__id__":7},{"__id__":9}],"_components":[{"__type__":"cc.Sprite","node":{"__id__":6},"_spriteFrame":{"__uuid__":"c1fN1zIk5G5pSNTK7IScEZ"},"_sizeMode":0},{"__type__":"cc.ProgressBar","node":{"__id__":6},"_N$totalLength":475,"_N$barSprite":{"__id__":8},"_N$progress":0},{"__type__":"cc.Widget","node":{"__id__":6},"alignMode":0,"_alignFlags":16}],"_contentSize":{"__type__":"cc.Size","width":493,"height":55},"_position":{"__type__":"cc.Vec3","y":-214},"_scale":{"__type__":"cc.Vec3","x":1,"y":1,"z":1}},{"__type__":"cc.Node","_name":"bar","_parent":{"__id__":6},"_components":[{"__id__":8},{"__type__":"cc.Widget","node":{"__id__":7},"alignMode":0,"_alignFlags":8,"_left":9.300000000000011,"_right":600}],"_contentSize":{"__type__":"cc.Size","height":37},"_anchorPoint":{"__type__":"cc.Vec2","y":0.5},"_position":{"__type__":"cc.Vec3","x":-237.2},"_scale":{"__type__":"cc.Vec3","x":1,"y":1,"z":1}},{"__type__":"cc.Sprite","node":{"__id__":7},"_spriteFrame":{"__uuid__":"7dtcP3szlCL6F+KOqT9ohd"},"_type":2,"_sizeMode":0},{"__type__":"cc.Node","_name":"txt_load","_parent":{"__id__":6},"_components":[{"__type__":"cc.Label","node":{"__id__":9},"_srcBlendFactor":1,"_useOriginalSize":false,"_string":"1","_N$string":"1","_fontSize":35,"_N$horizontalAlign":1,"_N$verticalAlign":1},{"__type__":"cc.LabelOutline","node":{"__id__":9},"_width":0.5}],"_contentSize":{"__type__":"cc.Size","width":20.47,"height":40},"_position":{"__type__":"cc.Vec3","x":-2,"y":1},"_scale":{"__type__":"cc.Vec3","x":1,"y":1,"z":1}},{"__type__":"cc.Node","_name":"btnStart","_parent":{"__id__":2},"_active":false,"_level":1,"_components":[{"__type__":"cc.Sprite","node":{"__id__":10},"_spriteFrame":{"__uuid__":"53XH1fbINISLuU7+GRo7KO"}},{"__type__":"cc.Button","node":{"__id__":10},"zoomScale":0.95,"clickEvents":[{"__type__":"cc.ClickEvent","target":{"__id__":2},"_componentId":"7d434kGvypIO4B97v6Jcdsz","handler":"startGame"}],"_N$transition":3,"transition":3}],"_contentSize":{"__type__":"cc.Size","width":400,"height":132},"_position":{"__type__":"cc.Vec3","y":-196},"_scale":{"__type__":"cc.Vec3","x":1,"y":1,"z":1}},{"__type__":"cc.Node","_name":"weapon1","_parent":{"__id__":2},"_level":1,"_components":[{"__type__":"cc.Sprite","node":{"__id__":11},"_spriteFrame":{"__uuid__":"d56nVljKtFBLRdlhcXBQWF"}}],"_contentSize":{"__type__":"cc.Size","width":49,"height":175},"_position":{"__type__":"cc.Vec3","x":-617,"y":-79},"_scale":{"__type__":"cc.Vec3","x":1.5,"y":1.5,"z":1},"_rotationX":90,"_rotationY":90,"_quat":{"__type__":"cc.Quat","z":-0.7071067811865475,"w":0.7071067811865476}},{"__type__":"cc.Node","_name":"weapon2","_parent":{"__id__":2},"_level":1,"_components":[{"__type__":"cc.Sprite","node":{"__id__":12},"_spriteFrame":{"__uuid__":"d56nVljKtFBLRdlhcXBQWF"}}],"_contentSize":{"__type__":"cc.Size","width":49,"height":175},"_position":{"__type__":"cc.Vec3","x":-617,"y":15},"_scale":{"__type__":"cc.Vec3","x":1.5,"y":1.5,"z":1},"_rotationX":90,"_rotationY":90,"_quat":{"__type__":"cc.Quat","z":-0.7071067811865475,"w":0.7071067811865476}},{"__type__":"cc.Node","_name":"weapon3","_parent":{"__id__":2},"_level":1,"_components":[{"__type__":"cc.Sprite","node":{"__id__":13},"_spriteFrame":{"__uuid__":"d56nVljKtFBLRdlhcXBQWF"}}],"_contentSize":{"__type__":"cc.Size","width":49,"height":175},"_position":{"__type__":"cc.Vec3","x":-617,"y":110},"_scale":{"__type__":"cc.Vec3","x":1.5,"y":1.5,"z":1},"_rotationX":90,"_rotationY":90,"_quat":{"__type__":"cc.Quat","z":-0.7071067811865475,"w":0.7071067811865476}}],{"__type__":"cc.SpriteFrame","content":{"name":"loadingt","texture":"17225147d","rect":[829,3,475,37],"offset":[0,0],"originalSize":[475,37],"rotated":1,"capInsets":[0,0,0,0]}},{"__type__":"cc.SpriteFrame","content":{"name":"loading","texture":"17225147d","rect":[768,3,493,55],"offset":[0,0],"originalSize":[493,55],"rotated":1,"capInsets":[0,0,0,0]}},{"__type__":"cc.SpriteFrame","content":{"name":"weapon","texture":"17225147d","rect":[872,3,49,175],"offset":[0,0],"originalSize":[49,175],"capInsets":[0,0,0,0]}}]