[{"__type__":"cc.SpriteFrame","content":{"name":"lock","texture":"1cb438d4b","rect":[3,273,126,126],"offset":[0.5,0],"originalSize":[127,128],"capInsets":[58,58,59,58]}},[{"__type__":"cc.Prefab","_name":"slot","data":{"__id__":1}},{"__type__":"cc.Node","_name":"slot","_children":[{"__id__":2}],"_level":1,"_components":[{"__type__":"cc.Sprite","node":{"__id__":1},"_spriteFrame":{"__uuid__":"cbs10venFPSJKIaWpsDg+A"},"_type":1,"_sizeMode":0},{"__type__":"0adfawTwhJP353tJ39AORi8","node":{"__id__":1}}],"_prefab":{"__type__":"cc.PrefabInfo","root":{"__id__":1},"asset":{"__uuid__":"f5d4m9UM1A1LDacO6cM5vW"},"fileId":"4ab8C3nuJM6pG4T9XaBETB"},"_contentSize":{"__type__":"cc.Size","width":132.2,"height":132.8},"_position":{"__type__":"cc.Vec3","x":-215.35,"y":-66.4},"_scale":{"__type__":"cc.Vec3","x":1,"y":1,"z":1}},{"__type__":"cc.Node","_name":"img","_parent":{"__id__":1},"_level":3,"_components":[{"__type__":"cc.Sprite","node":{"__id__":2},"_spriteFrame":{"__uuid__":"f6E/iI7NBDsoHuH2CNOiSz"}}],"_prefab":{"__type__":"cc.PrefabInfo","root":{"__id__":1},"asset":{"__uuid__":"f5d4m9UM1A1LDacO6cM5vW"},"fileId":"60VmYp101Ktp/tXnQRGwwC"},"_opacity":142,"_color":{"__type__":"cc.Color"},"_contentSize":{"__type__":"cc.Size","width":39,"height":162},"_scale":{"__type__":"cc.Vec3","x":0.68,"y":0.68,"z":1},"_rotationX":45,"_rotationY":45,"_quat":{"__type__":"cc.Quat","z":-0.3826834323650898,"w":0.9238795325112867}}]]