[{"__type__":"cc.Prefab","_name":"BanBianShuiGuo","data":{"__id__":1}},{"__type__":"cc.Node","_name":"BanBianShuiGuo","_level":1,"_components":[{"__type__":"cc.Sprite","node":{"__id__":1},"_spriteFrame":{"__uuid__":"e2WZXaX2xI85zCi7HhzD12"}},{"__type__":"eafe6tLgnVNHr35QSVMPiAd","node":{"__id__":1}}],"_prefab":{"__type__":"cc.PrefabInfo","root":{"__id__":1},"asset":{"__uuid__":"cdQ4kXfSNMOKPToWSRm+Ap"},"fileId":"8cDynrDbBBuayXscXIhsW2"},"_contentSize":{"__type__":"cc.Size","width":60,"height":86},"_scale":{"__type__":"cc.Vec3","x":1,"y":1,"z":1}}]