[{"__type__":"cc.SpriteFrame","content":{"name":"100007","texture":"5c9OrEvvVFPaIS3uh3eoE/","rect":[0,0,77,34],"offset":[0,0],"originalSize":[77,34],"capInsets":[0,0,0,0]}},[{"__type__":"cc.Prefab","_name":"100007","data":{"__id__":1}},{"__type__":"cc.Node","_name":"100007","_components":[{"__type__":"cc.Sprite","node":{"__id__":1},"_spriteFrame":{"__uuid__":"24VIkEYd1EPK0MkmAcpUKV"}}],"_prefab":{"__type__":"cc.PrefabInfo","root":{"__id__":1},"asset":{"__uuid__":"a0MJm8rX5J3rG8c3mTPqa8"},"fileId":"6fCZ9xL/RGF78YjDQrgpvj"},"_contentSize":{"__type__":"cc.Size","width":77,"height":34},"_scaleX":1,"_scaleY":1,"_scale":{"__type__":"cc.Vec3","x":1,"y":1,"z":1}}]]