[{"__type__":"cc.SpriteFrame","content":{"name":"recovery_01","texture":"03ffzDpYdEr43Hov3IHVFf","rect":[0,0,250,190],"offset":[0,0],"originalSize":[250,190],"capInsets":[0,0,0,0]}},{"__type__":"cc.SpriteFrame","content":{"name":"recovery_08","texture":"49CzDEOgNARa/Cz3SkK8Uk","rect":[0,0,250,190],"offset":[0,0],"originalSize":[250,190],"capInsets":[0,0,0,0]}},{"__type__":"cc.SpriteFrame","content":{"name":"recovery_06","texture":"3bqyKMQjtELIOe7ry+4eU4","rect":[0,0,250,190],"offset":[0,0],"originalSize":[250,190],"capInsets":[0,0,0,0]}},{"__type__":"cc.SpriteFrame","content":{"name":"recovery_05","texture":"31pp4iJUpDy4MQTHKV5KPq","rect":[0,0,250,190],"offset":[0,0],"originalSize":[250,190],"capInsets":[0,0,0,0]}},{"__type__":"cc.SpriteFrame","content":{"name":"recovery_09","texture":"b4BR569UhFLp/qikvIyVKQ","rect":[0,0,250,190],"offset":[0,0],"originalSize":[250,190],"capInsets":[0,0,0,0]}},{"__type__":"cc.SpriteFrame","content":{"name":"recovery_03","texture":"01ha5E5GVIO4RmDcdbisrm","rect":[0,0,250,190],"offset":[0,0],"originalSize":[250,190],"capInsets":[0,0,0,0]}},{"__type__":"cc.SpriteFrame","content":{"name":"recovery_04","texture":"f7ySWTWpRCcZlmFk/G5irS","rect":[0,0,250,190],"offset":[0,0],"originalSize":[250,190],"capInsets":[0,0,0,0]}},{"__type__":"cc.AnimationClip","_name":"recovery","_duration":0.7083333333333334,"sample":24,"wrapMode":"1","curveData":{"paths":{"recovery_01":{"props":{"width":[{"frame":0,"value":250}],"height":[{"frame":0,"value":190}],"position":[{"frame":0,"value":[0,0]}]},"comps":{"cc.Sprite":{"spriteFrame":[{"frame":0,"value":{"__uuid__":"113mN9cLhMfrnfba8i36MA"}},{"frame":0.08333333333333333,"value":{"__uuid__":"fbrSl4qkVHVYbVZVRMTfVv"}},{"frame":0.16666666666666666,"value":{"__uuid__":"5cJ4WMmKpAaoHKOp9yLxOd"}},{"frame":0.25,"value":{"__uuid__":"6b8D5BzqBEOY+EmaEhCdLZ"}},{"frame":0.3333333333333333,"value":{"__uuid__":"44SAF0yqJCTbGhbDcs6t0G"}},{"frame":0.4166666666666667,"value":{"__uuid__":"1d5H9KBRhFXa8ACtpbEIBm"}},{"frame":0.5,"value":{"__uuid__":"c1yurps0lIAbY3hKYE+gCD"}},{"frame":0.5833333333333334,"value":{"__uuid__":"1dU2KiA5RMPJf+yDI8LvXk"}},{"frame":0.6666666666666666,"value":{"__uuid__":"4cMJkVa2BJbby6057bkY5Q"}}]}}},"recovery_10":{"props":{"opacity":[{"frame":0.20833333333333334,"value":0},{"frame":0.375,"value":255},{"frame":0.4583333333333333,"value":0}],"scale":[{"frame":0.20833333333333334,"value":{"__type__":"cc.Vec2","x":1.54,"y":1.54}},{"frame":0.4583333333333333,"value":{"__type__":"cc.Vec2","x":1,"y":1}}]}}}},"events":[{"frame":0.7083333333333334,"func":"Over","params":[]}]},{"__type__":"cc.SpriteFrame","content":{"name":"recovery_07","texture":"22L4S+HANCAa2zcYLJlftI","rect":[0,0,250,190],"offset":[0,0],"originalSize":[250,190],"capInsets":[0,0,0,0]}},{"__type__":"cc.SpriteFrame","content":{"name":"recovery_02","texture":"31AFlYIFpF/4Ng/k3MyHCb","rect":[0,0,250,190],"offset":[0,0],"originalSize":[250,190],"capInsets":[0,0,0,0]}}]