[{"__type__":"cc.SpriteFrame","content":{"name":"BeAtk_0","texture":"dasd6Hk25NtoSnAUPBjGAq","rect":[12,17,223,178],"offset":[-4.5,22],"originalSize":[256,256],"capInsets":[0,0,0,0]}},{"__type__":"cc.BitmapFont","_name":"BeAtk","spriteFrame":{"__uuid__":"11xB57icFHF7Z7xFdGC2F2"},"fontSize":32,"_fntConfig":{"commonHeight":32,"fontSize":32,"atlasName":"BeAtk_0.png","fontDefDictionary":{"45":{"rect":{"x":0,"y":0,"width":61,"height":70},"xOffset":0,"yOffset":0,"xAdvance":61},"48":{"rect":{"x":62,"y":0,"width":61,"height":70},"xOffset":0,"yOffset":0,"xAdvance":61},"49":{"rect":{"x":124,"y":0,"width":61,"height":70},"xOffset":0,"yOffset":0,"xAdvance":61},"50":{"rect":{"x":186,"y":0,"width":61,"height":70},"xOffset":0,"yOffset":0,"xAdvance":61},"51":{"rect":{"x":0,"y":71,"width":61,"height":70},"xOffset":0,"yOffset":0,"xAdvance":61},"52":{"rect":{"x":62,"y":71,"width":61,"height":70},"xOffset":0,"yOffset":0,"xAdvance":61},"53":{"rect":{"x":124,"y":71,"width":61,"height":70},"xOffset":0,"yOffset":0,"xAdvance":61},"54":{"rect":{"x":186,"y":71,"width":61,"height":70},"xOffset":0,"yOffset":0,"xAdvance":61},"55":{"rect":{"x":0,"y":142,"width":61,"height":70},"xOffset":0,"yOffset":0,"xAdvance":61},"56":{"rect":{"x":62,"y":142,"width":61,"height":70},"xOffset":0,"yOffset":0,"xAdvance":61},"57":{"rect":{"x":124,"y":142,"width":61,"height":70},"xOffset":0,"yOffset":0,"xAdvance":61}},"kerningDict":{}}}]