[{"__type__":"cc.SpriteFrame","content":{"name":"100020","texture":"b1nn4VECJEGp+6Fzc6IYEM","rect":[360,270,90,90],"offset":[0,0],"originalSize":[90,90],"capInsets":[0,0,0,0]}},{"__type__":"cc.SpriteFrame","content":{"name":"100025","texture":"b1nn4VECJEGp+6Fzc6IYEM","rect":[360,360,90,90],"offset":[0,0],"originalSize":[90,90],"capInsets":[0,0,0,0]}},{"__type__":"cc.SpriteFrame","content":{"name":"100013","texture":"b1nn4VECJEGp+6Fzc6IYEM","rect":[180,180,90,90],"offset":[0,0],"originalSize":[90,90],"capInsets":[0,0,0,0]}},{"__type__":"cc.SpriteFrame","content":{"name":"100016","texture":"b1nn4VECJEGp+6Fzc6IYEM","rect":[0,270,90,90],"offset":[0,0],"originalSize":[90,90],"capInsets":[0,0,0,0]}},{"__type__":"cc.SpriteFrame","content":{"name":"100008","texture":"b1nn4VECJEGp+6Fzc6IYEM","rect":[180,90,90,90],"offset":[0,0],"originalSize":[90,90],"capInsets":[0,0,0,0]}},{"__type__":"cc.SpriteFrame","content":{"name":"100009","texture":"b1nn4VECJEGp+6Fzc6IYEM","rect":[270,90,90,90],"offset":[0,0],"originalSize":[90,90],"capInsets":[0,0,0,0]}},{"__type__":"cc.SpriteFrame","content":{"name":"100005","texture":"b1nn4VECJEGp+6Fzc6IYEM","rect":[360,0,90,90],"offset":[0,0],"originalSize":[90,90],"capInsets":[0,0,0,0]}},{"__type__":"cc.SpriteFrame","content":{"name":"100001","texture":"b1nn4VECJEGp+6Fzc6IYEM","rect":[0,0,90,90],"offset":[0,0],"originalSize":[90,90],"capInsets":[0,0,0,0]}},{"__type__":"cc.SpriteFrame","content":{"name":"100003","texture":"b1nn4VECJEGp+6Fzc6IYEM","rect":[180,0,90,90],"offset":[0,0],"originalSize":[90,90],"capInsets":[0,0,0,0]}},{"__type__":"cc.SpriteFrame","content":{"name":"100019","texture":"b1nn4VECJEGp+6Fzc6IYEM","rect":[270,270,90,90],"offset":[0,0],"originalSize":[90,90],"capInsets":[0,0,0,0]}},{"__type__":"cc.SpriteFrame","content":{"name":"100024","texture":"b1nn4VECJEGp+6Fzc6IYEM","rect":[270,360,90,90],"offset":[0,0],"originalSize":[90,90],"capInsets":[0,0,0,0]}},{"__type__":"cc.SpriteFrame","content":{"name":"100004","texture":"b1nn4VECJEGp+6Fzc6IYEM","rect":[270,0,90,90],"offset":[0,0],"originalSize":[90,90],"capInsets":[0,0,0,0]}},{"__type__":"cc.SpriteFrame","content":{"name":"100010","texture":"b1nn4VECJEGp+6Fzc6IYEM","rect":[360,90,90,90],"offset":[0,0],"originalSize":[90,90],"capInsets":[0,0,0,0]}},{"__type__":"cc.SpriteFrame","content":{"name":"100011","texture":"b1nn4VECJEGp+6Fzc6IYEM","rect":[0,180,90,90],"offset":[0,0],"originalSize":[90,90],"capInsets":[0,0,0,0]}},{"__type__":"cc.SpriteFrame","content":{"name":"100014","texture":"b1nn4VECJEGp+6Fzc6IYEM","rect":[270,180,90,90],"offset":[0,0],"originalSize":[90,90],"capInsets":[0,0,0,0]}},{"__type__":"cc.SpriteFrame","content":{"name":"100006","texture":"b1nn4VECJEGp+6Fzc6IYEM","rect":[0,90,90,90],"offset":[0,0],"originalSize":[90,90],"capInsets":[0,0,0,0]}},{"__type__":"cc.SpriteAtlas","_name":"Equipment.plist","_spriteFrames":{"100001":{"__uuid__":"31Mk9qH3JOqaJ2W9Q/fNmU"},"100002":{"__uuid__":"e7Mb2PlGBPnroUDSY5wRzc"},"100003":{"__uuid__":"40tSahpC5ImbXTILdxdgzI"},"100004":{"__uuid__":"68J7SkX8JOiIqFy3ND535B"},"100005":{"__uuid__":"30nYfQ35BGm5nrg9zEvIQl"},"100006":{"__uuid__":"98ULZEBlZI+5Rmddh50TMC"},"100007":{"__uuid__":"daiS7hlflPq7i6kSNCuEuz"},"100008":{"__uuid__":"26+Crzr1ZIX6j3em3ay0y3"},"100009":{"__uuid__":"288o+dXhdIHaxFd8rH8zEt"},"100010":{"__uuid__":"7b/TwMYcVLFZlZBBVgBZEL"},"100011":{"__uuid__":"82F3OmItlOWZVnXIN/my+/"},"100012":{"__uuid__":"feVA1L1l9JB78xe0wlLwJK"},"100013":{"__uuid__":"14lw64p29LY6PYknAoDQHO"},"100014":{"__uuid__":"89bxhUiStNzLKzzaw4bWDT"},"100015":{"__uuid__":"afTOAqDrlOJqZu6jlwwi6L"},"100016":{"__uuid__":"2092i1Z8tG7rZQc4hzWTfZ"},"100017":{"__uuid__":"f9veKaSTFKnJY9bPjcmNLV"},"100018":{"__uuid__":"dcEg/hFwNEQr8OkHN1sebS"},"100019":{"__uuid__":"4eOXrdxYREYaUhT15MDmcV"},"100020":{"__uuid__":"017BdY1wFHCaRD+0Ub1mt4"},"100021":{"__uuid__":"e3O41fwHpB6KYSdK1VP+WP"},"100022":{"__uuid__":"fd6NUe2ddC1olpyxG5s2XG"},"100023":{"__uuid__":"d6RUY6tbNKW6JThnXnYUkD"},"100024":{"__uuid__":"66GVNx6PxD2Yb5GkzLY31t"},"100025":{"__uuid__":"02LPQD+59LiKHbpCrUOndu"}}},{"__type__":"cc.SpriteFrame","content":{"name":"100015","texture":"b1nn4VECJEGp+6Fzc6IYEM","rect":[360,180,90,90],"offset":[0,0],"originalSize":[90,90],"capInsets":[0,0,0,0]}},{"__type__":"cc.SpriteFrame","content":{"name":"100023","texture":"b1nn4VECJEGp+6Fzc6IYEM","rect":[180,360,90,90],"offset":[0,0],"originalSize":[90,90],"capInsets":[0,0,0,0]}},{"__type__":"cc.SpriteFrame","content":{"name":"100007","texture":"b1nn4VECJEGp+6Fzc6IYEM","rect":[90,90,90,90],"offset":[0,0],"originalSize":[90,90],"capInsets":[0,0,0,0]}},{"__type__":"cc.SpriteFrame","content":{"name":"100018","texture":"b1nn4VECJEGp+6Fzc6IYEM","rect":[180,270,90,90],"offset":[0,0],"originalSize":[90,90],"capInsets":[0,0,0,0]}},{"__type__":"cc.SpriteFrame","content":{"name":"100021","texture":"b1nn4VECJEGp+6Fzc6IYEM","rect":[0,360,90,90],"offset":[0,0],"originalSize":[90,90],"capInsets":[0,0,0,0]}},{"__type__":"cc.SpriteFrame","content":{"name":"100002","texture":"b1nn4VECJEGp+6Fzc6IYEM","rect":[90,0,90,90],"offset":[0,0],"originalSize":[90,90],"capInsets":[0,0,0,0]}},{"__type__":"cc.SpriteFrame","content":{"name":"100017","texture":"b1nn4VECJEGp+6Fzc6IYEM","rect":[90,270,90,90],"offset":[0,0],"originalSize":[90,90],"capInsets":[0,0,0,0]}},{"__type__":"cc.SpriteFrame","content":{"name":"100022","texture":"b1nn4VECJEGp+6Fzc6IYEM","rect":[90,360,90,90],"offset":[0,0],"originalSize":[90,90],"capInsets":[0,0,0,0]}},{"__type__":"cc.SpriteFrame","content":{"name":"100012","texture":"b1nn4VECJEGp+6Fzc6IYEM","rect":[90,180,90,90],"offset":[0,0],"originalSize":[90,90],"capInsets":[0,0,0,0]}}]