[{"__type__":"cc.SpriteFrame","content":{"name":"monster04b_03","texture":"8eHv0lRR9LXb8BAfBznB5s","rect":[24,4,81,100],"offset":[-3.5,6],"originalSize":[136,120],"capInsets":[0,0,0,0]}},{"__type__":"cc.SpriteFrame","content":{"name":"monster04a_01","texture":"60xJ3uxl1AIIuGbfLRXcoi","rect":[20,4,99,100],"offset":[1.5,6],"originalSize":[136,120],"capInsets":[0,0,0,0]}},{"__type__":"cc.SpriteFrame","content":{"name":"monster04b_05","texture":"58UtxWEBZDB7IbEHsIrnIG","rect":[7,7,124,97],"offset":[1,4.5],"originalSize":[136,120],"capInsets":[0,0,0,0]}},{"__type__":"cc.SpriteFrame","content":{"name":"monster04b_04","texture":"07JGIVeZtHvrGq3TucJ+0c","rect":[17,6,90,98],"offset":[-6,5],"originalSize":[136,120],"capInsets":[0,0,0,0]}},{"__type__":"cc.AnimationClip","_name":"Atk","_duration":1,"sample":6,"speed":1.5,"wrapMode":"1","curveData":{"paths":{"monster04a_01":{"props":{"width":[{"frame":0,"value":136}],"height":[{"frame":0,"value":120}]},"comps":{"cc.Sprite":{"spriteFrame":[{"frame":0,"value":{"__uuid__":"6bpCND5k5BkZemrEsCbjHm"}},{"frame":0.16666666666666666,"value":{"__uuid__":"d5FGuXCK1Mop32SUGHgdos"}},{"frame":0.3333333333333333,"value":{"__uuid__":"21Jo2aZoZEsItEFpkuRoOG"}},{"frame":0.5,"value":{"__uuid__":"ab+UBbtqlAqYQ9cTMDu5Y4"}},{"frame":0.6666666666666666,"value":{"__uuid__":"8fOyv+u91I35LfLK7f60ev"}},{"frame":0.8333333333333334,"value":{"__uuid__":"d1D/X81XRErYftmvapUIM0"}}]}}}}},"events":[{"frame":1,"func":"AfterAtk","params":[]}]},{"__type__":"cc.SpriteFrame","content":{"name":"monster04b_06","texture":"1coFuHEORLjqY0KwCG9Rcz","rect":[13,6,117,98],"offset":[3.5,5],"originalSize":[136,120],"capInsets":[0,0,0,0]}},{"__type__":"cc.SpriteFrame","content":{"name":"monster04b_02","texture":"54+RmF0FJA+7s8HObhAVs/","rect":[22,4,69,100],"offset":[-11.5,6],"originalSize":[136,120],"capInsets":[0,0,0,0]}}]