[{"__type__":"cc.AnimationClip","_name":"Run","_duration":0.6666666666666666,"sample":6,"speed":1.5,"wrapMode":"2","curveData":{"paths":{"monster02a_01":{"props":{"width":[],"height":[]},"comps":{"cc.Sprite":{"spriteFrame":[{"frame":0,"value":{"__uuid__":"6b5brOZ0dGPba7ou/cqQnn"}},{"frame":0.16666666666666666,"value":{"__uuid__":"bcgyTBoLtM4rpHyglA157q"}},{"frame":0.3333333333333333,"value":{"__uuid__":"efmCfYG8dKRLQmzbiZBiNZ"}},{"frame":0.5,"value":{"__uuid__":"bcgyTBoLtM4rpHyglA157q"}}]}}}}}},{"__type__":"cc.SpriteFrame","content":{"name":"monster02a_01","texture":"76Beo1g4hB1Z7bDH2FJDFr","rect":[15,6,66,70],"offset":[2,11.5],"originalSize":[92,105],"capInsets":[0,0,0,0]}},{"__type__":"cc.SpriteFrame","content":{"name":"monster02a_02","texture":"b4501vRcVF5J3qtUJ8vXpz","rect":[15,7,62,70],"offset":[0,10.5],"originalSize":[92,105],"capInsets":[0,0,0,0]}},{"__type__":"cc.SpriteFrame","content":{"name":"monster02a_03","texture":"c5n2cz89FNaI+I1h8yUnJs","rect":[15,9,60,69],"offset":[-1,9],"originalSize":[92,105],"capInsets":[0,0,0,0]}}]