[{"__type__":"cc.SpriteFrame","content":{"name":"mowang02_18","texture":"f9xnfOv+9A64mfc5cV/qha","rect":[0,0,37,25],"offset":[0,0],"originalSize":[37,25],"capInsets":[0,0,0,0]}},{"__type__":"cc.SpriteFrame","content":{"name":"mowang02_05","texture":"9eZTpfYWdB+7VQFKP/+IIe","rect":[0,0,26,28],"offset":[0,0],"originalSize":[26,28],"capInsets":[0,0,0,0]}},{"__type__":"cc.SpriteFrame","content":{"name":"mowang02_09","texture":"db+Ie2IC1EjocRW6cd5Qbi","rect":[0,0,24,27],"offset":[0,0],"originalSize":[24,27],"capInsets":[0,0,0,0]}},{"__type__":"cc.SpriteFrame","content":{"name":"mowang02_08","texture":"20KJyUhA5E0rP35eg/LldL","rect":[0,0,27,18],"offset":[0,0],"originalSize":[27,18],"capInsets":[0,0,0,0]}},{"__type__":"cc.SpriteFrame","content":{"name":"mowang02_01","texture":"2ccjJfboJGvrlBknsDw4nl","rect":[0,0,45,27],"offset":[0,0],"originalSize":[45,27],"capInsets":[0,0,0,0]}},{"__type__":"cc.SpriteFrame","content":{"name":"mowang02_19","texture":"b6iV0oSjxDCLgs+aJ0rUfI","rect":[0,0,19,40],"offset":[0,0],"originalSize":[19,40],"capInsets":[0,0,0,0]}},{"__type__":"cc.SpriteFrame","content":{"name":"a","texture":"167cc1GfZOeYQjrmlSsHJ1","rect":[0,0,54,11],"offset":[0,0],"originalSize":[54,11],"capInsets":[0,0,0,0]}},{"__type__":"cc.SpriteFrame","content":{"name":"mowang02_15","texture":"d3BJJqM+xODbDc23gGpxPq","rect":[0,0,78,90],"offset":[0,0],"originalSize":[78,90],"capInsets":[0,0,0,0]}},{"__type__":"cc.SpriteFrame","content":{"name":"mowang02_16","texture":"526NJUp+9FppMYCXNFt/ze","rect":[0,0,13,13],"offset":[0,0],"originalSize":[13,13],"capInsets":[0,0,0,0]}},{"__type__":"cc.SpriteFrame","content":{"name":"mowang02_10","texture":"3abEivknlKJpsO6S5XUUyr","rect":[0,0,18,27],"offset":[0,0],"originalSize":[18,27],"capInsets":[0,0,0,0]}},{"__type__":"cc.SpriteFrame","content":{"name":"mowang02_13","texture":"14mlCqjZBJdIJ99QwjXwkN","rect":[0,0,31,23],"offset":[0,0],"originalSize":[31,23],"capInsets":[0,0,0,0]}},{"__type__":"cc.SpriteFrame","content":{"name":"mowang02_03","texture":"e2HLA2mZ5IR4Gg4CArFJFO","rect":[0,0,33,31],"offset":[0,0],"originalSize":[33,31],"capInsets":[0,0,0,0]}},{"__type__":"cc.SpriteFrame","content":{"name":"mowang02_04","texture":"52vMS48jlM85paLNcCdQo2","rect":[0,0,25,27],"offset":[0,0],"originalSize":[25,27],"capInsets":[0,0,0,0]}},{"__type__":"cc.SpriteFrame","content":{"name":"mowang02_12","texture":"fdPxncvjFLi5oflDMX1CEi","rect":[0,0,23,24],"offset":[0,0],"originalSize":[23,24],"capInsets":[0,0,0,0]}},{"__type__":"cc.SpriteFrame","content":{"name":"mowang02_20","texture":"4cBEr7WS1CE7XWR3RgxqoB","rect":[6,0,92,207],"offset":[3,0],"originalSize":[98,207],"capInsets":[0,0,0,0]}},[{"__type__":"cc.Prefab","_name":"100002","data":{"__id__":1}},{"__type__":"cc.Node","_name":"100002","_children":[{"__id__":2},{"__id__":3},{"__id__":4},{"__id__":42},{"__id__":43},{"__id__":44}],"_level":1,"_components":[{"__type__":"cc.Animation","node":{"__id__":1},"_clips":[{"__uuid__":"a1M6ve5PBEOryIfjj8IdI5"},{"__uuid__":"d9B4/F+ilJ2qRKKHrDtJYs"}]},{"__type__":"39536FqcZNC9IoItbhknXhs","node":{"__id__":1},"m_BossBullet":{"__uuid__":"2aicFdYcVJ57Dp+F5TeX4/"}}],"_prefab":{"__type__":"cc.PrefabInfo","root":{"__id__":1},"asset":{"__uuid__":"95EKidb8ZCIohq4EN+VldX"},"fileId":"31DJCvwPtFFI4GiC3t2B8u"},"_contentSize":{"__type__":"cc.Size","width":180,"height":180},"_anchorPoint":{"__type__":"cc.Vec2","x":0.5},"_position":{"__type__":"cc.Vec3","y":-55},"_scale":{"__type__":"cc.Vec3","x":1,"y":1,"z":1}},{"__type__":"cc.Node","_name":"a","_parent":{"__id__":1},"_components":[{"__type__":"cc.Sprite","node":{"__id__":2},"_spriteFrame":{"__uuid__":"5f7aAAVqFMraYmnnMbxHrz"}}],"_prefab":{"__type__":"cc.PrefabInfo","root":{"__id__":1},"asset":{"__uuid__":"95EKidb8ZCIohq4EN+VldX"},"fileId":"efuJEPCZdEI4dZcp6jOJ8u"},"_contentSize":{"__type__":"cc.Size","width":54,"height":11},"_position":{"__type__":"cc.Vec3","x":2.5,"y":19.5},"_scale":{"__type__":"cc.Vec3","x":1,"y":1,"z":1}},{"__type__":"cc.Node","_name":"mowang02_21","_parent":{"__id__":1},"_components":[{"__type__":"cc.Sprite","node":{"__id__":3},"_spriteFrame":{"__uuid__":"e71vnDjzxIY6L1DVIFnlzU"}}],"_prefab":{"__type__":"cc.PrefabInfo","root":{"__id__":1},"asset":{"__uuid__":"95EKidb8ZCIohq4EN+VldX"},"fileId":"d9XSNaC3hP9KDqwPWiZpCx"},"_opacity":0,"_contentSize":{"__type__":"cc.Size","width":176,"height":133},"_position":{"__type__":"cc.Vec3","x":1.3,"y":51},"_scale":{"__type__":"cc.Vec3","x":1,"y":1,"z":1}},{"__type__":"cc.Node","_name":"mowang02","_parent":{"__id__":1},"_children":[{"__id__":5},{"__id__":10},{"__id__":15},{"__id__":20},{"__id__":25},{"__id__":27},{"__id__":28},{"__id__":29},{"__id__":32},{"__id__":35},{"__id__":36},{"__id__":37},{"__id__":40},{"__id__":41}],"_prefab":{"__type__":"cc.PrefabInfo","root":{"__id__":1},"asset":{"__uuid__":"95EKidb8ZCIohq4EN+VldX"},"fileId":"069kmo3JhG655hQ4uCGBeB"},"_position":{"__type__":"cc.Vec3","y":17.8},"_scale":{"__type__":"cc.Vec3","x":1,"y":1,"z":1}},{"__type__":"cc.Node","_name":"mowang02_18c","_parent":{"__id__":4},"_children":[{"__id__":6},{"__id__":9}],"_components":[{"__type__":"cc.Sprite","node":{"__id__":5},"_spriteFrame":{"__uuid__":"045b61Z91PBbNVkIVJBGWk"}}],"_prefab":{"__type__":"cc.PrefabInfo","root":{"__id__":1},"asset":{"__uuid__":"95EKidb8ZCIohq4EN+VldX"},"fileId":"d3r7PnWMtDB7Vu+oyGY/km"},"_contentSize":{"__type__":"cc.Size","width":37,"height":25},"_anchorPoint":{"__type__":"cc.Vec2","x":0.9206828992924299,"y":0.18869465452360046},"_position":{"__type__":"cc.Vec3","x":5.1,"y":43.2},"_scale":{"__type__":"cc.Vec3","x":-1,"y":1,"z":1},"_rotationX":52,"_rotationY":52,"_quat":{"__type__":"cc.Quat","z":-0.4383711467890774,"w":0.898794046299167}},{"__type__":"cc.Node","_name":"mowang02_19c","_parent":{"__id__":5},"_children":[{"__id__":7}],"_components":[{"__type__":"cc.Sprite","node":{"__id__":6},"_spriteFrame":{"__uuid__":"5cpjHxfL5L44gfu2ukgkVF"}}],"_prefab":{"__type__":"cc.PrefabInfo","root":{"__id__":1},"asset":{"__uuid__":"95EKidb8ZCIohq4EN+VldX"},"fileId":"60vEKl0b9K86tWInirng6G"},"_contentSize":{"__type__":"cc.Size","width":19,"height":40},"_anchorPoint":{"__type__":"cc.Vec2","x":0.8003823508982778,"y":0.04601303784691735},"_position":{"__type__":"cc.Vec3","x":-29.7,"y":11.9},"_scale":{"__type__":"cc.Vec3","x":1,"y":1,"z":1}},{"__type__":"cc.Node","_name":"mowang02_17c","_parent":{"__id__":6},"_children":[{"__id__":8}],"_components":[{"__type__":"cc.Sprite","node":{"__id__":7},"_spriteFrame":{"__uuid__":"c35HZFIWZJArhTS46C/g32"}}],"_prefab":{"__type__":"cc.PrefabInfo","root":{"__id__":1},"asset":{"__uuid__":"95EKidb8ZCIohq4EN+VldX"},"fileId":"0bwb2wfHxLYbABV2J62iDm"},"_contentSize":{"__type__":"cc.Size","width":46,"height":61},"_anchorPoint":{"__type__":"cc.Vec2","x":0.6804668669428384,"y":0.678617821174982},"_position":{"__type__":"cc.Vec3","x":-7.8,"y":36.4},"_scale":{"__type__":"cc.Vec3","x":1,"y":1,"z":1},"_rotationX":-10,"_rotationY":-10,"_quat":{"__type__":"cc.Quat","z":0.08715574274765817,"w":0.9961946980917455}},{"__type__":"cc.Node","_name":"mowang02_15c","_parent":{"__id__":7},"_components":[{"__type__":"cc.Sprite","node":{"__id__":8},"_spriteFrame":{"__uuid__":"61DEdbb+9AbpPSuf1kmEce"}}],"_prefab":{"__type__":"cc.PrefabInfo","root":{"__id__":1},"asset":{"__uuid__":"95EKidb8ZCIohq4EN+VldX"},"fileId":"beB3yBPG1ENY/UfZAjRAIY"},"_opacity":0,"_contentSize":{"__type__":"cc.Size","width":78,"height":90},"_position":{"__type__":"cc.Vec3","x":-8.5,"y":-10.6},"_scale":{"__type__":"cc.Vec3","x":1,"y":1,"z":1}},{"__type__":"cc.Node","_name":"mowang02_16c","_parent":{"__id__":5},"_components":[{"__type__":"cc.Sprite","node":{"__id__":9},"_spriteFrame":{"__uuid__":"61p/JLKURLPJbsniCT2uW4"}}],"_prefab":{"__type__":"cc.PrefabInfo","root":{"__id__":1},"asset":{"__uuid__":"95EKidb8ZCIohq4EN+VldX"},"fileId":"c6u78EFU1Jaat/6LN1jOZV"},"_contentSize":{"__type__":"cc.Size","width":13,"height":13},"_position":{"__type__":"cc.Vec3","x":-28.7,"y":12.5},"_scale":{"__type__":"cc.Vec3","x":1,"y":1,"z":1}},{"__type__":"cc.Node","_name":"mowang02_18b","_parent":{"__id__":4},"_children":[{"__id__":11},{"__id__":14}],"_components":[{"__type__":"cc.Sprite","node":{"__id__":10},"_spriteFrame":{"__uuid__":"045b61Z91PBbNVkIVJBGWk"}}],"_prefab":{"__type__":"cc.PrefabInfo","root":{"__id__":1},"asset":{"__uuid__":"95EKidb8ZCIohq4EN+VldX"},"fileId":"f5SYrTcctIyYXutiL10rUj"},"_contentSize":{"__type__":"cc.Size","width":37,"height":25},"_anchorPoint":{"__type__":"cc.Vec2","x":0.9206828992924299,"y":0.18869465452360046},"_position":{"__type__":"cc.Vec3","x":12.7,"y":62.6},"_scale":{"__type__":"cc.Vec3","x":-1,"y":1,"z":1},"_rotationX":10,"_rotationY":10,"_quat":{"__type__":"cc.Quat","z":-0.08715574274765817,"w":0.9961946980917455}},{"__type__":"cc.Node","_name":"mowang02_19b","_parent":{"__id__":10},"_children":[{"__id__":12}],"_components":[{"__type__":"cc.Sprite","node":{"__id__":11},"_spriteFrame":{"__uuid__":"5cpjHxfL5L44gfu2ukgkVF"}}],"_prefab":{"__type__":"cc.PrefabInfo","root":{"__id__":1},"asset":{"__uuid__":"95EKidb8ZCIohq4EN+VldX"},"fileId":"f9vWADIfZK2at+DTwkEN/x"},"_contentSize":{"__type__":"cc.Size","width":19,"height":40},"_anchorPoint":{"__type__":"cc.Vec2","x":0.8003823508982778,"y":0.04601303784691735},"_position":{"__type__":"cc.Vec3","x":-29.7,"y":11.9},"_scale":{"__type__":"cc.Vec3","x":1,"y":1,"z":1}},{"__type__":"cc.Node","_name":"mowang02_17b","_parent":{"__id__":11},"_children":[{"__id__":13}],"_components":[{"__type__":"cc.Sprite","node":{"__id__":12},"_spriteFrame":{"__uuid__":"c35HZFIWZJArhTS46C/g32"}}],"_prefab":{"__type__":"cc.PrefabInfo","root":{"__id__":1},"asset":{"__uuid__":"95EKidb8ZCIohq4EN+VldX"},"fileId":"6878vi8kdPB6zphWo773r2"},"_contentSize":{"__type__":"cc.Size","width":46,"height":61},"_anchorPoint":{"__type__":"cc.Vec2","x":0.6804668669428384,"y":0.678617821174982},"_position":{"__type__":"cc.Vec3","x":-7.8,"y":36.4},"_scale":{"__type__":"cc.Vec3","x":1,"y":1,"z":1}},{"__type__":"cc.Node","_name":"mowang02_15b","_parent":{"__id__":12},"_components":[{"__type__":"cc.Sprite","node":{"__id__":13},"_spriteFrame":{"__uuid__":"61DEdbb+9AbpPSuf1kmEce"}}],"_prefab":{"__type__":"cc.PrefabInfo","root":{"__id__":1},"asset":{"__uuid__":"95EKidb8ZCIohq4EN+VldX"},"fileId":"5dRa7NyvhCjoZasUavldZj"},"_opacity":0,"_contentSize":{"__type__":"cc.Size","width":78,"height":90},"_position":{"__type__":"cc.Vec3","x":-8.5,"y":-10.6},"_scale":{"__type__":"cc.Vec3","x":1,"y":1,"z":1}},{"__type__":"cc.Node","_name":"mowang02_16b","_parent":{"__id__":10},"_components":[{"__type__":"cc.Sprite","node":{"__id__":14},"_spriteFrame":{"__uuid__":"61p/JLKURLPJbsniCT2uW4"}}],"_prefab":{"__type__":"cc.PrefabInfo","root":{"__id__":1},"asset":{"__uuid__":"95EKidb8ZCIohq4EN+VldX"},"fileId":"a48IXcHfdHvKlHbtU96hKN"},"_contentSize":{"__type__":"cc.Size","width":13,"height":13},"_position":{"__type__":"cc.Vec3","x":-28.7,"y":12.5},"_scale":{"__type__":"cc.Vec3","x":1,"y":1,"z":1}},{"__type__":"cc.Node","_name":"mowang02_18a","_parent":{"__id__":4},"_children":[{"__id__":16},{"__id__":19}],"_components":[{"__type__":"cc.Sprite","node":{"__id__":15},"_spriteFrame":{"__uuid__":"045b61Z91PBbNVkIVJBGWk"}}],"_prefab":{"__type__":"cc.PrefabInfo","root":{"__id__":1},"asset":{"__uuid__":"95EKidb8ZCIohq4EN+VldX"},"fileId":"2btCSDDPxI76J9kKWa/qEy"},"_contentSize":{"__type__":"cc.Size","width":37,"height":25},"_anchorPoint":{"__type__":"cc.Vec2","x":0.9206828992924299,"y":0.18869465452360046},"_position":{"__type__":"cc.Vec3","x":-19.4,"y":48.1},"_scale":{"__type__":"cc.Vec3","x":1,"y":1,"z":1},"_rotationX":-52,"_rotationY":-52,"_quat":{"__type__":"cc.Quat","z":0.4383711467890774,"w":0.898794046299167}},{"__type__":"cc.Node","_name":"mowang02_19a","_parent":{"__id__":15},"_children":[{"__id__":17}],"_components":[{"__type__":"cc.Sprite","node":{"__id__":16},"_spriteFrame":{"__uuid__":"5cpjHxfL5L44gfu2ukgkVF"}}],"_prefab":{"__type__":"cc.PrefabInfo","root":{"__id__":1},"asset":{"__uuid__":"95EKidb8ZCIohq4EN+VldX"},"fileId":"03D6FA6V5L9rm66PP9J9aU"},"_contentSize":{"__type__":"cc.Size","width":19,"height":40},"_anchorPoint":{"__type__":"cc.Vec2","x":0.8003823508982778,"y":0.04601303784691735},"_position":{"__type__":"cc.Vec3","x":-29.7,"y":11.9},"_scale":{"__type__":"cc.Vec3","x":1,"y":1,"z":1}},{"__type__":"cc.Node","_name":"mowang02_17a","_parent":{"__id__":16},"_children":[{"__id__":18}],"_components":[{"__type__":"cc.Sprite","node":{"__id__":17},"_spriteFrame":{"__uuid__":"c35HZFIWZJArhTS46C/g32"}}],"_prefab":{"__type__":"cc.PrefabInfo","root":{"__id__":1},"asset":{"__uuid__":"95EKidb8ZCIohq4EN+VldX"},"fileId":"77jd07ZHpN77kURY9T9Sy1"},"_contentSize":{"__type__":"cc.Size","width":46,"height":61},"_anchorPoint":{"__type__":"cc.Vec2","x":0.6804668669428384,"y":0.678617821174982},"_position":{"__type__":"cc.Vec3","x":-7.8,"y":36.4},"_scale":{"__type__":"cc.Vec3","x":1,"y":1,"z":1},"_rotationX":-10,"_rotationY":-10,"_quat":{"__type__":"cc.Quat","z":0.08715574274765817,"w":0.9961946980917455}},{"__type__":"cc.Node","_name":"mowang02_15a","_parent":{"__id__":17},"_components":[{"__type__":"cc.Sprite","node":{"__id__":18},"_spriteFrame":{"__uuid__":"61DEdbb+9AbpPSuf1kmEce"}}],"_prefab":{"__type__":"cc.PrefabInfo","root":{"__id__":1},"asset":{"__uuid__":"95EKidb8ZCIohq4EN+VldX"},"fileId":"3eUttNOcVBUYVi6jZwEFi/"},"_opacity":0,"_contentSize":{"__type__":"cc.Size","width":78,"height":90},"_position":{"__type__":"cc.Vec3","x":-8.5,"y":-10.6},"_scale":{"__type__":"cc.Vec3","x":1,"y":1,"z":1}},{"__type__":"cc.Node","_name":"mowang02_16a","_parent":{"__id__":15},"_components":[{"__type__":"cc.Sprite","node":{"__id__":19},"_spriteFrame":{"__uuid__":"61p/JLKURLPJbsniCT2uW4"}}],"_prefab":{"__type__":"cc.PrefabInfo","root":{"__id__":1},"asset":{"__uuid__":"95EKidb8ZCIohq4EN+VldX"},"fileId":"4aEFx3KQRGMYhBB6JY05mz"},"_contentSize":{"__type__":"cc.Size","width":13,"height":13},"_position":{"__type__":"cc.Vec3","x":-28.7,"y":12.5},"_scale":{"__type__":"cc.Vec3","x":1,"y":1,"z":1}},{"__type__":"cc.Node","_name":"mowang02_18","_parent":{"__id__":4},"_children":[{"__id__":21},{"__id__":24}],"_components":[{"__type__":"cc.Sprite","node":{"__id__":20},"_spriteFrame":{"__uuid__":"045b61Z91PBbNVkIVJBGWk"}}],"_prefab":{"__type__":"cc.PrefabInfo","root":{"__id__":1},"asset":{"__uuid__":"95EKidb8ZCIohq4EN+VldX"},"fileId":"43CyHy8SpNopAtM7OzdptJ"},"_contentSize":{"__type__":"cc.Size","width":37,"height":25},"_anchorPoint":{"__type__":"cc.Vec2","x":0.9206828992924299,"y":0.18869465452360046},"_position":{"__type__":"cc.Vec3","x":-28.4,"y":67},"_scale":{"__type__":"cc.Vec3","x":1,"y":1,"z":1}},{"__type__":"cc.Node","_name":"mowang02_19","_parent":{"__id__":20},"_children":[{"__id__":22}],"_components":[{"__type__":"cc.Sprite","node":{"__id__":21},"_spriteFrame":{"__uuid__":"5cpjHxfL5L44gfu2ukgkVF"}}],"_prefab":{"__type__":"cc.PrefabInfo","root":{"__id__":1},"asset":{"__uuid__":"95EKidb8ZCIohq4EN+VldX"},"fileId":"86eaauT8JEp5kP3Fpq39cH"},"_contentSize":{"__type__":"cc.Size","width":19,"height":40},"_anchorPoint":{"__type__":"cc.Vec2","x":0.8003823508982778,"y":0.04601303784691735},"_position":{"__type__":"cc.Vec3","x":-29.7,"y":11.9},"_scale":{"__type__":"cc.Vec3","x":1,"y":1,"z":1}},{"__type__":"cc.Node","_name":"mowang02_17","_parent":{"__id__":21},"_children":[{"__id__":23}],"_components":[{"__type__":"cc.Sprite","node":{"__id__":22},"_spriteFrame":{"__uuid__":"c35HZFIWZJArhTS46C/g32"}}],"_prefab":{"__type__":"cc.PrefabInfo","root":{"__id__":1},"asset":{"__uuid__":"95EKidb8ZCIohq4EN+VldX"},"fileId":"061HlgbZdKm4OYPlPrmVA8"},"_contentSize":{"__type__":"cc.Size","width":46,"height":61},"_anchorPoint":{"__type__":"cc.Vec2","x":0.6804668669428384,"y":0.678617821174982},"_position":{"__type__":"cc.Vec3","x":-7.8,"y":36.4},"_scale":{"__type__":"cc.Vec3","x":1,"y":1,"z":1}},{"__type__":"cc.Node","_name":"mowang02_15","_parent":{"__id__":22},"_components":[{"__type__":"cc.Sprite","node":{"__id__":23},"_spriteFrame":{"__uuid__":"61DEdbb+9AbpPSuf1kmEce"}}],"_prefab":{"__type__":"cc.PrefabInfo","root":{"__id__":1},"asset":{"__uuid__":"95EKidb8ZCIohq4EN+VldX"},"fileId":"d81wVc10tPN7QFT+Z+G2bC"},"_opacity":0,"_contentSize":{"__type__":"cc.Size","width":78,"height":90},"_position":{"__type__":"cc.Vec3","x":-8.5,"y":-10.6},"_scale":{"__type__":"cc.Vec3","x":1,"y":1,"z":1}},{"__type__":"cc.Node","_name":"mowang02_16","_parent":{"__id__":20},"_components":[{"__type__":"cc.Sprite","node":{"__id__":24},"_spriteFrame":{"__uuid__":"61p/JLKURLPJbsniCT2uW4"}}],"_prefab":{"__type__":"cc.PrefabInfo","root":{"__id__":1},"asset":{"__uuid__":"95EKidb8ZCIohq4EN+VldX"},"fileId":"2f/Ua+PeFDpqS/WKBX5zgM"},"_contentSize":{"__type__":"cc.Size","width":13,"height":13},"_position":{"__type__":"cc.Vec3","x":-28.7,"y":12.5},"_scale":{"__type__":"cc.Vec3","x":1,"y":1,"z":1}},{"__type__":"cc.Node","_name":"mowang02_14","_parent":{"__id__":4},"_children":[{"__id__":26}],"_components":[{"__type__":"cc.Sprite","node":{"__id__":25},"_spriteFrame":{"__uuid__":"95HhLmLy1BnK2HgTbbirlf"}}],"_prefab":{"__type__":"cc.PrefabInfo","root":{"__id__":1},"asset":{"__uuid__":"95EKidb8ZCIohq4EN+VldX"},"fileId":"7adCiirfZOpq2mZU+wuhJN"},"_contentSize":{"__type__":"cc.Size","width":14,"height":20},"_anchorPoint":{"__type__":"cc.Vec2","x":0.14001394479783247,"y":0.8307371882169928},"_position":{"__type__":"cc.Vec3","x":5.4,"y":60.5},"_scale":{"__type__":"cc.Vec3","x":1,"y":1,"z":1}},{"__type__":"cc.Node","_name":"mowang02_13","_parent":{"__id__":25},"_components":[{"__type__":"cc.Sprite","node":{"__id__":26},"_spriteFrame":{"__uuid__":"75XV+nGGFNfpSrzoepsouH"}}],"_prefab":{"__type__":"cc.PrefabInfo","root":{"__id__":1},"asset":{"__uuid__":"95EKidb8ZCIohq4EN+VldX"},"fileId":"40B1050TxK1YiDc7+Mpnzz"},"_contentSize":{"__type__":"cc.Size","width":31,"height":23},"_anchorPoint":{"__type__":"cc.Vec2","x":0.05292054434569504,"y":0.5821707299917981},"_position":{"__type__":"cc.Vec3","x":6.6,"y":-11.4},"_scale":{"__type__":"cc.Vec3","x":1,"y":1,"z":1}},{"__type__":"cc.Node","_name":"mowang02_11","_parent":{"__id__":4},"_components":[{"__type__":"cc.Sprite","node":{"__id__":27},"_spriteFrame":{"__uuid__":"d5RXKwZAhApYoQGOtG3+Zs"}}],"_prefab":{"__type__":"cc.PrefabInfo","root":{"__id__":1},"asset":{"__uuid__":"95EKidb8ZCIohq4EN+VldX"},"fileId":"02uoqTETtKCaPnc99yTrpJ"},"_contentSize":{"__type__":"cc.Size","width":23,"height":27},"_position":{"__type__":"cc.Vec3","x":-3.1,"y":44.9},"_scale":{"__type__":"cc.Vec3","x":1,"y":1,"z":1}},{"__type__":"cc.Node","_name":"mowang02_04","_parent":{"__id__":4},"_components":[{"__type__":"cc.Sprite","node":{"__id__":28},"_spriteFrame":{"__uuid__":"7aN3iEH/JFIJxWMXjRlAim"}}],"_prefab":{"__type__":"cc.PrefabInfo","root":{"__id__":1},"asset":{"__uuid__":"95EKidb8ZCIohq4EN+VldX"},"fileId":"3dr8EWFrBC1ZAuKVS/+J0t"},"_contentSize":{"__type__":"cc.Size","width":25,"height":27},"_position":{"__type__":"cc.Vec3","x":-2.3,"y":64.5},"_scale":{"__type__":"cc.Vec3","x":1,"y":1,"z":1}},{"__type__":"cc.Node","_name":"jiao01","_parent":{"__id__":4},"_children":[{"__id__":30},{"__id__":31}],"_prefab":{"__type__":"cc.PrefabInfo","root":{"__id__":1},"asset":{"__uuid__":"95EKidb8ZCIohq4EN+VldX"},"fileId":"7esyvJ5aFGRKX49HxWtW1X"},"_position":{"__type__":"cc.Vec3","x":3.5,"y":31.7},"_scale":{"__type__":"cc.Vec3","x":1,"y":1,"z":1}},{"__type__":"cc.Node","_name":"mowang02_09","_parent":{"__id__":29},"_components":[{"__type__":"cc.Sprite","node":{"__id__":30},"_spriteFrame":{"__uuid__":"167reW3mhHPKXqceevR0BQ"}}],"_prefab":{"__type__":"cc.PrefabInfo","root":{"__id__":1},"asset":{"__uuid__":"95EKidb8ZCIohq4EN+VldX"},"fileId":"a76O9b4JJABZ5G52Q6Q4Lf"},"_contentSize":{"__type__":"cc.Size","width":24,"height":27},"_position":{"__type__":"cc.Vec3","x":24.3,"y":-15.7},"_scale":{"__type__":"cc.Vec3","x":1,"y":1,"z":1}},{"__type__":"cc.Node","_name":"mowang02_08","_parent":{"__id__":29},"_components":[{"__type__":"cc.Sprite","node":{"__id__":31},"_spriteFrame":{"__uuid__":"21zrjEPIJLwI5IQ8ePOhPc"}}],"_prefab":{"__type__":"cc.PrefabInfo","root":{"__id__":1},"asset":{"__uuid__":"95EKidb8ZCIohq4EN+VldX"},"fileId":"ddA0BmS89KMLiHcxQ/XxZC"},"_contentSize":{"__type__":"cc.Size","width":27,"height":18},"_position":{"__type__":"cc.Vec3","x":10.4,"y":1},"_scale":{"__type__":"cc.Vec3","x":1,"y":1,"z":1}},{"__type__":"cc.Node","_name":"jiao","_parent":{"__id__":4},"_children":[{"__id__":33},{"__id__":34}],"_prefab":{"__type__":"cc.PrefabInfo","root":{"__id__":1},"asset":{"__uuid__":"95EKidb8ZCIohq4EN+VldX"},"fileId":"e4ozB6AtdFiIpwsxz3oZU7"},"_position":{"__type__":"cc.Vec3","x":-17,"y":36.4},"_scale":{"__type__":"cc.Vec3","x":1,"y":1,"z":1}},{"__type__":"cc.Node","_name":"mowang02_12","_parent":{"__id__":32},"_components":[{"__type__":"cc.Sprite","node":{"__id__":33},"_spriteFrame":{"__uuid__":"82Jf4P5q5GYIn3dgmXvT6g"}}],"_prefab":{"__type__":"cc.PrefabInfo","root":{"__id__":1},"asset":{"__uuid__":"95EKidb8ZCIohq4EN+VldX"},"fileId":"0fLRnMS9RCaovIMPE6Q1h6"},"_contentSize":{"__type__":"cc.Size","width":23,"height":24},"_position":{"__type__":"cc.Vec3","x":-6.3,"y":-22.8},"_scale":{"__type__":"cc.Vec3","x":1,"y":1,"z":1}},{"__type__":"cc.Node","_name":"mowang02_10","_parent":{"__id__":32},"_components":[{"__type__":"cc.Sprite","node":{"__id__":34},"_spriteFrame":{"__uuid__":"69YoZYu75LhLYeYhCApyKC"}}],"_prefab":{"__type__":"cc.PrefabInfo","root":{"__id__":1},"asset":{"__uuid__":"95EKidb8ZCIohq4EN+VldX"},"fileId":"0f+ijLuXxAAqko/eIWQf7A"},"_contentSize":{"__type__":"cc.Size","width":18,"height":27},"_position":{"__type__":"cc.Vec3","x":1.6,"y":-5.2},"_scale":{"__type__":"cc.Vec3","x":1,"y":1,"z":1}},{"__type__":"cc.Node","_name":"mowang02_07","_parent":{"__id__":4},"_components":[{"__type__":"cc.Sprite","node":{"__id__":35},"_spriteFrame":{"__uuid__":"b6uzK3A35Oa4Di6iMj0ouq"}}],"_prefab":{"__type__":"cc.PrefabInfo","root":{"__id__":1},"asset":{"__uuid__":"95EKidb8ZCIohq4EN+VldX"},"fileId":"ab+Acw+SBHSLBYjBartaBd"},"_contentSize":{"__type__":"cc.Size","width":14,"height":24},"_position":{"__type__":"cc.Vec3","x":0.7,"y":30.5},"_scale":{"__type__":"cc.Vec3","x":1,"y":1,"z":1}},{"__type__":"cc.Node","_name":"mowang02_06","_parent":{"__id__":4},"_components":[{"__type__":"cc.Sprite","node":{"__id__":36},"_spriteFrame":{"__uuid__":"f7FN7YXtBPfYytSTsJbEPI"}}],"_prefab":{"__type__":"cc.PrefabInfo","root":{"__id__":1},"asset":{"__uuid__":"95EKidb8ZCIohq4EN+VldX"},"fileId":"82nkeJSWlMypB59RIXhi7A"},"_contentSize":{"__type__":"cc.Size","width":26,"height":14},"_position":{"__type__":"cc.Vec3","x":-3.4,"y":41.6},"_scale":{"__type__":"cc.Vec3","x":1,"y":1,"z":1}},{"__type__":"cc.Node","_name":"shou01","_parent":{"__id__":4},"_children":[{"__id__":38},{"__id__":39}],"_prefab":{"__type__":"cc.PrefabInfo","root":{"__id__":1},"asset":{"__uuid__":"95EKidb8ZCIohq4EN+VldX"},"fileId":"45VsFP8clNh6gQimnUUqSL"},"_position":{"__type__":"cc.Vec3","x":-20.7,"y":66.6},"_scale":{"__type__":"cc.Vec3","x":1,"y":1,"z":1}},{"__type__":"cc.Node","_name":"mowang02_05","_parent":{"__id__":37},"_components":[{"__type__":"cc.Sprite","node":{"__id__":38},"_spriteFrame":{"__uuid__":"12h8U32X9IG7rSQ4ELNLuD"}}],"_prefab":{"__type__":"cc.PrefabInfo","root":{"__id__":1},"asset":{"__uuid__":"95EKidb8ZCIohq4EN+VldX"},"fileId":"e0VIfD/UdGupFQJqJSJIdD"},"_contentSize":{"__type__":"cc.Size","width":26,"height":28},"_anchorPoint":{"__type__":"cc.Vec2","x":0.7258392032179777,"y":0.6855107740719109},"_position":{"__type__":"cc.Vec3","x":2.7,"y":-1.7},"_scale":{"__type__":"cc.Vec3","x":1,"y":1,"z":1}},{"__type__":"cc.Node","_name":"mowang02_03","_parent":{"__id__":37},"_components":[{"__type__":"cc.Sprite","node":{"__id__":39},"_spriteFrame":{"__uuid__":"7aNBS9buJHJ7XJ/r4BWC4w"}}],"_prefab":{"__type__":"cc.PrefabInfo","root":{"__id__":1},"asset":{"__uuid__":"95EKidb8ZCIohq4EN+VldX"},"fileId":"90QgLxKltKl4vM7A0lpo5w"},"_contentSize":{"__type__":"cc.Size","width":33,"height":31},"_anchorPoint":{"__type__":"cc.Vec2","x":0.8421806109363298,"y":0.22316484766828582},"_position":{"__type__":"cc.Vec3","x":5.1,"y":-1.9},"_scale":{"__type__":"cc.Vec3","x":1,"y":1,"z":1}},{"__type__":"cc.Node","_name":"mowang02_02","_parent":{"__id__":4},"_components":[{"__type__":"cc.Sprite","node":{"__id__":40},"_spriteFrame":{"__uuid__":"edWk2G+ydGmqt68a3A2ZPm"}}],"_prefab":{"__type__":"cc.PrefabInfo","root":{"__id__":1},"asset":{"__uuid__":"95EKidb8ZCIohq4EN+VldX"},"fileId":"2889cYCANOv6TqrlsqqYcc"},"_contentSize":{"__type__":"cc.Size","width":109,"height":129},"_anchorPoint":{"__type__":"cc.Vec2","x":0.4317434351863516,"y":0.08762981560064292},"_position":{"__type__":"cc.Vec3","x":-1.2,"y":67},"_scale":{"__type__":"cc.Vec3","x":1,"y":1,"z":1}},{"__type__":"cc.Node","_name":"mowang02_01","_parent":{"__id__":4},"_components":[{"__type__":"cc.Sprite","node":{"__id__":41},"_spriteFrame":{"__uuid__":"33yfrIsONJJL8fQDogeXaN"}}],"_prefab":{"__type__":"cc.PrefabInfo","root":{"__id__":1},"asset":{"__uuid__":"95EKidb8ZCIohq4EN+VldX"},"fileId":"9di3DOGMJPFLR6hWGhvSq1"},"_contentSize":{"__type__":"cc.Size","width":45,"height":27},"_anchorPoint":{"__type__":"cc.Vec2","x":0.3444218822276157,"y":0.4916355850660016},"_position":{"__type__":"cc.Vec3","x":-32,"y":46.7},"_scale":{"__type__":"cc.Vec3","x":1,"y":1,"z":1}},{"__type__":"cc.Node","_name":"mowang02_20","_parent":{"__id__":1},"_components":[{"__type__":"cc.Sprite","node":{"__id__":42},"_spriteFrame":{"__uuid__":"93bxicnwlJz7+n1bgR3nd1"}}],"_prefab":{"__type__":"cc.PrefabInfo","root":{"__id__":1},"asset":{"__uuid__":"95EKidb8ZCIohq4EN+VldX"},"fileId":"feqDwHmJJDwZ6vrkqWKUEe"},"_opacity":0,"_contentSize":{"__type__":"cc.Size","width":92,"height":207},"_position":{"__type__":"cc.Vec3","x":-41.8,"y":203.3},"_scale":{"__type__":"cc.Vec3","x":1,"y":1,"z":1}},{"__type__":"cc.Node","_name":"mowang02_20b","_parent":{"__id__":1},"_components":[{"__type__":"cc.Sprite","node":{"__id__":43},"_spriteFrame":{"__uuid__":"93bxicnwlJz7+n1bgR3nd1"}}],"_prefab":{"__type__":"cc.PrefabInfo","root":{"__id__":1},"asset":{"__uuid__":"95EKidb8ZCIohq4EN+VldX"},"fileId":"38VaVG2MZDCbHGSItduLPd"},"_opacity":0,"_contentSize":{"__type__":"cc.Size","width":92,"height":207},"_position":{"__type__":"cc.Vec3","x":99.7,"y":118.8},"_scale":{"__type__":"cc.Vec3","x":1,"y":1,"z":1}},{"__type__":"cc.Node","_name":"mowang02_20a","_parent":{"__id__":1},"_components":[{"__type__":"cc.Sprite","node":{"__id__":44},"_spriteFrame":{"__uuid__":"93bxicnwlJz7+n1bgR3nd1"}}],"_prefab":{"__type__":"cc.PrefabInfo","root":{"__id__":1},"asset":{"__uuid__":"95EKidb8ZCIohq4EN+VldX"},"fileId":"77gDfvIedDhLSwMGE68sn7"},"_opacity":0,"_contentSize":{"__type__":"cc.Size","width":92,"height":207},"_position":{"__type__":"cc.Vec3","x":-109.6,"y":137.4},"_scale":{"__type__":"cc.Vec3","x":1,"y":1,"z":1}}],{"__type__":"cc.SpriteFrame","content":{"name":"mowang02_14","texture":"821++Zm2tDiZ2rcxmkihIB","rect":[0,0,14,20],"offset":[0,0],"originalSize":[14,20],"capInsets":[0,0,0,0]}},{"__type__":"cc.AnimationClip","_name":"Run","_duration":0.6666666666666666,"wrapMode":"2","curveData":{"paths":{"mowang02":{"props":{"scale":[{"frame":0,"value":{"__type__":"cc.Vec2","x":1,"y":1}},{"frame":0.3333333333333333,"value":{"__type__":"cc.Vec2","x":1.02,"y":0.99}},{"frame":0.6666666666666666,"value":{"__type__":"cc.Vec2","x":1,"y":1}}]}},"mowang02/mowang02_02":{"props":{"position":[{"frame":0,"value":[-1.2,67]},{"frame":0.3333333333333333,"value":[-1.2,66.1]},{"frame":0.6666666666666666,"value":[-1.2,67]}]}},"mowang02/mowang02_18":{"props":{"rotation":[{"frame":0,"value":0},{"frame":0.3333333333333333,"value":8},{"frame":0.6666666666666666,"value":0}]}},"mowang02/mowang02_18a":{"props":{"rotation":[{"frame":0,"value":-52},{"frame":0.3333333333333333,"value":-55},{"frame":0.6666666666666666,"value":-52}]}},"mowang02/mowang02_18b":{"props":{"rotation":[{"frame":0,"value":10},{"frame":0.3333333333333333,"value":6},{"frame":0.6666666666666666,"value":10}],"position":[{"frame":0,"value":[12.7,62.6]}]}},"mowang02/mowang02_18c":{"props":{"rotation":[{"frame":0,"value":52},{"frame":0.3333333333333333,"value":55},{"frame":0.6666666666666666,"value":52}],"position":[{"frame":0,"value":[5.1,43.2]}]}},"mowang02/mowang02_18/mowang02_19":{"props":{"rotation":[{"frame":0,"value":0},{"frame":0.3333333333333333,"value":2},{"frame":0.6666666666666666,"value":0}]}},"mowang02/mowang02_18a/mowang02_19a":{"props":{"rotation":[{"frame":0,"value":0},{"frame":0.3333333333333333,"value":-7},{"frame":0.6666666666666666,"value":0}]}},"mowang02/mowang02_18b/mowang02_19b":{"props":{"rotation":[{"frame":0,"value":0},{"frame":0.3333333333333333,"value":4},{"frame":0.6666666666666666,"value":0}]}},"mowang02/mowang02_18c/mowang02_19c":{"props":{"rotation":[{"frame":0,"value":0},{"frame":0.3333333333333333,"value":-3},{"frame":0.6666666666666666,"value":0}]}},"mowang02/mowang02_14/mowang02_13":{"props":{"rotation":[{"frame":0,"value":0},{"frame":0.3333333333333333,"value":-9},{"frame":0.6666666666666666,"value":0}]}},"mowang02/mowang02_14":{"props":{"rotation":[{"frame":0,"value":0},{"frame":0.3333333333333333,"value":-4},{"frame":0.6666666666666666,"value":0}]}},"mowang02/shou01/mowang02_03":{"props":{"position":[{"frame":0,"value":[5.1,-1.9]},{"frame":0.3333333333333333,"value":[5.5,-1]},{"frame":0.6666666666666666,"value":[5.1,-1.9]}]}},"mowang02/mowang02_18a/mowang02_19a/mowang02_17a":{"props":{"rotation":[{"frame":0,"value":-10},{"frame":0.3333333333333333,"value":1},{"frame":0.6666666666666666,"value":-10}]}},"mowang02/mowang02_18/mowang02_19/mowang02_17":{"props":{"rotation":[{"frame":0,"value":0},{"frame":0.3333333333333333,"value":12},{"frame":0.6666666666666666,"value":0}]}},"mowang02/mowang02_18b/mowang02_19b/mowang02_17b":{"props":{"rotation":[{"frame":0,"value":0},{"frame":0.3333333333333333,"value":14},{"frame":0.6666666666666666,"value":0}]}},"mowang02/mowang02_18c/mowang02_19c/mowang02_17c":{"props":{"rotation":[{"frame":0,"value":-10},{"frame":0.3333333333333333,"value":11},{"frame":0.6666666666666666,"value":-10}]}},"a":{"props":{"scale":[{"frame":0,"value":{"__type__":"cc.Vec2","x":1.35,"y":1}},{"frame":0.3333333333333333,"value":{"__type__":"cc.Vec2","x":1.5,"y":1}},{"frame":0.6666666666666666,"value":{"__type__":"cc.Vec2","x":1.35,"y":1}}]}},"mowang02/mowang02_01":{"props":{"rotation":[{"frame":0,"value":0},{"frame":0.3333333333333333,"value":-11},{"frame":0.6666666666666666,"value":0}]}},"mowang02_20a":{"props":{"opacity":[{"frame":0,"value":0}]}},"mowang02_20b":{"props":{"opacity":[{"frame":0,"value":0}]}},"mowang02_20":{"props":{"opacity":[{"frame":0,"value":0}]}},"mowang02_21":{"props":{"opacity":[{"frame":0,"value":0}]}}}}},{"__type__":"cc.SpriteFrame","content":{"name":"mowang02_07","texture":"41GZKBca5Pz6B3HZW7aeh7","rect":[0,0,14,24],"offset":[0,0],"originalSize":[14,24],"capInsets":[0,0,0,0]}},{"__type__":"cc.SpriteFrame","content":{"name":"mowang02_17","texture":"d2FhrFJN9BFYNImt6sV2At","rect":[0,0,46,61],"offset":[0,0],"originalSize":[46,61],"capInsets":[0,0,0,0]}},{"__type__":"cc.SpriteFrame","content":{"name":"mowang02_11","texture":"2diP0v/ONFII70qwsWPRtu","rect":[0,0,23,27],"offset":[0,0],"originalSize":[23,27],"capInsets":[0,0,0,0]}},{"__type__":"cc.AnimationClip","_name":"Atk","_duration":1.35,"wrapMode":"1","curveData":{"paths":{"mowang02":{"props":{"scale":[{"frame":0,"value":{"__type__":"cc.Vec2","x":1,"y":1}},{"frame":0.16666666666666666,"value":{"__type__":"cc.Vec2","x":1.02,"y":0.98}},{"frame":0.3333333333333333,"value":{"__type__":"cc.Vec2","x":1,"y":1}},{"frame":0.5,"value":{"__type__":"cc.Vec2","x":1,"y":1.02}},{"frame":0.6666666666666666,"value":{"__type__":"cc.Vec2","x":1.03,"y":0.98}},{"frame":0.8333333333333334,"value":{"__type__":"cc.Vec2","x":1,"y":1}},{"frame":1,"value":{"__type__":"cc.Vec2","x":1,"y":1.02}},{"frame":1.1666666666666667,"value":{"__type__":"cc.Vec2","x":1,"y":1}},{"frame":1.35,"value":{"__type__":"cc.Vec2","x":1,"y":1}}],"rotation":[]}},"mowang02/mowang02_02":{"props":{"position":[{"frame":0,"value":[-1.2,67]},{"frame":0.16666666666666666,"value":[-0.7,63.5]},{"frame":0.3333333333333333,"value":[-0.2,61.4]},{"frame":0.5,"value":[3.8,58.2]},{"frame":0.6666666666666666,"value":[-0.7,59]},{"frame":0.8333333333333334,"value":[-1.4,62.3]},{"frame":1,"value":[-0.6,69.1]},{"frame":1.1666666666666667,"value":[-1.2,67]}]}},"mowang02/mowang02_18":{"props":{"rotation":[{"frame":0,"value":0},{"frame":0.16666666666666666,"value":18},{"frame":0.3333333333333333,"value":26},{"frame":0.5,"value":31},{"frame":0.6666666666666666,"value":7},{"frame":0.8333333333333334,"value":18},{"frame":1,"value":4},{"frame":1.1666666666666667,"value":0}]}},"mowang02/mowang02_18a":{"props":{"rotation":[{"frame":0,"value":-52},{"frame":0.16666666666666666,"value":-62},{"frame":0.3333333333333333,"value":-37},{"frame":0.5,"value":-21},{"frame":0.6666666666666666,"value":-48},{"frame":0.8333333333333334,"value":-38},{"frame":1,"value":-41},{"frame":1.1666666666666667,"value":-52}]}},"mowang02/mowang02_18b":{"props":{"rotation":[{"frame":0,"value":10},{"frame":0.16666666666666666,"value":-3},{"frame":0.3333333333333333,"value":-10},{"frame":0.5,"value":-16},{"frame":0.6666666666666666,"value":4},{"frame":0.8333333333333334,"value":-13},{"frame":1,"value":0},{"frame":1.1666666666666667,"value":10}],"position":[{"frame":0,"value":[12.7,62.6]}]}},"mowang02/mowang02_18c":{"props":{"rotation":[{"frame":0,"value":52},{"frame":0.16666666666666666,"value":59},{"frame":0.3333333333333333,"value":36},{"frame":0.5,"value":23},{"frame":0.6666666666666666,"value":46},{"frame":0.8333333333333334,"value":35},{"frame":1,"value":40},{"frame":1.1666666666666667,"value":52}],"position":[{"frame":0,"value":[5.1,43.2]}]}},"mowang02/mowang02_18/mowang02_19":{"props":{"rotation":[{"frame":0,"value":0},{"frame":0.3333333333333333,"value":-27},{"frame":0.5,"value":-9},{"frame":0.6666666666666666,"value":-43},{"frame":0.8333333333333334,"value":-19},{"frame":1,"value":0},{"frame":1.1666666666666667,"value":0}]}},"mowang02/mowang02_18a/mowang02_19a":{"props":{"rotation":[{"frame":0,"value":0},{"frame":0.16666666666666666,"value":-1},{"frame":0.3333333333333333,"value":10},{"frame":0.5,"value":8},{"frame":0.6666666666666666,"value":-17},{"frame":0.8333333333333334,"value":-4},{"frame":1,"value":0},{"frame":1.1666666666666667,"value":0}]}},"mowang02/mowang02_18b/mowang02_19b":{"props":{"rotation":[{"frame":0,"value":0},{"frame":0.16666666666666666,"value":-35},{"frame":0.3333333333333333,"value":-28},{"frame":0.5,"value":-18},{"frame":0.6666666666666666,"value":-39},{"frame":0.8333333333333334,"value":-28},{"frame":1,"value":0},{"frame":1.1666666666666667,"value":0}]}},"mowang02/mowang02_18c/mowang02_19c":{"props":{"rotation":[{"frame":0,"value":0},{"frame":0.16666666666666666,"value":11},{"frame":0.3333333333333333,"value":15},{"frame":0.5,"value":20},{"frame":0.6666666666666666,"value":-11},{"frame":0.8333333333333334,"value":2},{"frame":1,"value":0},{"frame":1.1666666666666667,"value":0}]}},"mowang02/mowang02_14/mowang02_13":{"props":{"rotation":[{"frame":0,"value":0},{"frame":0.16666666666666666,"value":-19},{"frame":0.3333333333333333,"value":-17},{"frame":0.5,"value":-17},{"frame":0.8333333333333334,"value":-17},{"frame":1,"value":0},{"frame":1.1666666666666667,"value":0}]}},"mowang02/mowang02_14":{"props":{"rotation":[{"frame":0,"value":0},{"frame":0.16666666666666666,"value":-10},{"frame":0.3333333333333333,"value":7},{"frame":1,"value":-5},{"frame":1.1666666666666667,"value":0}],"position":[{"frame":0,"value":[5.4,60.5]},{"frame":0.3333333333333333,"value":[5.4,60.5]},{"frame":0.5,"value":[1.4,55.5]},{"frame":0.6666666666666666,"value":[-0.2,50.8]},{"frame":0.8333333333333334,"value":[4.6,50.8]},{"frame":1,"value":[5.4,60.5]},{"frame":1.1666666666666667,"value":[5.4,60.5]}]}},"mowang02/shou01/mowang02_03":{"props":{"position":[{"frame":0,"value":[5.1,-1.9]},{"frame":0.16666666666666666,"value":[4.4,-0.3]},{"frame":0.3333333333333333,"value":[2.8,0.6]},{"frame":0.5,"value":[6.2,-6.9]},{"frame":0.6666666666666666,"value":[10.3,-8.4]},{"frame":0.8333333333333334,"value":[8.1,-8.4]},{"frame":1,"value":[5.1,-1.9]},{"frame":1.1666666666666667,"value":[5.1,-1.9]}]}},"mowang02/mowang02_18a/mowang02_19a/mowang02_17a":{"props":{"rotation":[{"frame":0,"value":-10},{"frame":0.3333333333333333,"value":28},{"frame":0.5,"value":89},{"frame":0.6666666666666666,"value":85},{"frame":0.8333333333333334,"value":2},{"frame":1,"value":-14},{"frame":1.1666666666666667,"value":-10}]}},"mowang02/mowang02_18/mowang02_19/mowang02_17":{"props":{"rotation":[{"frame":0,"value":0},{"frame":0.3333333333333333,"value":35},{"frame":0.5,"value":79},{"frame":0.6666666666666666,"value":62},{"frame":0.8333333333333334,"value":19},{"frame":1,"value":-10},{"frame":1.1666666666666667,"value":0}]}},"mowang02/mowang02_18b/mowang02_19b/mowang02_17b":{"props":{"rotation":[{"frame":0,"value":0},{"frame":0.3333333333333333,"value":27},{"frame":0.5,"value":92},{"frame":0.6666666666666666,"value":63},{"frame":0.8333333333333334,"value":10},{"frame":1,"value":-9},{"frame":1.1666666666666667,"value":0}]}},"mowang02/mowang02_18c/mowang02_19c/mowang02_17c":{"props":{"rotation":[{"frame":0,"value":-10},{"frame":0.16666666666666666,"value":4},{"frame":0.3333333333333333,"value":33},{"frame":0.5,"value":86},{"frame":0.6666666666666666,"value":68},{"frame":0.8333333333333334,"value":21},{"frame":1,"value":-15},{"frame":1.1666666666666667,"value":-10}]}},"a":{"props":{"scale":[{"frame":0,"value":{"__type__":"cc.Vec2","x":1.35,"y":1}}]}},"mowang02/shou01/mowang02_05":{"props":{"rotation":[{"frame":0,"value":0},{"frame":0.16666666666666666,"value":12},{"frame":0.3333333333333333,"value":-31},{"frame":0.5,"value":-91},{"frame":0.6666666666666666,"value":-72},{"frame":0.8333333333333334,"value":-62},{"frame":1,"value":0},{"frame":1.1666666666666667,"value":0}],"position":[{"frame":0,"value":[2.7,-1.7]},{"frame":0.16666666666666666,"value":[2.7,-1.7]},{"frame":0.3333333333333333,"value":[-3.6,9.9]},{"frame":0.5,"value":[1.7,0.6]},{"frame":0.8333333333333334,"value":[-0.1,-4.2]},{"frame":1,"value":[2.7,-1.7]},{"frame":1.1666666666666667,"value":[2.7,-1.7]}]}},"mowang02/mowang02_01":{"props":{"rotation":[{"frame":0,"value":0},{"frame":0.16666666666666666,"value":21},{"frame":0.3333333333333333,"value":-13},{"frame":0.5,"value":-33},{"frame":0.6666666666666666,"value":18},{"frame":0.8333333333333334,"value":38},{"frame":1,"value":-13},{"frame":1.1666666666666667,"value":0}],"position":[{"frame":0,"value":[-32,46.7]},{"frame":0.16666666666666666,"value":[-35.4,50.5]},{"frame":0.3333333333333333,"value":[-19.3,58.4]},{"frame":0.5,"value":[-1,57.8]},{"frame":0.6666666666666666,"value":[-4.9,45.7]},{"frame":0.8333333333333334,"value":[-11.9,39.1]},{"frame":1,"value":[-31.4,47.9]},{"frame":1.1666666666666667,"value":[-32,46.7]}]}},"mowang02/mowang02_18c/mowang02_19c/mowang02_17c/mowang02_15c":{"props":{"opacity":[{"frame":0.3333333333333333,"value":0},{"frame":0.5,"value":255},{"frame":0.6666666666666666,"value":255},{"frame":0.8333333333333334,"value":0}]}},"mowang02/mowang02_18a/mowang02_19a/mowang02_17a/mowang02_15a":{"props":{"opacity":[{"frame":0.3333333333333333,"value":0},{"frame":0.5,"value":255},{"frame":0.6666666666666666,"value":255},{"frame":0.8333333333333334,"value":0}]}},"mowang02/mowang02_18/mowang02_19/mowang02_17/mowang02_15":{"props":{"opacity":[{"frame":0.3333333333333333,"value":0},{"frame":0.5,"value":255},{"frame":0.6666666666666666,"value":255},{"frame":0.8333333333333334,"value":0}]}},"mowang02/mowang02_18b/mowang02_19b/mowang02_17b/mowang02_15b":{"props":{"opacity":[{"frame":0.3333333333333333,"value":0},{"frame":0.5,"value":255},{"frame":0.6666666666666666,"value":255},{"frame":0.8333333333333334,"value":0}]}},"mowang02_20":{"props":{"opacity":[{"frame":0.5833333333333334,"value":0},{"frame":0.7,"value":255},{"frame":0.8666666666666667,"value":255},{"frame":1,"value":0}],"position":[{"frame":0.7833333333333333,"value":[-41.8,203.3]},{"frame":0.8666666666666667,"value":[-42,191]},{"frame":1,"value":[-42,308]}],"scale":[{"frame":0.5833333333333334,"value":{"__type__":"cc.Vec2","x":0.5,"y":0.5}},{"frame":0.7,"value":{"__type__":"cc.Vec2","x":1.12,"y":1.12}},{"frame":0.7833333333333333,"value":{"__type__":"cc.Vec2","x":0.65,"y":0.65}}]}},"mowang02_20b":{"props":{"opacity":[{"frame":0.3333333333333333,"value":0},{"frame":0.45,"value":255},{"frame":0.65,"value":255},{"frame":0.7833333333333333,"value":0}],"position":[{"frame":0.3333333333333333,"value":[99.7,118.8]},{"frame":0.45,"value":[99.7,118.8]},{"frame":0.5833333333333334,"value":[99.7,118.8]},{"frame":0.65,"value":[100,98]},{"frame":0.7833333333333333,"value":[99.7,234.5]}],"scale":[{"frame":0.3333333333333333,"value":{"__type__":"cc.Vec2","x":0.84,"y":0.84}},{"frame":0.45,"value":{"__type__":"cc.Vec2","x":1.66,"y":1.66}},{"frame":0.5333333333333333,"value":{"__type__":"cc.Vec2","x":1,"y":1}},{"frame":0.65,"value":{"__type__":"cc.Vec2","x":0.84,"y":0.84}}]}},"mowang02_20a":{"props":{"scale":[{"frame":0.43333333333333335,"value":{"__type__":"cc.Vec2","x":-0.66,"y":0.66}},{"frame":0.5333333333333333,"value":{"__type__":"cc.Vec2","x":-1.55,"y":1.55}},{"frame":0.55,"value":{"__type__":"cc.Vec2","x":-1.3,"y":1.3}},{"frame":0.6333333333333333,"value":{"__type__":"cc.Vec2","x":-1,"y":1}},{"frame":0.7166666666666667,"value":{"__type__":"cc.Vec2","x":-1,"y":1}}],"opacity":[{"frame":0.43333333333333335,"value":0},{"frame":0.55,"value":255},{"frame":0.7166666666666667,"value":255},{"frame":0.85,"value":0}],"position":[{"frame":0.65,"value":[-109.6,137.4]},{"frame":0.7166666666666667,"value":[-110,118]},{"frame":0.85,"value":[-109.6,238]}]}},"mowang02_21":{"props":{"opacity":[{"frame":0.35,"value":0},{"frame":0.48333333333333334,"value":255},{"frame":0.6833333333333333,"value":0}],"scale":[{"frame":0.35,"value":{"__type__":"cc.Vec2","x":1,"y":1}},{"frame":0.6833333333333333,"value":{"__type__":"cc.Vec2","x":1.11,"y":1.11}}]}}}},"events":[{"frame":1.1666666666666667,"func":"AfterAtk","params":[]}]},{"__type__":"cc.SpriteFrame","content":{"name":"mowang02_21","texture":"48YrMsXgtGZqQZh234liDk","rect":[0,0,176,133],"offset":[0,0],"originalSize":[176,133],"capInsets":[0,0,0,0]}},{"__type__":"cc.SpriteFrame","content":{"name":"mowang02_02","texture":"e6XpmD3OBCRqrlynKcKtYS","rect":[0,0,109,129],"offset":[0,0],"originalSize":[109,129],"capInsets":[0,0,0,0]}},{"__type__":"cc.SpriteFrame","content":{"name":"mowang02_06","texture":"ddUZ236JZBqpSZNuXK8X4I","rect":[0,0,26,14],"offset":[0,0],"originalSize":[26,14],"capInsets":[0,0,0,0]}}]