[{"__type__":"cc.SpriteFrame","content":{"name":"Btn_LookVideoDouble","texture":"67utJkk9NLWrnTAwC7LNSO","rect":[0,0,240,56],"offset":[0,0],"originalSize":[240,56],"capInsets":[0,0,0,0]}},{"__type__":"cc.SpriteFrame","content":{"name":"tp_furnaceBtnBg","texture":"9cltjuT7lMS45+CAIHTvAj","rect":[0,0,237,53],"offset":[0,0],"originalSize":[237,53],"capInsets":[0,0,0,0]}},{"__type__":"cc.SpriteFrame","content":{"name":"tp_Get","texture":"11T0eHucdOEo3VaJcQ1bEe","rect":[0,0,240,55],"offset":[0,0],"originalSize":[240,55],"capInsets":[0,0,0,0]}},{"__type__":"cc.SpriteFrame","content":{"name":"Btn_Close","texture":"04PZG4nVJAKIq2Yl3qCeDz","rect":[0,0,95,95],"offset":[0,0],"originalSize":[95,95],"capInsets":[0,0,0,0]}},{"__type__":"cc.SpriteFrame","content":{"name":"tp_PureColorBg","texture":"a8Anh32NZGRZegUtSgEj26","rect":[0,0,2,2],"offset":[0,0],"originalSize":[2,2],"capInsets":[0,0,0,0]}},{"__type__":"cc.SpriteFrame","content":{"name":"tp_ADSTip","texture":"9d4rWaKAFGd7qCxH8UqhYr","rect":[0,0,476,55],"offset":[0,0],"originalSize":[476,55],"capInsets":[0,0,0,0]}},{"__type__":"cc.SpriteFrame","content":{"name":"Sprite_WardBg","texture":"41jPAFjU1OZ599oqh1Fn5r","rect":[1,0,659,648],"offset":[0,0],"originalSize":[661,648],"capInsets":[0,0,0,0]}},{"__type__":"cc.SpriteFrame","content":{"name":"tp_wareHouseBg","texture":"6120MIDopEBpcBzTxb5fEo","rect":[0,0,96,96],"offset":[0,0],"originalSize":[96,96],"capInsets":[0,0,0,0]}},[{"__type__":"cc.Prefab","_name":"PassThroughPage","data":{"__id__":1}},{"__type__":"cc.Node","_name":"PassThroughPage","_children":[{"__id__":2},{"__id__":4},{"__id__":6},{"__id__":63}],"_level":1,"_components":[{"__type__":"dc359YlhllBlbbSLl1xr22I","node":{"__id__":1},"m_Fail":{"__id__":4},"m_Success":{"__id__":6},"m_MonsterComeTip":{"__id__":2},"m_ItemBg":{"__id__":12},"m_ItemAvator":{"__id__":28},"m_ItemLabel":{"__id__":44},"m_ScreenBanner":{"__id__":63},"Btn_ScreenBannerClose":{"__id__":66},"Btn_RewardGet":{"__id__":60},"Btn_LookVideo":{"__id__":62},"Btn_Banner":{"__id__":65}}],"_prefab":{"__type__":"cc.PrefabInfo","root":{"__id__":1},"asset":{"__uuid__":"5fIuwCO21A2qkreAsjcQWi"},"fileId":"e8UdK6vIpCpqfskDLBU+mu"},"_scale":{"__type__":"cc.Vec3","x":1,"y":1,"z":1}},{"__type__":"cc.Node","_name":"MonsterComeTip","_parent":{"__id__":1},"_children":[{"__id__":3}],"_active":false,"_prefab":{"__type__":"cc.PrefabInfo","root":{"__id__":1},"asset":{"__uuid__":"5fIuwCO21A2qkreAsjcQWi"},"fileId":"a8AYj6oFtA14JPwsrT2zfM"},"_position":{"__type__":"cc.Vec3","y":-90},"_scale":{"__type__":"cc.Vec3","x":1,"y":1,"z":1}},{"__type__":"cc.Node","_name":"Title","_parent":{"__id__":2},"_components":[{"__type__":"cc.Sprite","node":{"__id__":3},"_spriteFrame":{"__uuid__":"c3xhok8kxJZL0a/G56JBhO"}}],"_prefab":{"__type__":"cc.PrefabInfo","root":{"__id__":1},"asset":{"__uuid__":"5fIuwCO21A2qkreAsjcQWi"},"fileId":"392ge1DHxPr7Lj/PSr6v9z"},"_contentSize":{"__type__":"cc.Size","width":684,"height":68},"_position":{"__type__":"cc.Vec3","y":62},"_scale":{"__type__":"cc.Vec3","x":1,"y":1,"z":1}},{"__type__":"cc.Node","_name":"Fail","_parent":{"__id__":1},"_children":[{"__id__":5}],"_active":false,"_prefab":{"__type__":"cc.PrefabInfo","root":{"__id__":1},"asset":{"__uuid__":"5fIuwCO21A2qkreAsjcQWi"},"fileId":"e614P9H2FKFraPP4sgtFbZ"},"_position":{"__type__":"cc.Vec3","y":9},"_scale":{"__type__":"cc.Vec3","x":1,"y":1,"z":1}},{"__type__":"cc.Node","_name":"Title","_parent":{"__id__":4},"_components":[{"__type__":"cc.Sprite","node":{"__id__":5},"_spriteFrame":{"__uuid__":"eef6pRuXpID67rNAVDySi/"}}],"_prefab":{"__type__":"cc.PrefabInfo","root":{"__id__":1},"asset":{"__uuid__":"5fIuwCO21A2qkreAsjcQWi"},"fileId":"77F0/+6WpMEpRIzKbBlr3U"},"_contentSize":{"__type__":"cc.Size","width":674,"height":233},"_scale":{"__type__":"cc.Vec3","x":1,"y":1,"z":1}},{"__type__":"cc.Node","_name":"Success","_parent":{"__id__":1},"_children":[{"__id__":7},{"__id__":8},{"__id__":9},{"__id__":10},{"__id__":11},{"__id__":12},{"__id__":28},{"__id__":44},{"__id__":60},{"__id__":62}],"_prefab":{"__type__":"cc.PrefabInfo","root":{"__id__":1},"asset":{"__uuid__":"5fIuwCO21A2qkreAsjcQWi"},"fileId":"9dNgC+zN5KtqQdbiyhdygn"},"_position":{"__type__":"cc.Vec3","y":-90},"_scale":{"__type__":"cc.Vec3","x":1,"y":1,"z":1}},{"__type__":"cc.Node","_name":"Bg","_parent":{"__id__":6},"_components":[{"__type__":"cc.Sprite","node":{"__id__":7},"_spriteFrame":{"__uuid__":"41D7kWhyFGY7q4NDlzkazn"},"_sizeMode":0},{"__type__":"cc.BlockInputEvents","node":{"__id__":7}}],"_prefab":{"__type__":"cc.PrefabInfo","root":{"__id__":1},"asset":{"__uuid__":"5fIuwCO21A2qkreAsjcQWi"},"fileId":"c9b/maoKBEHrxVRZKglCJa"},"_opacity":200,"_color":{"__type__":"cc.Color"},"_contentSize":{"__type__":"cc.Size","width":750,"height":1155},"_scale":{"__type__":"cc.Vec3","x":1,"y":1,"z":1}},{"__type__":"cc.Node","_name":"RewardBg","_parent":{"__id__":6},"_components":[{"__type__":"cc.Sprite","node":{"__id__":8},"_spriteFrame":{"__uuid__":"4bMDBKrz1GcqkrkSTwghdR"}}],"_prefab":{"__type__":"cc.PrefabInfo","root":{"__id__":1},"asset":{"__uuid__":"5fIuwCO21A2qkreAsjcQWi"},"fileId":"68/aOjiqtCyoYoYCF7brTW"},"_contentSize":{"__type__":"cc.Size","width":659,"height":648},"_position":{"__type__":"cc.Vec3","y":86},"_scale":{"__type__":"cc.Vec3","x":1,"y":1,"z":1}},{"__type__":"cc.Node","_name":"FrameName","_parent":{"__id__":6},"_components":[{"__type__":"cc.Sprite","node":{"__id__":9},"_spriteFrame":{"__uuid__":"cbGl99HydK9qD4Q0kfzjM8"}}],"_prefab":{"__type__":"cc.PrefabInfo","root":{"__id__":1},"asset":{"__uuid__":"5fIuwCO21A2qkreAsjcQWi"},"fileId":"60c2UOPF1IA627tqHalym0"},"_contentSize":{"__type__":"cc.Size","width":715,"height":165},"_position":{"__type__":"cc.Vec3","y":395},"_scale":{"__type__":"cc.Vec3","x":1,"y":1,"z":1}},{"__type__":"cc.Node","_name":"tp_ADSTip","_parent":{"__id__":6},"_level":1,"_components":[{"__type__":"cc.Sprite","node":{"__id__":10},"_spriteFrame":{"__uuid__":"43e91EMctJ25AK4P11CO9I"}}],"_prefab":{"__type__":"cc.PrefabInfo","root":{"__id__":1},"asset":{"__uuid__":"5fIuwCO21A2qkreAsjcQWi"},"fileId":"614R7AHU5EAYJOZbncDpkb"},"_contentSize":{"__type__":"cc.Size","width":476,"height":55},"_position":{"__type__":"cc.Vec3","x":-50,"y":-109},"_scale":{"__type__":"cc.Vec3","x":1,"y":1,"z":1}},{"__type__":"cc.Node","_name":"FurnaceWarehouseBg","_parent":{"__id__":6},"_components":[{"__type__":"cc.Sprite","node":{"__id__":11},"_spriteFrame":{"__uuid__":"87B+7k/Y9HzY5mTlxyMpMO"},"_type":1,"_sizeMode":0}],"_prefab":{"__type__":"cc.PrefabInfo","root":{"__id__":1},"asset":{"__uuid__":"5fIuwCO21A2qkreAsjcQWi"},"fileId":"cfHRiI5OtMFoyDhrdie/pn"},"_contentSize":{"__type__":"cc.Size","width":550,"height":360},"_position":{"__type__":"cc.Vec3","y":117},"_scale":{"__type__":"cc.Vec3","x":1,"y":1,"z":1}},{"__type__":"cc.Node","_name":"ItemBg","_parent":{"__id__":6},"_children":[{"__id__":13},{"__id__":14},{"__id__":15},{"__id__":16},{"__id__":17},{"__id__":18},{"__id__":19},{"__id__":20},{"__id__":21},{"__id__":22},{"__id__":23},{"__id__":24},{"__id__":25},{"__id__":26},{"__id__":27}],"_components":[{"__type__":"cc.Layout","node":{"__id__":12},"_layoutSize":{"__type__":"cc.Size","width":546,"height":200},"_N$layoutType":3,"_N$spacingX":10,"_N$spacingY":10}],"_prefab":{"__type__":"cc.PrefabInfo","root":{"__id__":1},"asset":{"__uuid__":"5fIuwCO21A2qkreAsjcQWi"},"fileId":"36RWtKZdtEPrxiGd8z+8Me"},"_contentSize":{"__type__":"cc.Size","width":546,"height":200},"_position":{"__type__":"cc.Vec3","x":13,"y":170},"_scale":{"__type__":"cc.Vec3","x":1,"y":1,"z":1}},{"__type__":"cc.Node","_name":"WareHouseBg_0","_parent":{"__id__":12},"_components":[{"__type__":"cc.Sprite","node":{"__id__":13},"_spriteFrame":{"__uuid__":"5dKITBZu9NTb2nnCjHJr87"}}],"_prefab":{"__type__":"cc.PrefabInfo","root":{"__id__":1},"asset":{"__uuid__":"5fIuwCO21A2qkreAsjcQWi"},"fileId":"0afSDEI0hPNK2WAKwq6pJl"},"_color":{"__type__":"cc.Color","r":252,"g":2,"b":2},"_contentSize":{"__type__":"cc.Size","width":96,"height":96},"_position":{"__type__":"cc.Vec3","x":-225,"y":52},"_scale":{"__type__":"cc.Vec3","x":1,"y":1,"z":1}},{"__type__":"cc.Node","_name":"WareHouseBg_1","_parent":{"__id__":12},"_components":[{"__type__":"cc.Sprite","node":{"__id__":14},"_spriteFrame":{"__uuid__":"5dKITBZu9NTb2nnCjHJr87"}}],"_prefab":{"__type__":"cc.PrefabInfo","root":{"__id__":1},"asset":{"__uuid__":"5fIuwCO21A2qkreAsjcQWi"},"fileId":"eb694QbetJdK7eNavo4zQO"},"_color":{"__type__":"cc.Color","r":252,"g":2,"b":2},"_contentSize":{"__type__":"cc.Size","width":96,"height":96},"_position":{"__type__":"cc.Vec3","x":-119,"y":52},"_scale":{"__type__":"cc.Vec3","x":1,"y":1,"z":1}},{"__type__":"cc.Node","_name":"WareHouseBg_2","_parent":{"__id__":12},"_components":[{"__type__":"cc.Sprite","node":{"__id__":15},"_spriteFrame":{"__uuid__":"5dKITBZu9NTb2nnCjHJr87"}}],"_prefab":{"__type__":"cc.PrefabInfo","root":{"__id__":1},"asset":{"__uuid__":"5fIuwCO21A2qkreAsjcQWi"},"fileId":"7fmK5h5m1AXYffy+E0erfI"},"_color":{"__type__":"cc.Color","r":252,"g":2,"b":2},"_contentSize":{"__type__":"cc.Size","width":96,"height":96},"_position":{"__type__":"cc.Vec3","x":-13,"y":52},"_scale":{"__type__":"cc.Vec3","x":1,"y":1,"z":1}},{"__type__":"cc.Node","_name":"WareHouseBg_3","_parent":{"__id__":12},"_components":[{"__type__":"cc.Sprite","node":{"__id__":16},"_spriteFrame":{"__uuid__":"5dKITBZu9NTb2nnCjHJr87"}}],"_prefab":{"__type__":"cc.PrefabInfo","root":{"__id__":1},"asset":{"__uuid__":"5fIuwCO21A2qkreAsjcQWi"},"fileId":"e6CO9duwtNsLHbbo/smS8c"},"_color":{"__type__":"cc.Color","r":252,"g":2,"b":2},"_contentSize":{"__type__":"cc.Size","width":96,"height":96},"_position":{"__type__":"cc.Vec3","x":93,"y":52},"_scale":{"__type__":"cc.Vec3","x":1,"y":1,"z":1}},{"__type__":"cc.Node","_name":"WareHouseBg_4","_parent":{"__id__":12},"_components":[{"__type__":"cc.Sprite","node":{"__id__":17},"_spriteFrame":{"__uuid__":"5dKITBZu9NTb2nnCjHJr87"}}],"_prefab":{"__type__":"cc.PrefabInfo","root":{"__id__":1},"asset":{"__uuid__":"5fIuwCO21A2qkreAsjcQWi"},"fileId":"0cdzQfUP1AtaVuLWxAeQnl"},"_color":{"__type__":"cc.Color","r":252,"g":2,"b":2},"_contentSize":{"__type__":"cc.Size","width":96,"height":96},"_position":{"__type__":"cc.Vec3","x":199,"y":52},"_scale":{"__type__":"cc.Vec3","x":1,"y":1,"z":1}},{"__type__":"cc.Node","_name":"WareHouseBg_5","_parent":{"__id__":12},"_components":[{"__type__":"cc.Sprite","node":{"__id__":18},"_spriteFrame":{"__uuid__":"5dKITBZu9NTb2nnCjHJr87"}}],"_prefab":{"__type__":"cc.PrefabInfo","root":{"__id__":1},"asset":{"__uuid__":"5fIuwCO21A2qkreAsjcQWi"},"fileId":"8bDOS61tdClL5ZOeFsH0qL"},"_color":{"__type__":"cc.Color","r":252,"g":2,"b":2},"_contentSize":{"__type__":"cc.Size","width":96,"height":96},"_position":{"__type__":"cc.Vec3","x":-225,"y":-54},"_scale":{"__type__":"cc.Vec3","x":1,"y":1,"z":1}},{"__type__":"cc.Node","_name":"WareHouseBg_6","_parent":{"__id__":12},"_components":[{"__type__":"cc.Sprite","node":{"__id__":19},"_spriteFrame":{"__uuid__":"5dKITBZu9NTb2nnCjHJr87"}}],"_prefab":{"__type__":"cc.PrefabInfo","root":{"__id__":1},"asset":{"__uuid__":"5fIuwCO21A2qkreAsjcQWi"},"fileId":"99X+7xlSpB656+YsZJDzAT"},"_color":{"__type__":"cc.Color","r":252,"g":2,"b":2},"_contentSize":{"__type__":"cc.Size","width":96,"height":96},"_position":{"__type__":"cc.Vec3","x":-119,"y":-54},"_scale":{"__type__":"cc.Vec3","x":1,"y":1,"z":1}},{"__type__":"cc.Node","_name":"WareHouseBg_7","_parent":{"__id__":12},"_components":[{"__type__":"cc.Sprite","node":{"__id__":20},"_spriteFrame":{"__uuid__":"5dKITBZu9NTb2nnCjHJr87"}}],"_prefab":{"__type__":"cc.PrefabInfo","root":{"__id__":1},"asset":{"__uuid__":"5fIuwCO21A2qkreAsjcQWi"},"fileId":"60JcPlExREzbtMXiYUqDj+"},"_color":{"__type__":"cc.Color","r":252,"g":2,"b":2},"_contentSize":{"__type__":"cc.Size","width":96,"height":96},"_position":{"__type__":"cc.Vec3","x":-13,"y":-54},"_scale":{"__type__":"cc.Vec3","x":1,"y":1,"z":1}},{"__type__":"cc.Node","_name":"WareHouseBg_8","_parent":{"__id__":12},"_components":[{"__type__":"cc.Sprite","node":{"__id__":21},"_spriteFrame":{"__uuid__":"5dKITBZu9NTb2nnCjHJr87"}}],"_prefab":{"__type__":"cc.PrefabInfo","root":{"__id__":1},"asset":{"__uuid__":"5fIuwCO21A2qkreAsjcQWi"},"fileId":"bdzI1oMJNEQqFgslwEMYlK"},"_color":{"__type__":"cc.Color","r":252,"g":2,"b":2},"_contentSize":{"__type__":"cc.Size","width":96,"height":96},"_position":{"__type__":"cc.Vec3","x":93,"y":-54},"_scale":{"__type__":"cc.Vec3","x":1,"y":1,"z":1}},{"__type__":"cc.Node","_name":"WareHouseBg_9","_parent":{"__id__":12},"_components":[{"__type__":"cc.Sprite","node":{"__id__":22},"_spriteFrame":{"__uuid__":"5dKITBZu9NTb2nnCjHJr87"}}],"_prefab":{"__type__":"cc.PrefabInfo","root":{"__id__":1},"asset":{"__uuid__":"5fIuwCO21A2qkreAsjcQWi"},"fileId":"0eEamCEadDdrfy5waQBV08"},"_color":{"__type__":"cc.Color","r":252,"g":2,"b":2},"_contentSize":{"__type__":"cc.Size","width":96,"height":96},"_position":{"__type__":"cc.Vec3","x":199,"y":-54},"_scale":{"__type__":"cc.Vec3","x":1,"y":1,"z":1}},{"__type__":"cc.Node","_name":"WareHouseBg_10","_parent":{"__id__":12},"_components":[{"__type__":"cc.Sprite","node":{"__id__":23},"_spriteFrame":{"__uuid__":"5dKITBZu9NTb2nnCjHJr87"}}],"_prefab":{"__type__":"cc.PrefabInfo","root":{"__id__":1},"asset":{"__uuid__":"5fIuwCO21A2qkreAsjcQWi"},"fileId":"6eHIh3XRdEsLE5gdmU8afn"},"_color":{"__type__":"cc.Color","r":252,"g":2,"b":2},"_contentSize":{"__type__":"cc.Size","width":96,"height":96},"_position":{"__type__":"cc.Vec3","x":-225,"y":-160},"_scale":{"__type__":"cc.Vec3","x":1,"y":1,"z":1}},{"__type__":"cc.Node","_name":"WareHouseBg_11","_parent":{"__id__":12},"_components":[{"__type__":"cc.Sprite","node":{"__id__":24},"_spriteFrame":{"__uuid__":"5dKITBZu9NTb2nnCjHJr87"}}],"_prefab":{"__type__":"cc.PrefabInfo","root":{"__id__":1},"asset":{"__uuid__":"5fIuwCO21A2qkreAsjcQWi"},"fileId":"dawqfay4xJjYr5gcrF8Srj"},"_color":{"__type__":"cc.Color","r":252,"g":2,"b":2},"_contentSize":{"__type__":"cc.Size","width":96,"height":96},"_position":{"__type__":"cc.Vec3","x":-119,"y":-160},"_scale":{"__type__":"cc.Vec3","x":1,"y":1,"z":1}},{"__type__":"cc.Node","_name":"WareHouseBg_12","_parent":{"__id__":12},"_components":[{"__type__":"cc.Sprite","node":{"__id__":25},"_spriteFrame":{"__uuid__":"5dKITBZu9NTb2nnCjHJr87"}}],"_prefab":{"__type__":"cc.PrefabInfo","root":{"__id__":1},"asset":{"__uuid__":"5fIuwCO21A2qkreAsjcQWi"},"fileId":"f4nKx3txJItZd0V7O6Cu7X"},"_color":{"__type__":"cc.Color","r":252,"g":2,"b":2},"_contentSize":{"__type__":"cc.Size","width":96,"height":96},"_position":{"__type__":"cc.Vec3","x":-13,"y":-160},"_scale":{"__type__":"cc.Vec3","x":1,"y":1,"z":1}},{"__type__":"cc.Node","_name":"WareHouseBg_13","_parent":{"__id__":12},"_components":[{"__type__":"cc.Sprite","node":{"__id__":26},"_spriteFrame":{"__uuid__":"5dKITBZu9NTb2nnCjHJr87"}}],"_prefab":{"__type__":"cc.PrefabInfo","root":{"__id__":1},"asset":{"__uuid__":"5fIuwCO21A2qkreAsjcQWi"},"fileId":"3agiXVvVtBi4KzdStsmGnP"},"_color":{"__type__":"cc.Color","r":252,"g":2,"b":2},"_contentSize":{"__type__":"cc.Size","width":96,"height":96},"_position":{"__type__":"cc.Vec3","x":93,"y":-160},"_scale":{"__type__":"cc.Vec3","x":1,"y":1,"z":1}},{"__type__":"cc.Node","_name":"WareHouseBg_14","_parent":{"__id__":12},"_components":[{"__type__":"cc.Sprite","node":{"__id__":27},"_spriteFrame":{"__uuid__":"5dKITBZu9NTb2nnCjHJr87"}}],"_prefab":{"__type__":"cc.PrefabInfo","root":{"__id__":1},"asset":{"__uuid__":"5fIuwCO21A2qkreAsjcQWi"},"fileId":"3cqQ0P+khBJr5RzRxRwp8e"},"_color":{"__type__":"cc.Color","r":252,"g":2,"b":2},"_contentSize":{"__type__":"cc.Size","width":96,"height":96},"_position":{"__type__":"cc.Vec3","x":199,"y":-160},"_scale":{"__type__":"cc.Vec3","x":1,"y":1,"z":1}},{"__type__":"cc.Node","_name":"ItemAvator","_parent":{"__id__":6},"_children":[{"__id__":29},{"__id__":30},{"__id__":31},{"__id__":32},{"__id__":33},{"__id__":34},{"__id__":35},{"__id__":36},{"__id__":37},{"__id__":38},{"__id__":39},{"__id__":40},{"__id__":41},{"__id__":42},{"__id__":43}],"_components":[{"__type__":"cc.Layout","node":{"__id__":28},"_layoutSize":{"__type__":"cc.Size","width":546,"height":200},"_N$layoutType":3,"_N$spacingX":10,"_N$spacingY":10}],"_prefab":{"__type__":"cc.PrefabInfo","root":{"__id__":1},"asset":{"__uuid__":"5fIuwCO21A2qkreAsjcQWi"},"fileId":"aeZ88iT9dP35eKhQdRsKa7"},"_contentSize":{"__type__":"cc.Size","width":546,"height":200},"_position":{"__type__":"cc.Vec3","x":13,"y":170},"_scale":{"__type__":"cc.Vec3","x":1,"y":1,"z":1}},{"__type__":"cc.Node","_name":"Avator_0","_parent":{"__id__":28},"_components":[{"__type__":"cc.Sprite","node":{"__id__":29},"_sizeMode":0}],"_prefab":{"__type__":"cc.PrefabInfo","root":{"__id__":1},"asset":{"__uuid__":"5fIuwCO21A2qkreAsjcQWi"},"fileId":"d7qwrVF2VG5KLRVHzOi17P"},"_contentSize":{"__type__":"cc.Size","width":96,"height":96},"_position":{"__type__":"cc.Vec3","x":-225,"y":52},"_scale":{"__type__":"cc.Vec3","x":1,"y":1,"z":1}},{"__type__":"cc.Node","_name":"Avator_1","_parent":{"__id__":28},"_components":[{"__type__":"cc.Sprite","node":{"__id__":30},"_sizeMode":0}],"_prefab":{"__type__":"cc.PrefabInfo","root":{"__id__":1},"asset":{"__uuid__":"5fIuwCO21A2qkreAsjcQWi"},"fileId":"c9Vj2UXaFA1KxmC6nNJvip"},"_contentSize":{"__type__":"cc.Size","width":96,"height":96},"_position":{"__type__":"cc.Vec3","x":-119,"y":52},"_scale":{"__type__":"cc.Vec3","x":1,"y":1,"z":1}},{"__type__":"cc.Node","_name":"Avator_2","_parent":{"__id__":28},"_components":[{"__type__":"cc.Sprite","node":{"__id__":31},"_sizeMode":0}],"_prefab":{"__type__":"cc.PrefabInfo","root":{"__id__":1},"asset":{"__uuid__":"5fIuwCO21A2qkreAsjcQWi"},"fileId":"5bBHk/KUFBwZD+jQiPfMD4"},"_contentSize":{"__type__":"cc.Size","width":96,"height":96},"_position":{"__type__":"cc.Vec3","x":-13,"y":52},"_scale":{"__type__":"cc.Vec3","x":1,"y":1,"z":1}},{"__type__":"cc.Node","_name":"Avator_3","_parent":{"__id__":28},"_components":[{"__type__":"cc.Sprite","node":{"__id__":32},"_sizeMode":0}],"_prefab":{"__type__":"cc.PrefabInfo","root":{"__id__":1},"asset":{"__uuid__":"5fIuwCO21A2qkreAsjcQWi"},"fileId":"b4bidTPmhG3rLk0/VOps8T"},"_contentSize":{"__type__":"cc.Size","width":96,"height":96},"_position":{"__type__":"cc.Vec3","x":93,"y":52},"_scale":{"__type__":"cc.Vec3","x":1,"y":1,"z":1}},{"__type__":"cc.Node","_name":"Avator_4","_parent":{"__id__":28},"_components":[{"__type__":"cc.Sprite","node":{"__id__":33},"_sizeMode":0}],"_prefab":{"__type__":"cc.PrefabInfo","root":{"__id__":1},"asset":{"__uuid__":"5fIuwCO21A2qkreAsjcQWi"},"fileId":"d87t4Q3tpKd4D3fkKTH+od"},"_contentSize":{"__type__":"cc.Size","width":96,"height":96},"_position":{"__type__":"cc.Vec3","x":199,"y":52},"_scale":{"__type__":"cc.Vec3","x":1,"y":1,"z":1}},{"__type__":"cc.Node","_name":"Avator_5","_parent":{"__id__":28},"_components":[{"__type__":"cc.Sprite","node":{"__id__":34},"_sizeMode":0}],"_prefab":{"__type__":"cc.PrefabInfo","root":{"__id__":1},"asset":{"__uuid__":"5fIuwCO21A2qkreAsjcQWi"},"fileId":"acmKKHmwNAxpNairszbAzL"},"_contentSize":{"__type__":"cc.Size","width":96,"height":96},"_position":{"__type__":"cc.Vec3","x":-225,"y":-54},"_scale":{"__type__":"cc.Vec3","x":1,"y":1,"z":1}},{"__type__":"cc.Node","_name":"Avator_6","_parent":{"__id__":28},"_components":[{"__type__":"cc.Sprite","node":{"__id__":35},"_sizeMode":0}],"_prefab":{"__type__":"cc.PrefabInfo","root":{"__id__":1},"asset":{"__uuid__":"5fIuwCO21A2qkreAsjcQWi"},"fileId":"f87PQTfElMTLPYN3MkjoC4"},"_contentSize":{"__type__":"cc.Size","width":96,"height":96},"_position":{"__type__":"cc.Vec3","x":-119,"y":-54},"_scale":{"__type__":"cc.Vec3","x":1,"y":1,"z":1}},{"__type__":"cc.Node","_name":"Avator_7","_parent":{"__id__":28},"_components":[{"__type__":"cc.Sprite","node":{"__id__":36},"_sizeMode":0}],"_prefab":{"__type__":"cc.PrefabInfo","root":{"__id__":1},"asset":{"__uuid__":"5fIuwCO21A2qkreAsjcQWi"},"fileId":"24M1irIulAJopNNmna5vgo"},"_contentSize":{"__type__":"cc.Size","width":96,"height":96},"_position":{"__type__":"cc.Vec3","x":-13,"y":-54},"_scale":{"__type__":"cc.Vec3","x":1,"y":1,"z":1}},{"__type__":"cc.Node","_name":"Avator_8","_parent":{"__id__":28},"_components":[{"__type__":"cc.Sprite","node":{"__id__":37},"_sizeMode":0}],"_prefab":{"__type__":"cc.PrefabInfo","root":{"__id__":1},"asset":{"__uuid__":"5fIuwCO21A2qkreAsjcQWi"},"fileId":"65fcetiUlNTrtfy5rJHbE4"},"_contentSize":{"__type__":"cc.Size","width":96,"height":96},"_position":{"__type__":"cc.Vec3","x":93,"y":-54},"_scale":{"__type__":"cc.Vec3","x":1,"y":1,"z":1}},{"__type__":"cc.Node","_name":"Avator_9","_parent":{"__id__":28},"_components":[{"__type__":"cc.Sprite","node":{"__id__":38},"_sizeMode":0}],"_prefab":{"__type__":"cc.PrefabInfo","root":{"__id__":1},"asset":{"__uuid__":"5fIuwCO21A2qkreAsjcQWi"},"fileId":"68GG6k/RdOwp2Sw/OdrZjj"},"_contentSize":{"__type__":"cc.Size","width":96,"height":96},"_position":{"__type__":"cc.Vec3","x":199,"y":-54},"_scale":{"__type__":"cc.Vec3","x":1,"y":1,"z":1}},{"__type__":"cc.Node","_name":"Avator_10","_parent":{"__id__":28},"_components":[{"__type__":"cc.Sprite","node":{"__id__":39},"_sizeMode":0}],"_prefab":{"__type__":"cc.PrefabInfo","root":{"__id__":1},"asset":{"__uuid__":"5fIuwCO21A2qkreAsjcQWi"},"fileId":"3fQnOW6oZLbaTfvCkJH08U"},"_contentSize":{"__type__":"cc.Size","width":96,"height":96},"_position":{"__type__":"cc.Vec3","x":-225,"y":-160},"_scale":{"__type__":"cc.Vec3","x":1,"y":1,"z":1}},{"__type__":"cc.Node","_name":"Avator_11","_parent":{"__id__":28},"_components":[{"__type__":"cc.Sprite","node":{"__id__":40},"_sizeMode":0}],"_prefab":{"__type__":"cc.PrefabInfo","root":{"__id__":1},"asset":{"__uuid__":"5fIuwCO21A2qkreAsjcQWi"},"fileId":"3cbZfqA1NEWI6ZWtyf+f1Z"},"_contentSize":{"__type__":"cc.Size","width":96,"height":96},"_position":{"__type__":"cc.Vec3","x":-119,"y":-160},"_scale":{"__type__":"cc.Vec3","x":1,"y":1,"z":1}},{"__type__":"cc.Node","_name":"Avator_12","_parent":{"__id__":28},"_components":[{"__type__":"cc.Sprite","node":{"__id__":41},"_sizeMode":0}],"_prefab":{"__type__":"cc.PrefabInfo","root":{"__id__":1},"asset":{"__uuid__":"5fIuwCO21A2qkreAsjcQWi"},"fileId":"69qARY3T5IQo4BY3TFazdp"},"_contentSize":{"__type__":"cc.Size","width":96,"height":96},"_position":{"__type__":"cc.Vec3","x":-13,"y":-160},"_scale":{"__type__":"cc.Vec3","x":1,"y":1,"z":1}},{"__type__":"cc.Node","_name":"Avator_13","_parent":{"__id__":28},"_components":[{"__type__":"cc.Sprite","node":{"__id__":42},"_sizeMode":0}],"_prefab":{"__type__":"cc.PrefabInfo","root":{"__id__":1},"asset":{"__uuid__":"5fIuwCO21A2qkreAsjcQWi"},"fileId":"9f4LrqXVlBiqtDJQRYSHcx"},"_contentSize":{"__type__":"cc.Size","width":96,"height":96},"_position":{"__type__":"cc.Vec3","x":93,"y":-160},"_scale":{"__type__":"cc.Vec3","x":1,"y":1,"z":1}},{"__type__":"cc.Node","_name":"Avator_14","_parent":{"__id__":28},"_components":[{"__type__":"cc.Sprite","node":{"__id__":43},"_sizeMode":0}],"_prefab":{"__type__":"cc.PrefabInfo","root":{"__id__":1},"asset":{"__uuid__":"5fIuwCO21A2qkreAsjcQWi"},"fileId":"93rOakPs9HkID2eK4mZQwp"},"_contentSize":{"__type__":"cc.Size","width":96,"height":96},"_position":{"__type__":"cc.Vec3","x":199,"y":-160},"_scale":{"__type__":"cc.Vec3","x":1,"y":1,"z":1}},{"__type__":"cc.Node","_name":"ItemLabel","_parent":{"__id__":6},"_children":[{"__id__":45},{"__id__":46},{"__id__":47},{"__id__":48},{"__id__":49},{"__id__":50},{"__id__":51},{"__id__":52},{"__id__":53},{"__id__":54},{"__id__":55},{"__id__":56},{"__id__":57},{"__id__":58},{"__id__":59}],"_prefab":{"__type__":"cc.PrefabInfo","root":{"__id__":1},"asset":{"__uuid__":"5fIuwCO21A2qkreAsjcQWi"},"fileId":"ee1+aKhHxMfacVY6Ar6S0z"},"_contentSize":{"__type__":"cc.Size","width":546,"height":200},"_position":{"__type__":"cc.Vec3","x":20,"y":111},"_scale":{"__type__":"cc.Vec3","x":1,"y":1,"z":1}},{"__type__":"cc.Node","_name":"Label_0","_parent":{"__id__":44},"_components":[{"__type__":"cc.Label","node":{"__id__":45},"_useOriginalSize":false,"_string":"999K","_N$string":"999K","_fontSize":30,"_lineHeight":30,"_N$file":{"__uuid__":"66nuP54HdGVarHbQ3Nv46G"},"_isSystemFontUsed":false,"_spacingX":-5,"_N$horizontalAlign":1,"_N$verticalAlign":1}],"_prefab":{"__type__":"cc.PrefabInfo","root":{"__id__":1},"asset":{"__uuid__":"5fIuwCO21A2qkreAsjcQWi"},"fileId":"ed9SwEU7pDsJ/u0a4r0tRG"},"_contentSize":{"__type__":"cc.Size","width":82.5,"height":28.13},"_anchorPoint":{"__type__":"cc.Vec2","x":1,"y":0.5},"_position":{"__type__":"cc.Vec3","x":-190.5,"y":85.935},"_scale":{"__type__":"cc.Vec3","x":1,"y":1,"z":1}},{"__type__":"cc.Node","_name":"Label_1","_parent":{"__id__":44},"_components":[{"__type__":"cc.Label","node":{"__id__":46},"_useOriginalSize":false,"_string":"999K","_N$string":"999K","_fontSize":30,"_lineHeight":30,"_N$file":{"__uuid__":"66nuP54HdGVarHbQ3Nv46G"},"_isSystemFontUsed":false,"_spacingX":-5,"_N$horizontalAlign":1,"_N$verticalAlign":1}],"_prefab":{"__type__":"cc.PrefabInfo","root":{"__id__":1},"asset":{"__uuid__":"5fIuwCO21A2qkreAsjcQWi"},"fileId":"07R+4ftvFAlIyUTV4pHycT"},"_contentSize":{"__type__":"cc.Size","width":82.5,"height":28.13},"_anchorPoint":{"__type__":"cc.Vec2","x":1,"y":0.5},"_position":{"__type__":"cc.Vec3","x":-83,"y":85.935},"_scale":{"__type__":"cc.Vec3","x":1,"y":1,"z":1}},{"__type__":"cc.Node","_name":"Label_2","_parent":{"__id__":44},"_components":[{"__type__":"cc.Label","node":{"__id__":47},"_useOriginalSize":false,"_string":"999K","_N$string":"999K","_fontSize":30,"_lineHeight":30,"_N$file":{"__uuid__":"66nuP54HdGVarHbQ3Nv46G"},"_isSystemFontUsed":false,"_spacingX":-5,"_N$horizontalAlign":1,"_N$verticalAlign":1}],"_prefab":{"__type__":"cc.PrefabInfo","root":{"__id__":1},"asset":{"__uuid__":"5fIuwCO21A2qkreAsjcQWi"},"fileId":"c2wBg93zVPqpKsWaVirQ7X"},"_contentSize":{"__type__":"cc.Size","width":82.5,"height":28.13},"_anchorPoint":{"__type__":"cc.Vec2","x":1,"y":0.5},"_position":{"__type__":"cc.Vec3","x":24.5,"y":85.935},"_scale":{"__type__":"cc.Vec3","x":1,"y":1,"z":1}},{"__type__":"cc.Node","_name":"Label_3","_parent":{"__id__":44},"_components":[{"__type__":"cc.Label","node":{"__id__":48},"_useOriginalSize":false,"_string":"999K","_N$string":"999K","_fontSize":30,"_lineHeight":30,"_N$file":{"__uuid__":"66nuP54HdGVarHbQ3Nv46G"},"_isSystemFontUsed":false,"_spacingX":-5,"_N$horizontalAlign":1,"_N$verticalAlign":1}],"_prefab":{"__type__":"cc.PrefabInfo","root":{"__id__":1},"asset":{"__uuid__":"5fIuwCO21A2qkreAsjcQWi"},"fileId":"a0t6qOmfpMFLJHrgMEBWkU"},"_contentSize":{"__type__":"cc.Size","width":82.5,"height":28.13},"_anchorPoint":{"__type__":"cc.Vec2","x":1,"y":0.5},"_position":{"__type__":"cc.Vec3","x":132,"y":85.935},"_scale":{"__type__":"cc.Vec3","x":1,"y":1,"z":1}},{"__type__":"cc.Node","_name":"Label_4","_parent":{"__id__":44},"_components":[{"__type__":"cc.Label","node":{"__id__":49},"_useOriginalSize":false,"_string":"999K","_N$string":"999K","_fontSize":30,"_lineHeight":30,"_N$file":{"__uuid__":"66nuP54HdGVarHbQ3Nv46G"},"_isSystemFontUsed":false,"_spacingX":-5,"_N$horizontalAlign":1,"_N$verticalAlign":1}],"_prefab":{"__type__":"cc.PrefabInfo","root":{"__id__":1},"asset":{"__uuid__":"5fIuwCO21A2qkreAsjcQWi"},"fileId":"6cSir583xEZ7VIYxCKMhDC"},"_contentSize":{"__type__":"cc.Size","width":82.5,"height":28.13},"_anchorPoint":{"__type__":"cc.Vec2","x":1,"y":0.5},"_position":{"__type__":"cc.Vec3","x":239.5,"y":85.935},"_scale":{"__type__":"cc.Vec3","x":1,"y":1,"z":1}},{"__type__":"cc.Node","_name":"Label_5","_parent":{"__id__":44},"_components":[{"__type__":"cc.Label","node":{"__id__":50},"_useOriginalSize":false,"_string":"999K","_N$string":"999K","_fontSize":30,"_lineHeight":30,"_N$file":{"__uuid__":"66nuP54HdGVarHbQ3Nv46G"},"_isSystemFontUsed":false,"_spacingX":-5,"_N$horizontalAlign":1,"_N$verticalAlign":1}],"_prefab":{"__type__":"cc.PrefabInfo","root":{"__id__":1},"asset":{"__uuid__":"5fIuwCO21A2qkreAsjcQWi"},"fileId":"06ahztXaZCzJLNmkue06af"},"_contentSize":{"__type__":"cc.Size","width":82.5,"height":28.13},"_anchorPoint":{"__type__":"cc.Vec2","x":1,"y":0.5},"_position":{"__type__":"cc.Vec3","x":-190.5,"y":-22.194999999999993},"_scale":{"__type__":"cc.Vec3","x":1,"y":1,"z":1}},{"__type__":"cc.Node","_name":"Label_6","_parent":{"__id__":44},"_components":[{"__type__":"cc.Label","node":{"__id__":51},"_useOriginalSize":false,"_string":"999K","_N$string":"999K","_fontSize":30,"_lineHeight":30,"_N$file":{"__uuid__":"66nuP54HdGVarHbQ3Nv46G"},"_isSystemFontUsed":false,"_spacingX":-5,"_N$horizontalAlign":1,"_N$verticalAlign":1}],"_prefab":{"__type__":"cc.PrefabInfo","root":{"__id__":1},"asset":{"__uuid__":"5fIuwCO21A2qkreAsjcQWi"},"fileId":"1cwFI9mnZB/KpuWO4h9eOu"},"_contentSize":{"__type__":"cc.Size","width":82.5,"height":28.13},"_anchorPoint":{"__type__":"cc.Vec2","x":1,"y":0.5},"_position":{"__type__":"cc.Vec3","x":-83,"y":-22.194999999999993},"_scale":{"__type__":"cc.Vec3","x":1,"y":1,"z":1}},{"__type__":"cc.Node","_name":"Label_7","_parent":{"__id__":44},"_components":[{"__type__":"cc.Label","node":{"__id__":52},"_useOriginalSize":false,"_string":"999K","_N$string":"999K","_fontSize":30,"_lineHeight":30,"_N$file":{"__uuid__":"66nuP54HdGVarHbQ3Nv46G"},"_isSystemFontUsed":false,"_spacingX":-5,"_N$horizontalAlign":1,"_N$verticalAlign":1}],"_prefab":{"__type__":"cc.PrefabInfo","root":{"__id__":1},"asset":{"__uuid__":"5fIuwCO21A2qkreAsjcQWi"},"fileId":"99p4nMQZtBF6JTkZG0O12T"},"_contentSize":{"__type__":"cc.Size","width":82.5,"height":28.13},"_anchorPoint":{"__type__":"cc.Vec2","x":1,"y":0.5},"_position":{"__type__":"cc.Vec3","x":24.5,"y":-22.194999999999993},"_scale":{"__type__":"cc.Vec3","x":1,"y":1,"z":1}},{"__type__":"cc.Node","_name":"Label_8","_parent":{"__id__":44},"_components":[{"__type__":"cc.Label","node":{"__id__":53},"_useOriginalSize":false,"_string":"999K","_N$string":"999K","_fontSize":30,"_lineHeight":30,"_N$file":{"__uuid__":"66nuP54HdGVarHbQ3Nv46G"},"_isSystemFontUsed":false,"_spacingX":-5,"_N$horizontalAlign":1,"_N$verticalAlign":1}],"_prefab":{"__type__":"cc.PrefabInfo","root":{"__id__":1},"asset":{"__uuid__":"5fIuwCO21A2qkreAsjcQWi"},"fileId":"e3SWDjwWBJhZ3UclNlCnot"},"_contentSize":{"__type__":"cc.Size","width":82.5,"height":28.13},"_anchorPoint":{"__type__":"cc.Vec2","x":1,"y":0.5},"_position":{"__type__":"cc.Vec3","x":132,"y":-22.194999999999993},"_scale":{"__type__":"cc.Vec3","x":1,"y":1,"z":1}},{"__type__":"cc.Node","_name":"Label_9","_parent":{"__id__":44},"_components":[{"__type__":"cc.Label","node":{"__id__":54},"_useOriginalSize":false,"_string":"999K","_N$string":"999K","_fontSize":30,"_lineHeight":30,"_N$file":{"__uuid__":"66nuP54HdGVarHbQ3Nv46G"},"_isSystemFontUsed":false,"_spacingX":-5,"_N$horizontalAlign":1,"_N$verticalAlign":1}],"_prefab":{"__type__":"cc.PrefabInfo","root":{"__id__":1},"asset":{"__uuid__":"5fIuwCO21A2qkreAsjcQWi"},"fileId":"83pyMgVg5PgJXDhckjAEON"},"_contentSize":{"__type__":"cc.Size","width":82.5,"height":28.13},"_anchorPoint":{"__type__":"cc.Vec2","x":1,"y":0.5},"_position":{"__type__":"cc.Vec3","x":239.5,"y":-22.194999999999993},"_scale":{"__type__":"cc.Vec3","x":1,"y":1,"z":1}},{"__type__":"cc.Node","_name":"Label_10","_parent":{"__id__":44},"_components":[{"__type__":"cc.Label","node":{"__id__":55},"_useOriginalSize":false,"_string":"999K","_N$string":"999K","_fontSize":30,"_lineHeight":30,"_N$file":{"__uuid__":"66nuP54HdGVarHbQ3Nv46G"},"_isSystemFontUsed":false,"_spacingX":-5,"_N$horizontalAlign":1,"_N$verticalAlign":1}],"_prefab":{"__type__":"cc.PrefabInfo","root":{"__id__":1},"asset":{"__uuid__":"5fIuwCO21A2qkreAsjcQWi"},"fileId":"26m85z4YtBIIKrybsoPiad"},"_contentSize":{"__type__":"cc.Size","width":82.5,"height":28.13},"_anchorPoint":{"__type__":"cc.Vec2","x":1,"y":0.5},"_position":{"__type__":"cc.Vec3","x":-190.5,"y":-130.325},"_scale":{"__type__":"cc.Vec3","x":1,"y":1,"z":1}},{"__type__":"cc.Node","_name":"Label_11","_parent":{"__id__":44},"_components":[{"__type__":"cc.Label","node":{"__id__":56},"_useOriginalSize":false,"_string":"999K","_N$string":"999K","_fontSize":30,"_lineHeight":30,"_N$file":{"__uuid__":"66nuP54HdGVarHbQ3Nv46G"},"_isSystemFontUsed":false,"_spacingX":-5,"_N$horizontalAlign":1,"_N$verticalAlign":1}],"_prefab":{"__type__":"cc.PrefabInfo","root":{"__id__":1},"asset":{"__uuid__":"5fIuwCO21A2qkreAsjcQWi"},"fileId":"611Wn840VM1p7FahWVnw/d"},"_contentSize":{"__type__":"cc.Size","width":82.5,"height":28.13},"_anchorPoint":{"__type__":"cc.Vec2","x":1,"y":0.5},"_position":{"__type__":"cc.Vec3","x":-83,"y":-130.325},"_scale":{"__type__":"cc.Vec3","x":1,"y":1,"z":1}},{"__type__":"cc.Node","_name":"Label_12","_parent":{"__id__":44},"_components":[{"__type__":"cc.Label","node":{"__id__":57},"_useOriginalSize":false,"_string":"999K","_N$string":"999K","_fontSize":30,"_lineHeight":30,"_N$file":{"__uuid__":"66nuP54HdGVarHbQ3Nv46G"},"_isSystemFontUsed":false,"_spacingX":-5,"_N$horizontalAlign":1,"_N$verticalAlign":1}],"_prefab":{"__type__":"cc.PrefabInfo","root":{"__id__":1},"asset":{"__uuid__":"5fIuwCO21A2qkreAsjcQWi"},"fileId":"bdR0M//dRJAqnrxeXdZz0k"},"_contentSize":{"__type__":"cc.Size","width":82.5,"height":28.13},"_anchorPoint":{"__type__":"cc.Vec2","x":1,"y":0.5},"_position":{"__type__":"cc.Vec3","x":24.5,"y":-130.325},"_scale":{"__type__":"cc.Vec3","x":1,"y":1,"z":1}},{"__type__":"cc.Node","_name":"Label_13","_parent":{"__id__":44},"_components":[{"__type__":"cc.Label","node":{"__id__":58},"_useOriginalSize":false,"_string":"999K","_N$string":"999K","_fontSize":30,"_lineHeight":30,"_N$file":{"__uuid__":"66nuP54HdGVarHbQ3Nv46G"},"_isSystemFontUsed":false,"_spacingX":-5,"_N$horizontalAlign":1,"_N$verticalAlign":1}],"_prefab":{"__type__":"cc.PrefabInfo","root":{"__id__":1},"asset":{"__uuid__":"5fIuwCO21A2qkreAsjcQWi"},"fileId":"e5yzZiBvNP/qeX67HZ78BT"},"_contentSize":{"__type__":"cc.Size","width":82.5,"height":28.13},"_anchorPoint":{"__type__":"cc.Vec2","x":1,"y":0.5},"_position":{"__type__":"cc.Vec3","x":132,"y":-130.325},"_scale":{"__type__":"cc.Vec3","x":1,"y":1,"z":1}},{"__type__":"cc.Node","_name":"Label_14","_parent":{"__id__":44},"_components":[{"__type__":"cc.Label","node":{"__id__":59},"_useOriginalSize":false,"_string":"999K","_N$string":"999K","_fontSize":30,"_lineHeight":30,"_N$file":{"__uuid__":"66nuP54HdGVarHbQ3Nv46G"},"_isSystemFontUsed":false,"_spacingX":-5,"_N$horizontalAlign":1,"_N$verticalAlign":1}],"_prefab":{"__type__":"cc.PrefabInfo","root":{"__id__":1},"asset":{"__uuid__":"5fIuwCO21A2qkreAsjcQWi"},"fileId":"22rJELDw9APouuttAOU/V7"},"_contentSize":{"__type__":"cc.Size","width":82.5,"height":28.13},"_anchorPoint":{"__type__":"cc.Vec2","x":1,"y":0.5},"_position":{"__type__":"cc.Vec3","x":239.5,"y":-130.325},"_scale":{"__type__":"cc.Vec3","x":1,"y":1,"z":1}},{"__type__":"cc.Node","_name":"Btn_RewardGet","_parent":{"__id__":6},"_children":[{"__id__":61}],"_components":[{"__type__":"cc.Sprite","node":{"__id__":60},"_spriteFrame":{"__uuid__":"24g8X3rmhGibsIQaSEWa8E"}},{"__type__":"cc.Button","node":{"__id__":60},"_N$target":{"__id__":60}}],"_prefab":{"__type__":"cc.PrefabInfo","root":{"__id__":1},"asset":{"__uuid__":"5fIuwCO21A2qkreAsjcQWi"},"fileId":"76LVrDvEdCT7Rmodjv31V/"},"_contentSize":{"__type__":"cc.Size","width":237,"height":53},"_position":{"__type__":"cc.Vec3","x":-140,"y":-189},"_scale":{"__type__":"cc.Vec3","x":1,"y":1,"z":1}},{"__type__":"cc.Node","_name":"Btn_Label","_parent":{"__id__":60},"_components":[{"__type__":"cc.Sprite","node":{"__id__":61},"_spriteFrame":{"__uuid__":"34Na+NmIBGj6Y1Q384EVIR"}}],"_prefab":{"__type__":"cc.PrefabInfo","root":{"__id__":1},"asset":{"__uuid__":"5fIuwCO21A2qkreAsjcQWi"},"fileId":"e4VLQP5wFPrLeIv9GUvbkx"},"_contentSize":{"__type__":"cc.Size","width":240,"height":55},"_scale":{"__type__":"cc.Vec3","x":1,"y":1,"z":1}},{"__type__":"cc.Node","_name":"Btn_LookVideoDouble","_parent":{"__id__":6},"_level":1,"_components":[{"__type__":"cc.Sprite","node":{"__id__":62},"_spriteFrame":{"__uuid__":"1adB7Z4BJPiKrqprYgh8Nz"}},{"__type__":"cc.Button","node":{"__id__":62}}],"_prefab":{"__type__":"cc.PrefabInfo","root":{"__id__":1},"asset":{"__uuid__":"5fIuwCO21A2qkreAsjcQWi"},"fileId":"68eB9zcTJDQrwX0ddizsW5"},"_contentSize":{"__type__":"cc.Size","width":240,"height":56},"_position":{"__type__":"cc.Vec3","x":138,"y":-188},"_scale":{"__type__":"cc.Vec3","x":1,"y":1,"z":1}},{"__type__":"cc.Node","_name":"ScreenBanner","_parent":{"__id__":1},"_children":[{"__id__":64},{"__id__":65},{"__id__":66}],"_active":false,"_level":2,"_prefab":{"__type__":"cc.PrefabInfo","root":{"__id__":1},"asset":{"__uuid__":"5fIuwCO21A2qkreAsjcQWi"},"fileId":"21Nqf/RkpIDJ9a/IP/4o1u"},"_scale":{"__type__":"cc.Vec3","x":1,"y":1,"z":1}},{"__type__":"cc.Node","_name":"PureColorBg","_parent":{"__id__":63},"_level":3,"_components":[{"__type__":"cc.Sprite","node":{"__id__":64},"_spriteFrame":{"__uuid__":"41D7kWhyFGY7q4NDlzkazn"},"_sizeMode":0},{"__type__":"cc.BlockInputEvents","node":{"__id__":64}}],"_prefab":{"__type__":"cc.PrefabInfo","root":{"__id__":1},"asset":{"__uuid__":"5fIuwCO21A2qkreAsjcQWi"},"fileId":"93HeStKJNHkrsm4v4jRVLL"},"_opacity":200,"_color":{"__type__":"cc.Color"},"_contentSize":{"__type__":"cc.Size","width":750,"height":1100},"_position":{"__type__":"cc.Vec3","y":-27},"_scale":{"__type__":"cc.Vec3","x":1,"y":1,"z":1}},{"__type__":"cc.Node","_name":"Banner","_parent":{"__id__":63},"_level":3,"_components":[{"__type__":"cc.Sprite","node":{"__id__":65}},{"__type__":"cc.Button","node":{"__id__":65}}],"_prefab":{"__type__":"cc.PrefabInfo","root":{"__id__":1},"asset":{"__uuid__":"5fIuwCO21A2qkreAsjcQWi"},"fileId":"74bAwzPtJPkaV9I2njMX2y"},"_contentSize":{"__type__":"cc.Size","width":620,"height":740},"_scale":{"__type__":"cc.Vec3","x":1,"y":1,"z":1}},{"__type__":"cc.Node","_name":"Btn_Close","_parent":{"__id__":63},"_level":3,"_components":[{"__type__":"cc.Sprite","node":{"__id__":66},"_spriteFrame":{"__uuid__":"39ask3LghPuavCbjPzhMKA"}},{"__type__":"cc.Button","node":{"__id__":66}}],"_prefab":{"__type__":"cc.PrefabInfo","root":{"__id__":1},"asset":{"__uuid__":"5fIuwCO21A2qkreAsjcQWi"},"fileId":"5c1IGbPNVDL5o+fMoxqj/g"},"_contentSize":{"__type__":"cc.Size","width":95,"height":95},"_position":{"__type__":"cc.Vec3","x":303,"y":362},"_scale":{"__type__":"cc.Vec3","x":1,"y":1,"z":1}}],{"__type__":"cc.SpriteFrame","content":{"name":"tp_furnaceWarehouseBg","texture":"6ef1JmKZdCgYPyg846bkPU","rect":[0,0,32,32],"offset":[0,0],"originalSize":[32,32],"capInsets":[5,5,5,5]}},{"__type__":"cc.SpriteFrame","content":{"name":"tp_monsterBeComeTitle","texture":"ffPEaXyHdIioHPwpuJHmka","rect":[48,2,588,59],"offset":[0,2.5],"originalSize":[684,68],"capInsets":[0,0,0,0]}},{"__type__":"cc.SpriteFrame","content":{"name":"tp_successTitle","texture":"43OG68Z0VN+JFJXEy+qmo+","rect":[0,3,715,165],"offset":[0,-1.5],"originalSize":[715,168],"capInsets":[0,0,0,0]}},{"__type__":"cc.SpriteFrame","content":{"name":"tp_failTitle","texture":"4amaMRPj1FFJ6r4NPI6Hso","rect":[0,0,674,233],"offset":[0,0],"originalSize":[674,233],"capInsets":[0,0,0,0]}}]