[{"__type__":"cc.SpriteFrame","content":{"name":"Sprite_AuxiliaryBg","texture":"eeLM6aQRhPOohdqHfYpDwS","rect":[0,0,637,122],"offset":[0,0],"originalSize":[637,122],"capInsets":[0,0,0,0]}},{"__type__":"cc.SpriteFrame","content":{"name":"Label_FrameName","texture":"cfqeiQ8hpBdpu6iwt8PlYG","rect":[3,0,211,46],"offset":[0,0.5],"originalSize":[217,47],"capInsets":[0,0,0,0]}},{"__type__":"cc.SpriteFrame","content":{"name":"tp_PureColorBg","texture":"a8Anh32NZGRZegUtSgEj26","rect":[0,0,2,2],"offset":[0,0],"originalSize":[2,2],"capInsets":[0,0,0,0]}},{"__type__":"cc.SpriteFrame","content":{"name":"Btn_ADActive","texture":"d6SgdfkoxLyoioxhzpw7t2","rect":[0,0,119,54],"offset":[0,0],"originalSize":[119,54],"capInsets":[0,0,0,0]}},{"__type__":"cc.SpriteFrame","content":{"name":"Spirte_NotBtnFrame","texture":"7d7lqrFFZCDIkIGnooAg+I","rect":[1,0,736,1010],"offset":[0,0],"originalSize":[738,1010],"capInsets":[0,155,0,207]}},{"__type__":"cc.SpriteFrame","content":{"name":"Sprite_DoubleSpeed","texture":"d6wkYpIUxK64Tvzs+krk0G","rect":[0,0,104,105],"offset":[0,0.5],"originalSize":[104,106],"capInsets":[0,0,0,0]}},{"__type__":"cc.SpriteFrame","content":{"name":"Sprite_SpeedSlow","texture":"7bk/DB/7dAH6iyI5W+fKLU","rect":[0,0,104,106],"offset":[0,0],"originalSize":[104,106],"capInsets":[0,0,0,0]}},{"__type__":"cc.SpriteFrame","content":{"name":"Btn_Close2","texture":"22HhsVVUpFfJHscC11ZmYv","rect":[0,0,81,84],"offset":[0,0],"originalSize":[81,84],"capInsets":[0,0,0,0]}},{"__type__":"cc.SpriteFrame","content":{"name":"Btn_ShareActive","texture":"b9Qaj60xhOnLVtEWg4IUVc","rect":[0,0,119,54],"offset":[0,0],"originalSize":[119,54],"capInsets":[0,0,0,0]}},{"__type__":"cc.SpriteFrame","content":{"name":"Sprite_DoubleFurnace","texture":"a9RuMMXqVGo6v534ZfgkAC","rect":[0,0,104,106],"offset":[0,0],"originalSize":[104,106],"capInsets":[0,0,0,0]}},[{"__type__":"cc.Prefab","_name":"AuxiliaryPage","data":{"__id__":1}},{"__type__":"cc.Node","_name":"AuxiliaryPage","_children":[{"__id__":2},{"__id__":3}],"_level":2,"_components":[{"__type__":"7eb72/z73RDb6mBPxx/JlNw","node":{"__id__":1},"Btn_Close":{"__id__":38},"m_AuxiliaryNode":[{"__id__":6},{"__id__":14},{"__id__":22},{"__id__":30}]}],"_prefab":{"__type__":"cc.PrefabInfo","root":{"__id__":1},"asset":{"__uuid__":"e6+XuIDUpHQp6ybL2iTYkQ"},"fileId":"8e6Vo1FXVKd7jotI3f9AQn"},"_scale":{"__type__":"cc.Vec3","x":1,"y":1,"z":1}},{"__type__":"cc.Node","_name":"PureColorBg","_parent":{"__id__":1},"_components":[{"__type__":"cc.Sprite","node":{"__id__":2},"_spriteFrame":{"__uuid__":"41D7kWhyFGY7q4NDlzkazn"},"_sizeMode":0},{"__type__":"cc.BlockInputEvents","node":{"__id__":2}}],"_prefab":{"__type__":"cc.PrefabInfo","root":{"__id__":1},"asset":{"__uuid__":"e6+XuIDUpHQp6ybL2iTYkQ"},"fileId":"28kaYxWOlIj5hWn9vqEP24"},"_opacity":200,"_color":{"__type__":"cc.Color"},"_contentSize":{"__type__":"cc.Size","width":750,"height":1100},"_position":{"__type__":"cc.Vec3","y":-30},"_scale":{"__type__":"cc.Vec3","x":1,"y":1,"z":1}},{"__type__":"cc.Node","_name":"AuxiliaryFrame","_parent":{"__id__":1},"_children":[{"__id__":4},{"__id__":5},{"__id__":38}],"_components":[{"__type__":"cc.Sprite","node":{"__id__":3},"_spriteFrame":{"__uuid__":"53OH00Bi5L6pmvWSqD3jqq"}}],"_prefab":{"__type__":"cc.PrefabInfo","root":{"__id__":1},"asset":{"__uuid__":"e6+XuIDUpHQp6ybL2iTYkQ"},"fileId":"23yzZAIPZFG7GmunV2v6QT"},"_contentSize":{"__type__":"cc.Size","width":736,"height":1010},"_position":{"__type__":"cc.Vec3","y":-15},"_scale":{"__type__":"cc.Vec3","x":1,"y":1,"z":1}},{"__type__":"cc.Node","_name":"FrameName","_parent":{"__id__":3},"_components":[{"__type__":"cc.Sprite","node":{"__id__":4},"_spriteFrame":{"__uuid__":"304oIGvYdBRKR9P/c4uKfS"}}],"_prefab":{"__type__":"cc.PrefabInfo","root":{"__id__":1},"asset":{"__uuid__":"e6+XuIDUpHQp6ybL2iTYkQ"},"fileId":"35OMekMWJFQLgeB8PJppf7"},"_contentSize":{"__type__":"cc.Size","width":211,"height":46},"_position":{"__type__":"cc.Vec3","y":451},"_scale":{"__type__":"cc.Vec3","x":1,"y":1,"z":1}},{"__type__":"cc.Node","_name":"AuxiliaryNode","_parent":{"__id__":3},"_children":[{"__id__":6},{"__id__":14},{"__id__":22},{"__id__":30}],"_components":[{"__type__":"cc.Layout","node":{"__id__":5},"_N$layoutType":2,"_N$spacingY":70}],"_prefab":{"__type__":"cc.PrefabInfo","root":{"__id__":1},"asset":{"__uuid__":"e6+XuIDUpHQp6ybL2iTYkQ"},"fileId":"2biaa3egxMAZjcR7slYsvD"},"_contentSize":{"__type__":"cc.Size","width":300,"height":200},"_position":{"__type__":"cc.Vec3","y":219},"_scale":{"__type__":"cc.Vec3","x":1,"y":1,"z":1}},{"__type__":"cc.Node","_name":"0","_parent":{"__id__":5},"_children":[{"__id__":7},{"__id__":8},{"__id__":12},{"__id__":13}],"_components":[{"__type__":"cc.Sprite","node":{"__id__":6},"_spriteFrame":{"__uuid__":"07fGq4N2ZBDJ+CrKrBjDJU"}}],"_prefab":{"__type__":"cc.PrefabInfo","root":{"__id__":1},"asset":{"__uuid__":"e6+XuIDUpHQp6ybL2iTYkQ"},"fileId":"730Vpf45FFS5OyfnVQ10Fc"},"_contentSize":{"__type__":"cc.Size","width":637,"height":122},"_position":{"__type__":"cc.Vec3","y":39},"_scale":{"__type__":"cc.Vec3","x":1,"y":1,"z":1}},{"__type__":"cc.Node","_name":"Sprite_SkillAvator","_parent":{"__id__":6},"_components":[{"__type__":"cc.Sprite","node":{"__id__":7},"_spriteFrame":{"__uuid__":"farIseo7VPu5GhMX6CaUAc"}}],"_prefab":{"__type__":"cc.PrefabInfo","root":{"__id__":1},"asset":{"__uuid__":"e6+XuIDUpHQp6ybL2iTYkQ"},"fileId":"4d4e0HRsROeJ1hwTl5Uu9L"},"_contentSize":{"__type__":"cc.Size","width":104,"height":106},"_position":{"__type__":"cc.Vec3","x":-255.1,"y":6},"_scale":{"__type__":"cc.Vec3","x":1,"y":1,"z":1}},{"__type__":"cc.Node","_name":"Explain","_parent":{"__id__":6},"_children":[{"__id__":9},{"__id__":10},{"__id__":11}],"_components":[{"__type__":"cc.RichText","node":{"__id__":8},"_N$string":"最长的技能说明最长的技能说明最长的技能说明最长的技能说明最长的技能说明","_N$fontSize":21,"_N$maxWidth":300,"_N$lineHeight":25}],"_prefab":{"__type__":"cc.PrefabInfo","root":{"__id__":1},"asset":{"__uuid__":"e6+XuIDUpHQp6ybL2iTYkQ"},"fileId":"ecLqCz/DRIqJR/jnXDI4Td"},"_color":{"__type__":"cc.Color","r":234,"g":207,"b":173},"_contentSize":{"__type__":"cc.Size","width":300,"height":75},"_anchorPoint":{"__type__":"cc.Vec2","y":0.5},"_position":{"__type__":"cc.Vec3","x":-165,"y":5},"_scale":{"__type__":"cc.Vec3","x":1,"y":1,"z":1}},{"__type__":"cc.PrivateNode","_name":"RICHTEXT_CHILD","_parent":{"__id__":8},"_level":1,"_components":[{"__type__":"cc.Label","node":{"__id__":9},"_srcBlendFactor":1,"_string":"最长的技能说明最长的技能说明","_N$string":"最长的技能说明最长的技能说明","_fontSize":21,"_lineHeight":25,"_N$verticalAlign":1}],"_prefab":{"__type__":"cc.PrefabInfo","root":{"__id__":1},"asset":{"__uuid__":"e6+XuIDUpHQp6ybL2iTYkQ"},"fileId":"0eN0sGFXZNMbNXF3bZ43nv"},"_color":{"__type__":"cc.Color","r":234,"g":207,"b":173},"_contentSize":{"__type__":"cc.Size","width":294,"height":25},"_anchorPoint":{"__type__":"cc.Vec2"},"_position":{"__type__":"cc.Vec3","y":12.5},"_scale":{"__type__":"cc.Vec3","x":1,"y":1,"z":1},"_zIndex":-32768},{"__type__":"cc.PrivateNode","_name":"RICHTEXT_CHILD","_parent":{"__id__":8},"_level":1,"_components":[{"__type__":"cc.Label","node":{"__id__":10},"_srcBlendFactor":1,"_string":"最长的技能说明最长的技能说明","_N$string":"最长的技能说明最长的技能说明","_fontSize":21,"_lineHeight":25,"_N$verticalAlign":1}],"_prefab":{"__type__":"cc.PrefabInfo","root":{"__id__":1},"asset":{"__uuid__":"e6+XuIDUpHQp6ybL2iTYkQ"},"fileId":"87Wy1Dn39N6qzgebPS2KTy"},"_color":{"__type__":"cc.Color","r":234,"g":207,"b":173},"_contentSize":{"__type__":"cc.Size","width":294,"height":25},"_anchorPoint":{"__type__":"cc.Vec2"},"_position":{"__type__":"cc.Vec3","y":-12.5},"_scale":{"__type__":"cc.Vec3","x":1,"y":1,"z":1},"_zIndex":-32768},{"__type__":"cc.PrivateNode","_name":"RICHTEXT_CHILD","_parent":{"__id__":8},"_level":1,"_components":[{"__type__":"cc.Label","node":{"__id__":11},"_srcBlendFactor":1,"_string":"最长的技能说明","_N$string":"最长的技能说明","_fontSize":21,"_lineHeight":25,"_N$verticalAlign":1}],"_prefab":{"__type__":"cc.PrefabInfo","root":{"__id__":1},"asset":{"__uuid__":"e6+XuIDUpHQp6ybL2iTYkQ"},"fileId":"1auSjU90ZImJMOs30UF8zG"},"_color":{"__type__":"cc.Color","r":234,"g":207,"b":173},"_contentSize":{"__type__":"cc.Size","width":147,"height":25},"_anchorPoint":{"__type__":"cc.Vec2"},"_position":{"__type__":"cc.Vec3","y":-37.5},"_scale":{"__type__":"cc.Vec3","x":1,"y":1,"z":1},"_zIndex":-32768},{"__type__":"cc.Node","_name":"Btn_ADActive","_parent":{"__id__":6},"_components":[{"__type__":"cc.Sprite","node":{"__id__":12},"_spriteFrame":{"__uuid__":"4aiAKuKEFO+7IOcpCxzKVY"}},{"__type__":"cc.Button","node":{"__id__":12},"_N$target":{"__id__":12}}],"_prefab":{"__type__":"cc.PrefabInfo","root":{"__id__":1},"asset":{"__uuid__":"e6+XuIDUpHQp6ybL2iTYkQ"},"fileId":"37++CvKgxOCLtnCIY1ZUGk"},"_contentSize":{"__type__":"cc.Size","width":119,"height":54},"_position":{"__type__":"cc.Vec3","x":253,"y":5},"_scale":{"__type__":"cc.Vec3","x":1,"y":1,"z":1}},{"__type__":"cc.Node","_name":"Btn_ShareActive","_parent":{"__id__":6},"_components":[{"__type__":"cc.Sprite","node":{"__id__":13},"_spriteFrame":{"__uuid__":"c4SC/gwrhGtIGi7QO8FrK8"}},{"__type__":"cc.Button","node":{"__id__":13},"_N$target":{"__id__":13}}],"_prefab":{"__type__":"cc.PrefabInfo","root":{"__id__":1},"asset":{"__uuid__":"e6+XuIDUpHQp6ybL2iTYkQ"},"fileId":"76m5Br0SVD+YIWJpuMNcDO"},"_contentSize":{"__type__":"cc.Size","width":119,"height":54},"_position":{"__type__":"cc.Vec3","x":253,"y":5},"_scale":{"__type__":"cc.Vec3","x":1,"y":1,"z":1}},{"__type__":"cc.Node","_name":"1","_parent":{"__id__":5},"_children":[{"__id__":15},{"__id__":16},{"__id__":20},{"__id__":21}],"_level":1,"_components":[{"__type__":"cc.Sprite","node":{"__id__":14},"_spriteFrame":{"__uuid__":"07fGq4N2ZBDJ+CrKrBjDJU"}}],"_prefab":{"__type__":"cc.PrefabInfo","root":{"__id__":1},"asset":{"__uuid__":"e6+XuIDUpHQp6ybL2iTYkQ"},"fileId":"d2Y8gZgPFEr6AzN65xQgw5"},"_contentSize":{"__type__":"cc.Size","width":637,"height":122},"_position":{"__type__":"cc.Vec3","y":-153},"_scale":{"__type__":"cc.Vec3","x":1,"y":1,"z":1}},{"__type__":"cc.Node","_name":"Sprite_SkillAvator","_parent":{"__id__":14},"_components":[{"__type__":"cc.Sprite","node":{"__id__":15},"_spriteFrame":{"__uuid__":"66T7nmM5tL7ZTM3byHhYpf"}}],"_prefab":{"__type__":"cc.PrefabInfo","root":{"__id__":1},"asset":{"__uuid__":"e6+XuIDUpHQp6ybL2iTYkQ"},"fileId":"9e3PkJJ+ZDnaiBMFVpTyNZ"},"_contentSize":{"__type__":"cc.Size","width":104,"height":105},"_position":{"__type__":"cc.Vec3","x":-255.1,"y":6},"_scale":{"__type__":"cc.Vec3","x":1,"y":1,"z":1}},{"__type__":"cc.Node","_name":"Explain","_parent":{"__id__":14},"_children":[{"__id__":17},{"__id__":18},{"__id__":19}],"_components":[{"__type__":"cc.RichText","node":{"__id__":16},"_N$string":"最长的技能说明最长的技能说明最长的技能说明最长的技能说明最长的技能说明","_N$fontSize":21,"_N$maxWidth":300,"_N$lineHeight":25}],"_prefab":{"__type__":"cc.PrefabInfo","root":{"__id__":1},"asset":{"__uuid__":"e6+XuIDUpHQp6ybL2iTYkQ"},"fileId":"dfUxcJZGpDrp+3oeNpMtyS"},"_color":{"__type__":"cc.Color","r":234,"g":207,"b":173},"_contentSize":{"__type__":"cc.Size","width":300,"height":75},"_anchorPoint":{"__type__":"cc.Vec2","y":0.5},"_position":{"__type__":"cc.Vec3","x":-165,"y":5},"_scale":{"__type__":"cc.Vec3","x":1,"y":1,"z":1}},{"__type__":"cc.PrivateNode","_name":"RICHTEXT_CHILD","_parent":{"__id__":16},"_level":1,"_components":[{"__type__":"cc.Label","node":{"__id__":17},"_srcBlendFactor":1,"_string":"最长的技能说明最长的技能说明","_N$string":"最长的技能说明最长的技能说明","_fontSize":21,"_lineHeight":25,"_N$verticalAlign":1}],"_prefab":{"__type__":"cc.PrefabInfo","root":{"__id__":1},"asset":{"__uuid__":"e6+XuIDUpHQp6ybL2iTYkQ"},"fileId":"caEwoFq49LOZE12jVwYkvZ"},"_color":{"__type__":"cc.Color","r":234,"g":207,"b":173},"_contentSize":{"__type__":"cc.Size","width":294,"height":25},"_anchorPoint":{"__type__":"cc.Vec2"},"_position":{"__type__":"cc.Vec3","y":12.5},"_scale":{"__type__":"cc.Vec3","x":1,"y":1,"z":1},"_zIndex":-32768},{"__type__":"cc.PrivateNode","_name":"RICHTEXT_CHILD","_parent":{"__id__":16},"_level":1,"_components":[{"__type__":"cc.Label","node":{"__id__":18},"_srcBlendFactor":1,"_string":"最长的技能说明最长的技能说明","_N$string":"最长的技能说明最长的技能说明","_fontSize":21,"_lineHeight":25,"_N$verticalAlign":1}],"_prefab":{"__type__":"cc.PrefabInfo","root":{"__id__":1},"asset":{"__uuid__":"e6+XuIDUpHQp6ybL2iTYkQ"},"fileId":"bdh+W26vNDkJCNe0xtdzQz"},"_color":{"__type__":"cc.Color","r":234,"g":207,"b":173},"_contentSize":{"__type__":"cc.Size","width":294,"height":25},"_anchorPoint":{"__type__":"cc.Vec2"},"_position":{"__type__":"cc.Vec3","y":-12.5},"_scale":{"__type__":"cc.Vec3","x":1,"y":1,"z":1},"_zIndex":-32768},{"__type__":"cc.PrivateNode","_name":"RICHTEXT_CHILD","_parent":{"__id__":16},"_level":1,"_components":[{"__type__":"cc.Label","node":{"__id__":19},"_srcBlendFactor":1,"_string":"最长的技能说明","_N$string":"最长的技能说明","_fontSize":21,"_lineHeight":25,"_N$verticalAlign":1}],"_prefab":{"__type__":"cc.PrefabInfo","root":{"__id__":1},"asset":{"__uuid__":"e6+XuIDUpHQp6ybL2iTYkQ"},"fileId":"69tmFGCxVCoLbW/19yN2SG"},"_color":{"__type__":"cc.Color","r":234,"g":207,"b":173},"_contentSize":{"__type__":"cc.Size","width":147,"height":25},"_anchorPoint":{"__type__":"cc.Vec2"},"_position":{"__type__":"cc.Vec3","y":-37.5},"_scale":{"__type__":"cc.Vec3","x":1,"y":1,"z":1},"_zIndex":-32768},{"__type__":"cc.Node","_name":"Btn_ADActive","_parent":{"__id__":14},"_components":[{"__type__":"cc.Sprite","node":{"__id__":20},"_spriteFrame":{"__uuid__":"4aiAKuKEFO+7IOcpCxzKVY"}},{"__type__":"cc.Button","node":{"__id__":20},"_N$target":{"__id__":20}}],"_prefab":{"__type__":"cc.PrefabInfo","root":{"__id__":1},"asset":{"__uuid__":"e6+XuIDUpHQp6ybL2iTYkQ"},"fileId":"ab/3JMk6dIiqy7whJPNAMw"},"_contentSize":{"__type__":"cc.Size","width":119,"height":54},"_position":{"__type__":"cc.Vec3","x":253,"y":5},"_scale":{"__type__":"cc.Vec3","x":1,"y":1,"z":1}},{"__type__":"cc.Node","_name":"Btn_ShareActive","_parent":{"__id__":14},"_components":[{"__type__":"cc.Sprite","node":{"__id__":21},"_spriteFrame":{"__uuid__":"c4SC/gwrhGtIGi7QO8FrK8"}},{"__type__":"cc.Button","node":{"__id__":21},"_N$target":{"__id__":21}}],"_prefab":{"__type__":"cc.PrefabInfo","root":{"__id__":1},"asset":{"__uuid__":"e6+XuIDUpHQp6ybL2iTYkQ"},"fileId":"72AtuYtppMY5EMnLX3y8/s"},"_contentSize":{"__type__":"cc.Size","width":119,"height":54},"_position":{"__type__":"cc.Vec3","x":253,"y":5},"_scale":{"__type__":"cc.Vec3","x":1,"y":1,"z":1}},{"__type__":"cc.Node","_name":"2","_parent":{"__id__":5},"_children":[{"__id__":23},{"__id__":24},{"__id__":28},{"__id__":29}],"_level":1,"_components":[{"__type__":"cc.Sprite","node":{"__id__":22},"_spriteFrame":{"__uuid__":"07fGq4N2ZBDJ+CrKrBjDJU"}}],"_prefab":{"__type__":"cc.PrefabInfo","root":{"__id__":1},"asset":{"__uuid__":"e6+XuIDUpHQp6ybL2iTYkQ"},"fileId":"bbwubYiC5M+alE25JgN7mT"},"_contentSize":{"__type__":"cc.Size","width":637,"height":122},"_position":{"__type__":"cc.Vec3","y":-345},"_scale":{"__type__":"cc.Vec3","x":1,"y":1,"z":1}},{"__type__":"cc.Node","_name":"Sprite_SkillAvator","_parent":{"__id__":22},"_components":[{"__type__":"cc.Sprite","node":{"__id__":23},"_spriteFrame":{"__uuid__":"81c8EIS3ZNwo2xi04Y8sKY"}}],"_prefab":{"__type__":"cc.PrefabInfo","root":{"__id__":1},"asset":{"__uuid__":"e6+XuIDUpHQp6ybL2iTYkQ"},"fileId":"efFI0htCRK1ryBF5XNmET4"},"_contentSize":{"__type__":"cc.Size","width":104,"height":106},"_position":{"__type__":"cc.Vec3","x":-255.1,"y":6},"_scale":{"__type__":"cc.Vec3","x":1,"y":1,"z":1}},{"__type__":"cc.Node","_name":"Explain","_parent":{"__id__":22},"_children":[{"__id__":25},{"__id__":26},{"__id__":27}],"_components":[{"__type__":"cc.RichText","node":{"__id__":24},"_N$string":"最长的技能说明最长的技能说明最长的技能说明最长的技能说明最长的技能说明","_N$fontSize":21,"_N$maxWidth":300,"_N$lineHeight":25}],"_prefab":{"__type__":"cc.PrefabInfo","root":{"__id__":1},"asset":{"__uuid__":"e6+XuIDUpHQp6ybL2iTYkQ"},"fileId":"afOL7y/gpHaYQaUwkYhFef"},"_color":{"__type__":"cc.Color","r":234,"g":207,"b":173},"_contentSize":{"__type__":"cc.Size","width":300,"height":75},"_anchorPoint":{"__type__":"cc.Vec2","y":0.5},"_position":{"__type__":"cc.Vec3","x":-165,"y":5},"_scale":{"__type__":"cc.Vec3","x":1,"y":1,"z":1}},{"__type__":"cc.PrivateNode","_name":"RICHTEXT_CHILD","_parent":{"__id__":24},"_level":1,"_components":[{"__type__":"cc.Label","node":{"__id__":25},"_srcBlendFactor":1,"_string":"最长的技能说明最长的技能说明","_N$string":"最长的技能说明最长的技能说明","_fontSize":21,"_lineHeight":25,"_N$verticalAlign":1}],"_prefab":{"__type__":"cc.PrefabInfo","root":{"__id__":1},"asset":{"__uuid__":"e6+XuIDUpHQp6ybL2iTYkQ"},"fileId":"08XhECxGlJWZ8JvlEcI2Co"},"_color":{"__type__":"cc.Color","r":234,"g":207,"b":173},"_contentSize":{"__type__":"cc.Size","width":294,"height":25},"_anchorPoint":{"__type__":"cc.Vec2"},"_position":{"__type__":"cc.Vec3","y":12.5},"_scale":{"__type__":"cc.Vec3","x":1,"y":1,"z":1},"_zIndex":-32768},{"__type__":"cc.PrivateNode","_name":"RICHTEXT_CHILD","_parent":{"__id__":24},"_level":1,"_components":[{"__type__":"cc.Label","node":{"__id__":26},"_srcBlendFactor":1,"_string":"最长的技能说明最长的技能说明","_N$string":"最长的技能说明最长的技能说明","_fontSize":21,"_lineHeight":25,"_N$verticalAlign":1}],"_prefab":{"__type__":"cc.PrefabInfo","root":{"__id__":1},"asset":{"__uuid__":"e6+XuIDUpHQp6ybL2iTYkQ"},"fileId":"a88CkjEmVMk4zGGqvBs5lx"},"_color":{"__type__":"cc.Color","r":234,"g":207,"b":173},"_contentSize":{"__type__":"cc.Size","width":294,"height":25},"_anchorPoint":{"__type__":"cc.Vec2"},"_position":{"__type__":"cc.Vec3","y":-12.5},"_scale":{"__type__":"cc.Vec3","x":1,"y":1,"z":1},"_zIndex":-32768},{"__type__":"cc.PrivateNode","_name":"RICHTEXT_CHILD","_parent":{"__id__":24},"_level":1,"_components":[{"__type__":"cc.Label","node":{"__id__":27},"_srcBlendFactor":1,"_string":"最长的技能说明","_N$string":"最长的技能说明","_fontSize":21,"_lineHeight":25,"_N$verticalAlign":1}],"_prefab":{"__type__":"cc.PrefabInfo","root":{"__id__":1},"asset":{"__uuid__":"e6+XuIDUpHQp6ybL2iTYkQ"},"fileId":"75tjQqQLZHlIm3SzFVCB5W"},"_color":{"__type__":"cc.Color","r":234,"g":207,"b":173},"_contentSize":{"__type__":"cc.Size","width":147,"height":25},"_anchorPoint":{"__type__":"cc.Vec2"},"_position":{"__type__":"cc.Vec3","y":-37.5},"_scale":{"__type__":"cc.Vec3","x":1,"y":1,"z":1},"_zIndex":-32768},{"__type__":"cc.Node","_name":"Btn_ADActive","_parent":{"__id__":22},"_components":[{"__type__":"cc.Sprite","node":{"__id__":28},"_spriteFrame":{"__uuid__":"4aiAKuKEFO+7IOcpCxzKVY"}},{"__type__":"cc.Button","node":{"__id__":28},"_N$target":{"__id__":28}}],"_prefab":{"__type__":"cc.PrefabInfo","root":{"__id__":1},"asset":{"__uuid__":"e6+XuIDUpHQp6ybL2iTYkQ"},"fileId":"b0cuw0J1VJprKTe/FSrITU"},"_contentSize":{"__type__":"cc.Size","width":119,"height":54},"_position":{"__type__":"cc.Vec3","x":253,"y":5},"_scale":{"__type__":"cc.Vec3","x":1,"y":1,"z":1}},{"__type__":"cc.Node","_name":"Btn_ShareActive","_parent":{"__id__":22},"_components":[{"__type__":"cc.Sprite","node":{"__id__":29},"_spriteFrame":{"__uuid__":"c4SC/gwrhGtIGi7QO8FrK8"}},{"__type__":"cc.Button","node":{"__id__":29},"_N$target":{"__id__":29}}],"_prefab":{"__type__":"cc.PrefabInfo","root":{"__id__":1},"asset":{"__uuid__":"e6+XuIDUpHQp6ybL2iTYkQ"},"fileId":"17tUA9JFZLRbfwtNH50DsP"},"_contentSize":{"__type__":"cc.Size","width":119,"height":54},"_position":{"__type__":"cc.Vec3","x":253,"y":5},"_scale":{"__type__":"cc.Vec3","x":1,"y":1,"z":1}},{"__type__":"cc.Node","_name":"3","_parent":{"__id__":5},"_children":[{"__id__":31},{"__id__":32},{"__id__":36},{"__id__":37}],"_level":1,"_components":[{"__type__":"cc.Sprite","node":{"__id__":30},"_spriteFrame":{"__uuid__":"07fGq4N2ZBDJ+CrKrBjDJU"}}],"_prefab":{"__type__":"cc.PrefabInfo","root":{"__id__":1},"asset":{"__uuid__":"e6+XuIDUpHQp6ybL2iTYkQ"},"fileId":"89jAOOWndCy6DuD0hTg50Y"},"_contentSize":{"__type__":"cc.Size","width":637,"height":122},"_position":{"__type__":"cc.Vec3","y":-537},"_scale":{"__type__":"cc.Vec3","x":1,"y":1,"z":1}},{"__type__":"cc.Node","_name":"Sprite_SkillAvator","_parent":{"__id__":30},"_components":[{"__type__":"cc.Sprite","node":{"__id__":31},"_spriteFrame":{"__uuid__":"c7oDBhzV9PQaoo+N/chVKV"}}],"_prefab":{"__type__":"cc.PrefabInfo","root":{"__id__":1},"asset":{"__uuid__":"e6+XuIDUpHQp6ybL2iTYkQ"},"fileId":"78O9q/5zNBJJUHC0E/tGR1"},"_contentSize":{"__type__":"cc.Size","width":104,"height":106},"_position":{"__type__":"cc.Vec3","x":-255.1,"y":6},"_scale":{"__type__":"cc.Vec3","x":1,"y":1,"z":1}},{"__type__":"cc.Node","_name":"Explain","_parent":{"__id__":30},"_children":[{"__id__":33},{"__id__":34},{"__id__":35}],"_components":[{"__type__":"cc.RichText","node":{"__id__":32},"_N$string":"最长的技能说明最长的技能说明最长的技能说明最长的技能说明最长的技能说明","_N$fontSize":21,"_N$maxWidth":300,"_N$lineHeight":25}],"_prefab":{"__type__":"cc.PrefabInfo","root":{"__id__":1},"asset":{"__uuid__":"e6+XuIDUpHQp6ybL2iTYkQ"},"fileId":"adOhy2xiZPa5DJOp1LAv/T"},"_color":{"__type__":"cc.Color","r":234,"g":207,"b":173},"_contentSize":{"__type__":"cc.Size","width":300,"height":75},"_anchorPoint":{"__type__":"cc.Vec2","y":0.5},"_position":{"__type__":"cc.Vec3","x":-165,"y":5},"_scale":{"__type__":"cc.Vec3","x":1,"y":1,"z":1}},{"__type__":"cc.PrivateNode","_name":"RICHTEXT_CHILD","_parent":{"__id__":32},"_level":1,"_components":[{"__type__":"cc.Label","node":{"__id__":33},"_srcBlendFactor":1,"_string":"最长的技能说明最长的技能说明","_N$string":"最长的技能说明最长的技能说明","_fontSize":21,"_lineHeight":25,"_N$verticalAlign":1}],"_prefab":{"__type__":"cc.PrefabInfo","root":{"__id__":1},"asset":{"__uuid__":"e6+XuIDUpHQp6ybL2iTYkQ"},"fileId":"bcJMbwn7NDIJBO5yu8z5dK"},"_color":{"__type__":"cc.Color","r":234,"g":207,"b":173},"_contentSize":{"__type__":"cc.Size","width":294,"height":25},"_anchorPoint":{"__type__":"cc.Vec2"},"_position":{"__type__":"cc.Vec3","y":12.5},"_scale":{"__type__":"cc.Vec3","x":1,"y":1,"z":1},"_zIndex":-32768},{"__type__":"cc.PrivateNode","_name":"RICHTEXT_CHILD","_parent":{"__id__":32},"_level":1,"_components":[{"__type__":"cc.Label","node":{"__id__":34},"_srcBlendFactor":1,"_string":"最长的技能说明最长的技能说明","_N$string":"最长的技能说明最长的技能说明","_fontSize":21,"_lineHeight":25,"_N$verticalAlign":1}],"_prefab":{"__type__":"cc.PrefabInfo","root":{"__id__":1},"asset":{"__uuid__":"e6+XuIDUpHQp6ybL2iTYkQ"},"fileId":"c1C8DmovBDBIULzaPmqfLo"},"_color":{"__type__":"cc.Color","r":234,"g":207,"b":173},"_contentSize":{"__type__":"cc.Size","width":294,"height":25},"_anchorPoint":{"__type__":"cc.Vec2"},"_position":{"__type__":"cc.Vec3","y":-12.5},"_scale":{"__type__":"cc.Vec3","x":1,"y":1,"z":1},"_zIndex":-32768},{"__type__":"cc.PrivateNode","_name":"RICHTEXT_CHILD","_parent":{"__id__":32},"_level":1,"_components":[{"__type__":"cc.Label","node":{"__id__":35},"_srcBlendFactor":1,"_string":"最长的技能说明","_N$string":"最长的技能说明","_fontSize":21,"_lineHeight":25,"_N$verticalAlign":1}],"_prefab":{"__type__":"cc.PrefabInfo","root":{"__id__":1},"asset":{"__uuid__":"e6+XuIDUpHQp6ybL2iTYkQ"},"fileId":"db4YGsKClMjZNK3HLeOCi0"},"_color":{"__type__":"cc.Color","r":234,"g":207,"b":173},"_contentSize":{"__type__":"cc.Size","width":147,"height":25},"_anchorPoint":{"__type__":"cc.Vec2"},"_position":{"__type__":"cc.Vec3","y":-37.5},"_scale":{"__type__":"cc.Vec3","x":1,"y":1,"z":1},"_zIndex":-32768},{"__type__":"cc.Node","_name":"Btn_ADActive","_parent":{"__id__":30},"_components":[{"__type__":"cc.Sprite","node":{"__id__":36},"_spriteFrame":{"__uuid__":"4aiAKuKEFO+7IOcpCxzKVY"}},{"__type__":"cc.Button","node":{"__id__":36},"_N$target":{"__id__":36}}],"_prefab":{"__type__":"cc.PrefabInfo","root":{"__id__":1},"asset":{"__uuid__":"e6+XuIDUpHQp6ybL2iTYkQ"},"fileId":"8c/DHtAOhFYoNu7MleBci/"},"_contentSize":{"__type__":"cc.Size","width":119,"height":54},"_position":{"__type__":"cc.Vec3","x":253,"y":5},"_scale":{"__type__":"cc.Vec3","x":1,"y":1,"z":1}},{"__type__":"cc.Node","_name":"Btn_ShareActive","_parent":{"__id__":30},"_components":[{"__type__":"cc.Sprite","node":{"__id__":37},"_spriteFrame":{"__uuid__":"c4SC/gwrhGtIGi7QO8FrK8"}},{"__type__":"cc.Button","node":{"__id__":37},"_N$target":{"__id__":37}}],"_prefab":{"__type__":"cc.PrefabInfo","root":{"__id__":1},"asset":{"__uuid__":"e6+XuIDUpHQp6ybL2iTYkQ"},"fileId":"1aiVg6yotEj6ya1iZZYy8p"},"_contentSize":{"__type__":"cc.Size","width":119,"height":54},"_position":{"__type__":"cc.Vec3","x":253,"y":5},"_scale":{"__type__":"cc.Vec3","x":1,"y":1,"z":1}},{"__type__":"cc.Node","_name":"Btn_Close","_parent":{"__id__":3},"_components":[{"__type__":"cc.Sprite","node":{"__id__":38},"_spriteFrame":{"__uuid__":"c4QQuuPrpNY5hP3VMzenBR"}},{"__type__":"cc.Button","node":{"__id__":38},"_N$target":{"__id__":38}}],"_prefab":{"__type__":"cc.PrefabInfo","root":{"__id__":1},"asset":{"__uuid__":"e6+XuIDUpHQp6ybL2iTYkQ"},"fileId":"51gJ/0LglJtYLWQ+Yb2++Y"},"_contentSize":{"__type__":"cc.Size","width":81,"height":84},"_position":{"__type__":"cc.Vec3","x":335,"y":412},"_scale":{"__type__":"cc.Vec3","x":1,"y":1,"z":1}}],{"__type__":"cc.SpriteFrame","content":{"name":"Sprite_DoubleAtk","texture":"38rbMft3xKwZMxYrXB5uxC","rect":[0,0,104,106],"offset":[0,0],"originalSize":[104,106],"capInsets":[0,0,0,0]}}]